:040000006F80A23833
:100004000000000000000000CC810200EC8102002E
:1000140000000000888302000000000000000000CF
:1000240088830200888302000000000000000000B2
:1000340010370000000000009002000000000000E3
:100044008883020088830200888302008883020078
:1000540088830200888302008C7C0200B47C020046
:10006400DC7C0200047D02002C7D020088830200F7
:100074008883020088830200888302008883020048
:1000840088830200888302002C780200888302009F
:10009400888302008883020088830200547D020062
:1000A4008883020088830200888302008883020018
:1000B400888302008883020088830200EC730200B4
:1000C400007402008883020088830200888302008F
:1000D400888302008C810200AC81020088830200C4
:1000E400CC7D02008883020088830200888302009A
:1000F40088830200888302008883020088830200C8
:1001040000000000888302008883020088830200C4
:1001140088830200888302008883020088830200A7
:100124008883020088830200888302008883020097
:100134008883020088830200888302008883020087
:100144008883020088830200888302008883020077
:100154008883020088830200888302008883020067
:100164008883020088830200888302008883020057
:100174008883020088830200888302008883020047
:100184008883020088830200888302008883020037
:100194008883020088830200888302008883020027
:1001A400000000000000000000000000000000004B
:0C01B4000000000000000000000000003F
:1001C00097820120938202E4938202E073900234CA
:1001D00003210500224573100530B1A819712320B1
:1001E000250006C006C216CAF322003093F2820030
:1001F000638402009302000816C412C81ACC1ECEF3
:1002000022D026D22AD42ED632D836DA3ADC3EDEB6
:10021000C2C0C6C2CAC4CEC6D2C8D6CADACCDECE26
:10022000E2D0E6D2EAD4EED6F2D8F6DAFADCFEDE96
:1002300003A1050009A002457310153492403785CB
:10024000000013050580732005302245732005301A
:100250004242D2426243F243025492542255B25572
:100260004256D2566257F257064896482649B64932
:10027000464AD64A664BF64B065C965C265DB65DF2
:10028000465ED65E665FF65F09617300203000004F
:10029000197116CA9302000816C49302000273A0D3
:1002A000428006C212C81ACC1ECE22D026D22AD430
:1002B0002ED632D836DA3ADC3EDEC2C0C6C2CAC456
:1002C000CEC6D2C8D6CADACCDECEE2D0E6D2EAD4E6
:1002D000EED6F2D8F6DAFADCFEDE73110134EF0066
:1002E000F033EF204001EF005036731101341384D6
:1002F000C18E03290400630409022320040073252E
:1003000010342AC01384418E044023A02400138497
:10031000818E044003A104000245731015349240FD
:10032000B78200009382028073A00230A24273A0C1
:1003300002304242D2426243F24302549254225566
:10034000B2554256D2566257F25706489648264949
:10035000B649464AD64A664BF64B065C965C265D25
:10036000B65D465ED65E665FF65F0961730020305B
:100370000000397101436EC619A0397141536AC832
:1003800066CA62CC5ECE19A0397101535AD056D2DA
:1003900052D44ED64AD826DA22DC06DE330161403A
:1003A000828241114AC026C222C406C68282B24D50
:1003B0004101024D924C224CB24B4101024B924AF8
:1003C000224AB2494101024992442244B2404101C9
:1003D00082803D432A876373C3029377F700BDEFA2
:1003E000ADE5937606FF3D8ABA960CC34CC30CC7A5
:1003F0004CC74107E36BD7FE11E28280B306C340CE
:100400008A069702000096966780A6002307B70029
:10041000A306B7002306B700A305B7002305B7005E
:10042000A304B7002304B700A303B7002303B70056
:10043000A302B7002302B700A301B7002301B7004E
:10044000A300B7002300B700828093F5F50F9396C1
:100450008500D58D93960501D58D61B793962700BC
:100460009702000096968682E78086FA9680C117EA
:100470001D8F3E96E374C3F8A5B73367B500FD53EF
:100480000D8B79E7B7877F7F9387F7F7104194410A
:10049000B372F6003363F600BE92B3E26200639576
:1004A000720C6318D6065041D441B372F600336320
:1004B000F600BE92B3E262006396720A631BD60432
:1004C00010459445B372F6003363F600BE92B3E272
:1004D0006200639F7208631ED6025045D445B37212
:1004E000F6003363F600BE92B3E2620063987208CE
:1004F0006311D60210499449B372F6003363F600D3
:10050000BE92B3E26200639172085105D105E30F18
:10051000D6F61317060193970601631CF7001357CD
:10052000060193D706013305F7409375F50F91E95E
:1005300082804183C1833305F7409375F50F91E1C4
:1005400082801377F70F93F7F70F3305F740828018
:1005500010219421050585056313D60075FA33052E
:10056000D640828011059105E314D6FE01458280B4
:100570002105A105E31ED6FC014582803105B105A8
:10058000E318D6FC014582804105C105E312D6FC83
:100590000145828003A541858280EFF29FE0938729
:1005A00041859843050798C3EF1080763C45FD17B9
:1005B0003CC589E77C413CC5EF10207EEF10B0368A
:1005C00019B5634205029307803E3347F502336550
:1005D000F5023305F5021305753E3345F502330781
:1005E000F7023A9582807D558280014582800145DF
:1005F00082800145828001458280EFF29FDA3714C4
:100600000300B71403001304447C9384047D6363E4
:10061000940055BB1C4011048297D5BFEFF27FD8E0
:1006200037140300B71403001304047D9384847DFE
:100630006363940049BB1C4011048297D5BFEFF25D
:100640005FD6E93FEF70923CBDBBEFF29FD5B70597
:10065000000037B50200D1471547896601469385EA
:10066000E5631305455BEF10006BEF101007A1BBAE
:10067000EFF23FD3EF101049EF306002EF00506E01
:10068000EF10903EEF10003BC937EF10903E192C51
:10069000EF10203D014505BBEFF2BFD0D13F014532
:1006A0001DB3EFF27FCEAA89EF10806619C1EF105B
:1006B000804D2545EF10A023444113044500639667
:1006C0008400EF10E064014919A8138944FF214612
:1006D000CE854A85EF00502401E9EF10606319C10F
:1006E000EF10004C4A85D9B98440D1BF09E57D554A
:1006F00082807D55C9B9EFF2DFCA2A842E853289FE
:10070000AE8445377DF522852686A545EF10C020AD
:100710000145231C2401230E0400231D0400D9BF1E
:10072000EFF23FC81E2D41112A84C18B9DE71C5555
:100730008DC32EC68297AA84B24501CD2A8637B5CD
:100740000200A2851305C55BEF00105B2685410101
:100750009DB91E2C93E707011EAC1E2CA18B89C7E7
:100760003E2CE554A18BFDF35C5489CF2285829702
:10077000AA8405E13E2C93E787003EAC5C2C8507FC
:100780005CACE9B785679387F7F0FD8D2EAC8144AB
:10079000D5B7E957E31CF5FAF1BF5C2D85CBEFF235
:1007A0005FC0FD1793F7F70F5CAD2A84014789EF0F
:1007B0001C5989E70147231D040039A082972A8725
:1007C00075D9E957E309F5FE3A85F5BE7D573A85B7
:1007D0008280EFF21FBD582D11E77D55EF005002CA
:1007E000014521A05C5999C38297F1BE6955FDB7B7
:1007F000EFF23FBB582D11E77D55EF00700001452A
:1008000021A01C5D99C382977DBE6955FDB70CD1AF
:1008100001458280EFF25FB79389018B854A83A7F8
:10082000018B63863705EF10F02D83A7018B2A8A91
:10083000638D370303A4018B5C4018401309C4FE89
:100840005CC398C340C000C0EF10E0337C5099C334
:100850004A8582974A85EF10601D631B55014A85C2
:10086000EF106011EF10C0335285EF10702AB9B647
:10087000EF1000335285EF10B0294848EF00907C0C
:100880004A85EF10801761BFEFF2BFB1138481B0CA
:10089000130904011C4091C382971104E31C24FF37
:1008A000953FEDB7EFF2FFAF37160000B7B5020086
:1008B000930800023D4893070020138781B18146C9
:1008C000130686889385455F138581A8EF10204124
:1008D000138581A8EF106060FDB4EFF29FAC411169
:1008E0002A842E8532C62EC4EF1040503246A245CF
:1008F00019C68547630DF60001454101E9B458402A
:10090000938745011CC398CD5CC0C0C9F5B71C4096
:100910006388870083C6550303C7170263FAE6009E
:10092000D4431387450198C294CDD8C3DCC9E9B735
:100930009C43F9BFEFF2FFA64111B2842E86894590
:100940002A8436C6EF00507DB246930744011CCC82
:100950005CC846AC14B401454101B5B4EFF2DFA266
:1009600083A7C18941112EC62A8491C38297EF10B3
:1009700070195E2CAA8989CFFD175EACEF10501953
:1009800083A78189014591CB22858297014531A0BA
:10099000B24791E7EF10D0177955410105B4EF1038
:1009A0002037232805021034AA85AA8413054401A0
:1009B0002D37B247635CF0001389C4047000814591
:1009C0004A85EF10C0724A85EF1080644E85EF10A3
:1009D0003014EF10C00B885845D5C1B7EFF27F9C9B
:1009E00083A741892A8491C38297EF10B011AA840A
:1009F000484893074401630FF5003115EF10204973
:100A000005442685EF10D01019C0EF1040080145AD
:100A10006FF07F9B5E2C85075EAC0144DDB7EFF283
:100A20005F98B2842E868D452A84EF00F06E93077E
:100A300044011CCC5CC8B707FF0085075CCC2320B1
:100A4000040204B401456FF01F98EFF2FF934111C7
:100A50002EC62A84EF10C02BAA84EF10B00A83A7F9
:100A6000C1892A8999C3228582971C5023A8040230
:100A700063819702938A5403130B44019389C4043E
:100A80005D5A5E2C8DC7FD175EAC04D083C754033E
:100A90007CAC7C3C85077CBC4A85EF10700783A743
:100AA0008189014589CF22858297014509A8B247EE
:100AB00091EBF9574A859CD8EF1090057955410183
:100AC0006FF0DF8F085003C75403834755036376E5
:100AD000F70056868945EF1000431034A6855A85E5
:100AE000ED3BB247635AF000700081454E85EF1030
:100AF00000604E85EF10C0514A85EF107001EF0085
:100B00001079885801C5E30E45F755BFEF10807F77
:100B10002A8959B7EFF25F8741112A84EF10401FED
:100B2000AA84EF10207E83A74189AA8999C32285D0
:100B300082971C50638B9700FD574E859CD8EF1011
:100B4000207D7D5541016FF07F877C3C0149FD1779
:100B500093F7F70F7CBC8DEF782C83C754036308A1
:100B6000F7001306E40189452685EF10C0395C487B
:100B7000130744016389E7021385C7FE08D083C7C2
:100B8000170205497CAC7C3C85077CBCEF1020300B
:100B90004E85EF10E0770145E30609FA2AC6EF001B
:100BA000106F324545B75E2C2320040201498507AA
:100BB0005EACFD577CACE9BFEFF2AFFE4111B284F1
:100BC0002E8695452A8436C63AC4EF00F054224753
:100BD000B246930744011CCC5CC89307840218B446
:100BE00044CC16B023110402232204025CD41CD48A
:100BF000014541016FF02FFDEFF22FF841112A84DA
:100C00002E8A32C6EF10C01083A74189AA8999C3E2
:100C100022858297EF10006F3A301E30AA84014976
:100C20006310F70CB247CDEFEF10806E75554101A0
:100C30006FF02FF8B24723A8090299E32685EDB794
:100C40001034CE855A855139B247635DF000EFF01C
:100C50007F942A89700081455685EF10404956855A
:100C6000EF10003B2685EF10A06AEF00506203A54D
:100C7000090355FDEF100069B247AA84CA8B635D72
:100C8000F000EFF03F91B247B30B2541CA9733858F
:100C9000A740634505042AC65E893A301230E30B4B
:100CA000C7F85E30544C939527008507AE96C2076F
:100CB00023A04601C18363FAC7025EB04848050716
:100CC0003AB05104630685023115EF10401C2685A9
:100CD000EF100064EF00B05B014591BF02C66DBF2D
:100CE000130B8402938AC9044DBF23120402F9B77F
:100CF0002685EF10E061CDB7EFF22FE841112A848D
:100D00002E8A32C6EF10C00083A7C189AA8999C371
:100D100022858297EF10005F3E30AA84639F070C04
:100D2000B2470149639C070CEF10805E7955410181
:100D30006FF02FE8B24723A8090281EB2685EF1058
:100D4000205DF95723A8F902D5B71034CE855A850E
:100D50006936B247635DF000EFF0DF832A897000E7
:100D600081455685EF10A0385685EF10602A2685FC
:100D7000EF10005AEF00B05103A509034DF9EF1031
:100D80006058B247AA84CA8B635DF000EFF09F8081
:100D9000B247B30B2541CA973385A740634D05047D
:100DA0002AC65E893A3059D77E30544C13962700B4
:100DB000B29694428507C2072320DA001630C18319
:100DC0007EB063E4D7002313040208547D173AB0C1
:100DD000930784026309F5023115EF10400B268555
:100DE000EF10005383A7818999C322858297EF0072
:100DF000104A01452DBF02C66DB70149130B4401CE
:100E0000938AC90445B72685EF10805083A781894E
:100E10000145E38E07F022858297E1BFEFF26FD89C
:100E20004111EF10204E138701861C23850793F78D
:100E3000F70F1CA383A7818581C72AC682973245F5
:100E4000EF10004D41016FF00FD8EFF28FD5411137
:100E5000EF10404B138701861C23FD1793F7F70F04
:100E60001CA383A7C18581C72AC682973245EF108C
:100E7000204A41016FF02FD503C501868280937807
:100E800008044111639F0800B7B802009388087AEC
:100E900093730801638C03001378E8FF930E00023C
:100EA00021A8B7B802009388C86FDDB71373180084
:100EB000930E0003E30403FE13732800630E03067E
:100EC000635806023306C0409302D0020A8E814F57
:100ED000294F6395E6073373D6023356D6024693FD
:100EE00003430300850F050EA30F6EFE7DF20DA0D8
:100EF000137348009302B0026317030093728800D3
:100F0000B3325000960279F2930600035480854F65
:100F1000FE8663D3FF00BE8613781801158F631316
:100F20000804638502006353E0007D172A86B30836
:100F3000E5001303000221A88142F1B71373F60004
:100F4000118271BF6374B600230066000506338802
:100F5000C840E34900FF3A866353070001467D1706
:100F60003295118F638802006374B5002300550029
:100F70007D17050563870302AA96130800031DA8C1
:100F80006374B6002300D60105063388C840E349E0
:100F900000FF3A866353070001467D173295118F93
:100FA000E1BF2A86B308E500CDB76374B50023001E
:100FB000050105053386A640E3C9CFFEFD56FD1F9A
:100FC0006383DF0099E7AA873306E5001308000270
:100FD00031A86376B5003306F101102210A1050592
:100FE000F9BF63F4B700238007018507B306F64015
:100FF000E349D0FE6353070001473A9541018280DF
:10100000EFF22FBA2A848D3D09C523A281866FF0A5
:101010008FBBEF00F04F75D900D9D5BF0D47AA8718
:101020006376C7009377350091C7AA873E9663978A
:10103000C706828093F7F50F13978700D98F139710
:1010400007015D8FB308C500AA87BD463388F84005
:1010500063EB060393574600C156B386D702920747
:10106000AA970D4836963383C700BE86B308D3408F
:101070006362180313572600F156B306D7020A0716
:10108000BA97369665B798C3D8C398C7C10723AE39
:10109000E7FE6DBF910623AEE6FEC9BF8507A38FAD
:1010A000B7FE71B763F2A504B386C500637ED502AF
:1010B0009345F6FF8147FD176393F50082803387E0
:1010C000F600030807003387C7002A9723000701AB
:1010D000DDB73387F500830607003307F500850782
:1010E00014A3E318F6FE82808147E5BF0DC6AA87E8
:1010F00085050387F5FF85079306F6FFA38FE7FEB7
:1011000009EB3E9685076393C7008280A38F07FE95
:10111000D5BF3686F1FE828001476314E600814721
:1011200039A8B307E50083860700B387E5009C2351
:10113000B387F640E207E18799E30507F9FE3E85AC
:101140008280AA870387070001E73385A740828052
:101150008507CDBFEFF26FA22E89B30B2501411198
:101160002A8CB68563F5AB001349F5FFFD5BC169B9
:1011700037BA02006284930AB002130B0002FD1911
:10118000130A8A7931A8130750026389E70263734F
:1011900074011CA013051400B284138614002A8461
:1011A00083070600EDF363060900637C742F2300B8
:1011B00004003305844141016FF0AF9F01481307DC
:1011C000D002930630021305000331A0639E57013D
:1011D0001368480026868307160093041600E397D9
:1011E000E7FE13680801FDB763956701136888007F
:1011F000D5B76395D70013680802E9BF6395A700C8
:1012000013681800C1BF138707FDA54663E6E6040F
:101210000147A546294539A03307A70285043E9713
:10122000130707FD83870400138607FDE3F6C6FE58
:10123000038604009306E002FD57631FD6048387EC
:101240001400254693861400138507FD6365A60ADE
:101250008147254529433DA09306A0027D57E39988
:10126000D7FC9841930426009105E35307FC33070C
:10127000E040136808016DBFB38767028506B29727
:10128000938707FD03860600930806FDE37615FFA6
:1012900063D307008147B684838604001306800663
:1012A000014593F8B6FF6395C80013F5F60F850462
:1012B00003860400930690066303D60663C5C6063C
:1012C000930680056304D61C63C3C60493075002CB
:1012D0006308F61A63757401930750021CA0838794
:1012E0000400130514006387071A637375011CB0AB
:1012F000130524005DB51306A0026397C7009C4147
:1013000093862400910569B7B684814771B7930627
:1013100030066303D60893064006E31DD6FA136829
:101320002800A94699A0930630076304D60C63C52C
:10133000C6029306F0066301D61693060007E31B68
:10134000D6F8FD566315D700136818002147938C13
:101350004500C14690411DA893065007E303D6FC03
:1013600093088007C146E31716F71306C006938C4F
:101370004500E301C5FE13068006E31DC5FC904150
:1013800093752800639C051033763601DE8522852F
:10139000EFF0FFAEE68511B513780801631508027A
:1013A000BA879306000229A06373740114A0050490
:1013B000FD17E34BF0FE9307F7FF6343E00005479B
:1013C0003387E740050793874500637474019441B0
:1013D00014A013051400229713060002B306A740B9
:1013E0006344D000BE8555BB6373750110A105052C
:1013F000F5B783AC0500138D450063930C00D28CC8
:1014000066853EC63AC442C22D3BB247AA86124800
:1014100022476355F00063D3A700BE861378080106
:10142000631E0800BA871306000231A063737401BB
:1014300010A00504BA877D17E3CAF6FE814763C191
:10144000D702B68763D3060081473305F4002A9795
:1014500013060002B307A74063CFF600EA8535BB49
:101460003306F40063777601B385FC0083850500BD
:101470000CA28507E9B76373750110A10505D9BFF3
:101480006373740110A01305140001BB13680804F2
:10149000C146E1BDFD1411B3A146C1BD420641865E
:1014A000F5B5A38F0BFE31B3397136D6741006CE65
:1014B0003AD83EDA42DC46DE36C66939F24021616E
:1014C000828003A581868280EFE2BFED03A9818639
:1014D000EFF02F9D11CD13848186AA84084019C195
:1014E000EFF0AFAB930530042685EFF06FA304C097
:1014F0004A856FE05FED8280397126CA2ED232D4E0
:1015000036D62A8654109305F007138581D13EDA2A
:1015100036C606CE22CC3AD842DC46DE2539AA862B
:1015200003A5818609E9138581D1F137F240624430
:10153000D244216182802686262D1384818693E7FA
:1015400004043EAD9307F00763F4D7009306F00759
:10155000138681D18145EFF0AFA91C40A6AFF9B742
:10156000EFE23FE437B5020013050571713737B577
:1015700002001305C571493737B7020037B50200BD
:10158000130707748D4605468D451305C574AD37A1
:1015900037B502001305C57685376FE0DFE239C540
:1015A000B7B602001377F50F9386C65F09C7BA96E0
:1015B000882205058280C167938707F0E98F81CB78
:1015C00021851377F50F3697082325058280B70705
:1015D000FF00E98F81CB41859377F50FB69788237C
:1015E000450582806181369508216505828003A7C3
:1015F00001875C41BA976305F502B62395E283A69D
:10160000C186638FF6009386418790426313F6008C
:1016100088C2D44354C1DC43B306E540BA9794C7AB
:101620001045B307C700630FF500B62381EE93861C
:1016300041878C426393A5009CC25441D4C35C4152
:101640003E9710C78280EFE2DFD583A5C18737B50B
:1016500002001305457B4D3583A5818837B502000F
:101660001305857C513D83A5818737B5020013059D
:10167000C57D59356FE03FD5EFE2BFD213F7C5FF07
:10168000E1462E8663F1E60693073500F19B93064B
:1016900087FE63EAF6041D8F130687FE23AEC1861C
:1016A0008966511713840187938606EAD8C394C3C9
:1016B00023A407001CC0BA9723A6F186C9669386A7
:1016C00006EAB7C5020094C3D8C398C78146054649
:1016D00093854587138581D9EFF0CFA5184023AABC
:1016E000E1866FE05FCEAA8537C502001305C58786
:1016F0002135C5BFEFE2FFCA39C503A7C18713046F
:10170000350071981389C18781446366870EB1479C
:101710006373F4003144FD55138581D9EFF00FA4B4
:1017200083A7418783A501878328090026853386FF
:10173000B740B3868840138841876368D600138515
:1017400081D9EFF0AFA981447DA0B384C500BA2050
:1017500003AE440061E73307CE40930F47FF63EFCA
:101760008F0A138F8188938E8187130384018326C8
:101770000F0083A30E00138981889382818763EF12
:101780006F061307C4003297896E3383E500938E8A
:101790000EEA2322C3012324C3002320D3010546DC
:1017A000D8C0B2A003264300B108630416012E96E8
:1017B00018C61387C60022972320E90063F4E300CC
:1017C00023A0E2000967130707EA9AA0639A97002B
:1017D00083A6C1860147B22305EE19C32320F80072
:1017E000138581D9EFF08F9F83A74188B10481C70A
:1017F000A2852685829726856FE0FFBC0546369731
:10180000B2A02320EF00E3FFE3FA23A0EE005DBFC8
:10181000E385D7FCDC430547AE9775BF728631BFC1
:10182000EFE23FB83306B5024111328532C6D935F1
:101830002A8409C532468145EFF04FFE22854101D9
:101840006FE07FB845C5EFE23FB483A701882A84E3
:1018500091C3829783A70187138901876366F40880
:1018600083A7C1866372F408FD55138581D9EFF013
:10187000EF8E835764FF930944FF81CB035744FFE6
:101880008967938707EA6301F70237C502001305EA
:1018900085829D31835644FF035664FF37C502009D
:1018A000CE851305458489398967938707EA231A0A
:1018B000F4FE938741879843231B04FE63F4E900F9
:1018C00023A03701138781881C43832684FF4E851C
:1018D000958F83260900B386D940B6971CC3013B78
:1018E000138581D9EFF08F8F6FE05FAD8280B707EE
:1018F00000209386070001479387070021468C420A
:101900006396A500131547003E9582800507C10622
:10191000E317C7FE01458280EFE21FA72A842E85C8
:10192000AE89328AE9372A89B92C83244900930782
:1019300049006390F404AD2493E909F823043401C9
:101940002146D2852285EFF06FFA83A7C18899C31B
:1019500022858297EF00101B032749009307C400DC
:101960005CC358C42322F90004C8EF00701A6FE06A
:10197000FFA484407DBFEFE2DFA283A701892A8410
:1019800091C3829723040400EF00D01754441848F1
:101990009307C400D8C214C31CC85CC4EF0050171E
:1019A0006FE07FA2EFE25F9E2E89AA898937AA8421
:1019B000484589332A841DCDD0448145EFF00FE698
:1019C000214623043401A3040400CA852285EFF0D4
:1019D000EFF183A7C18899C322858297EF00901207
:1019E000D8409307C40091045CC358C49CC004C889
:1019F000EF00101222856FE07F9CEFE29F9A83A791
:101A000001892A8491C3829723040400EF00900F78
:101A1000544418489307C400D8C214C31CC85CC4FB
:101A2000EF00100F2285393D6FE0FF990305850017
:101A30007D8182802396018A938781DB1387070843
:101A4000DCC39CC3A107E39DE7FE3D472380E18AF9
:101A500023A2018A23AC018A9387018BDCC39CC338
:101A60008280EFE21F9403A5818BEFF05FB37D15B9
:101A700093173500138581DB3E9508411307C5FE9A
:101A8000210523A2E18AEFE0AFF36FE0DF93EFE2FD
:101A90005F91EF0030078397C18A2A89B1E703A5D8
:101AA000818BEFF0DFAF7D1513173500938781DB56
:101AB000BA9784439387418A80439385C4FE630524
:101AC000B4028CC383A7818A2380A18A99C322850B
:101AD000829783C701861305C4019385840093F719
:101AE000F70F81EBEFE08FEF4A85EF0070026FE0B8
:101AF0009F8DEF005002CDBFEFE2BF8A2A84EF0036
:101B000070008347440393064401C19B93E7170089
:101B1000230AF4028347540313973700938781DB2A
:101B2000BA97D84314C318CCD4C35CC89387818BAD
:101B30009443185C558F98C3EF00807D6FE0BF8899
:101B4000EFE23F862A84EF00E07B184C544893076D
:101B50004401D8C214C35CC81CCC834754031397F8
:101B60003700938781DBBA979843631AF70013878E
:101B7000818B1C5C144393C7F7FFF58F1CC3EF00E8
:101B800020796FE05F84EFE2DF81EF00A077938739
:101B9000C18A9A2305079AA3EF0080776FE0BF827E
:101BA000EFE23F80EF0000761387C18A1E23FD1706
:101BB000C207C1871EA3634CF00023100700EF008B
:101BC000207583A7418A91C3D9356FE0CFFFEF001D
:101BD0002074E5BFEFE2EFFC03A4418AEF008072BE
:101BE000AA842285B13F9147230AF4021305C40455
:101BF000E1262285253D8547631DF5003C5C91EB80
:101C00002285EFF05FD72685EF00807049356FE0C1
:101C10008FFB83A6018B1307440123A8E18AD8C256
:101C20009387018B54C81CCCF9BFEFE28FF72A844D
:101C30005105411108CC48C80CD050D014D43A8674
:101C400058D49305300236853EC642C4EFF00FBD2E
:101C5000585410544C5008507117B72600003A964B
:101C6000938646BDEF00C064B24722483726000085
:101C700048CC230BF402A30AF402232C040281476C
:101C8000232204052324040523280402230A040232
:101C9000232C0406232E04060147A2861306A6CB96
:101CA000A2851305C404E12C83A7C18B99C32285A7
:101CB0008297014541016FE00FF1EFE28FEE50494D
:101CC000144D795718D954C21307450190C218CD45
:101CD00058C9EFF07FE2EFF09FDB6FE0CFEEEFE26D
:101CE0004FEC4111B2842E8685452A84368946C040
:101CF0003AC63EC442C2EFF03FC202489247224772
:101D0000B2464A86A68522850D3741016FE0AFEBCA
:101D100003A5418A8280EFE22FE741112E89AA852F
:101D2000054532C6B684BA893E8AEFF0BFC72A8419
:101D300011C92685EFF01F9C324609E92285EFF094
:101D4000DFCB0144228541016FE04FE7AA8652882C
:101D5000CE872687CA852285C93DEDB7EFE26FE4BD
:101D6000834745032A84BD8B99C3EFF07FDD1305BC
:101D7000C40499249147230AF402692383A6018BA2
:101D80001307440123A8E18AD8C29387018B54C862
:101D90001CCCBD2B01456FE00FE3EFE28FE09D23EC
:101DA00083A7418A0546AA8603C747033D8B631C68
:101DB000C702D04B984F6308E60258C210C303C64F
:101DC0005703938647010E06138781DB94CF329722
:101DD000504314C290CF54C3D8CB1D2BEFF03FCB50
:101DE00001456FE04FDE36852523DDBF8347450380
:101DF0000547BD8B639FE702EFE2AFDA2A84192320
:101E000083474403AA842285C19B93E72700230AC2
:101E1000F402EFF0FFD21305C4044D242685CD292A
:101E200083A7418C014581C72285829701456FE0D8
:101E30008FD97D558280EFE2CFD641112AC6D921B4
:101E400003A4418A2A89228555379304C40470006B
:101E500081452685692C2685652A4A855529EFF016
:101E60001FC31858F9576314F700232804020145CB
:101E700041016FE04FD5EFE2CFD2753F6FE0AFD4B5
:101E8000EFE22FD2EFE0EFF37D376FE0CFD3834760
:101E900045030947BD8B6390E704EFE28FD02A84A6
:101EA00095215448184C93074401AA84D8C214C3FE
:101EB0001CCC5CC81305C4041124268591292285F5
:101EC000EFF09FC383A7018C014581C722858297CC
:101ED00001456FE04FCF7D558280EFE28FCC834686
:101EE000650305473317D70018DD0947A30AD50254
:101EF000230AE502693F83A7418A99C3EFF03FB9FE
:101F000001456FE04FCCEFE22FC80549638D2505F1
:101F100089476386F500B1C501456FE02FCA2A8461
:101F2000B289CD26834444032A8ABD886392240360
:101F30002285EFF0FFC083C709002285B394F40027
:101F4000A30AF40204DCEFF03FBB5285D126E9B7C7
:101F500083C709003319F900A30AF402232C2403D0
:101F6000EDB7A53F5DBFEFF07FDF45BF5449184D8A
:101F700093074501D8C214C31CCD5CC98280EFE22F
:101F80004FC24111B2842E86A9452A8436C63AC46E
:101F90003EC2EFF07F989247B2462247F99B1CB4AD
:101FA0009307440144CC14D02324040258D01CCC01
:101FB0005CC841016FE02FC1EFE2AFBE2A849926D1
:101FC000AA84228565372685A1262285EFF0BF9A4F
:101FD00001456FE04FBFEFE2CFBC41112E84AA85CF
:101FE000294532C636C43AC2EFF0DF9B19CD1247FD
:101FF0003246A24693074501799B18B540CD10D1D2
:102000002324050254D11CCD5CC941016FE0AFBB54
:10201000EFE22FB92A84FD24AA842285EFF01FF570
:102020001C342685F99B1CB4E52483A7818999C3B8
:1020300022858297EFE00FD65C503E9508D4D924D4
:102040001C34918BA5E39387C18D03A84700370605
:1020500000801346E6FF98436319F8049386818C49
:102060009042050690C29306440154C358C894C3D5
:102070001CCC1C3493E717001CB4592C1C34918BD6
:1020800099CF938781E383C747030547BD8B638857
:10209000E700138581E3EFF09FDFEFF05F9F0145DD
:1020A0006FE06FB29387C18C4DB7544B0C5463856E
:1020B000B6008D8EE374D6FABA8771BF1C35858B56
:1020C0008DC7EFE20FAE83A741892A8491C382971F
:1020D000152CAA842285EFF07FE92685152C1C3467
:1020E0000145F99B1CB46FE00FAE7D55828085479A
:1020F0006381F50263C5B70085C1014582808947C8
:10210000638FF5008D47E39AF5FE1C3593E72700B2
:1021100009A85C511CC2D5B71C425CD1F9BF1C3563
:10212000F59B1CB5D9BFEFE24FA5EFE0AFC62A8CF7
:10213000D12AB70900802A8A9384C18D93C9E9FF07
:102140008D4B8040631694005285D9226FE06FA6B4
:1021500048481309C4FE3305AC40E3E7A9FE83A752
:10216000418D99C34A8582974A85EFF03FE01C4430
:1021700048448297EFE00FC283A7818D2A8C99C3D0
:102180004A858297834754FF13F7E70FA30AE4FEBB
:102190008D8BE39877FB4A85EFF09FE75DB7EFE221
:1021A000CF9DEFE02FBFB70900802A8A93C9E9FFCE
:1021B000EFF07F9D03A4C18C9384C18C8D4B63167B
:1021C0009400EFF0FF9D6FE0CF9E48481309C4FED6
:1021D0003305AA40E3E7A9FE83A7418D99C34A8549
:1021E00082974A85032C0400EFF05FD8EFF05F9BE5
:1021F0001C4448448297EFE0EFB983A7818D2A8A77
:1022000099C34A858297EFF01F98834754FF13F7CD
:102210003700F99BA30AF4FE631577014A85EFF0B6
:102220003FDF628469BFEFE22F9637090080938415
:10223000C18CFD591349E9FF9C4063859700C04B51
:10224000631B3401EFF0DFACEFF05FBAEFF03F84D7
:10225000EFF0FFF4D5B7EFE0EFB33305A440E36947
:10226000A9FEEFF05FC1EDB79387C18DDCC39CC3BE
:102270008280EFE20F939387C18C37260000B7C5A9
:102280000200A9481148138781EB81461306662294
:102290009385858BDCC39CC3138581E39307002062
:1022A000EFF0FFA3138581E3EFF03FC36FE0AF9141
:1022B0001106719A2A8837C7ADDE130506F8AA877A
:1022C0001307F7EE631EF600A167938707882322A2
:1022D000D6F82324B6FA232006F92324F6F88280C0
:1022E00098C39107C5B737F700E01C43B7060080D5
:1022F000D58F1CC3828037F700E01C438607858397
:102300001CC382802165130505807315053082800A
:10231000731005308280EFE2CF881387C18E184397
:102320009387C18E19E323A2A18E23A4B18E054702
:1023300098C3EFF05FFB6FE00F892A87814718434E
:102340006314A7003E8582808507D5BFB707EFBE1F
:1023500037E700E0938707083CC701458280EFE23A
:102360004F8437C502001305058CEFF0EF98014547
:102370006FE06F85EFE2EF822A84FD5437C90200D7
:102380007D14631494006FE00F8413050902EFF0CD
:10239000AF96FDB7EFD25FFF0041AA8437C90200B4
:1023A000B7C90200631494006FE04F819305C4FE27
:1023B00013054902EFF04F941C4063869700138584
:1023C0008902EFF06F930040F1BFEFD29FFD2E899D
:1023D000EFE03FD72A84EFF00FFB83240900639CD2
:1023E0002401EFF0EFFBA14763C3870011E0214414
:1023F00022856FD05FFD138544FFEFE09FD46353C8
:10240000A4002A848440E1BFEFD23FF70545EFF0F6
:102410000FCEB7C90200130945002A84CA85138567
:1024200049B7EFF09FFAAA85AA8437C50200138640
:1024300049B71305C5B7EFF02F8C2685EFF09FF352
:1024400037C50200130505BCEFF00F8B4040B7C93C
:102450000200054A894A37CB0200B7CB020037CCCD
:102460000200B7CC020037CD020063158900014598
:102470006FD03FF403479402138509C0930644FFCD
:102480002146A685EFF04F87834784021385CCC091
:10249000BD8B638E470113058CC1638A5701138579
:1024A0004BC291C711476396E70013050BC3EFF0CA
:1024B000AF844C4C93073002AE8698226306F70235
:1024C0001050930740060848B295B386D540B386AE
:1024D000F602585C5C50898D1305CDC3B3D6C60295
:1024E000EFF08F81004051B78506C1BFEFD2DFE921
:1024F00041110945EFF0AFBF9309450037C902000C
:102500002A84CE85130549B1EFF03FECAA85AA8451
:1025100037C50200130649B1130505B2EFE0DFFD30
:102520002685EFF03FE537C502001305C5B3EFE0A0
:10253000BFFC404037CA0200B7CA0200371B030085
:1025400063968900014541016FD05FE71A281C445A
:10255000930644FF1309840036C63AC44A856306CD
:10256000F902EFF09FDD2247B246AA872146A685F1
:1025700013854AB5EFE05FF84A85EFF0BFE1130538
:102580000B31EFE07FF7004065BFEFF01FDB224724
:10259000B246AA872146A68513054AB6EFE0DFF5C5
:1025A000DDB7EFD27FDE41111145EFF04FB4930953
:1025B000450037C902002A84CE8513058995EFF0BE
:1025C000DFE0AA85AA8437C50200130689951305A2
:1025D0000596EFE07FF22685EFF0DFD937C50200E0
:1025E00013054598EFE05FF1404037CA0200B7CAD3
:1025F0000200371B030063968900014541016FD03B
:10260000FFDB1C4413098400930644FF1848630948
:10261000F9024A8536C63AC4EFF03FD22247B246A5
:10262000AA872146A68513854A9AEFE0FFEC4A85E2
:10263000EFF05FD613050B31EFE01FEC004065BFF4
:102640002146A6851305CA9BEFE01FEBC5BFEFD25D
:10265000BFD341110D45EFF08FA9B7C9020013098F
:1026600045002A84CA85138509ABEFF01FD6AA85D9
:10267000AA8437C50200138609AB130585ABEFE0CA
:10268000BFE72685EFF01FCF37C502001305C5ADA4
:10269000EFE09FE64040B7C902006316890001459C
:1026A00041016FD0BFD1930644FF1305840036C6A5
:1026B000EFF0BFC8034834015C48B246AA882147FE
:1026C0002146A6851385C9AFEFE01FE30040F1B7AF
:1026D000EFD29FCB41111545EFF06FA19309450053
:1026E00037C902002A84CE851305099DEFF0FFCD7E
:1026F000AA85AA8437C502001306099D1305859D86
:10270000EFE09FDF2685EFF0FFC637C50200130517
:10271000C59FEFE07FDE404037CA0200B7CA020023
:10272000371B030063968900014541016FD01FC923
:102730007A285E281044930644FF1309840036C6A5
:102740003AC43EC24A856307C902EFF01FBF9247F1
:102750002247B2462A882146A68513858AA1EFE042
:10276000BFD94A85EFF01FC313050B31EFE0DFD867
:1027700000404DBFEFF07FBC92472247B2462A8807
:102780002146A68513050AA3EFE01FD7D5B7EFD2E0
:10279000BFBF41111945EFF08F959309450037C927
:1027A00002002A84CE85130589A4EFF01FC2AA85F2
:1027B000AA8437C50200130689A4130545A5EFE0D6
:1027C000BFD32685EFF01FBB37C50200130505A751
:1027D000EFE09FD2404037CA0200B7CA0200371B61
:1027E000030063968900014541016FD03FBD1A2C5B
:1027F0001C44930644FF1309840036C63AC44A8534
:102800006306F902EFF07FB32247B246AA8721465A
:10281000A68513858AA8EFE03FCE4A85EFF09FB7E3
:1028200013050B31EFE05FCD004065BFEFF0FFB067
:102830002247B246AA872146A6851305CAA9EFE01A
:10284000BFCBDDB7EFD25FB45D712545EFF02F8AC6
:10285000B7B50200130600052A84130945009385C5
:1028600045540A85EF80E21DB7C90200CA85138569
:10287000098FEFF09FB5AA85AA8437C50200138699
:10288000098F1305858FEFE03FC72685EFF09FAED8
:1028900037C5020013050592EFE01FC64040D1493D
:1028A00037CA020063168900014561616FD01FB10C
:1028B0001C44930644FF63E0F90298088A07BA971C
:1028C00003A707FB1C282146A68513054A94EFE0C1
:1028D000BFC20040C1BF4647F5B7EFD2FFAA2945A6
:1028E000EFF0EF80B7C90200130945002A84CA85BA
:1028F0001385898BEFF07FADAA85AA8437C50200C6
:102900001386898B130545C6EFE01FBF2685EFF0C0
:102910007FA637C502001305C5C8EFE0FFBD4040E4
:10292000B7C9020037CA0200B7CA0200631E890095
:10293000EFD05FC6AA8537C50200130545CEEFE08C
:10294000BFBB01456FD09FA75C4C184C138509CBCA
:10295000930644FF2146A685EFE01FBA8347D4FFC4
:1029600013858ACC858B99E313054ACDEFE0DFB858
:1029700000406DBFEFD25FA137C502001305858C03
:10298000EFE09FB703A4418FB7C9020037CA020026
:1029900083A7818F6365F40001456FD03FA2044097
:1029A00009469385C98D2685EF80425C19C5504044
:1029B000A68513050A8EEFE03FB43104D1BFEFD2F4
:1029C000BF9C37C5020013054518EFE0FFB203A412
:1029D000418FB7C9020037CA020083A7818F636B9A
:1029E000F4003715030013050531EFE0FFB0014592
:1029F0006FD0DF9C044019469385091A2685EF8025
:102A0000E25601E950409385640013058A1AEFE00D
:102A1000BFAE3104D9B705458280EFD2FF967971F8
:102A20002A84AA9593060002254783070400B384ED
:102A300085406385D70A6383E70A0145638B0410E9
:102A4000014913070002A546B30724018387070045
:102A5000638AE7086388D7086314990883A9418FBC
:102A600083AA818F37CB020063F0590903AA0900BA
:102A7000194693050B1A5285EF80424F59E54A8655
:102A8000A28513056A00EF80624E41E14A9A8307EE
:102A90006A00A5EF83A989006388090413068002F0
:102AA00081452800EFD0FF9213098100CA86A287D2
:102AB0000145014713080002A548294313062002D7
:102AC000130EC00583850700638405016396150511
:102AD000631F9702A9476303F50469A80504B1B70A
:102AE00005099DB7E31C09F6A28703870700137742
:102AF000F7FD79E737C502001305C51623800700E7
:102B0000A285EFE07F9F7D55A9A0B109B1BF2380C9
:102B10000700050785077DB76310650437C5020008
:102B200013058514EFE05F9D0018B7C402008325EC
:102B30000900138584161109EFE01F9CE31989FE33
:102B40003715030013050531EFE01F9B29452C00C5
:102B5000829945616FD09F86637E970005056392D9
:102B6000C504850705079CC2838507006381C502EC
:102B70006364970069FD8DBF838E17006396C5015E
:102B80006394CE008507050785070507F1BFE3734A
:102B900097FE23800700050785079106E36497F2F7
:102BA000D1BF9CC283850700638905016387150136
:102BB000E30297FC85070507F5B7E36097FE5DBF65
:102BC000850725B7EFD26FFB8307050099E781459D
:102BD0000145EFF0DFDE6FD0CFFD03AA418FAA8958
:102BE0008144014937CB0200B7CB020083A7818F14
:102BF0006369FA00EDD04A86A6854E85EFE00FCFD7
:102C0000D9BF03240A00194693050B1A2285EF80C9
:102C1000E23521E14E85EF80423419042A86A285EF
:102C20004E85EF80A23415E5631709002285EF80F9
:102C3000C2322A89A284A68722870386070001EE72
:102C4000858F63D327013E89A28513850B1BEFE097
:102C5000BF8A310A61BF83060700FDD2E312D6FEA8
:102C600085070507D9BFEFD2CFF3EFF0EFF90145A4
:102C70006FD06FF5EFD2EFF2EFE0FF9C01456FD020
:102C80008FF4EFD20FF203A5018FEFD03FD50145AE
:102C90006FD06FF3EFD2EFF0B7170300938707679A
:102CA00023AAF18EB71703009387077C23ACF18E1C
:102CB000B71703009387077C23AEF18EB717030085
:102CC0009387077C93050021054523A0F190138489
:102CD000018FEFE0FFB408C019E937C50200130502
:102CE0004526EFE07F817D5422856FD0CFEDB7354B
:102CF000000037C50200A9472D4793060040014652
:102D0000938545E11305C527EFF0EF80AA840840BD
:102D1000B7C502008146014693854528EFD09FC183
:102D20000144F9D02685EFF04F9B7DBFEFD26FE7CE
:102D3000EFF07FCE0DC5B7C502009385052313853F
:102D4000810BEF808220B7C502009385052413858F
:102D5000810BEF80A21D1385810B6FD0CFE6B7C525
:102D6000020093858523E1BFEFD2AFE32A8437C504
:102D700002001305052AEFE02FF8EFF03FFBAA85CC
:102D800037C502001306A41B1305852AEFE0CFF612
:102D900001456FD04FE3EFD2CFE041112AC6EFD00B
:102DA0005F90B24511E937C5020013054524EFE0F5
:102DB000AFF441016FD02FE183A7018FAA84138460
:102DC000018F83A7C720E386A7FE93053014EFD0B9
:102DD0003F9565F11C4003A5C72009C9EFD0FF9BB3
:102DE0001C40814503A5C720EFD07FA200401306F9
:102DF000000581451305A41BEFD0AFDDB7350000FA
:102E00002315042023269420938525C82685EFD0FA
:102E10001FA045B7EFD2EFD583A7018F411193844F
:102E2000018F03C74702136717002382E70283A7B6
:102E3000C72091E7EFE0EFE819C1EFF0DFF5EFF021
:102E4000FFEEEFE06FEB37CB0200B7CB0200B7C964
:102E50000200371A0300B7CA020037CC0200B7CC11
:102E600002009C4085461306F10003A5C720FD55CE
:102E7000EFD03F968547631AF5000309F100ED474F
:102E800080406319F90008D0E9BF8840FD55EFD0B4
:102E9000FFACC1BF1C506392A7029307B005631536
:102EA000F90089471CD075BF23200402E30B09FAFF
:102EB000A5476314F9120149D1A80947E398E7FE31
:102EC00023200402930710046312F9046E30D1D951
:102ED000FD15C205C1816EB09307A41B1307000541
:102EE000B385E502130600053E859385A502A295EC
:102EF000EF703235EF8062061375F50F2305A420BD
:102F0000A305A4202285EFF03FE6A1BF930720048C
:102F10006311F90216347E301387F6FF63D8E70099
:102F200085077EB09307A41B6E304DBF9DDA7AB043
:102F3000D5BF930740046310F9028347B42095D3AB
:102F40001385C928EFE04FDB98408347B720FD1772
:102F5000A305F72039B793073004E319F9F4834741
:102F6000B4200347A420E3FEE7EE3E948305A41BB0
:102F700013850A29EFE04FD898408347B72085078B
:102F8000C1BF1385C928EFE02FD7050980408347CB
:102F9000B420E348F9FE13050A31EFE0EFD5EFF076
:102FA0009FA785471304A41B6315F5002285EFF046
:102FB0007FC1EFF0BFD72286AA8513858C2AEFE068
:102FC000AFD380401305A41BEF7032791375F50F52
:102FD0002305A420A305A42069B59307F007630582
:102FE000F900A1476315F9088347B420E38B07E68E
:102FF0000346A420FD1793F7F70F7D161376F60FFF
:103000002305C420A305F42063F8C7049385B71BE8
:103010001385A71B1D8EA2952295EFE0AF889C40DB
:1030200013854B2903C7A7203E97230D071A83C595
:10303000B7209385A51BBE95EFE00FCC9C4003C441
:10304000B7209C4083C7A720E3CD87E01385C9281C
:10305000EFE08FCA0504F5B71305CB29EFE0CFC920
:103060009C4003C7A720BA97238D071ADDBB3547BD
:103070008347A4206305E9002947631EE90EB9CB05
:10308000035984029147130DA41B63FB2709930D79
:10309000A41613060005EA856E85EF7052181DC947
:1030A0001309A4024A851309090513060005CA85F8
:1030B000EF703219E3982DFF1306000581456E85E8
:1030C000EFD02FB10346A420EA856E85EF7072170A
:1030D00095471EB41E347EB0EFF0FF938547631210
:1030E000F5029C4083C74702858B89C713050A31C7
:1030F000EFE08FC088408345A5201305A51BEFF0A6
:10310000DF91EFF0BFC2EFE02FBF80401306000554
:1031100081451305A41BEFD0CFAB2315042091B339
:10312000630109021305F9FF930700053305F50252
:1031300013060005EA851305A5022295EF70320EED
:1031400051D9930D00053305B903130600058145D8
:103150001305A5022295EFD0CFA70A340346A42079
:10316000EA853305B5031305A5022295EF70720DAC
:103170001E348507B9BF1307F0046374F7002305F5
:1031800004200346B4208347A4206370F608930507
:10319000A61B1305B61BA2953386C7402295EFD018
:1031A0007FF08C4083C7B5203387F500230D271BA4
:1031B00003C74502058B01CB9387A71BBE9513055B
:1031C0004C02EFE06FB39C4003C4B7209C4083C720
:1031D000A7206346F40298408347A7208346B72080
:1031E0008507850693F7F70FA305D7202305F7205A
:1031F0009306F004E3F7F6C6231507209DB1138567
:10320000C928EFE06FAF0504D1B7A297238D271B24
:1032100083474402858BE1D3CA8513850A29EFE0F1
:10322000AFAD55BF7C4123280504232A05049C43E8
:1032300081CBEFD20F979305850482976FD0AF981B
:1032400001458280EFD24F9436899DCAAA84328488
:10325000B309D600294A1C20639B4701BE2C93F773
:10326000070491C7FC40B54526859C478297FC40E2
:103270008305040026859C4705048297E31D34FDE1
:103280004A856FD0AF93EFD2CF9193F705102A8480
:1032900091C71A2D61551377071035CF13F70540E5
:1032A00011C71A2C61551377074035C713F705046A
:1032B0009304000401E7262C93F40404384893F5A2
:1032C000F50F2EAC39EBA1C7684429814205418135
:1032D0003105EFE02FC270442A8931052982420668
:1032E000418281452320A900EFD05FD3232209002A
:1032F0003E2C232409002328240593E707103EAC25
:103300007C4013060010C145DC43228582973E2C89
:103310000145DD8C26AC6FD00F8BF5DB93E50510F6
:103320002EACF5B70948AA8763810503EFD26F87F2
:103330000D486382050305476399E5041A2D137749
:10334000F7FD1AAD01456FD00F881A2D13670702DC
:103350001AAD01458280328775D6504274454C2D96
:103360002982A9824206C2064182C1826304D60034
:103370001D45F1F91443B4C75443F4C7E1D5F443F0
:10338000BA853E859442829675BF7C41DC43829724
:103390005DBFEFC27FFF3684B1CA3E2DAA89328954
:1033A00093F70710B6849DE37D5AA94A83A7490481
:1033B0004E85DC478297630945012300A900FD146F
:1033C000050963035501FDF0058C0DA02449368ADB
:1033D000854AEFE03FF3FE20DA202A869444631A00
:1033E000F70081EAEFE0DFF23304444122856FC049
:1033F000FFFC98403E97034B070003A7C9048507CD
:10340000C2072983C1834207FEA0418363E4E7002A
:10341000239304006394560123A404003285EFE053
:103420003FEF7D1A230069010509E3140AFA6DBF15
:10343000582D854763ECE7023E2D93F707109DC793
:10344000EFC23FF62A842849EFE0CFBF3E2C232865
:1034500004041306001093F7F7EF3EAC7C40C5451B
:103460002285DC43829701456FC0FFF501458280CC
:10347000EFC23FF3373700001307472218D537371D
:1034800000001307672858D5373700001307074394
:1034900018D9373700001307273958D937370000B4
:1034A0001307472418DD3737000013074732420659
:1034B00058DD34C14182232A05002320050223223E
:1034C0000502EFD0AFA26FC01FF093F5F50F85474F
:1034D0006391F50AEFC25FEB20494111AA847D593F
:1034E0008549FC402685DC4782972A8A63072505A3
:1034F000EFE05FE15A201C40BA97238047015E202D
:10350000F8448507C2072983C18342075EA041832F
:1035100063E4E7002312040076205E20639CD7005A
:103520008507C207C1837EA02324340163E4E7003A
:1035300023130400EFE0DFDD6DB79C5085C3EFE09F
:103540007FDC5A206E20636EB700B305B7402EC6ED
:10355000EFE01FDC9C50B2452685829741016FC089
:10356000FFE5FC44998DA983C207C183B385B740A9
:10357000F9BF828001CEEFC2DFE27841B2878E23AD
:1035800018433222029701456FC0FFE37D558280C8
:10359000EFC23FE11387C11378432E86AA851843F3
:1035A0001385C11302976FC01FE2EFC29FDF13871D
:1035B000C11378432E86AA8558431385C1130297F9
:1035C0006FC07FE0EFC2FFDD1387C1137843AA8588
:1035D0001385C113184702976FC0FFDE05C6114758
:1035E0006392E602EFC2FFDB7C410E2241119C4751
:1035F00036C632C482972246B2462AA23685410197
:103600006FC07FDC8146368582801DC2B28711463D
:103610006390C602EFC2FFD87841B2238E2358438D
:10362000411136C60297B246410136856FC0BFD9F7
:10363000814636858280EFC2DFD69387C113494722
:10364000D8CB373700001307C75DD8DB373700000A
:103650001307A76098DF3737000013074757ECC3FD
:10366000B0C3AA850D461385C11323A0070223A268
:10367000070223A4070223A6070223A80702D8DF14
:10368000EFD0CF8601456FC01FD437B5002013059A
:10369000C5A5828037850120130505808280EFC291
:1036A0005FD003A781829307803EC1563357F7024C
:1036B000B7E700E02386D7402387D740856623A05D
:1036C000D710916623A0D710B7F700E023A007001A
:1036D00023A20700014690C78146D4C7814613063E
:1036E000F7FF90CBD4CB3D4798C3EFC01FF1EFF06D
:1036F000DFF92A84EFF01FFAAA852285EFD0DFF7E1
:1037000037C5020013050532EFD01FDC6FC0BFCBF9
:1037100073110134EFD08FF0B7F700E023A2070058
:10372000EFC0BFE7EFD06FF27311013473002030A8
:10373000EFC23FC74946EF10F20F420541856FC007
:103740009FC8EFC21FC64D46EF10D20E42054185FD
:103750006FC07FC7EFC2FFC44146EF10B20D4205F4
:1037600041856FC05FC6EFC2DFC34546EF10920CC4
:10377000420541856FC03FC5EFC23FC0AE8981455C
:103780002A84328AEFF0DFFAAA8481452285EFF09D
:103790005FFBAA8B81452285EFF0DFFB81452A89FB
:1037A0002285EFF05FFC2A8B2285EFF08100058DEA
:1037B000B30A75412285EFF0C10033052541330579
:1037C000654163DFAA022285EFE0B17EB307954031
:1037D000B38777410945B3C7A7025628B694762820
:1037E0003699C207C187139707014183BA943A9962
:1037F00023909900239129012310FA006FC07FBB09
:103800002285EFE0117CB3072541B3876741D9B723
:10381000EFC23FB9B7078700DCD19387E7109CD58B
:10382000B70700809387D702DCD5B70764009CD91F
:1038300083C745032E84C19B93E78700238AF50243
:103840009307002DFEB9EFB030571E3408DC8945D0
:103850005EBC2285EFD0714B228593050030EFD0FE
:103860001152B5452285EFF0616B6FC0DFB5EFC235
:103870005FB301112A842EC432C2B684EFF04166D0
:1038800045C91246A2456385C50A9307801663F6AB
:10389000B700938585E9C205C1819307801663F758
:1038A000C700130786E91316070141825A309307B0
:1038B0008016BA959396050132974207C1824183DB
:1038C00063F6D700938686E9C206C1829307801605
:1038D00063F6E700130787E94207418313062101D6
:1038E0004C0822853AC636C4EFF01FE913060005DE
:1038F000A6852285EF10027493170501C187130670
:103900001005A68522853EC2EF10C2723338A00092
:10391000831561010315410192473247A246B081E8
:1039200093088101EF9031142C082285EFF04113A8
:1039300005616FC05FA9EFC25FA4B28AAE891306AA
:103940000005B7050200AA84368BEF10A26E131A89
:103950000501135A0A410947334AEA0283C744035F
:10396000C230998B420A135A0A01B38A4A41C20AE9
:1039700093DA0A4199E39E3429A09146639ED708C1
:10398000FE303E94420441801305A4054205418562
:10399000EF90C0242A89131504014185EF9000247B
:1039A0002A84B70503002685EFF09FD82A8CB70537
:1039B00003002685EFF0FFD8AA8CB7050300268503
:1039C000EFF05FD9AA8BB70503002685EFF0BFD9CA
:1039D0003307590303D90900529CD29CD29B5295BC
:1039E000B307540303D429003D874A974207418314
:1039F000330C8741669723108B012312EB00BD87A0
:103A0000A297C207C183B38B7741AA9723117B0189
:103A10002313FB006FC0FF99E398E7F603970403B5
:103A2000039624038396E4023297B347F702E3D464
:103A3000F6F4B9B7EFC2FF964111130621004C000E
:103A40002A84EFF07FD30316210034004C00228536
:103A5000EFF07FEE2C002285EFF0810041016FC076
:103A60009F96EFC21F94AA8537C5020013058532C1
:103A7000EFE021022A84EFE0011622856FC0BF9497
:103A8000EFC23F9293078016AA842E8463F6B70094
:103A9000138485E9420441809E34EE303387B74079
:103AA0004207818F4183C20713160701C183939692
:103AB00007014186C1866357060013078716131650
:103AC0000701418663D706009387871693960701FF
:103AD000C1863387C6409357F7413D8F1D8F9307AB
:103AE000400B63DEE7002685EFE0B17A2685EFF034
:103AF0007FF42685E2B0EFF0FFF36FC0DF8C63D96F
:103B0000C600B706020022862685EFF05FD6F9BF11
:103B1000E35ED6FC2E86B7060200A285F5B7EFC29B
:103B20005F8893078016AA842E8463F6B7001384F7
:103B300085E942044180FE308E343387F5404207E8
:103B4000B307F4404183C20713160701C18393965C
:103B500007014186C18663570600130787161316AF
:103B60000701418663D7060093878716939607015E
:103B7000C1863387C6409357F7413D8F1D8F93070A
:103B8000400B63DEE7002685EFE0B1702685EFF09D
:103B90007FEA268582B4EFF0FFE96FC0DF8263DA47
:103BA000C6002E86B7060200A2852685EFF03FCC20
:103BB000F1BFE35DD6FCB70602002286FDB7EFC277
:103BC0004FFEAE84B2852A84EFF07FF5A68522856C
:103BD000EFF01FEB6FC02FFFEFC20FFB2A8403151E
:103BE000E502E1776306F5025A3436346376D7008E
:103BF00013078716420741835C58420705468583B1
:103C00008D8B41876388C700DDC709466383C7087A
:103C10006FC0CFFA83150403031624030948B38445
:103C2000E600B387C500B3C70703B3C40403939882
:103C3000070193D8084113980401C204135808419E
:103C4000C1806357150342873E86EF908016931517
:103C5000050113190501C1812285EFF07FE2135997
:103C60000941A6852285EFF09FEB231E24034DB763
:103C7000BE85C286EF90E013AA8913190501A685B7
:103C80002285EFF0FFDF9395090113590941C181A6
:103C9000D1BF0316240383150403EF90801152341F
:103CA000131905019315050113590941C181228595
:103CB000EFF0FFF05DBF0316240383150403EF90BC
:103CC000400F1319050113160501135909414182CB
:103CD0002E34F1BFEFC2EFEC93078016AA842E8436
:103CE00063F6B700138485E942044180DE34AE34C4
:103CF0003387B7404207818F4183C20713160701FC
:103D0000C183939607014186C18663570600130756
:103D1000871613160701418663D706009387871617
:103D200093960701C1863387C6409357F7413D8F6D
:103D30001D8F9307400B63DBE7002685EFE071558D
:103D4000A2B42685EFF05FE96FC0EFE763D8C60045
:103D5000814622862685EFF09FB1DDB7E352D6FE7D
:103D60002E868146A285FDB7EFC2AFE3930780168A
:103D7000AA842E8463F6B700138485E94204418047
:103D8000BE34CE343387F5404207B307F440418355
:103D9000C20713160701C183939607014186C186A6
:103DA000635706001307871613160701418663D76A
:103DB00006009387871693960701C1863387C6400E
:103DC0009357F7413D8F1D8F9307400B63DBE7004F
:103DD0002685EFE0114CC2B42685EFF0FFDF6FC0FF
:103DE0008FDE63D9C6002E868146A2852685EFF038
:103DF0001FA8D5B7E351D6FE81462286C5BFEFC2C4
:103E00004FDAAE84B2852A84EFF01FF6A6852285AC
:103E1000EFF05FEC6FC02FDBEFC2AFD84EB1EFE039
:103E200051476FC04FDA8316E502638FB6023A3905
:103E300093170701C18763D3F5002E871E39131628
:103E40000701418693950701C18563D3C500BA87F1
:103E50001397070141876389E600EFC28FD47EB5CF
:103E6000EFF09FD76FC02FD68280EFC2EFD137CA55
:103E70000200357113058A322E89EFC0817A854799
:103E8000631CF506AA8A4A85EFC0B115AA894A853E
:103E9000EFC0B114AA844A85EFC0311489472A843F
:103EA0006396F924EFC051522A8939C5EFC03152C7
:103EB000631455050C104A85EFC0115E1008AC085C
:103EC0002685EFF07F8B8357010203578105998F79
:103ED0002310F1020357A10583572102998F231163
:103EE000F10283474403858B99CB831501020315A7
:103EF0002102B3E7A500D1EF0D616FC02FCCB7054C
:103F00000200130600052685EF10C212B88093192F
:103F1000050193D909012A8933073741C1652685EF
:103F2000F880EFD0C17031C5BC80B3873741C2077C
:103F3000C187635EF004FC808316210283170102AF
:103F400003170101B386D602B387F7023307E702EE
:103F5000B697635BF7008347440393E71700230A90
:103F6000F402EFB0606508DC83474403858BC9D752
:103F7000ADBF8317010111471316090133C7E702CB
:103F80004186BA866353C700CA86958F4DB7854769
:103F90005DB78359C4023E3463F7F90093898916EB
:103FA000C20993D90901EF8090503E345A30139AD8
:103FB0000901135A0A413E97198D4205418113198F
:103FC0000501135909416358090013058516131992
:103FD0000501135909415A3CB389F940C209B30A92
:103FE000F740998FC207C183338727014207418772
:103FF0009356F741358FC20A158F9306801193D9D6
:10400000094193DA0A0163DEE608034744030149E4
:10401000218B11E34E89085CCA9713990701EFB011
:10402000605A7E38135909413385A7029307803EB1
:104030003355F50293170501C18763CC2701330778
:10404000F040CA876357E9003305A0409317050184
:10405000C1872E3403172403831604033305BA40A3
:104060000E053306D7403345C502AE9A52868319F2
:10407000E4021105118556953E9542054185EF8074
:1040800050538397E40213190501135909416398AA
:1040900027038317040363962705EFB0E05108DC7C
:1040A000A1BD0947B3C9E902034744036357390176
:1040B00013678700230AE402B9BF5D9BE5BFEFB039
:1040C000A04F08DCCA852685EFF0FFD5E38329FDE4
:1040D0000146F1452685EFC0A16C8547E31EF5E05A
:1040E0004DBF83172403E39927E145BFA1476385AB
:1040F000F9008D47639CF902834744032685F99BA9
:10410000230AF402EFD041542A84EFC0112BAA8471
:10411000EFC0912BEFC0B12B9147E31FF5DCE38D8E
:1041200004DC81452285EFC07124F9B3B54763975C
:10413000F9044A85EFC0616B830705004547031901
:10414000E40293F6D7FF6393E602EE348505C205D9
:10415000C1852685EFF03FCD8317E402E38E27D992
:104160000146F1452685EFC0A16379B3B91793F7EE
:10417000D70FE39307D8EE34FD15D1BFC547639839
:10418000F90A4A85EFC061662A8910080C10268555
:10419000EFF08FDE9C44014499C30394470113065A
:1041A0000005814526854204EF00D2684180BC802D
:1041B000229593140501C180835501020356210203
:1041C000B3869740B387F440C206C207C182C18359
:1041D0003387C600F4803E96AE96BE954207C2066F
:1041E0004206C2054186C185A8084187C186EF7095
:1041F000D07383250900A1691386F9FFA808EF8011
:10420000800A01C523020900C5B93306940042069D
:104210004186B285A808EF701075832509001386C2
:10422000F9FFA808EF8020082302A900F1B1CD47CB
:10423000639FF90A81452685EFF08FCF2A8A814551
:104240002685EFF00FD08145AA892685EFF08FD023
:104250002A8481452685EFF00FD1D28763533A0136
:10426000CE8713970701418763538700A28713976F
:10427000070141876353A700AA87B7050300268576
:1042800013940701EFF0CFCAAA8AB7050300268569
:10429000EFF02FCBB70503002A8A2685EFF08FCBEE
:1042A000B7050300AA892685EFF0EFCBAA844A85DB
:1042B000EFC0A1534184568763D34A0152879317B5
:1042C0000701C18763D337014E8793170701C18761
:1042D00063D39700268793072700C20703170500BB
:1042E000C187818F63D3E700BA871EA131B1D5475B
:1042F000E394F9C04A85EFC0414E2A844A85EFC055
:10430000A1572A89130621004C002285EFF0CFC661
:10431000CA85A808EFE0011083172100130A8A322A
:10432000635EF00404082685EF80117026868145BF
:104330002285EFD0F1705C00BEDE3C81B008E9451B
:104340002285231AF10802C7D2CE82D0A6DCEFC0A4
:1043500021455A3036345E345000A685BA973697D8
:1043600083564109C20742074A85C1834183EF80D2
:10437000316DB008ED452285EFC08142B7050200DE
:104380002285EFF0EFBAAA8AB70502002285EFF086
:104390004FBBB7050200AA892285EFF0AFBBAA8404
:1043A000B70502002285EFF00FBCD68763D33A0130
:1043B000CE8713970701418763539700A68713970A
:1043C000070141876353A700AA872481B387F4407C
:1043D00093940701C18463599006930901014E85A6
:1043E000EF8091644E86B70502002285EFD05165BB
:1043F000B70702003EC78547BED0B0085C00E9455C
:104400002285BEDED2CE231A9108CEDCEFC0413920
:10441000831641098317210163D3F600F4815A30D2
:1044200072301E34C206CE85BA973297C207420751
:1044300050004A85C1834183C182EF807160B0081A
:10444000ED452285EFC0C135031621009309810097
:10445000CE864C002285EFF00FCE04102685EFA00B
:10446000915E2686B70503002285EFD09104B70739
:1044700003003EC7B0088947E9452285BED0D2CEA9
:10448000CED2A6D4EFC0C1314E86A6854A85EFA014
:10449000D160B008ED452285F9B183170503639615
:1044A000B700831725036384C702EFB29FEF83171A
:1044B000E5020EB932B963D3B7006EB58317E502D2
:1044C0006353F60072B5EFF02FF16FB0DFEF82802B
:1044D0005E210A2185073385A740420541858280F8
:1044E0007E212A2185073385A740420541858280A8
:1044F000EFB23FEB2E841305C4038145EF707023A8
:1045000081451305C404EF70D0226FB0DFEBEFB22A
:104510005FE91C417D578843D8C71307C5036398DB
:10452000E7009C475CD1EFE0C1566FB0DFE91307AD
:10453000C504E39AE7FE9C471CD9F5B7EFB27FE6C6
:104540004CC50841EFE0E1546FB0FFE7EFB27FE503
:104550005D712A840CC23685814536C6EF70701DA8
:104560000808EF705019B74700009387C753B24649
:104570003ECA930700103EDAB74700009387E75022
:10458000130660068145228536C83ECE02D602D883
:10459000EF00522A2ADC0808EF70101F61616FB02B
:1045A0009FE2EFB21FDD51712A84EFC00123AA8C74
:1045B0002285EFC0612C2AC22C106685EFE04113E2
:1045C000294681456685EF00F226AA842D4681455D
:1045D0006685EF003226835581020356A102C2048C
:1045E000C18042053387954041812314E10233079E
:1045F000A6408356C1022315E1020357E102A696A5
:10460000C2062A974207C18241838504130415001C
:10461000B6943A942316D10283C6CC05118C231785
:10462000E10203A6CC0203A78C028D8CC2044204D3
:104630008D8A8545C18441843303E640814A639C69
:10464000B600635A07006358C00083AA0C03B38AFC
:10465000EA4093BA1A004946814566851AC4EF00BC
:10466000721D2A8B4D4681456685EF00B21CAA8BD0
:10467000414681456685EF00F21B2A8C45468145FF
:104680006685EF00321B8315A1020317C102831652
:10469000E10203568102420BC20B420C931D05013D
:1046A000135B0B0193DB0B01135C0C0193DD0D011C
:1046B0005A9633077741E295B386B64142064207E0
:1046C000C205C20641824183C181C182239ACC02C4
:1046D000239CEC02239BBC02239DDC02138A4C0327
:1046E000224363C8840685068D8EC206C1860D47A7
:1046F0006341D70209473347E40283D66C013697FA
:10470000420741839306E7FF0907239BDC02239DB1
:10471000EC0283D98C0303D74C0303D9AC0385097E
:10472000B389E94003D76C030509C2093309E9409D
:10473000420993D909411359094163D38412374E71
:10474000000013886C039386AC03CA88130E0E4EC8
:1047500005A20507118F420741878D46E3CBE6FA94
:10476000094733C7E40283D64C0136974207418399
:104770009306E7FF0907239ADC02239CEC0251BF52
:1047800003AD0C03330DCD40330D1D03334D6D02CE
:104790002DA203A74C02118F33071703334767027B
:1047A00085A22310B8009AA201A4338665400506AD
:1047B00042064186635CE60092A203960600031758
:1047C00008006353E61E2310C800F1BF9AA223100D
:1047D000C800E5B783D6AC0303D66C038506A9AC45
:1047E000850BB38B6B41C20B93DB0B410D476346CB
:1047F00077350947B3C4E40203D74C01BA94C20425
:10480000C1801387E4FF8904231CE102231E910267
:104810002DA65285029E05476348A7189245281188
:10482000EFD0513F370702003011E9456685BACF16
:104830006AD702D952DBEFB0B1763011ED4566850B
:10484000EFB011766D616FB09FB69A2205070D8F9C
:104850002310E80003DD06003306CD4092A239A202
:10486000374E000093868C03CE885288130E0E4D6F
:1048700083A58C057D5703A68C02E383E5F003A78F
:104880000C05118F330D170333476D0203AD4C0533
:10489000330DCD40330D1D03131507014185334DF5
:1048A0006D02420D135D0D41330DAD40330DBD0260
:1048B00093050010334DBD023A9D03A58C04420DB3
:1048C0007D57135D0D41E306E5EC03A70C04118F42
:1048D00033071703B345670203A74C04118F33074F
:1048E0001703139605014186334767024207418744
:1048F000118F3307A702130600103347C7022E9704
:10490000420741871306B0068145668546CE1ACC1C
:1049100072CA36C842C63AC4EF00C27122471316A3
:104920000D01418293150701C1813248C246524EA2
:104930006243F248E3CB84F01375F50F854E631E96
:10494000D501330DC0403307B04042864207420DC7
:1049500036884187135D0D41B286035608003297B1
:104960009AA2035708003A9D2310A80137CD0200F0
:10497000130D4D34E38F0AE803A68C0283950600DD
:10498000031708003306C040B308160333C3680298
:10499000420313530301E3CA84E01A974207418795
:1049A000E351B7E02310E800930A01075685EFA012
:1049B00091095686B70502006685EFD0812F924592
:1049C0002811EFD03125370702003011E9456685FF
:1049D000BACF6AD702D956DD52DBEFB0715C13064D
:1049E000000681456685EF00E26442054185228725
:1049F00063D3840026874207418705873A8D635336
:104A0000E5002A8D420D135D0D4103160107CA868C
:104A100063D32901CE86C206C18685863687635355
:104A2000D6003287420741870607E3C584DA83D67A
:104A30008C0303D64C038506918EC206C186635B48
:104A4000D7020347310712455286D6858349A1080C
:104A5000034921093AC4A3090106230501082309D2
:104A60000108EFA0910322472305310923092109F9
:104A7000A309E10603D74C0181466A865A97231899
:104A8000E10203D78C010C18880033077741231A01
:104A9000E10203D76C0162972319E10203D7AC014D
:104AA0003307B741231BE102EFA081308145880025
:104AB000EF9031758315A1020317C1028316E1023D
:104AC000035681022E9CB30B7741329BB38DB641C6
:104AD000420B420CC20BC20D135B0B01135C0C01A9
:104AE00093DB0B0193DD0D01834921092303010AA7
:104AF00023090108231C6103231D8103231E710365
:104B0000231FB1032A89E3CD84CC850DB38D8D415C
:104B1000C20D93DD0D410D476341B703094733448F
:104B2000E40203D76C013A94420441801307E4FF86
:104B30000904231DE102231F810203160107814698
:104B4000D285A808EFA0C1268145A808EF90716B17
:104B50002A8412453018D685EFA02174124552865A
:104B6000D68523093109A30901062305010823037A
:104B7000010AEFA08172A808EF9071748800EF908D
:104B800011742285EF90B16E4A85EF90516E75B128
:104B9000EFB28FFF37C5020013054534AE84EFB086
:104BA00051288547631DF50AAA892685EFB0714310
:104BB0002A892685EFB07142CD472A846313F90A0A
:104BC000B7050200EFD0C1722A892685EFB0F14106
:104BD0001E21AA8413970701418763532701CA87BF
:104BE0009EA0494681452285EF00C24493190501E4
:104BF0004D4681452285EF00E243131A05014146E7
:104C000081452285EF000243131905014546814580
:104C10002285EF002242135A0A41420593D90941E5
:104C2000135909414185D28763D34901CE87139730
:104C3000070141876353E900CA871397070141873A
:104C40006353E500AA87C207C18763DA07000397A9
:104C50000400B307F04063D3E700BA879EA06FB0AB
:104C6000EFF563053901A1476318F9009305440383
:104C70002285EFD0F15EE5B7D547E312F9FE268530
:104C8000EFF03F92E9BF58516308B7045C5563D316
:104C9000F500AE8714590C5563D3D500B68563D3A0
:104CA000F500BE85630AB702EFB2AFEF11E64CD153
:104CB000EFD0315E6FB02FF13445FD57639BF600A6
:104CC00038C16CC19306C50313064502EFF01F8877
:104CD000D5B77C413CC1F5B78280EFB28FEC93072A
:104CE0004006DCD583C7C5052E8423A20502F19BAF
:104CF000238EF50423A4050223A8050223AA050296
:104D000023AC05024CDCFD57BCC523A0050423A23F
:104D100005046CC4BCCD228523A8050423AA050480
:104D2000A145EFC0D1052285C145EFC0510501461F
:104D300081452285EFF03FF56FB0EFE88347C50569
:104D400009478D8B6398E704585563D3E5002E8798
:104D50001C5563D3E700BA874C5163D3B700BE85B7
:104D60001C596389B702EFB2CFE311E60CD9EFD03B
:104D700051526FB04FE5344D7D57639BE6003CC9FF
:104D80006CC99306C50413060503EFF02FFCD5B7D5
:104D90007C49F5B782803845FD576304F7006841C8
:104DA0008280485182808347C50509478D8B638483
:104DB000E70008558280384DFD576304F7006849C5
:104DC000828008598280684D0D898280EFB26FDD44
:104DD0002E842285C145EFC0817A9305004022854B
:104DE000EFC0A1726FB02FDEEFB2AFDBAA8537C57F
:104DF000020013050536EFC0D1492A84EFC0B15D2A
:104E000022856FB04FDCEFB2CFD988552E84EF806A
:104E1000E0004854EF80800023240402232604028B
:104E20006FB06FDAEFB2EFD429712A84EFB0F11AC4
:104E30001E39638F07402A8C2285EFB0F1238357F8
:104E40002C022C182A8B93E747002311FC02628561
:104E5000EFD0110A03270C02B707FBFF83540C02A3
:104E6000F98F37070400D98F2320FC028801EFA0B7
:104E7000813DA810EF8051409001B7050500628583
:104E8000EFC03163B010B70505006285EFD021187F
:104E900083572C0241468145ED9B2311FC022310D0
:104EA0009C026285EF000219931D0501454681456C
:104EB0006285EF00221893170501C1874946814595
:104EC00062853EC8EF00021793170501C1874D4662
:104ED000814562853EC6EF00E21593170501C18743
:104EE000DA85A8193EC4EFD0E152B70705002326A2
:104EF000F112B7C702009387C737BEDF93F70402EA
:104F00003ECA93F724003ECC93F7440093098108EE
:104F1000130A81043ECE93F7840093DD0D412320D4
:104F200001102324311123264111014901443ED0AF
:104F300083570C036379F43083274C02B71A0300BC
:104F4000931B290033877701084393850A310509AC
:104F50003ED24209EFB06FD21359090192576DD179
:104F60008327CC02931A1400D6979A23937787004D
:104F7000639F0724935777401377070213FD1700A9
:104F8000630B0724136D0D0883268C02131734005E
:104F900036970E23031627000318470003156700F2
:104FA000835681030357A103B6953A96C2962A9772
:104FB0002310B1042311C1042312D1042313E104EB
:104FC00063110D24130680038C014E85EF70306D44
:104FD00013060002AC105285EF70706C0327CC02F0
:104FE000834651065697122313F7E60F931736019F
:104FF00063D4070013E71600930C0104B019E945C8
:105000006285A302E1062322911123288112EFB0C9
:1050100021792A579317270063DA07080347B10A53
:10502000B24703160104137717FC1367E701A305C2
:10503000E10A83164C01BE966318D600137717FC5D
:1050400013676701A305E10A03178C01A2478316C2
:1050500041041D8F639BE6000347B10A9376E70284
:10506000137717FC558FA305E10A03176C0183160C
:1050700021046E97639BE6000347B10A9376A7036A
:10508000137717FC558FA305E10A0317AC01C2473C
:10509000831661041D8F639BE6000347B10A937674
:1050A000C703137717FC558FA305E10A035E61045C
:1050B00013730D02035F2104050E420E135E0E01F1
:1050C000630F03008327CC02D6979E2393F7072014
:1050D00099C793171F00B387C7412311F104668650
:1050E000CE855A851AD27AD672D4EFA0011B8327B7
:1050F0004C02035781038316C105BE9B8357C1032E
:1051000083AB0B0026468507998F0348510603178A
:10511000A105C207C187DE854818EFA0E0128357BA
:105120004104835501040315410385078D8FC20790
:10513000C1870946898FB3C7C70203572104831665
:1051400061031253BE9583576104C205C18185076F
:10515000998FC207C187958FB3C7C7022310B104C7
:10516000AA952312B104BA97C207C183BE96C2069C
:10517000C1822311F1042313D104630E0302032718
:10518000CC02BA9A03D70A00137707200DC7225E14
:10519000325F330EEE41420E135E0E41334ECE02AD
:1051A000420E135E0E01B387C741B386C641231179
:1051B000F1042313D1046686D2855A850147DE8621
:1051C000EF80D10FB019ED456285EFB0615D050448
:1051D00042044180B1BB03574C03E31787DAD2473F
:1051E00099C3136D0D02E24799C3136D2D00F24769
:1051F00099C3136D4D008257E38807D8136D8D0056
:1052000061B303572C024E852310AC03136747008C
:105210002311EC02EFA021035285EF80F1054E86A9
:10522000B70505006285EFC0D1285286B705050095
:105230006285EFC0D15D03572C0223109C026D9B49
:105240002311EC0261BB83572C02ED9B2311FC025E
:1052500031616FB0CF95EFB2CF9455468145EFF0F5
:10526000715D420541856FB00F96C167FD17638B75
:10527000F50CEFB26F911E3941112A8463F1F50CE0
:105280001C5513973500AE84BA97039707002C007E
:1052900078800397270078810397470083976700FA
:1052A00078827C83EFD0C144814551462285EFF05E
:1052B0007158931905012285EFF0FFF92A8922859B
:1052C000EF007239EFA04029A9473345F50293D981
:1052D00009412C8442054185AA8663533501CE8657
:1052E0003C80C206C182AE97958F7C8030854A870C
:1052F0006353A9002A8728823C814207AA95AE966B
:10530000748234834183B2973696998F3297C2075D
:1053100042075638C18341837C817883639D960020
:105320004C548604AE94962093F6062089C68607D0
:10533000FD17998F7C818A852285EFD061724101AA
:105340006FB0CF878280EFB2CF8201112E890C0817
:10535000AA84EFD0E1392685EFD0A145AA8C268515
:10536000EFD02146494681452A8D2685EFF0914CA4
:10537000931B05014D4681452685EFF0B14B9319EE
:105380000501414681452685EFF0D14A131C0501F0
:10539000454681452685EFF0F149931D05015146AB
:1053A00081452685EFF011492A842685EFF0BFEA72
:1053B000137714004204894741843344F4020507FB
:1053C000B54693DB0B4193D90941135C0C4193DD46
:1053D0000D41354AB347F5020589229742074187B7
:1053E000AA978507C207C18763C3E6003A8A420AC3
:1053F0003547135A0A41BE8A6353F700B54AC20AB9
:10540000B54793DA0A414E8B63D33701354B420BD4
:10541000B547135B0B41E28963D38701B549C209E4
:10542000B54793D909416E8C63D3B701354C420C13
:10543000135C0C41B38C6C41330D8D4101445E888B
:10544000B54DF91C791D9E38637CF4089854931768
:105450003400A880BA970397070003932700839826
:1054600047008395670093170701C18363C3EB0867
:10547000428763D37D0135473307E540BA97C207BA
:10548000B081C187FC8493160301C182B3074641F2
:1054900063C86900CE8763D33D01B547B307F640C3
:1054A000BE96C206C18613970801F485418363C581
:1054B00098055A952A974207418793970501F886E0
:1054C000C18363CDA5036296B297C207C187014627
:1054D000CA85280842C6FC87EF60F05C32480DC1DF
:1054E0009E386394870041647D14228505616FA016
:1054F0001FEC3307554159B756956DBF5296E9B722
:1055000005044204418081B7EFA2BFE68547797167
:105510002A84AE8A3EB901498144B7190300931722
:105520002900D697884301C5830705009DE71E38EB
:1055300063859706085409C5EF70500E23240402B2
:10554000485409C5EF70900D2326040213953400CA
:10555000EF70103F08D41DE101A093850931EFA041
:10556000DFF109C98504C204C18005094209135944
:10557000090175B73E3885073EB8C5BF13951400BD
:10558000EF70103C48D411E101A01C5491E3814418
:1055900093951400EF70F04B06B81306B0068145E2
:1055A000232254032285EFF0F1289377F50F494623
:1055B000814522853ECAEFF0F1272A8B414681457D
:1055C0002285EFF03127514681452A8D2285EFF063
:1055D0007126AA842285EFF01FC8AA8B2285EFD0FE
:1055E000411FAA8D2285EFD0212203592403420DA9
:1055F000C20D7D1933099902420B135D0D018149DA
:10560000014C814C93DD0D01135B0B0133092541E6
:1056100093170901C1873EC893970401C1833EC611
:1056200093970B01C1833ECC035A2403636F4C074D
:105630002285EFC071602285EFD0A14545616FA042
:105640001FD75454338794010607369718231D8BB0
:1056500011E30547330FE900850413190F01C20454
:1056600013590901C180139724005697184311CF8D
:10567000B7170300938507313A853ACEEFA0FFDFD5
:1056800009C57247030707004DFFC247050CB383E6
:10569000370199EC910A6688B2479E89C28CEA97D5
:1056A000139D0701135D0D0141B78144014965BF99
:1056B000B3D949031307FDFF33DA4303EA99C2095B
:1056C00093D909413A9A1387F4FF33077703420AC3
:1056D000135A0A413387ED4042074187BA8E63531C
:1056E0000700814EC20E93DE0E4166888148814FCD
:1056F000585493161800369710231D8A11E2054658
:105700003387FE03B29FD2471386F8FFB386FE03AA
:1057100033572703B3D62603469742074183B296F1
:10572000C2060546C182638DC70493150701C18572
:10573000C2061C54C186DA95DA9613153800C206E3
:10574000C20552873E95C1864E86C1851ED646D477
:1057500076D27ED042CEEF60501D7248E247A2580A
:10576000050833079841BE98C20893D80801825FA4
:10577000925EB253E36E97F685048A04A69A29BF17
:10578000B386DD4093950601C185B386ED404DB7E4
:10579000EFA23FC1FD57DEB983C765032E8523A263
:1057A0000502F99B238BF50223A4050223A605021B
:1057B00023A80502B705002093850508EFF0DFD484
:1057C0006FA07FC0EFA2FFBDAA8537C502001305F9
:1057D000C537EFC0012C2A84EFC0E13F22856FA0BE
:1057E0009FBE99C5EFA2FFBBEFF01FD26FA0BFBD58
:1057F0008280EFA21FBB12392A8448550606EF703B
:10580000006A4C502285EFF0DFFD6FA0DFBB1E3930
:1058100063E6F500C167FD176390F502EFA27FB85C
:10582000AE844E392A84EFF05FA4A68546B822855F
:10583000EFF0BFA36FA03FB98280163963F9D5029C
:10584000EFA23FB65855939715003284BA97962326
:105850001347F6FF13740420758F9AA3AA84EFF000
:10586000DFA001C42685EFC0313D6FA0DFB5828087
:10587000EFA23FB3AA842E8901449E386364F400EA
:105880006FA07FB4A28505044A8626854204EFF006
:10589000DFFA4180DDB71E3963F5F504EFA27FB072
:1058A000834765032A84B284858B2E8981CB9377C5
:1058B000060889C793050008EFF09FFB5C54131797
:1058C0001900CA85BA979A232285458F9AA393F423
:1058D0000420EFF09F9981C42285EFC0F1356FA0BD
:1058E0009FAE8280EFA2FFABAA842E8901449E382E
:1058F0006364F4006FA03FADA28505044A86268547
:105900004204EFF05FF94180DDB74A398280C16718
:10591000FD176385F506EFA23FA7835A05032A8981
:10592000014563E1BA02AE8981440144371B03009B
:10593000639C3401014563879A00832749020A0466
:105940003E9408406FA09FA7130A1400420A8327C1
:105950004902135A0A0113172A00BA97884385048B
:10596000C20493050B31C180EFA03FB111E50904DA
:10597000131A0401135A0A0152845DBF0145828043
:105980001E3963FBF5005C558605BE958A21718D35
:10599000118D13351500828001458280EFA27FA012
:1059A000130600082A84AE84EFF09FFD2A89930530
:1059B00000082285EFF0DFEB6308090013060008FA
:1059C000A6852285EFF03FED6FA0FF9FEFA2DF9B42
:1059D00037C5020041111305C5372E89EFA0714468
:1059E0008547631BF504AA894A85EFA0915FAA84C5
:1059F0004A85EFA0915ECD472A84639FF4044A85CF
:105A0000EFA0B15E3E38AA8995C7032A44028144BB
:105A1000B71A030093972400D29703A90700630BDA
:105A2000090093850A314A85EFA03FA501C5830788
:105A3000090091E72390090041016FA03F985C5451
:105A400013971400BA979E2393F70720639B074888
:105A50008504C204C1807DBF9307A0026396F40051
:105A60004C50EFF01FD8C9BF93079002E38AF4FEB1
:105A7000639A34094A85EFA051574E382A89228506
:105A8000EFF0AFFEEFB04114EFB061147599631EF3
:105A900095022C004A85EFB021202C002285EFF0E2
:105AA0009F8AC167FD17AA856301F5025C5413172D
:105AB0001500BA979A23935757400D87D98F858B36
:105AC00089E74AB82285EFF04FFA5638C167FD17CB
:105AD000E384F6F65C5413971600BA979A2313568C
:105AE000974093578740D18F13563740D18F1587F2
:105AF000D98F858BB1F336C67000F1452285EFA0B2
:105B0000314A1DBF8947639CF4084A85EFA0F14DD7
:105B10002A89EFB0610BAA84EFB0610B79157599F2
:105B2000E30C05F026852C00EFB001172C00228530
:105B3000EFF07F814E38AA84E380A5F0C167FD179E
:105B40006385F5002285EFF04FF246B84A85EFB045
:105B5000E112C167FD17E381F4EE5C541399140060
:105B6000CA979A23935737401587D98F858BE3952A
:105B700007ECA6852285EFF04FEF58543A998357EA
:105B80000900A187858BE39907EA5E3886073E976F
:105B90001E23A587858BE39107EA26C6B1BFA147DF
:105BA000639DF4085A39C167FD176300F70893171E
:105BB000170058553E971E2393D66740858A95CA8D
:105BC00093D65740858A95E693D67740858ABDC29D
:105BD00083466503858AB9EE93F7F7F7C207C18359
:105BE0001EA383476403858B89C74E382285EFF057
:105BF000FFDA56385C5413971600BA979E2313D7D2
:105C0000874013D69740518F058B05C313D7574054
:105C10008D87D98F858B91EB7000F145228536C633
:105C2000EFA011388547E319F5E04E382285EFF0F3
:105C3000CFE319B593E7070865B799476398F4026E
:105C40005A39C167FD17E309F7DE5C559316170053
:105C5000B6979E2393D6474013D65740D18E8D8753
:105C6000D58F858BE39A07DC3AC679B58D47639764
:105C7000F4004E39EFF06FDFFD5769A0B947639B21
:105C8000F4264A85EFA071362A89EFA05174AA84C0
:105C9000631809000145EF909010EFA05173AA849A
:105CA0002285EFB0711AEFA051715A38C167FD1704
:105CB000E314F7D889476387F4009147E39EF4D64D
:105CC000E30C05D6834764035054858B95EF1397F7
:105CD00017003297162313D736409586558F058BBC
:105CE00015C38507EDB785071397170032971A2359
:105CF0009356574093553740CD8E858AEDF61377EE
:105D0000070875D35EB80DBB8147F9BF4E38C16730
:105D1000FD17E383F5F62285B1BF51476395E7048C
:105D20005A38C167FD176314F700231A04025E385E
:105D300091E31E38FD17C2075054C1835EB85E3828
:105D4000139717003297162313D736409586558F31
:105D5000058BE30C07EC91C7FD17C207C1835EB842
:105D6000F9BF1E38D5BF49476399E70A2285EFF08E
:105D70008FCE5E3841677D17639BE7025054231A2C
:105D800004025E38139717003297162313D7564034
:105D90008D86558F058BE30A07E88507C2071A38F9
:105DA000C1835EB8E3EFE7FC231A0402D9BF18549D
:105DB00013963700035304033A965A2216229398F7
:105DC00017000507158F4207418705873697420759
:105DD0004187B286E3FB67E403982600831526001B
:105DE00063D70503839506006343B7028395460096
:105DF000AA9563CEE5004C54C69503D8050093558B
:105E0000584013583840B3E505018589E9C985072D
:105E1000C207C183A106890875BF4547E397E7E03C
:105E20002285EFF04FC35E3841677D17639BE70221
:105E30005054231A04025E38139717003297162322
:105E400013D756408D86558F058BE30007DE8507F7
:105E5000C2071A38C1835EB8E3EFE7FC231A0402D5
:105E6000D9BF145493953700C207B695DA21922111
:105E7000C1870507118F420741870587329742077F
:105E8000139637004187B29613960701E34F06D861
:105E900003982600039625006359C802039606005E
:105EA000098E6344C702039646006340E6025054DD
:105EB000139817004296035806001356384013589B
:105EC000584033660601058A19CAFD17E1166DBFF1
:105ED000D547E393F4B64A85EFE0DFF4B1BE5EB890
:105EE000A9B32285EFC051123E383345F502239005
:105EF000A90099B6938714FF0547E379F7E0B54702
:105F0000E398F4FC4E382285EFF02FB64A85EFA0D7
:105F1000D10D830705004D47E391E7E05E38C16688
:105F2000FD1601476386D700850713970701418354
:105F300012385AB86364C700231A04024C545E38FE
:105F4000139717002E97162313D756408D86558F1B
:105F5000058BE30C07CC8507C207C1835EB8E3E07D
:105F6000C7FE231A0402E1BFEFA2AFC38347650354
:105F70008589F99BCD8F230BF5028145EFF01FA298
:105F80006FA06FC4EFA2EFC1B7C702009387C73DF0
:105F9000DCD183C785022E84228593E717002384F2
:105FA000F5028945EFB061562285A145EFB0E15574
:105FB000930500402285EFB041556FA0CFC083C745
:105FC0008502858B99EBEFA2CFBDC8512E84EF607F
:105FD000F064232204026FA00FBF8280EFA26FB98A
:105FE00037C502005571930A053C1305053CAE8484
:105FF000EFA0216385476312F50E2685EFA0617E31
:106000002A892685EFA0617D9307C0022A8463193F
:10601000F90C2685EFA0617D2A8A1306700581455B
:106020002285EFF021012A8983148500130690054B
:1060300081452285EFF00100131705014187130602
:106040008005814522853AC2EFE0D17E12474C504F
:10605000931605018967FD17C18601484A86280104
:10606000EF90801E554681452285EFE0B17CAA8ADB
:106070004946B70502002285EFE0D17B2A894D46CB
:10608000B70502002285EFE0F17A2A8B4146B70579
:1060900002002285EFE0117AAA894546B705020081
:1060A0002285EFE03179035781085A9993970401CB
:1060B0003A998356A108C18356994E953E99AA975D
:1060C0003E8713960601C20723102A01C187418625
:1060D00063D3C70036872311EA0069616FA02FAD33
:1060E000CD476314F9022685EFA02170AA84B70575
:1060F00002002285EFC0C11F9E2013970701418730
:106100006353A700AA879EA0C9BFD547E317F9FC30
:106110002685EFA0816C2A842685EFA0E1752A8967
:106120001306700581452285EFE0D170031A8500C2
:106130002A8C1306200381452285EFE0B16FAA84E3
:10614000414681452285C204EFE0D16EC18026958B
:1061500093190501494681452285EFE0B16DAA9466
:10616000554681452285EFE0F16CAA8C4946B7057A
:1061700002002285EFE0116C2A8B4D46B705020024
:106180002285EFE0316B2AC64146B7050200228521
:10619000EFE0516A2AC44546B70502002285EFE0C8
:1061A00071692AC22946B70502002285EFE091688D
:1061B000AA8D2D46B70502002285EFE0B167930B4B
:1061C00001052A8D5E85EF9001085E862285B70560
:1061D0000200EFB0112EB2465A28C204C180124804
:1061E000A247269713160A01B304DB004182420737
:1061F000FD14B2944183338507017628BA9493073E
:10620000F5FFC20413950D0193D90901C1804181A5
:10621000098FB2972695CE962312A102139B0701F0
:1062200013150D01C206135B0B01C1824181B387B7
:10623000A6405A95AA96CA8528012313D102231095
:10624000E1022311F102EFC0E11CB707020056C7BB
:106250003001930A0102E94522853EDF5ECD02C985
:1062600056CBEFA0E1535686DE854A85EF90E102DA
:106270003001ED452285EFA0A1521306900581451E
:106280002285EFE0315B1317050141871306800576
:10629000814522853AC2EFE0F15912474C509316DE
:1062A000050189670148FD17C18662866808EF808D
:1062B000B0790818EF70417C101822858145EFB045
:1062C0001155BC86E694C204C18023149102BE9489
:1062D00093071B00C207C187B38747410945B3C76E
:1062E000A7026A28B887545030100C182316910260
:1062F000CE97AA97C207C1832315F1024A85BA97A0
:1063000001472317F102EF70617BC1BBDC5123A26F
:1063100007028280485101C9EFA2AF888145EFF0A2
:1063200051386FA04F8A8280EFA2AF872E842285DA
:1063300093050040EFB0A12422859145EFB02124C0
:106340002285B7050200EFB0411C85452285EFB0DC
:10635000C11B2285EF20601F6FA0EF86EFA26F8424
:10636000C8512E8409C5EFF0D14923220402834786
:10637000C403C18B91E70858EF60502A2328040218
:106380006FA06F84EFA24F802A892E8AEFF09FF8CA
:1063900029CD130670058145AA8483596501EFE074
:1063A0007149031485001306900581452685EFE0A9
:1063B000714893170501C1870947B3C7E7022295C2
:1063C00042054185D297B3873741C207C18733C59C
:1063D000A70283574903420541816366F50013858F
:1063E000F7FF420541816F907FFD0145EDBFC16719
:1063F000FD176305F60CEF923FF94451797183D98B
:1064000004026387D900BE3096B093E74700BEB060
:106410002A8A080832842E89EF7001661008B705B1
:1064200004002685EFB0B13E13069005B7050400C1
:106430002685EFE031402311A1025285EFF09FED58
:106440002A8A35C9C247031721028325890083960A
:106450008700B387E6003306F40289476229B34711
:10646000F7027D173697B307F640A297C207C1839C
:106470007C81BA977C83DE2820000A867C809E2C53
:1064800022857C82EF50705215C1832A8900528583
:1064900023248900EF20202CAA86014713064A01F5
:1064A0000C084A85EF70816123245901BE30239086
:1064B0003403ED9BBEB045616F905FF08280C16791
:1064C000FD17630AF60AEF925FEB4451397103DB63
:1064D00004026307DB00BE3096B093E74700BEB00E
:1064E000AA893284AE8A13067005B7050400268592
:1064F000EFE05134B705040013069005AA8B2685FA
:10650000EFE05133839B8B002A89131A05014E85D6
:10651000EFF05FE0135A0A4133864B013306C402A1
:1065200009447E297D195E99280033448A02330488
:1065300086403E9493170401C1837C81CA977C8373
:1065400083A74902DA2B9E2F78807C82EF80B14F9F
:1065500030002685B7050400EFB0A1750A862C002F
:106560005685EF809153BE3023906403ED9BBEB0FF
:1065700021616F901FE48280EF92BFE2AA84EFF066
:106580007FD929C52A89EFC0C1232A842685EFC077
:10659000A127635D85021306700581454A85EFE0FA
:1065A0007129031485001306900581454A85EFE0A3
:1065B0007128EE3822950146B305B502C850C205D0
:1065C000C185EFD0D174C850EFC0A14C6F90BFDF30
:1065D000EF923FDDAA8537C502001305853EEFB077
:1065E000414B2A84EFB0215F22856F90DFDD91E17E
:1065F00001A0EF921FDB231A05022E8729465E3980
:10660000830607008507C207C1838DEE2A845EB921
:10661000231B0502231C05022E85AE84EF40F213D6
:1066200013091500085809C98347C403C18B89E7BA
:10663000EF60C07E232804024A85EF60703008D8DE
:1066400019E501A06393C6005EB905074DBFA68595
:10665000EF40B20F8347C4032285BD9B230EF40293
:10666000EFC02143485019C1EFC0A1426F90BFD580
:1066700091E101A0EF92FFD2231A05022E8729464D
:106680005E39830607008507C207C183A1E25EB9B0
:106690008347C503231B0502231C0502C18BAE845F
:1066A0002A8489E7085919C1EF6040778347C403FA
:1066B000228504D893E70701230EF402EFC0613D61
:1066C000485019C1EFC0E13C6F90FFCF6393C60003
:1066D0005EB9050775B7EF92DFCCB7C702009387A5
:1066E0004740DCD5C1779CDD83C7C5032E84228556
:1066F00093F707FC93E78703238EF50223A2050295
:1067000023A4050223A8050223AA0502930500403D
:10671000EFA0B15FB7C50200938585402285EFF0F9
:106720003FF52285EFF06172AA8537C50200130597
:106730004542EFB00136AA84EFB0E14944D0C0D061
:106740006F907FC87E396381B702EF929FC55E3933
:1067500063E6F5009385F7FFC205C1816EB90EBDF2
:10676000EFC021336F903FC682806A398280EF92FA
:10677000BFC18329050363800906AA844E852E8440
:106780003289EF40827D81470147A945630EA70406
:10679000B386E90003860600963C6392F6048147BF
:1067A00029469305F9FF9458BA96BE96838606004B
:1067B000638FC6006304090063FBB7003308F4006D
:1067C00085072300D800B306F700E3EEA6FCA297E6
:1067D0002380070019A0238005006F903FBE63133C
:1067E000B600850705075DB78147D5B7EF92DFB9DA
:1067F0002A848545EFA0B16044502285EFF0E16422
:10680000AA852685EFF031074850FD55EFF0F115C8
:1068100048508545EFA0B1560146FD452285EF90D1
:1068200031782285EFF01FAF0C58AA89EF10F06085
:10683000485089659385157DEFB0D1554E85EFC0E1
:1068400051654850EFB0F176AA842285EFB0717699
:10685000634195028347C403BD8BF11793F7B70FCC
:1068600089EB44502285EFB0D174AA852685EFB01C
:1068700071524E85EFB0F174AA844850130620037C
:106880008145EFE0217B2A89485041468145EFE070
:10689000617A2A8A485045468145EFE0A179060988
:1068A00052952A998347C403CA940329C403C20496
:1068B000BD8B2147C1841379F900639CE70E031A4D
:1068C000A401269AEF807043EF8050466359450338
:1068D000031A6401EF807042EF8050458317A401D2
:1068E0001D8D635D450B6A2811497D154205418563
:1068F000AA8763D3A400A68793940701C184485054
:10690000A685EFB0714C2285EFF01FC7A147485014
:106910006310F90E014781463546A285EFC0B15A92
:106920004850EFC011578347C4030547BD8BFD177F
:1069300093F7F70F6360F7044850EFB07161AA84D2
:106940004850EFB051652A89EF80303BEF80103E10
:106950006342A902032A4402EF80303AEF80103DDF
:106960009385F4FFB3852541AA95C205C18552855B
:10697000EFB0313D105881454E85EFF0212F89470A
:10698000630DF5088D478146014685456313F50083
:106990008D454E85EFB091536F905FA2EF80F0353B
:1069A000EF80D0383E2C93C7F7FF3E9542054185D6
:1069B00081B71147E395E7F4031A6401B3079A40DE
:1069C000E3DF07F2EF807033EF8050368317A401C6
:1069D0001D8D635CAA00EF805032EF8030353E2C75
:1069E00021491D8D4205418521B70315640109B771
:1069F00091476316F90001478146294639BF85470B
:106A00006316F90001478146414601BF8947E319F2
:106A1000F9F0014781464D4609B781460146A54533
:106A20008DBFEF921F9885452A84EFA0B13E485054
:106A3000FD573EBC8545EFA0512D01469305000250
:106A40002285EF90F1556F901F98EF92FF934111BF
:106A50002E852E89EF90F158E1472A846316F508B8
:106A60004A85EF909157A147AA896313F40AEFA0D2
:106A7000A115EFA0C12659E103A44902EFA0C1145A
:106A8000AA84EFA0C1149147631FF5007E382285C8
:106A90001EBCEFA0713B2A89EFA0211209C58145D8
:106AA0004A85EFA0A10C2685EFA061128547631AE5
:106AB000F5042C002685EFA0211E8315A100228558
:106AC000EFF05F8C6AB80ABC2285EFF09FF51C548A
:106AD00081E72285EFB0F17B7E383000F1452285D9
:106AE0003EC4EF90F14B19A837C50200CA851305C3
:106AF0004542EF9011338547E304F5F641016F906D
:106B0000FF8B2685EFA0A10C8D47E31FF5FA55B743
:106B100085474451631FF402EFA0010B2A8979DDF8
:106B2000EFA0E10A631085022C004A85EFA0C11690
:106B30008315A1002685EFF0FF84AABC4E85EFB037
:106B400051756DBF4A85EFA081088D47E318F5FAAE
:106B5000E1BFA5476315F400FD57BEBCCDB7E147C3
:106B6000E31EF4F84A85EF90514740514A85EF9073
:106B7000B15050500C4593098100AA8451064E85AE
:106B8000EF50A06225C58347C40303AA840023A451
:106B9000340193F70702323CB5C37E38639DC700CA
:106BA000930610023E86A6852285EFF05F9193063C
:106BB0001002323C35A093060002A6852285EFF034
:106BC0001F90323C93060002A6852285EFF03F829B
:106BD00072388546A6852285EFF07F8E723885460D
:106BE000A6852285EFF0BF8023A4440137C50200AB
:106BF000CA8513054542EF90D12209B793060002DA
:106C0000A6852285EFF0BF8B930600025DB7EF9259
:106C10004FF948518545EFA0912113451500137593
:106C2000F50F6F904FFAEF92CFF741112A84EF9052
:106C3000B1792A89EFA0A10A25E12285EFF03FFD75
:106C400039C52285EFF0FFDD7E381A3C6300F7027C
:106C50001EBC7000F14522853EC6EF907134854719
:106C6000AA846312F5022285EFB0B1624A85EF90E3
:106C70001176914785446318F5002285EFA0D11C59
:106C80008145EF90B16E268541016F90CFF322854B
:106C9000EFF0DFB58544C5BF1E3C22857EB8EFB05E
:106CA000515FCDBFEF92EFEC37C502001D711305A8
:106CB000853E2E89EF90F11685476312F506AA8965
:106CC0004A85EF901132AA844A85EF901131B94775
:106CD0002A846393F402EFA03117EF90116EAA8417
:106CE000EF90916EEF90B16E9147631AF502D5CC9B
:106CF0002285EFF0BFAF25A0938714FF63E5F9006D
:106D0000EFF03FD229A8A1476395F400EFF0BFF15F
:106D100039A09307A0026397F400EFB0113D2561FD
:106D20006F90EFE893079002E389F4FE9307C002A7
:106D30006390F4024A85EF90512BAA8413067005E4
:106D400081452285EFE0012F83178500BEA0C1BFDA
:106D5000B5476399F4064A85EF903129830705000A
:106D60001387E7FE1377F70F63E0E9022285EFF060
:106D70001FEA3DDD7E385A388507E3D2E7FA7EB850
:106D80002285EFF06FFF61BF51476385E7004547FC
:106D9000639AE7002285EFF09FE739D97E38C1D3A7
:106DA000FD17F1BF6D476396E7001E3C22857EB854
:106DB00081BF2947E395E7F6EF90F176E301A4F66A
:106DC0002285A9B7D547E39CF4F44A85EF90F120DA
:106DD0002A844A85EF90512A1306200381452A8B85
:106DE0002285EFE02125AA84494681452285C204F7
:106DF000EFE04124C1802695931905014D46814558
:106E00002285EFE02123269541468145931A05010D
:106E10002285EFE02122AA940810EF60F1451010BE
:106E2000B70502002285EFB0811E032A8402C20446
:106E300093D9090193DA0A01C180631D0A00130581
:106E40000008EF6000362A8AAA851306000822850A
:106E5000EFF0FF911306B006814522850349C40374
:106E6000EFE0411D1375F50F8547854B6307F5006E
:106E7000937BF900FD1B93BB1B00485451C1EF608D
:106E800051182AC63247894748546318F70E0348F9
:106E9000D103031721038316410302568967AA858C
:106EA000FD178800EF80403A831C0104031C210475
:106EB00013970C01418363830B0E5E28CE97C207A4
:106EC000C183FC84FD17BA97FC86B247931D0C0161
:106ED000094D0359640193DD0D01639BA70D2699AC
:106EE0004209135909015454231D21017D196E993A
:106EF000014730080C105A85231F2101EF60113C17
:106F00008800EF607137900081452285EFB0211035
:106F10000348D105031721058316410506468967F5
:106F2000FD174808D285EF8020326A28BC83AA94D6
:106F3000C204C180E485BE945C54E487F9EB2285E9
:106F40004628EFB011078317410109471D8D3345CE
:106F5000E502269542054181E8843E95E886014791
:106F6000D28630088C005A85EF6051351C54E39866
:106F700007DA5285EF50B06C5DB38C00EF90E144BE
:106F80008547631AF500064C935CAC0093FCFC7FCC
:106F9000135C5C0131BF7D5CFD5C19BF1E2CB387A7
:106FA0005741C207C1833387E740F884FD1729BFE3
:106FB0002285EFB01101330585413345A503FD1D41
:106FC0002A99420913590901231D210188006E994C
:106FD000231F2101EF60A17B90002285B7050200ED
:106FE000EFB0610EB3CCAC033D46B705020022857D
:106FF000334CAC032312910523138105EFE0810389
:1070000054542310A10430088C005A85EF6091027B
:10701000C5BDBC82638F0B000A2CB30A5541C20A5E
:1070200093DA0A01B389FA40231C3101231E51016E
:107030003DB74A28AA99C20993D90901231C3101F5
:10704000BE99231E310121BFEF92AFB583C78503DF
:1070500023A205022E8593F707F893E73700238CC8
:10706000F5022E84EFB0E1744AB42285EFB0617569
:10707000B70700015CD81E3C6AB42324040293F7CE
:10708000F7C793E707081EBC228523280402894519
:10709000EFA0E14EC1652285EFA021476F90AFB20E
:1070A0009E3D05478D8BFD17C207C1836360F702C4
:1070B000EF922FAFC8512E84EF5050561E3C232222
:1070C000040293E737001EBC6F90EFAF8280EF920F
:1070D0004FAD3D468145EFD0F175420541856F903A
:1070E0008FAEEF920FAC39468145EFD0B1744205B7
:1070F00041856F904FADEF92CFAA41112A84EFF0F6
:107100005FFE7A38B304A7022285EFF05FFC1638E1
:107110000316E4028315C402AA96C2069307240349
:10712000280013D7844042074183C186EF8061560F
:1071300028863C87348438850505158D8507998F09
:107140004205C20741815D8D41016F90CFA7EF924B
:107150004FA5AA8537C5020013050544EFA071139A
:107160002A84EFA0512722856F90EFA5EF92CFA13F
:1071700001112E892A84EFB0D1114A85EF60616830
:107180008D476316F5021E3C05478D8BFD17C20720
:10719000C1836365F7004850EF5050481E3C2322DE
:1071A000040293E737001EBC05616F902FA1AA84EB
:1071B0002C084A85EF906121B5E41E3C05478D8B74
:1071C000FD17C207C1836365F7004850EF501045B3
:1071D000232224031E3C62478D88F19B13565701DE
:1071E0009356A700C58F7D8B93F6F67F0A0793F71A
:1071F00037F8D98F56B472B4858605861EBC36B86A
:1072000052B82285EFB0616E1E3891E77A38930745
:1072100000106305F7002285EFB001222285EFB050
:10722000510759B79387F4FF93F7F70F0547636149
:10723000F70483294402638D29031E3C8D8BFD17BF
:10724000C207C1836373F70081494A85EF30F2506A
:107250000505EF50F06E2A8A11E101A0CA85EF30D2
:10726000D24E23224403638509004E85EF50103B24
:107270008947E391F4F61306700581452285EFD026
:10728000715BAA891306800581452285EFD0915A4A
:1072900093160501C186130690058145228536C6E1
:1072A000EFD05159B246131705018967FD17418781
:1072B00001484E86CA856808EF701079B886E247A3
:1072C000B706E0FF9386F63F1377F77FF58F2A071F
:1072D0005D8FBC87939657019317B700AD83D58F09
:1072E0003ECCCDBDEF92EF885D712E852E8BEF9059
:1072F000414FD547AA846313F5025A85EF90E14DBB
:107300009307A0022A84639EF4021E3D09478D8BD9
:107310006396E7024C51EFF07FE531A8E147E30EB9
:10732000F5FC37C50200DA8513050544EF90612F9F
:107330008547E304F5FC61616F906F87EFB0C10F83
:10734000DDBFCD476390F40C5A85EF90014AAA89BE
:107350002285EFF01FD9035964033309A90222855E
:10736000EFF0FFD61638AA96C206C1861359894097
:1073700081EA93170901C18713070010E38DE7FA2B
:10738000228536C2EFB0E142AA842285EFB0614384
:1073900092461317090141832A862A8A93072403F8
:1073A000A6850818EF80E12E8396090003170103D4
:1073B0003387E6406353D7003687420741872390DF
:1073C000E90083172103B387F64063D3E700BA8748
:1073D000C207C1872390F90083154103B695858DB7
:1073E00063D3F500BE85C205C1852390B90003159E
:1073F00061033695330545416353B5002E852390CF
:10740000A90015BFC5476397F40E5A85EF90E13D7B
:10741000AA892285EFF0FFCC2A892285835A64034A
:10742000EFF0FFCA031BC4022A8A22850638EFB098
:107430004138631CAB0A031BE4022285EFB06138BC
:107440006315AB0A33095903B3864401C206930797
:107450000010C1861359894013170901418763142D
:10746000F70295E20317C402094683172403334742
:10747000C702639AE7008317E40203174403B3C704
:10748000C7026304F706228536C4EFB081322AC2F0
:107490002285EFB00133A2469245131709019307E5
:1074A000240341832A860818EF80A11E5A28835797
:1074B000010383562103BA972318F1027E28BE9652
:1074C0002319D102835641033697231AE102035749
:1074D0006103BA97231BF10283A50900014608182E
:1074E000EF40705C2382A900B9B50C182285EFB07B
:1074F0009124DDB79307C0026399F4025A85EF9097
:10750000C12E1E3C13070010AA8493F7073063991D
:10751000E7002285EFF03FBE8AA04181AAA021BDED
:107520005E341EA17E343EA139B5B9149947E3E417
:1075300097E093079004B3D497008588E38D04DE29
:107540005A85EF90012AAA8B5A85EF900129C947E5
:107550002A846390FB0E5A85EF90212918418947B0
:10756000AA84E30AF7DC1E3C13F7270001C785470E
:107570009CC0D1B393F7C70741476385E700114724
:10758000E397E7FE1306600481452285EFD0912A38
:107590001375F50F9307F00FE31BF5FC2285EFF051
:1075A0001FB31E383E9561F52285EFF09FB3035956
:1075B00064033309A9025A85EF9021239307001031
:1075C000AA8913598940631AF900014693054401B9
:1075D000EF403066E31105D659BF2285EFB0611D3B
:1075E0002AC22285EFB0E11D9245131709012A86B0
:1075F00093072403418381460818EF8081095A28A4
:1076000083570103835621030146BA972318F102D9
:107610007E280C184E85BE962319D102835641034D
:107620003697231AE10203576103BA97231BF1022D
:1076300045B7D5476385FB00E147E39EFBCE228536
:10764000EFF03FAA835A6403B38AAA022285EFF0BF
:107650001FA8835C0403AA9C2285EFB08115AA8D24
:107660002285EFB00116130620038145AA842285E6
:10767000EFD0511CAA89494681452285C209EFD025
:10768000711B93D909014E95131A05014D46814589
:107690002285EFD0311A414681452A8C2285EFD0D0
:1076A00071194E9513190501454681452285EFD084
:1076B00071183E38135A0A0113590901D297FC80F8
:1076C0005E382AC213070010CA97FC811E3C93DA69
:1076D0008A4093F707306390E7202C082285EFB0AB
:1076E0002101B48403174401031D640156A8B48525
:1076F000831D840137C5020076A8B4868314A401D3
:10770000DA8516ACB487130505443AC436ACEF806D
:10771000517185462247E310D5C25AA8231BA40104
:10772000231CB40126ACD547E397FBC08317E402C2
:10773000E38307C08317C402E38F07BEE38D0ABE4D
:107740005A85EF906113831784012A8B22853EC4EA
:10775000831D4401031D64018314A401EFF0BF994C
:10776000123C131805012ACA93750630130700103E
:1077700013580841935B0541A2476399E518031725
:10778000C40289453307074105073347B70233076A
:10779000E04042074183BA9D3E978317E402C20D41
:1077A0004207B38777418507B3C7B70293DD0D4121
:1077B0004187B307F040C207C183B386A701139D79
:1077C0000601A697135D0D41939407019377260058
:1077D000C184639F071A924708183AC642C44E9C58
:1077E000BE99EF50D17A101881452285EFA0B10DD6
:1077F0003E38420C135C0C01231AF1025E38231947
:107800005103832A8B00231BF1021C5CC20993D90C
:1078100009019D8313F61700834741042318910340
:10782000930C0102F99BD18F2302F104BC8466867C
:10783000D685D2972310F102BC856685CA9723119D
:10784000F102BC86B38787412312F102BC87B3875C
:1078500037412313F102EF405015E30E05AC6A994E
:107860003E34420913590901CA97C207C1831396CE
:1078700007014186420923249B012315C1021359A4
:1078800009417634224832476355C900958F231544
:10789000F1028357A1026E9A420AB3843441135A0B
:1078A0000A01FD17330C8741BE96C20413190A0161
:1078B000420C931908012317D102C18413590941BD
:1078C000135C0C4193D909018317A10263CC97047F
:1078D00023245B018DB413970A0193960C011C08B5
:1078E0004183C1862686EE852808EF70915A5A2872
:1078F000BC84B485BA97FC847E28BE96F485B48691
:107900003697F886B887BA97FC87E1BBBC84B886FF
:10791000A4871D8FBC856E9742079D8CEA94418792
:10792000C2046DB516345E34D296C206C182139776
:10793000060141872314E1026355E9009D8E23145B
:10794000D102035781027D17BA972316F1028317DC
:10795000810263C087030357A10293970B01C18380
:107960003E972315E1020357E102BA972317F1026C
:10797000A1BF545030100C185A85EF50B16B83578B
:107980008102CE972314F1028357C102CE9775BFAF
:107990000D8A8947930444016312F6020818EF60C8
:1079A000A10D101822858145EFA061665450014752
:1079B00026860C185A85EF606110B5BA8146268676
:1079C00081455A85EF501167BDB2EF829F9D834775
:1079D00085042A8493F7070489C7085519C1EF5015
:1079E000E043834784042324040293F7F7FB230432
:1079F000F4046F805F9DEF82DF9A2E852E84EFF076
:107A0000DFFC83478404A18B81E74850EF5000419D
:107A1000232204026F803F9BEF82BF982313B5049B
:107A2000EFB021076F803F9AEF82BF972312B50412
:107A3000EFB021066F803F998347850405479D8BF2
:107A4000639EE7044C55FD57638AF504EF827F95EA
:107A50002A8483A781804851F5158297834784043F
:107A60001306840293F7070491C3105481475450BE
:107A70003307F5003697B306F600838606008305C4
:107A8000070014A381E92285EFF03FF4FD575CD491
:107A90006F807F93850793F7F70FD1BF8280EF82C6
:107AA0005F9005468145EFD0E158420541856F80E2
:107AB0009F91EF821F8F130680058145EFD081577C
:107AC000420541856F803F90EF82BF8D1306900580
:107AD0008145EFD02156420541856F80DF8EEF82D0
:107AE0005F8C130670058145EFD0C1546F80BF8D48
:107AF000EF823F8879712E84039B050049468145BA
:107B00002A89EFD02153035D240041462AC28145D2
:107B10004A85EFD021522C10330DAD404A85EFA09D
:107B200011520354C102835781024A8505041D8CFA
:107B3000832B4902EFF0BFFAAA8A4A85EFF0DFF8FB
:107B4000AA894A85EFF0FFF683478904420D420473
:107B500093D4470093F70702135D0D4141842A8CAB
:107B6000839D8A00858899C393E424004A85EFF0B9
:107B70001FF389679387177D6319F50083572902DF
:107B800093F7074099E393E44400032649024A85AA
:107B90008145EFE0A10D2A8A01480149B3883D01E2
:107BA000B3892B018387090099E3CA8C91A001470F
:107BB000A687A2866286D6854E8546C642C4EF70E9
:107BC000402B2248B30C2501B2483307B801634F5C
:107BD000A70703A7418166D24C105E85029729470B
:107BE0006308E50033879B010307070011E3850C59
:107BF00009476313EA062687E2865686B3852C4139
:107C00004E85EF70C05C0354C102035781023345B7
:107C100045030504198C4204418433444403098C10
:107C200042044184A30D010002CE639B0C0A83A78A
:107C3000C180F2454E85829783A7C180AA84CA85F8
:107C40005E858297269545616F806FF6469842085B
:107C5000135808416689A9B70D470144E314EAFCAB
:107C60002687E2865686B3852C414E85EF702056D6
:107C70000354C102035781020504198C4DB7629465
:107C800022951314050141843A8A72474A97E3709A
:107C900097FB740850100C104E85EF70E04F91C8A0
:107CA00072471305B1014E9783050700EF70001866
:107CB00069FD125682555685EF70D01D13170501C8
:107CC00041872297634CEB007247B306E900638754
:107CD000DC00B386490183860600D5F252CE81BF0F
:107CE0009247014A8588330BFB40420B135B0B41E3
:107CF00069BF5C516387074EEF822FE81D71FD5706
:107D00002C081CD92A84EFA091330359C101BC84EB
:107D1000228505093309F940EFF07FDCAA8422852A
:107D2000EFF09FDAAA892285EFF0BFD88347840459
:107D300042091359094113D8470093F70702AA8A49
:107D40001378180099C313682800228542C6EFF003
:107D50001FD589679387177D32486318F5003E3039
:107D600093F7074099E3136848004C50CA874E8741
:107D7000D68626860808EF70204D2285EFA0F136C2
:107D8000034A84048947137A7A00631BFA161306A0
:107D9000700681452285EFD0E12913190501135999
:107DA0000901631D09002285EFE0E10AEF70C07A46
:107DB0000D49334925034209135909010810EF40C1
:107DC0008013FD57231EF1049307C012BEC8BECC1A
:107DD000BC86B484031701018507958FC20722D0A2
:107DE000C187B785000063DCE70E998FBEC222858C
:107DF000938785A2938585A202DE82C03ED2EF40A2
:107E0000002179C9585D5C554583058BA64663D131
:107E1000D702BEC68347E105F2561646F99B230FEB
:107E2000F10419C793E72700230FF10432DEB6C22D
:107E30001646F2554A858549EF406020AAC4AACA71
:107E40000810EF406014BC87B48503172101850733
:107E5000958FC207C187B785000063DBE708639988
:107E60000908998F03978400228502DE998FBEC28C
:107E7000938785A1938585A13ED282C0EF402019CA
:107E8000814701C98329C5035C5593D9190193F929
:107E90001900264763D2E702BEC68347E105725741
:107EA0009646F99B230FF1046388090093E72700A6
:107EB000230FF10436DEBAC21646F2554A85EF406A
:107EC0000018AAC4AACA0810EF40000C2285EFA02F
:107ED000513C25616F80EFCD0147814705BF9385F8
:107EE00085A22285EF40E004814923120404A1BF4A
:107EF000938585A12285EF40C00323130404F9B7BD
:107F00000D49631E2A151306500681452285EFD0C0
:107F100061122A891306700681452285EFD08111EE
:107F20009319050193D90901639D09002285EFD0BA
:107F30009172EF706062334545039319050193D93F
:107F400009010810EF30307BFD57231EF104BC8679
:107F5000B88422D08507998F03170101C207C18712
:107F6000378A000063D7E70C13060002930500026E
:107F70002685EF70207213162500118D031601015E
:107F800093078AA281453306C5404E853ED2B2C2D0
:107F900002DE82C0EF40A00AAAC493058AA222850D
:107FA000EF40E006814711C15C55630A090683274B
:107FB000C902BEC683278903BECC0810EF30D07C2F
:107FC0000547BC87B485031621018507958FC20735
:107FD000C187378A000063D1C7083DEF83978400CB
:107FE0003306C04081451D8E4E8593078AA13ED23F
:107FF000B2C202DE82C0EF408004AAC493058AA107
:108000002285EF40C000814711C15C55630C090215
:108010008327C902BEC683278903BECC6DB5264718
:10802000E3DDE7F8BEC68347E105F99B230FF104C2
:1080300069B793058AA22285EF30B06F01472312FA
:10804000040441B72647E3D0E7E8BEC68347E1050D
:10805000F99B230FF10485BD93058AA161BD854776
:10806000E316FAE6BC87B485031721018507958FCF
:10807000C207C18763C5E700FD575CD481BD839704
:108080008400E3DBE7FE83A7C18148508297E37554
:10809000A9FE0359C101BC841306E002050993053A
:1080A000E00226853309F940EF70C05E569542091B
:1080B000931A250033055541135909012A99A887B8
:1080C000BC850397840005051D8D420541819317EA
:1080D0000501B3063701C187B3E7D702231A21018F
:1080E00093960701C18663C9E60C3A951D8D42053A
:1080F00041854C08E8832285EFF09F9F44502A89F0
:108100002685EF20926583A781802A8BCA852685E4
:1081100082972AD082594850138A390063614B0BE9
:10812000914A81448D4C4850025783A781813A95EA
:108130008297AA9483A70181485093F4F40F0C10FE
:10814000829763E89C0082576365FB00FD1AE39CFD
:108150000AFC4C502285CE952EC6EFF01F87914722
:10816000B24563F4970613851400EF40707D08D480
:10817000E30E05D4B2452686EF4070520854AA9407
:10818000238004008347840493E707042304F40452
:108190005C501307E0020D09CE9798A35C50CE9770
:1081A00098B35C50BE992381E9005C50D29723803C
:1081B00007002326240319BB3305354105BF83A7D8
:1081C00041810C107D198297B1B7834784042686BC
:1081D0001305840293F7F7FB2304F404EF40304CBB
:1081E00045BF8280EF824F9A37C50200397113056F
:1081F000C545AE84EF80E14285476311F5042685CD
:10820000EF80215E2A892685EF80215D9307A002F9
:108210002A846318F900EFF03F822285EFF07FADEA
:1082200031A8CD47631FF900EFF07F8B83158500E0
:1082300091472685B3C5F502EF80216521616F80E6
:10824000EF9793079002E308F9FC9307C0026312CB
:10825000F90AEFF0DF88AA892285EFF09F852A8A44
:108260002285EFF07F8683478404AA8A13D94700CA
:1082700093F707021379190099C31369290022851E
:10828000EFA021552285EFF09F8189671387177D25
:108290006317E5003630FD1793F6064089C6228540
:1082A000EFA02153AA874C505687D2864E864A8823
:1082B0000810EF6070792685EF8021531A218357CB
:1082C000010293160701139607014186C186635385
:1082D000D600BA871EA13A218357210293160701BF
:1082E000139607014186C1866353D600BA873EA123
:1082F000B1B7D547E314F9F42685EF80014E2A84FF
:108300002685EF806157AA840C082285EFA02153AF
:108310008347840413D9470093F7070213791900A0
:1083200099C3136929002285EFF06FF78967938756
:10833000177D6318F5003E3093F7074099E3136902
:1083400049000810EF5041738357440410108145D1
:10835000231BF102835764042285A30E2103231CEF
:10836000F102EF90D14A8347C10381E78547230E8D
:10837000F102545C3840C16736D23AD4FD17638CA1
:10838000F602630AF70213065005B70504002285BA
:10839000EFC0514A2A86B70504002285EFD0C16795
:1083A0002317A10213060002B70504002285EFC0BF
:1083B00071482318A102834784040947998B63926B
:1083C000E7048347C1038549F91793F7F70F63EA79
:1083D000F902031721038316410302564C508967A3
:1083E000FD174A882808EF603066BC82B880850790
:1083F000998F03178101C207C18763D4E700230E59
:108400003103834784040D4781499D8B638EE700C8
:10841000BC83B8818507998FC207C1871307F03FD6
:108420006354F7009309040390440C082808EF30C4
:10843000D057E30505E0834784049D8B91EF2285A7
:10844000EFB091003306A0404206418681450808FE
:10845000EF3090533E2CFC838347840409475450EB
:10846000998B639DE70C03AA84003C089CC44E874B
:1084700010080C102685EF50616423A444013C08C9
:1084800003AA84009CC4834784040D479D8B639496
:10849000E70A031721038316410302564C508967EC
:1084A000FD174A886800EF60305AB882B48083179D
:1084B000C1000507158F420741876351F70403592F
:1084C0004404025513060002CA979305000213994B
:1084D0000701EF70201C8D473305F5025450835778
:1084E0006404135909014E8710080C10231CF10273
:1084F0002A992685231B2103EF50415CBC83B4815C
:108500000317E1008507958FC207C18763D5E7028E
:108510008357440454501008231BF10282570C1057
:1085200026859E273E97835764043E97231CE102CD
:108530004E87EF50A15823A4440109B34E87100879
:108540000C102685EF5081571DBFEF729FE5AA855D
:1085500037C502001305C545EF90A1532A84EF905B
:10856000816722856F703FE6EF72BFE32A842E8910
:10857000EFA0215244506313090026896396240317
:1085800083478404A18B9DEB2685EF20121D930564
:1085900015002685EF40B03D19C548D02285EFF083
:1085A0004FF56F705FE201A091C883478404A18BEF
:1085B00091E72685EF409006232204024A85EF20AA
:1085C000D2190505EF40D03748D011E101A0CA8586
:1085D000EF20B21783478404DD9B2304F4047DBF9E
:1085E000397106CE22CC26CA32D436D63AD83EDAF3
:1085F00042DC46DE91E101A02A84AE84EFA061490D
:10860000485009C983478404A18B89E7EF401001D2
:10861000232204022C1026852EC6EF60D033834718
:10862000840448D02285DD9B2304F404EFF06FEC32
:10863000F2406244D24421618280EF729FD6834728
:10864000850441112A84A18B89EB485119C52EC696
:10865000EF40C07CB2452322040281C983478404D1
:108660004CD093E787002304F4042285EFF06FE8F1
:1086700041016F705FD5EF72DFD2AE84B785000025
:10868000938585A22A84EF30D00AB78500009385B0
:1086900085A12285EF30F0099387E4FF93B7370077
:1086A00013975700834784042322040493F7F7FDAC
:1086B000D98F2304F40405479D8B6399E700585430
:1086C000FD576305F7002285EFF00FB7834584045B
:1086D0009D882285E199C58D2304B404EFF06FE1F4
:1086E0006F707FCEEF72FFCBFD57DCD59CD9C16791
:1086F000FD17DCDDBCC183C785042E84228593F77A
:1087000007FA2384F50423A2050223A4050223AA61
:10871000050223AC050223A205048945EF803166DA
:1087200022858145EFF03FF5B7C502009385854767
:108730002285EFF07FE36F701FC9EF729FC64CDD9B
:10874000EFA021356F703FC8EF72BFC52CC1EFA0FD
:1087500041346F705FC74851828011E201A0EF720F
:108760005FC18329450201113289AE8C4E86814555
:10877000AA84EFD0A14F838709002A848DEF2311AB
:10878000090089476303F5028D47630AF5008547B1
:108790006314F5002310090005616F705FC1268521
:1087A000EFA021032310A900C5BF2685EFA0610219
:1087B00033458502C5BF2C082685EFA04108835AA2
:1087C000C101BC842685850AB38AFA40EFF02FB137
:1087D000AA8B2685EFF04FAF2A8D2685EFF06FAD7F
:1087E00083C78404C20A93DA0A4193DD470093F7F2
:1087F00007022A8C039B8B0093FD1D0099C393ED08
:108800002D002685EFF0AFA989679387177D631840
:10881000F500BE3093F7074099E393ED4D0083A731
:108820008180E6854E858297AA888144014A330378
:10883000AB013385490183070500D1EF528863847A
:108840000802B38719010387F7FFA9466305D7001C
:10885000B546631AD7008387070091E76A9BDA94CD
:10886000C204C184468AD2996E87E2865E86B38549
:1088700048414E8542C4EF609015AA8A2248630899
:108880009A01B3078501939A070193DA0A41894750
:10889000631CF4066E87E2865E86B30548414E850A
:1088A000EF60F012BC86B884334585028507998F46
:1088B000C207C187B3C7870242054185C207C18786
:1088C000898FD697939A070193DA0A4123105901A9
:1088D00023119900D1B5EE870147D6866286DE85E1
:1088E00046C41AC6EF60E058A2483308AA00E3E87D
:1088F00008F5B387090183870700B1D33243428A61
:108900009A94C204C18435B78D47E311F4FC6E8795
:10891000E2865E86B30548414E85EF60500BB8860F
:10892000BC8405071D8F420741873305A740B30765
:10893000550149BF91E101A0EF72BFA6EFF04F9B37
:108940006F707FA891E101A0EF72BFA27971AE892B
:108950002C102A84EF90B16E835CC1028357810290
:108960002285850CB38CFC40832A4402EFF02F97BC
:108970002A8A2285EFF04F952A8C2285EFF06F939B
:1089800050502A8981452285031D8A00EFD0012E8F
:1089900083478404C20C93DC0C4193DB470093F7BC
:1089A00007022A8B93FB1B0099C393EB2B002285B4
:1089B000EFF0EF8E89679387177D6318F5003E30DF
:1089C00093F7074099E393EB4B000144814433084C
:1089D0008D013DA0DE870147E6864A86D2856E85F9
:1089E00042C6EF60004903972900B307A401338C06
:1089F000A40063DDE7003248E284429442044184EB
:108A0000B38D9A0083870D00F1F7268C8947631890
:108A1000FB065E87CA865286B3059C406E85EF6072
:108A2000007B0354C102835781023345650305046B
:108A30001D8C4204418433446403098C4204418404
:108A4000A30D010026CE02D002D2014B63190C0AFD
:108A5000125682555285EF60F04303970900B30622
:108A60002B41AA8701456349D7003E9905095A99C8
:108A70003329E9001345190045616F705F938D47F5
:108A80000144E31FFBFA5E87CA865286B3059C4009
:108A90006E85EF60C0730354C102835781020504E1
:108AA0001D8C61BFF2471305B101D697838507007E
:108AB000EF60C03701CDF247E36CFCF8740850104A
:108AC0000C105685EF60406DE39E0BFC12568255EC
:108AD0005285EF60303C22954205418103970900A1
:108AE00093170501C1876355F70026CE228B8DB7FA
:108AF0004A95228B13140501F24441846DBF7D1CFD
:108B000093FB1B004DBF485D82802841828011E2AB
:108B100001A0EF727F87834785042A84A18BA1EB94
:108B20003289AE84EF90F176032A44025285EF2019
:108B3000C242AA894A85EF204242B385A900850531
:108B40005285EF40C06248D011E101A0C167FD1716
:108B50006396F40083A7C1818297AA844850A685B2
:108B60004A86EF60E05381452285EFF0FF9F6F70EA
:108B7000FF84EF721F8383C7A5022E85239405020D
:108B8000F99B2385F50223A205028945EF80311F59
:108B90006F707F83EF724FFF37C50200011113051D
:108BA0000548AE84EF70F1278547631DF5022685E1
:108BB000EF7031432A892685EF703142CD472A84F0
:108BC0006315F902130690048145EFC0A146131402
:108BD00005012685EF70714183170500418463D339
:108BE000870002A105616F706FFD9307C002631DCE
:108BF000F9061E35E5DB5C51F5D72685EF70F13EB1
:108C00001234AA898147014981441397070141839E
:108C10006361C7021306900481452285EFC081413C
:108C200042054181AA944A95239099002391A90075
:108C300055BF545013972700369716239395060176
:108C4000C18563D39500A6863A2393940601C18417
:108C500093160701C18663D326014A8713190701BA
:108C600013590941850755B7D547E31DF9F6268500
:108C7000EF7091401E34AA8AB5D75C50A5D76C001E
:108C80002285EF90F1268359C1002285EFA0B174AF
:108C90002487B389A9402285EFA07177898C22852A
:108CA000EF903132C2042A8AC1804808EF50213740
:108CB000269AC209500881452285420A93D90901A2
:108CC000EF90614B0149135A0A011E34FD17E35B13
:108CD000F9F05C50131729003386E70016221107BC
:108CE000BA97CE9674829A238346A4024E977884CC
:108CF000858A3A2295E626977883BE23A697340084
:108D000050004C0856857C85EF5021338347D101B4
:108D100005094209ED9BA30EF1001359090175B72E
:108D20003307EA407883BE23B307FA40C9BFEF7226
:108D30004FE7C205C185EF90D1006F70CFE8EF72A9
:108D40004FE613067005EFC0E12E6F70CFE7EF72AC
:108D50004FE58145EFD0E1146F70EFE6EF726FE4FD
:108D6000130690058145EFC0E12C420541856F70E7
:108D70008FE5EF726FE14111AE8981452A89EFF0ED
:108D80001FFCB70504002A844A85EFF05FFB8314BB
:108D9000840003148500094A4A852694EFF01FFCDD
:108DA00033444403835469012A944A85EF90712126
:108DB00033454503420441802C0026959314040159
:108DC000C184B3C44403058D420541812A94239193
:108DD000A900239389004A85EF9091113C84239048
:108DE000F9003C862392F90041016F702FDD834723
:108DF000A502858BA5CFEF722FD95E311D467A3142
:108E000033D6C7028D4681452A843377C702B3061D
:108E1000D602C206C182369793170701C1837EB17D
:108E2000B3F7C702B6971EB5EFF07FF1AA8422858B
:108E3000EFF0DFF2AA89228503998400EF90D11C1C
:108E4000AA842285EFF0BFF08947B3C5F4026630EB
:108E5000B347F9024E99330999029D8DB385254197
:108E6000C205C185EF90E16D6F704FD58280EF72C2
:108E70004FD30841EFD04102EFF07FF76F70AFD4CE
:108E8000EF72AFCF39712A892E8AEFF05FEC61C59E
:108E90002A84EFF05F8C2A8681452285EFC0115D20
:108EA0008947AA89630AF5008D476309F50A854752
:108EB0006314F502814531A84A85EF909111AA8487
:108EC0002285EF90110F3385A440B3453503C205C9
:108ED000C1852285EF90A16381454A85EFF03FE689
:108EE000AA844A85EFF09FE7AA8B4A85839984007C
:108EF000EF909111AA841306600681454A85EFC060
:108F00006113131B0501AA8A135B0B0163040A009A
:108F100063150B004A85EFF09FED8947B3C4F40257
:108F2000B3C7F902DE999D8C835769023799000017
:108F3000B389F902B3843441C204C18463040A00D2
:108F400063180B029305E9D22285EF20907EA68557
:108F50002285EF90015F21616F70AFC54A85EF9068
:108F60005107AA842285EF90D104B385A44085B728
:108F70000A85EF2050781309E9D2228522C04AC21F
:108F8000EF90017DB79700009387E7E63EC6C20ADF
:108F9000B7C700002ACE2AD093DA0A0193870706C2
:108FA0000A8526D256D43ECCEF20107E6DB7EF72E4
:108FB000CFBC41112A842E8A32C6EFF05FD93246E7
:108FC000AA8923220402231404025287A9455E3091
:108FD000830607008507C207C18385E65EB0834725
:108FE000A4020DE6F99B2305F402D2854E85EFF02D
:108FF000AFD77E304E851EB4EF90014441016F70B3
:109000004FBB6393B6005EB00507D1B793E7170077
:109010002305F4025285EF105274930B15009D4402
:10902000B3849B021D49294C2685EF408017AA8AEC
:10903000330B750133057B41D2857D19EF10F2703A
:109040001379F90FA30F8BFF5E9BE31509FED694EE
:10905000D6854E85A38F04FEEFF00FD15685EF30F5
:10906000105E5E300D4722853387E7027AB01D47D8
:10907000B387E7025EB0EFF09FD7A5BFEF726FB284
:1090800083C7A5022E842285F99B2385F50223A29E
:10909000050223940502C145EF80614E22859305A8
:1090A0000020EF80C14D37C50200A2851305854E13
:1090B000EF80311EEF803132B7C502000146938543
:1090C000854B2285EFF0BFEE6F70EFAFEF726FADA3
:1090D0000111AA84EFF0BFC729C52A84B70504008F
:1090E0002685EFF0DFC513068005B70504002A8941
:1090F0002685EFB0317493160501C186228536C6E8
:10910000EFF06FE5B2468967AA8501486808FD1748
:1091100001474A86EF6040130315C10105616F7076
:109120008FAA0145E5BFEF722FA639712E852E84D7
:10913000EF70216BD547AA84631FF5022285EF707B
:10914000C169CD472A896395F4042285EF70E169EE
:10915000AA844A85EFC05154EFF05FF72A844A850C
:10916000EF902165839704003305A4406353F50015
:109170003E858AA019A837C50200A2851305854E31
:10918000EF70214A8547E30BF5FA21616F700FA359
:10919000930790026398F400EFC011508145EFF0FF
:1091A0003FCEE5B7D547E392F4FE2285EF70E1624A
:1091B000AA84EFC0714E2A890810EF40F10B1010FD
:1091C00081454A85EF80B1642285EF70E16A832989
:1091D0008500130A81002A8413064901CE85528531
:1091E000EF20B07C5DD10C084A8523244401EFF0C8
:1091F0005FB883978401D8480C44FC86BC81300852
:1092000032853ACCFC87EF20507A15C13C080329FF
:10921000840026851CC4EFF00FD4AA86014713866C
:1092200044010C102285EF40710923242401DE281B
:109230000C443008FC84BC833285FC859C4C3ECEBB
:10924000EF20B07611CD3C081CC42685EFF0AFD0DE
:10925000AA860147138644010C102285EF401106AF
:10926000232434011DB7EF72CF930347A502AE87C5
:1092700003534502058B31CF9D46B356D302835825
:10928000650263F8D50433D7D8022E8E3387E60201
:1092900042074183B388E840C20893D80801139875
:1092A0000801135808413308B840935EF84133C8A9
:1092B0000E013308D84193D5160063F80501338EAB
:1092C000D74063F41701338ED700B307C701C20735
:1092D000C18363E667009307F3FFC207C1837EB1D2
:1092E0001EB5B285EFF0DFB96F70EF8DEF72EF88CA
:1092F00037C5020059711305C5492E89EF706132D7
:1093000085476317F502AA894A85EF70814DAA84C3
:109310004A85EF70814C9307C0022A84639DF40054
:109320004A85EF70814CAA842285EFF03FDA8AA04B
:1093300065616F700F889307A0026390F402EFF0ED
:109340001FA111C501469305A002EF70614522855A
:10935000EF90A1598145228531A093079002639631
:10936000F4008145EFF0DFB1E1B763903403834748
:10937000A502F59B2305F502EFF07F9DB795000050
:109380009385E5D2EF20F03A65B78947639FF402F1
:10939000EF7091032C18EF7011168317A103C9DB2E
:1093A0002285EFF0DF9AAA84EF90813A8355A103DA
:1093B000AA95C205C1852685EF90A1188347A4020E
:1093C00093E727002305F402A5B7A1476385F400BE
:1093D0008D476396F4142285EFF07F97AA8929D9E7
:1093E000EF70817EAA8AEF70817E9307E5FFF59B7F
:1093F0008DE37E301EB49147631DF5002285EF801A
:10940000A124AA84EF70617B09C581452685EF7090
:10941000E1755685EF70A17B85476319F506834793
:10942000A402898BD1C381452285EFF05F91AA8484
:109430002285EFF0BF9286240319A4018947AA94DC
:10944000139A040183146401B14556853309994088
:109450003349F902135A0A41269983D46901EF70FE
:10946000F10C4209AA94C20413590941C184B304FE
:109470009940B3C4440363D3040081445E3063C4A1
:10948000F4009384F7FFC204C1848DA05685EF7069
:1094900001748D47E305F5F87E303018F1452285DB
:1094A0003EDCEF70E12F69B556850C18EF70C17E78
:1094B00003D76901835721030C184E85998F23190F
:1094C000F10203D749018357010301498144998F70
:1094D0002318F102EFF00FC62A8A4E85EFF0AFA7EE
:1094E000AA8A02DC8149A94B631C2A01E3C604FA5B
:1094F000939504010546C1812285EFF0DFD669BF4F
:1095000083A701812C18568582976317750163051F
:109510003A018504C204C184E2590509F1B7B9478B
:109520006399F402EF804112EF702169AA84EF7011
:10953000A169EF70C1699147631AF5007E3081E837
:109540001A34E307F7DE7AB0854531B57E301EB4B4
:10955000C5B3BD476398F4001E357A31E30AF7DCE2
:109560007EB1DDB7B5476398F4044A85EF70E12713
:109570008307050085461387E7FE1377F70F63E03F
:10958000E6026E305E308505E3D4F5DA0634C205B6
:109590000546C1812285EFF01FCD06B451BB51476E
:1095A0006385E7004547E395E7D86E30E38205D849
:1095B0000634FD15E9BFCD476397F400EFF02FF9AE
:1095C000EF809167B5B3D5476385F400E147E39138
:1095D000F4D64A85EF70E1202A844A85EF70E11FB6
:1095E000D547AA846319F4024A85EF70E1280C1864
:1095F0002A842685EFF0EFF72818EF50D144301871
:109600002685B7050400EF80C16A10182C18228542
:10961000EF50B14831BBE147E31CF4D04A85EF700D
:10962000A1252A892818EF4021453018B7050400E4
:109630002685EF80D11D0C102685EFF08FF3832552
:1096400089009309810210104E85EF201036E30146
:1096500005CE2685EFF0AFEFAA8AEFF0CF8F6256E6
:109660008316C1040317A1042AC6268532C436C254
:109670003AC0EF900114924602472246B24509488B
:10968000AA876808EF50503C2685EF908113094B5C
:10969000334565038397640103946A01131A050136
:1096A000135A0A41D2971D8C5685EF9081113A04C6
:1096B0003344A40281452685EFF06FE8E257031793
:1096C00085000395640183978700130620032A9A77
:1096D000998F8145268533C76703BC87998FC20759
:1096E000C18733848702FC8739845294198CEFB088
:1096F00071142A8A494681452685EFB0B1134D463B
:1097000081452A8B2685EFB0F11293170A01C18398
:109710003E953E9B9E2CDA2823198102898F231ABD
:10972000F102BC873A9B231861033E94834751059D
:10973000231B8102568593E72700A30AF104032423
:10974000890023243901EFF00F81AA860147101800
:109750002C184A85EF40813623248900D1BEEF6260
:109760005FC4EFB04FE68547630AF50009478947B4
:109770006303E50081473E856F60FFC48547E5BF11
:10978000EF623FC283C745072E8423A80506F19BDD
:10979000238AF506228593050030EF70515EC1459E
:1097A0002285EF70D15D0145EF50105BF54785458F
:1097B00063DCA7000145EF50305A9305A5005145E1
:1097C000B3C5A502C205C1852285EF9021756F60E2
:1097D0009FBFEF627FBB935716407D162E844206D3
:1097E00093950701AA84C1814182C5C21A208317BB
:1097F00065010D8F42073EA08317A50141831AA082
:1098000032975AA07EA04946B70503002685EFB0DF
:1098100071022A8A4D46B70503002685EFB09101F3
:109820002A8B4146B70503002685EFB0B100AA890F
:109830004546B70503002685EFB0C17FAA8A2946B1
:10984000B70503002685EFB0E17E2A892D46B705CE
:1098500003002685EFB0017E1A2093170901C1830A
:109860003E9A330747411AA05A20DA974205BA9721
:109870005EA03E204181AA99B38737413EA07E2059
:1098800056953E956AA06F607FB33E208D8FC207CC
:10989000C1833EA0B2977EA0831745011EA0831707
:1098A00085015EA08DB7EF625FAD37CA02003171EE
:1098B00013054A50AE89EF60D15685476318F50A03
:1098C000AA8A4E85EF60F1712A894E85EF60F170AA
:1098D0002A84EFF0DFE8C547AA84631CF9084E85A7
:1098E000EF60B1701C442A89814999C3839947016B
:1098F000835784064E86CE85231CF1068357A40623
:10990000A818231DF1068357C406231EF1068357AA
:10991000E406231FF106EF20100583250900014608
:10992000A818EF2050182302A90029E18947639F56
:10993000F402835704064E86CE85231CF106835716
:109940002406A818231DF10683574406231EF1069A
:1099500083576406231FF106EF20F00083250900DA
:109960000146A818EF2030142302A90029616F6076
:109970005FA4631859152285EF90A111834744070E
:1099800093E71700230AF4066365990093074402DE
:109990005DA88947E39CF4FCEF700123AC18EF70DD
:1099A000A12F2285EF80F1602A8A2285EF807161E4
:1099B000AA891306B00681452285EFB0A167634CE2
:1099C0003A091375F50F831681076304250783177A
:1099D000C406E3CDD7FA8317040663C4F6068317DB
:1099E0000406031744068945031684061D8F334772
:1099F000B7023E97158F9357F7413D8F1D8F831701
:109A0000C40642074187918FB3C7B702B297958FBB
:109A100093D6F741B58F958FC207C1878346440718
:109A200063D5E702930744023CD8F59A230AD4068B
:109A300035BF83178406E3CBF6F483174406E3D0DF
:109A4000D7FA930704033CD815B7930704033CD80F
:109A500093E62600E1BF8316A1070316A406E3C719
:109A6000C6F203176406E34ED7FC831524060315DC
:109A7000E406B307B740B3C79702118D334595028B
:109A8000AE97958F13D7F741B98F998FC207C187CA
:109A90003295158D1357F541398D198D4205418544
:109AA000034744076359F500930744023CD8759B6C
:109AB000230AE40665BD930704033CD81367270017
:109AC000C5BF89476315F9123C58E38107EAEF7077
:109AD000A10FAA84EF70A10F2A8BE31955E92685FF
:109AE000AC18EF70611B48541C543309F5402285B3
:109AF000EF80314CAA842285EF80B14C63C5A40A63
:109B0000494681452285EFB0E1524D468145AA89FB
:109B10002285EFB021522A8A2285EF809149B384B1
:109B20004901B30495401306B00681452285EFB084
:109B30006150C2041375F50FC18483178107631B3D
:109B4000650503158401420A135A0A41330A454147
:109B5000B307FA403305F902334595021C54130745
:109B600004033E953C586391E7081854545063D35E
:109B7000A60036856353E5003A859843E308E5DEA1
:109B800088C32285EF80F1700146F1452285EF60A0
:109B90003141E9BB03154401C20993D90941AA998E
:109BA000B387374145BF414681452285EFB08148A3
:109BB000AA89454681452285EFB0C147AA842285FE
:109BC000EF8031408317A401139704014187BA97AE
:109BD0000317A107CE94058D998FB38727034205FC
:109BE000418533C5A7029DBF5454185849B7A147B2
:109BF0006305F9008D476314F906834744072285FE
:109C000023280406F99B230AF406EF809168228535
:109C1000EF709123AA84EF60517A2A89EF60D17A9C
:109C2000EF60F17A9147E313F5D4E30109D422857B
:109C3000EFF0FFB28947631FF5008347440713F72E
:109C4000270011E793E72700230AF40605B3F59BE5
:109C5000230AF40681452685EF60517101BBB9479F
:109C6000631EF900EF605176EF6071767915759992
:109C7000E31E05CE83474407F59BF9B7930790028F
:109C80006316F9002285EF80217BCDB1CD47631E9D
:109C9000F9104946B70503002285EFB0A139931B9F
:109CA00005014D46B70503002285EFB0A138131C0E
:109CB00005014146B70503002285EFB0A137131B0C
:109CC00005014546B70503002285EFB0A136931A7A
:109CD00005013946B70503002285EFB0A135131AF7
:109CE00005012946B70503002285EFB0A1342D46B2
:109CF000B7050300931405012285EFB0A1331319B2
:109D00000501C1842285EF80D12A860413590941B7
:109D1000B30C95002285EF80D12A06094A9593DB82
:109D20000B41135C0C41135B0B4193DA0A41135A4C
:109D30000A4163D4AC062285EF80B127AA948584BA
:109D4000C204B70503002285EF80815A2A844E851C
:109D5000EF60B129C184E28763537C01DE871397EA
:109D60000701418763536701DA871397070141872A
:109D700063535701D687B384440389071621A297FA
:109D8000139606014186A184A6973E87C207C18724
:109D900063D3C70036871AA1D1BE2285EF80712216
:109DA0004A9505859314050169BFB5476319F906FE
:109DB0004E85EF60912383070500454793F6D7FF53
:109DC0006399E602834744072285898B91EBEFA0D4
:109DD0009FFC0546930515002285EFA0DFEA6DB3D1
:109DE000EFA07FFC0546930515002285EFA01FF527
:109DF00061BBB91793F7D70FE39A07B683474407B8
:109E00002285898B99E7EFA01FF905469305F5FF99
:109E1000E1B7EFA05FF905469305F5FFF9B7D54720
:109E2000E316F9B44E85EF60511B2A844E85EF602E
:109E3000B1241306B0068145AA842285EFB0811FA4
:109E4000137CF50F2285EF80D116AA8B2285EF8037
:109E5000511733A9AB002A8B1349190063CEAB0805
:109E60002285EF8011168547AA8A6314FC088317A0
:109E700044037C802800EF50013D3000B70503000B
:109E80002285EF701163CA8656868A852285EFF097
:109E90005F943C80A685A8182314F4063C8193099E
:109EA0008406130A4A502315F4063C822316F4064E
:109EB0003C832317F406EF80E155B70703003ED734
:109EC00022853C003EC5D2DE02C102D94EC3EFF06E
:109ED0001F898947630EF504B018E9452285EF60B4
:109EE000310C4E862C002685EF50213BB018ED45F5
:109EF00071B983178403B5BF8347C40505478149FA
:109F00008D8B6399E7001C5463D607008329C40234
:109F1000B32930012285EF80D109AA8A638809001C
:109F20005C5063D507003E3C7C81A9B77E38EDBF0D
:109F3000130680032C008800EF207076B018E945E6
:109F40002285EF60F1054E862C002685EF50E13426
:109F5000B018ED452285EF60B10463C26B078547F9
:109F6000631CFC04831744037C80CA8656868A855A
:109F70002285EFF01F863C80130680038C0023109F
:109F8000F4063C812800130904062311F4063C82E0
:109F90002312F4063C832313F406EF205070854708
:109FA0003800B018E94522853EC14AC33AC53ED9BA
:109FB000EF60017F4A863DB78317840375B73E3C47
:109FC0007C8165B7EF62EFBD0841FD575CD1EF8042
:109FD000512C6F604FBFEF62CFBC4CD1EF80712B23
:109FE0006F606FBEEF62EFBB2E858145EF1070741E
:109FF0006F606FBDEF62EFBA2E84FD57DCD1228512
:10A00000C145EF70C1572285A145EF7001509305FE
:10A0100000402285EF70614F6F60EFBAEF62CFB6FC
:10A0200037C502007571130505522E89EF60615F17
:10A030008547631CF50C4A85EF60A17A2A844A851E
:10A04000EF60A179CD47AA84631AF40C4946B7059D
:10A050000300EFA0317E931A05014D46B7050300BA
:10A060002685EFA0317D131B05014146B70503008E
:10A070002685EFA0317C131A05014546B70503007C
:10A080002685EFA0317B93190501B70503002685CE
:10A09000135B0B41EF80C12593DA0A41135A0A4141
:10A0A00093D90941DA8763535B01D6871397070178
:10A0B000418763534701D287139707014187635351
:10A0C0003701CE878907AA974A8513940701EF6065
:10A0D000C1711E2141801317040193960701C186A7
:10A0E00041872A8963D3E600A287139407012310CE
:10A0F000F900B705020026854184EF80611F63598E
:10A100008500031509002310A90049616F600FAB9A
:10A11000B70502002685EF80A11DF5B7F147631151
:10A12000F408130660068145EFA0D170AA892DC1FD
:10A130002685EF702151C0500589FD571319850000
:10A140006316F40031C913090010014481452685C6
:10A15000EF10305E8808EF10105AB7A70000938701
:10A1600067FDBECAB7A70000938747FCA2D6A2D856
:10A1700033042441BECE9357F4413D8C1D8C3304EF
:10A1800034038808A6C8CADA2180A2DCEF10D05FA9
:10A190002685EF80111095BF0149130400107DB78B
:10A1A000D547E314F4F64A85EF6021632A844A8593
:10A1B000EF60816C2A8A494681452285EFA091672C
:10A1C000AA844D4681452285EFA0D166AA894146E1
:10A1D00081452285EFA011662A8981454546228561
:10A1E000EFA051658317A401522803176401831659
:10A1F00084013385A7404A97B3863641B294688775
:10A200002808788574866484EF50E1033008B70528
:10A2100002002285EF70F12930002C085285EF50A2
:10A22000C1072285EF80E159062C931905010359D6
:10A23000440193D90901B38434418504B384244192
:10A24000139904015C5013590901931409017D57B6
:10A25000C184638CE70AB384F40293070010B3C48B
:10A26000F402C204C1841306B00681452285EFA022
:10A27000715C1375F50F85476316F500B3049940BB
:10A28000C204C1845E284946B7050300BE947E28F7
:10A29000C204C180FC813E2CE4802285CE94FC83E4
:10A2A000E482EFA03159AA894D46B7050300228503
:10A2B000EFA05158AA844146B70503002285EFA0BC
:10A2C00071572A894546B70503002285EFA09156AC
:10A2D000BC82B880BE94BC8133073741F880B38715
:10A2E0002741FC81BC83E4823E95E8838808EF40E7
:10A2F000917590082285B7050300EF70911B100837
:10A300008C085285EF40717909B52285EF70813351
:10A31000058931F9814481BFEF62AF884946EFA0DA
:10A320007151420541856F600F8AEF628F874D46FC
:10A33000EFA05150420541856F60EF88EF626F8654
:10A340004146EFA0314F420541856F60CF87EF62F4
:10A350004F82835945020111831B0106B3893503DE
:10A360000226B38A7801C20A93DA0A01569442049B
:10A37000BA8C2A8A328BC20993D90901368C41845E
:10A38000CE840147338D070183564A02B387D90033
:10A3900063C6F400228505616F606F8103258A0220
:10A3A00093972400AA978C438DCD03280A03931713
:10A3B0001700814DC297839707001386F6FF330974
:10A3C000B7016347C9029421898AA9CA83178B0000
:10A3D000B3861701DE966356D4003384FA00420434
:10A3E000418485040507C2044207C180418369BFD7
:10A3F000B3869D008A06AA969442F1D69422858A55
:10A40000F9D205090609429983560900850DC20D46
:10A41000B697C207C18793DD0D0155B7B387A74132
:10A42000C207C18701486687E2865A8685056808A3
:10A4300046C6EF4070618317E101B248C697DE97C8
:10A4400063D38700A287EE9413940701C204131705
:10A4500009014184C180418369B7EF529FF42E8482
:10A4600081445E307A300854B387E70263CFF4004A
:10A4700019C1EF20B01A485419C1EF20301A0858FA
:10A4800019C1EF20B0196F501FF4139924004A9599
:10A49000084119C5EF2090181C54CA9723A0070043
:10A4A0008504C204C18075BFEF52BFEFC167850745
:10A4B000DCD109452E84EF20B04808D86A30060563
:10A4C000EF201048185848D4930720081EA31EA157
:10A4D0006E305E300854B385F5028A05EF203049AE
:10A4E00008D4232005006F501FEEEF529FE80D7136
:10A4F0002A84EF60812EAA8C2285EF60E137104517
:10A500002A8493854C018800EF10304A63080514B3
:10A510001C441306200381453ECC9C001CC4668568
:10A52000EFA051312A8981456685EFF03FE145462C
:10A530002AC281456685EFA0F12F93170501C187D7
:10A54000814566853ECEEFF03FDD81452A8D6685EB
:10A55000EFF0BFDD83D70C0203A70C02AA8D3EC427
:10A56000B707FBFFF98F37070400D98F23A0FC0240
:10A570002811EF40514D3011B70505006685EF7089
:10A580004173A810EF30414FB010B7050500668544
:10A59000EF70F127A247668542092390FC0283D71A
:10A5A0002C0283D46C0113590901ED9B2391FC0209
:10A5B000EF90E1659307F9FFC207C1833EC6BE94E1
:10A5C0009247930A010E130B8108BE94898C66850D
:10A5D00023179104EF902160AA891306B0068145E4
:10A5E0006685EFA03125137CF50FA285280AEF7050
:10A5F0007162B70705002326F114B7C702009387DD
:10A60000C753232EF11093970901C1833EC8934786
:10A61000F9FF232001122324511323266113014A39
:10A6200081443ED083D76C0263F8F40283A7CC0246
:10A6300013971400BA97839607000357E104930712
:10A6400017003697C2072317E10403176104C18777
:10A650002315F1046357F700E2471CC435616F50BE
:10A660001FD58547631BFC02025783D78C01BA971D
:10A670004247B387B741998F2314F1048947B3C781
:10A68000F6020149C207C1833ECA83D64C02636009
:10A69000D9028504C204C18071B7324783D74C0107
:10A6A000BA974247EA97998F2316F104C1BF03A6D0
:10A6B0008C02931B2A0002C0B30776019C4399C306
:10A6C0009C233EC083A50C03931719000547AE9742
:10A6D000631EEC16035781041305F7FF2316A1042C
:10A6E0009E231D8F2314E104FD1681473387270124
:10A6F000938917006347D716C20993D90901031636
:10A70000E104831721044E9A420A135A0A01634452
:10A71000F62EAE47831581048316A1040315C104E8
:10A72000E583FD8B2318B1042319D104231AA10456
:10A73000231BC10413F7470011CF03974C016A97FD
:10A74000635AB7000317810C094833470703998DF3
:10A750002318B10413F7270019CF03976C01924512
:10A760002E97635AD7000317810C89453347B702E8
:10A77000998E2319D10413F7870015C383968C0192
:10A78000B386B641FD16635CD5008316810C09477C
:10A7900033C7E602858A36972A97231AE104858B08
:10A7A00095C30397AC01F2471D8F7D17635CE600EC
:10A7B0000317810C8947B347F702058BBA97B29705
:10A7C000231BF10483D76C03639F970C83D74C033F
:10A7D000639B270D03D70C02930600029307000228
:10A7E000137607066303D60081479376270099C244
:10A7F00093E727009376470099C293E74700218BA0
:10A8000055C393E787002390FC0283D72C0256851B
:10A8100093E747002391FC02EF40F1225A85EF3085
:10A82000A1255686B70505006685EF7081485A86D2
:10A83000B70505006685EF70817DA2472390FC0275
:10A8400083D72C02ED9B2391FC0295A80357C104EA
:10A85000130517002314A1049E233E972316E10439
:10A8600061B5D2978A07B2979C43E38707E89C2398
:10A87000858BE38307E8050706072E971E23054708
:10A88000631CEC0003578104B307F7402314F10461
:10A8900093970901C18399BD0357C104BA97231641
:10A8A000F104FDB7ADF3130680032C115685EF209C
:10A8B000005F13060002AC105A85EF20405E9C0832
:10A8C0002322F11283D74C02300AE945B38797025D
:10A8D0006685CA972328F114EF50916C9008D685AD
:10A8E0002285EF40911B83A78C02DE979C43638FE8
:10A8F000070EB70505006685EFF01FA22AD6B7053B
:10A9000005006685EFF07FA22AD4B70505006685AD
:10A91000EFF0DFA22AD24546B70505006685EFA015
:10A92000617103578104B25722580356A104BA97A4
:10A930000357C1049256C207330707414207B29634
:10A940004183C183231EE104231DD10405078356DF
:10A95000E104231CF104B307F74003A78C023385FD
:10A96000A64082465E970C4313D316400317A109F5
:10A970008316C109265613731300C207231FA104AF
:10A9800013181300C187850568181AC0EF40D00B53
:10A9900002436316030252478357A1048946BA97BC
:10A9A0000317E103C207C1833347D702420741833C
:10A9B000B386E740BA97231DD104231FF1049C10EE
:10A9C0003E85B0008C00EF10407E9C1005C11CC479
:10A9D00083A78C020147B008BE9B83A60B00DA85D3
:10A9E00022858506EF30810D9C001CC4300AED45A0
:10A9F0006685EF50F15A4E9942091359090171B118
:10AA0000EF523F970111B70505002A84EFF0DF9060
:10AA1000B7050500AA892285EFF03F91B70505002B
:10AA20002A8A2285EFF09F914546B7050500AA8A3C
:10AA30002285EFA02160931C050113068005B70550
:10AA400005002285EFA0015F131C05011306900588
:10AA5000B70505002285EFA0E15D931B05011306F4
:10AA60007005B70505002285EFA0C15C1546B70546
:10AA700005002A8B2285EFA0E15B13190501194619
:10AA8000B70505002285EFA0E15A131D05011359F2
:10AA90000941135D0D4193DC0C41135C0C4193DBC8
:10AAA0000B418144EA8D4A837E3063EBF4002285BA
:10AAB000EF70B1632285EF70D17D05616F503F8FDC
:10AAC00093950401CE875E8766C0D6885288E28659
:10AAD0005A86C18122851ACEEFF07F87585493970A
:10AAE000140072433E97AA876353AD00EE87939696
:10AAF0000701C18663D326019A871EA385046DB71B
:10AB0000EF529F8837C5020041111305C5532E89A6
:10AB1000EF50313185476311F502AA894A85EF501C
:10AB2000514CAA844A85EF50514B9307A0022A84C6
:10AB30006397F400EFF0DFEC41016F503F8893071B
:10AB4000C002639CF4044A85EF50314A52300147F9
:10AB500081474207418363EEC7006E3081478146DB
:10AB6000C207C18363E1B6027D17FD171AA13EA19A
:10AB7000E1B71458939517008507AE96962236973D
:10AB800042074187F9B7505413981600850642963C
:10AB90001222B297C207C187E1B79387F4FF63E837
:10ABA000F90EEF606102EF6081021379D5FFE315C2
:10ABB00039F9EF6061016C00EF60010E2486228597
:10ABC000EF906101AA941306B00681452285EFA09B
:10ABD0006146C2041375F50FC1806311250B03593B
:10ABE000840181452285EFF04FF4B3049940338509
:10ABF000A44052304205418501478147131907019E
:10AC000013590901637DC9001458931517000507EE
:10AC1000AE969622B697C207C187E351F5FE22850C
:10AC20002487EF80D17E7E2881459D8CAA94C20422
:10AC30002285EFF0AFF0C1803385A4406E3042052D
:10AC400041850147814793160701C18263FDB60024
:10AC5000505413181700050742961222B297C207E4
:10AC6000C187E352F5FE5E38639527017E38E385A0
:10AC7000D7EC231A240376B8228595A04A2881456B
:10AC8000898CC2042285C180EFF00FE98DB7A147FE
:10AC90006394F404EF70F15FEF501173EF602104DF
:10ACA0005A38C167FD17631DF700EF50F171EF507F
:10ACB000117275998547E311F5E8FD575CD8ADBD74
:10ACC0007A38E304F7FE75F10146F1452285EF502D
:10ACD000312DE31335E7D1BFB9476395F400EF7029
:10ACE000515B99BDB547639DF40A4A85EF50F12F3A
:10ACF0004E38C167FD17035864036384F50063157C
:10AD0000F800232A04028DBF52302E8763E3C5006A
:10AD100001477630C2876363D80081470841D14834
:10AD2000631E15017D176341C7061387F6FF63D8BD
:10AD3000E7028507014763D8D70205A8CD48631607
:10AD400015010507E353C7FE29A8C548631415017B
:10AD5000FD17CDBFC9488507E30615FFF1BB1307F3
:10AD6000F6FF63CBD7029387F6FF6394E500E30514
:10AD7000F8DC22855AB87EB8EF70B1510146F14532
:10AD80002285EF50F1214DBB7D55E31CA7FCDDD39F
:10AD90001307F6FFFD17F1B7E3D907FC8147F1B7B9
:10ADA000D547E39BF4D84A85EFF02FF471B3828046
:10ADB000EF522FDFC8552E8409C5EF202006232629
:10ADC0000402085409C5EF206005232404026F50D3
:10ADD0008FDFEF520FDD397113066006B7050700EC
:10ADE000AA84EFA0212537B4000019ED9305E4E40F
:10ADF0002685EF10001483C7040593E71700238806
:10AE0000F40421616F502FDC2A890A85EF10A00E0F
:10AE100085473ECE3ED0B7C700009387470D130449
:10AE2000E4E43ECC0A85FD5726C022C24AD44ADA61
:10AE300002D2231EF102EF102015E1B7EF526FD6B8
:10AE4000130670058145EFA0E11E6F50CFD738493A
:10AE5000058B6306B704EF52CFD403470505B3351E
:10AE6000B00083166504799BD98D2308B5044C5135
:10AE7000831885040318A504DA29FE29035645041E
:10AE80004111BE963A96C29746972C0070847485FD
:10AE900078867C87EF70D13C41016F50CFD28280A1
:10AEA000EF52AFCD41112A84EFF05FF91306900500
:10AEB00081452A8A2285EFA0E1172A8C4850832CED
:10AEC0000404EFD05F8983A78180E6852A8B82976F
:10AED00083A70181B30BAB008145AA895E85829768
:10AEE000B5472A8D83148A00AA8563ECA700896779
:10AEF00093871740B3D7A700858B9305000291E392
:10AF0000AA8501465285EF40E078131905014850A3
:10AF1000E6855000EFD07F84832C44021359094109
:10AF2000C2046685EFD03F832A8681456685EFA0FF
:10AF3000F1535C5003174100C1808396470183970A
:10AF4000870136974A9763D4E7068347C405A18BE8
:10AF5000B9EF8D47630DF5043C832312010093057F
:10AF600000023E9C269C23138101630A0D0283A7E5
:10AF700081815E85829783A70181AA9981453305E6
:10AF80003B018297B547AA8563EBA7008967938742
:10AF90001740B3D7A700858B99C3930500020146DC
:10AFA0005285EF40206F13190501135909412326DB
:10AFB000340513062003B70507002285EFA081079B
:10AFC0002A8B4146B70507002285420BEFA0810678
:10AFD000135B0B01330AAB004546B705070022851A
:10AFE000EFA04105B309AB004946B705070022852C
:10AFF000EFA04104B30AAB004D46B7050700228518
:10B00000EFA041033C8238834C505A95C209420A52
:10B0100093D90901C20A7D153E95135A0A0193DAA4
:10B020000A01FD1903188404BA99831664040356AF
:10B030004404B38A5741330A4741FE29DA292A9941
:10B040000315A4043A96BE964297AA972C0022852F
:10B050007084748578867C87EF7091205C50C20A7A
:10B06000420A93DA0A01135A0A01231254052313E0
:10B070004405DA2BCE94FE2B4209C2041359090170
:10B08000C1802314240523159404BA9A3E9A3A9950
:10B09000BE942C002285231451012315410123164F
:10B0A00021016487EF70D11B41016F508FB0EF52C7
:10B0B0004FAFAA84EF50E1722A842685EF50E171E8
:10B0C0002A89EFA0715D130474FD854763ED870045
:10B0D000AA8481454A85EFD02FC92685EFF05FDC31
:10B0E0002685EFF01FCF6F500FAE8347C505918BBC
:10B0F000C1CBEF528FA82A8448514111EFD0AFE560
:10B1000083A7C18182972A8A31CD2285EFF01FD390
:10B1100009668146130626028A85EF40A04C31C598
:10B12000B7C40200938484572685EFF01163B309F6
:10B13000AA02AA8B814A13851900EF2080062A896A
:10B140002A8B5A855E9B63974A03CA99238009001C
:10B150004850CA85EFD04FC14A85EF10504E228526
:10B16000EFF01FD441016F50CFA4B7C40200938405
:10B1700044575DBF5E86A685EF107052850AD1B731
:10B180008280EF520FA21E3D397191E7EFF0FFF57B
:10B1900021616F504FA32A840A85EF00D055B7B7BD
:10B1A00000009387E7DA3EC21E3C0A8522C03ED4E7
:10B1B00085473ED2B7C700009387470D3ECCB7B74F
:10B1C00000009387271D02CE02D03EC6EF00D05B61
:10B1D000C1B7EF520F9D0841EFF03FF16F50AF9EA6
:10B1E000EF528F9A3C4101112EC66386B70E2A8416
:10B1F000485183A4C181EFD00FD68294B24563D366
:10B200000500AA95AA846347B500A167FD1763836B
:10B21000F500AE8424C02285EF80A1472285EFF09F
:10B22000FFC12A894850A6857008EFD00FD3831438
:10B2300089000319E1012285EF8011216358A900DB
:10B240008315E10105462285EF90612C2285EF7080
:10B25000A15B0319E101AA8922852699EF80D11EFD
:10B260003305A94063DCA900AC8705462285A69575
:10B27000B3853541C205C185EF9061290319C1012C
:10B280002285EF80D1296358A9008315C1010546A5
:10B290002285EF9061242285EF70A1530319C1012B
:10B2A000AA8922852699EF8091273305A94063DC7E
:10B2B000A900AC8605462285AE94B3853441C2050B
:10B2C000C185EF906121BC8622855EBCEFF07FB026
:10B2D0002285EFF0FFBC05616F504F8EEF526F8CEF
:10B2E0009307C05D9EBD8547BCC183C7050523A6E6
:10B2F000050223A80502F19B93E737002388F50494
:10B3000083C7C50523AA0502239E0502C59B238E7C
:10B31000F50423A2050223A405022E852E84EFD076
:10B32000CFA2896548D093854506EF70A126485085
:10B33000B715030093850533EFD00FA34850B7B579
:10B340000000814601469385E50AEF50814C228535
:10B3500093050040EF60611B81452285EFF05FE8B7
:10B360002285EFF01FA76F500F86858993971500F0
:10B3700083450505F599DD8D2308B5048280784D58
:10B380000D83058B6305B706EF52AF8113F71500E8
:10B39000931637000347C505AE8489655D9B558FBD
:10B3A000230EE504138945069385157D99E0CA852A
:10B3B00001492A844851EF70E11D48500146CA8571
:10B3C000EFA0910E99CC89659385157D2285EF704C
:10B3D000A11F8146014681452285EF90A1166F404D
:10B3E0009FFE014691452285EFA0C149DDB78280CD
:10B3F0008347C505918B81EBEF42BFFA4851EFD0EF
:10B400008FB56F405FFC485582802841828003459C
:10B41000C5050D8105898280EF42BFF82A84485115
:10B42000EFD06FEEC167FD17630FF5004850C164A0
:10B430009385F4FFEFD06FB048509385F4FFEFD0C1
:10B44000AFB06F405FF8AA844850EFD00FECE31F15
:10B4500095FCC5BF91E101A0EF421FF38347C505ED
:10B4600041112A84918BAE8499C3EFF01FC81C58F8
:10B4700099E35C5895C702C6B247A6978387070031
:10B4800081E741016F409FF383A701816C0026850E
:10B49000829783A701828297AA852285D128E9BF56
:10B4A000A685228569208547E31DF5FC1C5491CBB8
:10B4B0004850EFD04FAA8307050081E72285EF703F
:10B4C000415D2C4048502686EFD06FE42285EFF096
:10B4D000BFF48347C405918B95CB8329C4024E8565
:10B4E000EFF0B1272A892685EFF03127B305A900AF
:10B4F00085054E85EF10B04748D411E101A02C40DE
:10B500002686EF30F0392285EFF0BFC783A7C181CF
:10B510000329040426858297B30525012285EFF0CF
:10B520003FCC0146F1452285EF50812799BFEF427C
:10B530005FE7138441902E86AE84F54523200400F6
:10B540002A89EF50E1250040854705C00307040024
:10B55000814701CFA6852285EF403FF2854711C57F
:10B56000A2854A85EFF01FEF81473E856F40BFE51A
:10B57000EF429FE18347C50501112EC6A18B99C7F4
:10B58000A947638BF50AB5476388F50A2ECC2C08CA
:10B590002A8402CEEFF0BFF98547631FF50883A721
:10B5A00001818145680082975C582A8991CB83A9E3
:10B5B000C1812285EFF0DFE382995C58637EF50656
:10B5C0001C58ADE38347C405918B81C72285EFF0FA
:10B5D000DFB11C5491CB4850EFD0EF9783070500A3
:10B5E00081E72285EF70E14A2C4048503008EFD0C7
:10B5F0000FD22285EFF05FE28347C405918BB1CF74
:10B600000329C4024A85EFF05115AA842808EFF0F7
:10B61000D114B385A40085054A85EF10503548D470
:10B6200015E501A083870700D1DF02CA0858D24779
:10B63000AA978387070081E705616F403FD883A7FA
:10B6400001814C088297E313A9FEADBF2C4030085E
:10B65000EF3010252285EFF0DFB22C4022858505E2
:10B66000EFF01FB80146F1452285EF506113E9B7AD
:10B670003C41C1CFEF42FFD241119307F0076C006C
:10B680007C862A84EFF0BFEA8547631CF5064850A4
:10B69000EFD06F8C2C400546AA84FD15EF30902624
:10B6A0004850A685EFC05FEC2285EFF0FFD61C5412
:10B6B00091CB4850EFD02F8A8307050081E7228580
:10B6C000EF70213D8347C405918B95C32C404854AE
:10B6D0000546FD15EF30102344542685EFF0F107A1
:10B6E000930515002685EF10902819CD48D42C40DD
:10B6F0002285FD15EFF0DFAE0146F1452285EF50C2
:10B70000210A41016F403FCC01A08280EF427FC9F6
:10B7100024412A8493851400EFF09FAC3C4063855C
:10B72000F4002285EFF0DFF46F40FFC991E101A042
:10B73000EF429FC541112A84AE84EFF0FFCD1C5823
:10B74000485099E35C58C1C3B7150300938505338E
:10B75000EFC09FE1A165FD152285EFF07FA883472B
:10B76000C405918B81C75C542380070002C6B24791
:10B77000A697838707009DEB1C5491CB4850EFC0E0
:10B780009FFD8307050081E72285EF7081308347A5
:10B79000C405918BA1CB2685EFF0217C9305150084
:10B7A0004854EF10D01C48D405E901A083A70181BB
:10B7B0006C002685829783A701828297AA852285BD
:10B7C000EFF01FDB6DB7A685EFC01FDAA165FD1591
:10B7D0002285EFF0FFA04DB7A685EFF00177228517
:10B7E000EFF03F9A0146F1452285EF40717B410120
:10B7F0006F40DFBCEF42FFBA2C418505EFF05F9E42
:10B800006F407FBC2C4181C9EF42BFB9FD15EFF0FD
:10B810003F9D6F405FBB8280EF42BFB82A842C41BE
:10B82000485141117000EFC05FF313069005814548
:10B830002285EF903100AA842285EFF02FE03C872B
:10B84000BE941E2585044850BE945E3CC204C1844B
:10B8500064877C86EF60F17663DDA40048506C005D
:10B86000EFD04F8D8314C403AA852285EFF05F9734
:10B8700046BC41016F403FB5EF42BFB22A842C4124
:10B88000485141117000EFC05FED130690058145EE
:10B890002285EF90217AAA842285EFF02FDA3C8767
:10B8A0001A2548508507858F998F7C875E3C6C00F0
:10B8B0007C86EFD02F888314C403AA852285EFF0FD
:10B8C0003F9246BC41016F401FB0EF42FFAB37C50E
:10B8D0000200197113058555AE84EF4091548547D8
:10B8E000631FF5002685EF40D16F2A892685EF403A
:10B8F000D16EB9472A846317F900EFF08FCD096143
:10B900006F40DFABB5476310F90A2685EF40F16D54
:10B910000C41CD476396F5002285EFF0BFEDC5B72A
:10B92000D1476396F5002285EFF0DFEDC9BFC5472B
:10B930006396F5002285EFF03FF4D1B7C9476396CF
:10B94000F5002285EFF05FED5DBFA1476396F5003E
:10B950002285EFF0FFD165B79307F0076396F500F6
:10B960002285EFF0BFDA61BF89476397F500814513
:10B970002285EFF0FF8661B78D476395F500A165DD
:10B98000FD15FDB7A947639CF5008347C405A18B4E
:10B9900099C70146FD452285EF4091608DB722850C
:10B9A000EFF01FBDA9BF9307F9FF894963F5F900BF
:10B9B000A1476319F918EF5021212A8929D1268539
:10B9C000EF40B161834705052A84898BE38907F23B
:10B9D0004A85EF50C11F8947E303F5F24A85EF50CE
:10B9E000011F9147E30DF5F04850AC00EF60515056
:10B9F0002C084A85EF50412A0C104A85EF50A12FA0
:10BA000003178101E34D07EE8317A101E3C907EE98
:10BA1000835681042685158F2314E1020357A10460
:10BA2000998F2315F102EF40D15BAA894850EF604E
:10BA3000515883178102445063C4070863D5A7088F
:10BA40002C102685EFC01FEF1319050148502C104C
:10BA500013590901EFC01FEF134515001375F50FBA
:10BA60008347C40513F7270041C713F7170051E7B1
:10BA700039CD8547E395F9E8CA852285EFF04FF681
:10BA80008347C405858BE38C07E678483C4CD45C3F
:10BA900063F7E7086395D700B4406307D700DCDCA1
:10BAA000B8C02285EF60F17E8D476385F900A1471C
:10BAB000E397F9E48347C405F99B230EF40481B5A9
:10BAC0000545014971BF216905457D1951BF0547EC
:10BAD000E397E9E241677D1793E71700232A2405DE
:10BAE00038CC230EF404930500302285EF50312921
:10BAF0008347C405858BB5DF41B789476395F90056
:10BB0000232C240595BF8D476385F900A147E39554
:10BB1000F9F6930500302285EF50311FD1BF637ACB
:10BB2000F7006315D700B440E380D7F8D8DCBCC079
:10BB30008DBFC167FD176395F600B840E306F7F6C1
:10BB4000DCDCF5B7D547631DF90A2685EF40F148DF
:10BB50002A842685EF4051522A894850EFC0BFBF42
:10BB600083070500E39D07D81C54E38A07D8838721
:10BB70000700E38607D8A800EF101170B000B705E2
:10BB800008002285EF60A1488347C405A18B99C7AF
:10BB90008347510693E72700A302F10649468145F2
:10BBA0002285EF902149AA89414681452285EF905F
:10BBB0006148AA841306200381452285EF908147BE
:10BBC0005E28420541812314F1027E283306950048
:10BBD000B30535012315F1021E2C4206C2052316BA
:10BBE000F1023E2C4186C18528102317F102692BF2
:10BBF000145401473010AC004A85EF10316C01B38A
:10BC0000E147E31EF9CE2685EF40313D2A842685A3
:10BC1000EF4091462A8A4850EFC0FFB3834704059E
:10BC2000AA8A858BE38D07CCA800EF30C161B000F4
:10BC3000B70507002285EF60C1074C500356440446
:10BC400003188404DA290315A404FE298316640466
:10BC50003A96F084BE964297AA973008AC00528577
:10BC6000F485F886FC87EF30416313062003B7059F
:10BC700007002285EF90013CAA844946B7050700DA
:10BC80002285C204EF90013BC180269541461319DD
:10BC90000501B70507002285EF90C13902D002D215
:10BCA0006C4483A78181D695AA942E852EC682974F
:10BCB000B2452A860810EF10801EA8841359090186
:10BCC000C2042A99A885C18013065005AA94485039
:10BCD0008145E485231C2101EF90C13593140501B2
:10BCE0002810EF1071593010B70507002285EF605A
:10BCF00001328347B104C18063E6F90083574103F1
:10BD0000E38F97BE0147141030082C105285F5B50B
:10BD1000EF422FE92A841055485513070040814609
:10BD20008145EF100009584C5C50998F3385A7026C
:10BD300029853A956F402FE9EF42AFE60547138515
:10BD400041182386E190EF0070649387819011E59C
:10BD50008843EF20F0046F400FE78843EF20F004A2
:10BD6000DDBFEF428FE103A50191EF30B0051387EE
:10BD7000D1901C23AA8A1385411893C717001CA3CE
:10BD8000416AEF00B0602A84138901919389D190B0
:10BD90007D1A19E4EF3050022320A9006F406FE1B3
:10BDA000585C83C70900238601904983058B938BD8
:10BDB000C1906304F710858B139727008347E40332
:10BDC000ED9BD98F230FF40213F787000DEF585422
:10BDD000634BE002569763480702858B99EB1C483A
:10BDE00089CB22858297584C5C502A97AA9758CCC9
:10BDF0005CD01C4499C3228582978347E40393E770
:10BE00008700230FF4025C54D6975CD463CC0704FC
:10BE100018546353F70058D41C4C228582971C5049
:10BE2000AA856387A7005C4008D099C30840829721
:10BE300010545C5463C8C7028347E4035458898B89
:10BE40009DEF5A3C0DEBA5EAA28513854118EF0042
:10BE5000D04BEFF07FEE5C4499C322858297228518
:10BE6000EF00D07B83C70B00A9CB13854118EF00EF
:10BE7000F0512A8439BF630647017D175ABC5A3CEA
:10BE800079D3185C3307E04058D4E9DE89E71858C5
:10BE90003307E04058D40347E40393B717008607FD
:10BEA000759BD98F230FF40258505C4C14D458CC96
:10BEB0005CD050D845BFF1D741BFA285138541184A
:10BEC000EF00104E7DB7EF42CFCD930500041385F0
:10BED0004118EF00D03A37C500000146F945130577
:10BEE00025D6EF20404D23A4A190EFF0FFE4238658
:10BEF00001906F404FCDEF42CFCA930500042A84D2
:10BF0000EF1020359307401F1CD4930740065CD0E8
:10BF100085475EBCB7C70000938707D11CCC834719
:10BF2000E403232E040093E71700230FF4026F406D
:10BF30008FC9EF426FC5AA89138541182E8AEF0079
:10BF4000F0442A84014901E44A856F402FC7A28545
:10BF500013854118EF00D0441C40AA8A638437013E
:10BF6000639209025C4063844701631D0A00A28555
:10BF700013854118EF0070392285EF00306A0549BA
:10BF8000EFF09FDB5684C1B7EF42AFC14C41AA84AA
:10BF900081C50841EFF0FFF913854118EF00D04249
:10BFA00009C5EF30606123A8A19013854118EF0007
:10BFB000102E2A8411E101A013060004A685EF00CB
:10BFC000106E9C406393970000C083C7D190858B0F
:10BFD000139727008347E403ED9BD98F230FF402C7
:10BFE000858B8DC31C4889CB22858297584C5C5029
:10BFF0002A97AA9758CC5CD05C4089C7084019C1E1
:10C000004C4C8297EFF05FD322856F40CFBBEF425D
:10C010004FB92A8913854118AE84EF00303719E1F2
:10C020006F406FBA1C41639627015C41E38A97FE1B
:10C03000E5D8AA8513854118EF009036CDB7338631
:10C04000C5409357F6413D8E1D8E9307803E3306C3
:10C05000F602B357A6026373A60085073E85828069
:10C06000EF422FB42A8410554855130700408146EB
:10C070008145EF001054130700409306603B130600
:10C0800040388145EF00703D584C5C50998F3385A6
:10C09000A70229853A956F400FB3EF428FB02A84EB
:10C0A000105548551307004081468145EF007050F8
:10C0B000130700409306803B130620038145EF00E1
:10C0C000D039584C5C50998F3385A70229853A9511
:10C0D0006F406FAF58551C556344F700485182803C
:10C0E000484D8280831605000317450089472A21A1
:10C0F000158F3347F7029E21958FB6213385A640D1
:10C10000131607014182918F118DC2074205C18725
:10C1100041853305A502B387F7023307E702AA97E3
:10C12000B337F70013C5170082800EA132A156A1C4
:10C130007AA182801E21FD15BE954EA182803E21EE
:10C14000FD15BE956EA1828083170500031745007B
:10C150001D8F83176500031525000507898F850747
:10C160003305F70282801E21C205C1818D8F1EA179
:10C170005E2142064182BE953E214EA1918F3EA195
:10C180007E213E9672A182801E21C205C181AE979A
:10C190001EA15E2142064182BE953E214EA1B2976C
:10C1A0003EA17E213E9672A182809A211E22931684
:10C1B00007011398070113580841C1866353D8003B
:10C1C000BA87939807011EA1BA213E2293D808414D
:10C1D000931607011398070113580841C18663534A
:10C1E000D800BA87139707013EA1D6215E22418766
:10C1F0001398060113930701135303411358084181
:10C2000063536800B68713980701F6215EA17E226A
:10C2100013960601418693950701C185135808417D
:10C220006353B600B687939607017EA1C186014588
:10C230006346180133A7E6001345170082809A2150
:10C240001E22931607011398070113580841C1864F
:10C2500063D30601BA871EA1BA213E2293160701B5
:10C260001398070113580841C18663D30601BA87A2
:10C270003EA1DA215E229316070113980701135895
:10C280000841C1866353D800BA875EA1FA217E2295
:10C2900093160701139607014186C1866353D600A2
:10C2A000BA877EA18280839605000317050063C1CB
:10C2B000E614EF428F8C031C4500AA87411101450B
:10C2C000634FDC0083962500839A270063C95601DB
:10C2D000839C670063C5DC006346C00005454101DF
:10C2E0006F402F8D13190C0193990C01131A07013C
:10C2F0001359090193D90901139B0A01135A0A0121
:10C30000135B0B0178849387190013071900330717
:10C310004741B38767414207C20789464187C187C2
:10C320003347D702B3C7D7023A8463D3E7003E84CA
:10C3300093170401C1876353F6003284420441809D
:10C34000229B420B229A135B0B01420A931B0B01A7
:10C35000135A0A0193DB0B4101462800AE842316D1
:10C3600041012315510123177101353F19C5229A47
:10C37000231641015A9460872DA0B3898940C209D0
:10C3800093D909010146A6852800231531012317F9
:10C390009101113F01CD229A231641013384894036
:10C3A0006085A6852800EFF0FFD315BF33098940CB
:10C3B0004209135909010146A685280023142101C9
:10C3C00023168101CD3511C533098940231421017C
:10C3D000F1B70146A68528002315510123177101E5
:10C3E000D935E30D05EE330989402314210159B7EE
:10C3F00001458280031705008397450063C9E70262
:10C400008316450003970500814763C0E602831643
:10C41000250003976500634AD700831765000395DD
:10C420002500B3A7A70093C717003E8582808147E8
:10C43000EDBFEF327FF583190500839705004111A9
:10C4400063D6F900014541016F305FF7831725007E
:10C4500003972500E3C8E7FE03194500039745004D
:10C46000E34227FF031A650003976500E34C47FD8D
:10C47000B284054569DA2E8422856C0023163101C9
:10C480007C87EFF05FE25DDD26866C002285231657
:10C490002101EFF05FE15DD526866C002285231631
:10C4A000310123174101EFF01FE049DD26866C00C2
:10C4B000228523162101EFF01FDF71B7EF32DFEC89
:10C4C000031945000397050041116343E908031A66
:10C4D000650003972500AA8705456341EA02839911
:10C4E000070003974500634B3701839727000397A5
:10C4F00065006345F700B28409E6014541016F30EC
:10C50000FFEB2E8422856C00231631017C87EFF02F
:10C510009FD965F526866C00228523162101EFF050
:10C520009FD861FD26866C002285231631012317D2
:10C530004101EFF05FD771F126866C00228523164A
:10C540002101EFF05FD6134515001375F50F7DB788
:10C5500005456DB7C2054205C1814181939705012B
:10C5600013170501B706E1079386F681CD8F598D24
:10C57000B3F5D700758D930746000D8D8D87B307F2
:10C58000F5029583AE97F58F13D507015D8D8280F7
:10C590001397050193773500418381C70EA17D165E
:10C5A000090593170701BA97C14663E7C600060657
:10C5B0002A96631FC50082801CC15CC11CC55CC576
:10C5C0001CC95CC91CCD5CCD411613050502F1BF29
:10C5D0001AA10905F9BFEF32DFDC2E86AA850145D5
:10C5E000EFF05FF76F303FDE9307F00FB385F50292
:10C5F000130740063306F602B3D6E5023356E602C9
:10C6000093F5F60F1376F60F99E913552600935715
:10C61000360016051397B7005D8D598D828013077C
:10C62000F00F3305E502930680169307B0023355E9
:10C63000D502930650FD131805011358080133580D
:10C64000F802B307B7401378F80FB306D802AA96DA
:10C650001945B386A60293F6F60F3385D502B306C5
:10C66000D740B386B60221853305A740A186158F32
:10C67000B387C70291463305C502A18793F7F70F29
:10C680003307C70221851375F50F21871377F70F3D
:10C6900063E90605B7C602009386C6570A083698AE
:10C6A00083260800828632872A8613D537000E0734
:10C6B0000D827D891377077E1376F60F2E06498F3C
:10C6C0003365C7008280B2863E86BA873687F1BF5F
:10C6D000B2862A873E86B687C9BFB2863A863E872B
:10C6E000DDBF3E87AA87D1B7C94763F4A7000145DC
:10C6F00082809317150037C50200130505593E9532
:10C700000A218280C94763F4A70001458280FD1594
:10C7100093F5F50F9147E3EAB7FE95473305F50228
:10C72000B7C702009387875B2E9506053E950A21C1
:10C730008280C94763F4A70001458280FD1593F507
:10C74000F50F8D47E3EAB7FE0A052E95B7C702003D
:10C750009387876706053E950A218280EF327FC462
:10C7600091451385C128212E6F30FFC5EF327FC35D
:10C770002A844841AD441DC55C45A54485C70C408D
:10C7800082975C40AA84BE2381CB1C4491C7C847D2
:10C7900011C16925084459252320040023220400DF
:10C7A0002324040026856F301FC2EF321FBD4111C4
:10C7B0002A8499C223A006004840630E051203286C
:10C7C0000501630C0812835A250002C4B689B2849D
:10C7D0002E8A638B0A10032B840003298B00832786
:10C7E0000B00832BCB00636AF90A03274B006376A7
:10C7F000E90AC207C1833386FA004209131B060106
:10C8000013590901135B0B01330C2B41B307F9409A
:10C81000420CC207C183135C0C01B385FB00636C3F
:10C820009C0026865285A52D1C4426C4814A90472B
:10C83000B29484C715A0528562869525629A4840B5
:10C840000C4063F49A021C493800B3868441528636
:10C850008297AA8AE38A0AFC63850900A24723A07B
:10C86000F900568541016F30DFB41C49D686780047
:10C870005E8602C6829718442699330669415C4356
:10C880004206AA8A85071CC3B2464182B6975CC39A
:10C89000DE855285EFE0E11A75BF63F89A000C401F
:10C8A0003800A686528602986DB7639D0B005685A8
:10C8B000EF0010091C442326AB0083ABC700639331
:10C8C0000B0001A048400C4078001C49D6865E86CB
:10C8D00002C682971844AA8A268623202701B247D7
:10C8E0003E99232227016DB7B2862E860C40380070
:10C8F0000298AA8A95B7AD4AADB7A54A9DB75C41E3
:10C90000BDC7EF321FAA984F2A844111254509CF90
:10C91000B2862E86AE238DC585456387B60281CA51
:10C9200089456387B602014541016F30DFA9144490
:10C930008C4290C66365B600D442E3F6C6FE8146DB
:10C940000C403E850297CDB714448C462E96CDB749
:10C950000C4089463E85029761F948400C407000C2
:10C960005C4D829771F11C44324798C775BF2D45C5
:10C970008280EF321FA3AA841385C128012CAA85C7
:10C9800001E501456F303FA4884183070500E38B33
:10C9900097FE1385C1282924DDB7EF32FF9EBDCD58
:10C9A000AA8403850500B2892E84EFF09FFC2A89B2
:10C9B00025C95C4191E78327890089EB254421A0A3
:10C9C000829775F9054422856F305F9F83061400B6
:10C9D0001307A003930524006384E6009305140065
:10C9E0004E864A8582971307F5FFF55763ECE702F9
:10C9F0008357290023A2240188C00144E9D7414577
:10CA0000EF00007488C411E101A0C145EF0070047B
:10CA10009C447D5798C37957D8C375B72D4465B7E3
:10CA20000D4455B7314445B7EF32BF972A84EFE044
:10CA3000C1521307E0029306F0021306C00511E588
:10CA4000371503001305053309A8B307A40083872E
:10CA500007006396E700050522956F30DF96E381B6
:10CA6000D7FEE38FC7FC7D15D9BF81C51C41BE959C
:10CA700090C1828081C51C41BE95D0C182808D0548
:10CA8000F19923220500232405000CC18280EF3296
:10CA90005F912A84084121056525AA840DC5AA85D0
:10CAA00001462285EFF07FFC5040A6852285EFF0FD
:10CAB0007FFC4C4089C526862285EFF01FFB1C4475
:10CAC00044C091E304C426856F30FF8FEF327F8D21
:10CAD0002A8408412105AD25AA840DC5AA850146F1
:10CAE0002285EFF03FF91044A6852285EFF0FFF78D
:10CAF0000C4489C526862285EFF0DFF75C4004C42C
:10CB000091E344C026856F301F8C39C9EF327F898D
:10CB10001C4158412A84AE97639AE500CC430146F4
:10CB20004CC185ED232405006F30FF8918458443EF
:10CB3000639CE50004C581E423220500F5B70146A6
:10CB4000A685EFF03FF3CDB703A94700A6854A8637
:10CB5000EFF05FF22686CA852285EFF01FF1E9B774
:10CB6000828005C5EF32FF8344412A8499E06F300B
:10CB70009F851C40A6852285A69703A94700EFF054
:10CB8000DFF82685612CCA84D5B7828019C1484157
:10CB900082800145828019C10845828001458280DA
:10CBA0001C41BE95C84182801C41BE95884182804F
:10CBB000014701C55C41014799E33A8582801441F0
:10CBC0000507B697DC43CDBF854719C55841814756
:10CBD00001E71C4593B717003E85828093078016B6
:10CBE0003365F5026354050013058516B7C70200C7
:10CBF000930690059387077163C7A60006053E95C7
:10CC000003150500828042054181130765FA42073A
:10CC1000418363EDE6001307400B3305A74042054F
:10CC200041810605AA970395070082801307C5F482
:10CC30004207418363EAE6000607BA978A23330571
:10CC4000A040420541858280130780163305A74026
:10CC5000420541810605AA97D5B793070040898F01
:10CC6000B308A5020D433388F70293D8A800330612
:10CC7000C5021358A800330515033306060329819E
:10CC8000330666023305E5025182298132953386E7
:10CC9000D702B387070333061603A9833306660258
:10CCA000B387B70251823295A9833E95828081472E
:10CCB000635505003305A040854763D70500890704
:10CCC00093F7F70FB305B0401307D00263F4A50440
:10CCD000B385E502C10793F7F70FB3D5A50213F7A4
:10CCE000F50FD94663FDE602930690021335D7028D
:10CCF00063E3E60005059306500263E5E6000505DB
:10CD00001375F50F9306000263ECE6020505137533
:10CD1000F50F3DA03305E502B355B502C9B713358C
:10CD2000270095461345150063F3E6000505A54663
:10CD300063F5E60005051375F50FB946E3E8E6FC73
:10CD400013F707012E9509C71307A0053305A74060
:10CD500013F71700898B81CF11C71305450B4205C7
:10CD6000418182809307400B3385A740CDBF65DBAF
:10CD700093078016D5BFAA870147054519E2BA85F2
:10CD800082809376160099CA3307F702B386A5020C
:10CD9000BA963337F5023305F50236970586B38523
:10CDA000F50293961500B3B5F702B387F702B6956F
:10CDB000F1B76348B6006354C50263C8A500368561
:10CDC0008280635EA600E35CB5FE158FB307B540B5
:10CDD000B387E7020D8EB3C7C702BE96CDB7BA863A
:10CDE000F9BF09C69C4A85079CCA8280DC42850738
:10CDF000DCC29C46AE979CC6DC4663F3B700CCC64B
:10CE00008280EF320FDA37150020A165130585D92E
:10CE1000EF10F03623A4A1926F30EFDAB7070020AD
:10CE200093878721630CF50011C9EF328FD7AA854C
:10CE300003A58192EF10D03C6F30EFD882809386AB
:10CE4000013001479387013041468C426398A50029
:10CE50000E07BA97F823799BF8A382800507A106ED
:10CE6000E315C7FE8280EF322FD213840130814454
:10CE700013890130C149084009CDEFF03FFA93977B
:10CE8000340023200400CA97F823799BF8A32312C7
:10CE9000040085042104E39034FF6F302FD2937790
:10CEA000350013F73500639AE71263960714AA87D3
:10CEB000130700026360C71611476362C71A014770
:10CEC0006316E61A828094219387070293850502F0
:10CED0002380D7FE83C615FE0116A380D7FE83C626
:10CEE00025FE2381D7FE83C635FEA381D7FE83C6E8
:10CEF00045FE2382D7FE83C655FEA382D7FE83C696
:10CF000065FE2383D7FE83C675FEA383D7FE83C643
:10CF100085FE2384D7FE83C695FEA384D7FE83C6F1
:10CF2000A5FE2385D7FE83C6B5FEA385D7FE83C69F
:10CF3000C5FE2386D7FE83C6D5FEA386D7FE83C64D
:10CF4000E5FE2387D7FE83C6F5FEA387D7FE83C6FB
:10CF500005FF2388D7FE83C615FFA388D7FE83C6A7
:10CF600025FF2389D7FE83C635FFA389D7FE83C655
:10CF700045FF238AD7FE83C655FFA38AD7FE83C603
:10CF800065FF238BD7FE83C675FFA38BD7FE83C6B1
:10CF900085FF238CD7FE83C695FFA38CD7FE83C65F
:10CFA000A5FF238DD7FE83C6B5FFA38DD7FE83C60D
:10CFB000C5FF238ED7FE83C6D5FFA38ED7FE83C6BB
:10CFC000E5FF238FD7FE83C6F5FFA38FD7FEE36C63
:10CFD000C7EE01476317E6008280AA8713070002A5
:10CFE000FDB7B386E50003C80600B386E700050772
:10CFF00023800601C5B7B307F54091072A8711E2E0
:10D000008280942105078505A30FD7FE7D16E318BE
:10D01000F7FE79BD9441938707029385050223A00B
:10D02000D7FE83A645FE011623A2D7FE83A685FE62
:10D0300023A4D7FE83A6C5FE23A6D7FE83A605FF9D
:10D0400023A8D7FE83A645FF23AAD7FE83A685FF84
:10D0500023ACD7FE83A6C5FF23AED7FEA1BD944166
:10D060009107910523AED7FE711681BDB386E50009
:10D0700003C80600B386E70005072380060189B5CB
:10D080009377350091CBB307F540910711C60CA1FA
:10D0900005057D16E39CA7FE139705019397850070
:10D0A000BA97AE9713978501BA9713070002636981
:10D0B000C70011476362C7022A966313C5028280C4
:10D0C0001CC15CC11CC55CC51CC95CC91CCD5CCD48
:10D0D000011613050502E1BF1CC171161105D9BF68
:10D0E0000CA10505D9BFEF32CFAB714681452A842B
:10D0F000EFF01FF903A58192EF10D00AB7D5000019
:10D100002286938525DEEF10E07B1044A1671CC0CA
:10D11000930740063307F602930640063D833387A4
:10D12000E64018AC014711CA5844B387E702B3D7A9
:10D13000C702B387F64013F7F70F18BC6F30AFA8DC
:10D14000EF322FA6011119CDAA8503A58192EF1008
:10D15000D0052A8401E54800EFF0FFF8228505613B
:10D160006F306FA63704002013048421C5BFEF324F
:10D170004FA33704002099E5EFF05FCA130584211F
:10D180006F306FA4130784212E866316E5002E8569
:10D19000EFF01FFBF5B7AA8503A58192EF10500EA3
:10D1A000C5B759C59385013081467D5793870130B6
:10D1B0007D53C148139636003E9603586600137897
:10D1C0001800631A080203D845006366A8026318B2
:10D1D000A8007C22084293E717007CA28280631695
:10D1E000670013978601618739A0131637003E96B2
:10D1F0005222E368C8FE8506A105E39D16FBFD5596
:10D20000814641466308B7020E07BA97F823884360
:10D2100013671700F8A382807C2046A008C093E71C
:10D2200017007CA06F302F9A85066397C60001A077
:10D2300001458280EF32EF96139436003E947A20B7
:10D24000058B7DF3AA84AA850840EFF05FF269F5AB
:10D2500001A09377350089EF9307000263E7B702D7
:10D26000914763FBB70023200500F1151105D5BFD9
:10D27000B307F540910799E1AA953DA82300050061
:10D280000505FD15E319F5FEC1BF23200500232286
:10D290000500232405002326050023280500232A52
:10D2A0000500232C0500232E05008115130505021A
:10D2B00075B7230005000505E31DB5FE8280937751
:10D2C000350091EF13070002FD576368B7029147DD
:10D2D0007D5763FBB70018C1F1151105DDBFB3071A
:10D2E000F54091077D5781E5AA95FD572DA018A11E
:10D2F0000505FD15E319F5FEF1B71CC15CC11CC5A0
:10D300005CC51CC95CC91CCD5CCD8115130505022B
:10D310006DBF1CA10505E31EB5FE82806374D600B7
:10D32000B29588A182808280EF322F854111B68B21
:10D33000A6463A89AA8A13FC26002E8B328A064713
:10D34000964963140C0413F616006389090019C684
:10D350006315080093F5C60091C1FD1993050002FD
:10D360001305000331A03303F9002300A300850750
:10D3700063F4E700E399B7FE930500021305000389
:10D3800009C663F437016399B70213F6060125C68F
:10D3900013F606400DEA85CB6384E70063953703F7
:10D3A0001387F7FF05C34146F9176381C802894710
:10D3B0006387F80ABA873DA03303F9002300A3006E
:10D3C00085077DBF814741476390E80813F7060250
:10D3D00025E77D47636DF7023307F90013068007E1
:10D3E00010A385077D476364F7023307F90013062E
:10D3F000000310A3850713070002638AE700630296
:10D4000008063307F9001306D00210A385078D8A9A
:10D410005286D1C6BE843384C70022853306944029
:10D42000D1E063080C003304444133058A0063648F
:10D43000340941016F20FFF77D47E36AF7FC3307AA
:10D44000F9001306800569BF0947E39DE8F87D47A9
:10D45000E36FF7FA3307F9001306200651B7BA87CE
:10D46000D5BF13F6460011C63307F9001306B00204
:10D4700069BF13F6860041DE3306F90018A279B7BA
:10D48000DE86DA85130500023EC693041600829AF2
:10D49000B24726863307C400E36437FFA5BF338451
:10D4A0004741CDBFFD14B307990003850700DE8611
:10D4B000DA85829A9DB72A86DE86DA851305000210
:10D4C000829A05049DB7EF22DFED7971BE82964EF8
:10D4D00019E393FEFEFE13F30E406304030081473D
:10D4E00031C713FE0E021303100663040E0013036C
:10D4F0001004130F01018147A540130E63FF93032E
:10D500000002B37F070313F3FF0F63EFF00313036E
:10D51000030362031353834123006F0085073353D2
:10D52000070363650701050F639E7700064776C40E
:10D5300046C03AC2C28818081688EFF0FFDE45617F
:10D540006F207FE81A8775BF7293E1B77571A6DA0D
:10D55000CED6D2D4D6D2E6CAEAC8EEC63A8D86DE98
:10D56000A2DCCAD8DAD0DECEE2CC2ACA46C75D8FAA
:10D57000AE89328AB68ABE84CA4DFA4C19E393FC4E
:10D58000FCFE93F70C4099C3014C2DCB93F70C0292
:10D590001304100699C31304100413090102014C6B
:10D5A000A54B5914130B00024686EE866A85A685A4
:10D5B00042CE46CCEFC011199376F50F6205618516
:10D5C000E248724863CBAB0693860603E206E18627
:10D5D0002300D9004686EE866A85A68542CE46CCD3
:10D5E000EFC0215D050CE248724863E9B401639421
:10D5F0009D0063651D010509631E6C03EA475245E2
:10D6000066C43EC2DA471810D6863EC05286E2870C
:10D61000CE85EFF07FD1F6506654D6544659B659B0
:10D62000265A965A065BF64B664CD64C464DB64D7E
:10D63000496182802A8DAE8485BFA29641BFEF22C8
:10D640005FD30111AE8A328A368C3A89AA8989E57C
:10D65000B7D9000093896932416B81447D1BA94B86
:10D66000D1AE13075002050C6308E50013841400C3
:10D67000D2862686D685DDA181461306B002130523
:10D6800000021308300221A89307D002630FF702AB
:10D69000930700036311F70293E616002E8C03072D
:10D6A0000C0093051C006305C702E34FE6FC63040E
:10D6B000A70263050703130607FD1376F60F25453A
:10D6C0006367C506814DA5451DA093E62600F9B701
:10D6D00093E64600E1B793E68600C9B793E60601F4
:10D6E00075BFB38D7D032A8C938D0DFDB29D03060E
:10D6F0000C0013051C00130706FD1377F70FE3F268
:10D70000E5FE03060C001307E002631FE610830525
:10D710001C00254513071C00138605FD1376F60F24
:10D7200093E606406362C50E8148A5450DA8130621
:10D73000A002814DE317C7FC832D09009307490020
:10D7400063D60D0093E62600B30DB0413E892E8CC2
:10D750004DBFB38878032A87938808FDB2980306E3
:10D76000070013051700930706FD93F7F70FE3F281
:10D77000F5FE830707001306C00613041700638332
:10D78000C70C6346F60A130680066386C70C1306A9
:10D79000A006638CC70C3A840305040013074006F7
:10D7A000130C14006302E502634AA71013078005F7
:10D7B000630CE500634EA70A130750026309E538BE
:10D7C00013070005E314E5EA1377F5FD130680055A
:10D7D0004148630FC70013060005631AC714030608
:10D7E00014001307600593E606116313E6006284D4
:10D7F000830704001307000513F677FF6316E6148A
:10D8000093E60602CD9A89AA1306A0028148E39204
:10D81000C5F6832809001306490063D30800814830
:10D8200013072C003289B1B76287814899B7130674
:10D8300040076386C7001306A007E39EC7F493E67C
:10D84000061099BF03061700E31BF6FE93E60630A9
:10D850001304270091B7030617006305F60093E64B
:10D8600006081DBF93E6060CE5B793E606202DB724
:10D8700013072006E30AE5F413073006E318E5DE94
:10D8800013F42600630204242686854C0305090050
:10D89000D286D685130D4900930416008299630A37
:10D8A000041863F8BC19268613841400D286D68522
:10D8B000130500028299850CA284E5B713070007BF
:10D8C0006349A7001307F006E350E5F0130790063D
:10D8D000D5BD13075007E309E5EE13078007E305FD
:10D8E000E5EE13073007E313E5D8930749003ECA76
:10D8F000032D09004687639308007D573306ED002A
:10D900006A878305070099C16312E61C13F9064074
:10D910003307A7416305090063F3E800468713F462
:10D920002600BA8C6317041C338EE4406DAA93075B
:10D93000F0062148E30EF5EA930720060948E309BB
:10D94000F5EABD9A29486DB5130790066386E7008E
:10D9500013074006E398E7EA13F7064011C3F99A64
:10D96000130790066386E70013074006639FE708E6
:10D9700093F70620B1C71D09137989FF03254900D4
:10D9800083270900130D89001356F541B18F3387A2
:10D99000C740B345A600B3B7E7003386C54046C2CB
:10D9A00036C6C2886EC402C01358F501B307F640EC
:10D9B000D2862686D6854E85EFF05FB9AA8485A8E3
:10D9C00093F70610130D49009DC38327090013D751
:10D9D000F7413346F70036C26EC0FD833307E64099
:10D9E000D2862686D6854E85EFF0FFADC1BF13F7F0
:10D9F00006048327090001C7E207E187C9BF13F7BF
:10DA0000060871D7C207C187D9B7130760056394A9
:10DA1000E7048327090033069A40B3859A00D84368
:10DA200094434E851843130D49001139AA94130CE1
:10DA300014006A8903050C00E31505C2268663E419
:10DA400044011306FAFFD286D685014582992685C0
:10DA500005616F20DF9593F706208DC31D091379AB
:10DA600089FF0327090083274900130D890046C257
:10DA700036C6C2886EC402C001481DBF93F70610A7
:10DA8000130D490099C70327090036C26EC08147AC
:10DA900081BF93F706040327090081C71377F70FA7
:10DAA000EDB793F70608F5D333776701F9BFD28650
:10DAB000D68513050002829933069D00930C2D0034
:10DAC000050DE366BDFFD9B3014DFDB7050715BDD3
:10DAD00072CE46CCD2862686D68513050002829960
:10DAE000E248724E6687B304EE00930C1700E361C0
:10DAF000B7FF268621A8BA881307160046CE3ACC6F
:10DB0000D286D68582996247F2483A863307964094
:10DB10006A970305070019C5E30009FE1387F8FF9C
:10DB2000E39B08FCB2840DE0524929B7268613898D
:10DB30001400D286D685130500028299CA843387E1
:10DB40008400E365B7FFCDB73384CC40CDBF1384E9
:10DB50001400D2862686D685130550028299A284A7
:10DB6000D1BD397136D6B2862E86AA8537D500004A
:10DB70003AD81305C531781006CE3EDA42DC46DECF
:10DB80003AC6EFF0DFABF24021618280EF227F8165
:10DB90003687B2862E86AA8537D500001305C53193
:10DBA000EFF0FFA96F203F82EF22AFFFA145EFF01A
:10DBB0004FEA6F205F818317450063C20702EF229F
:10DBC0004FFE783185472A8463F5E7000841EFF07E
:10DBD000EFA4A1452285EFF0CFE76F20CFFE828032
:10DBE000EF228FFA03C441801389C19203270900F1
:10DBF000930724F993F7F70F2A8A9384418063707F
:10DC0000F702130414FB03A5C1911374040EA2853B
:10DC1000EFF0EFD51DC123AEA190232089008A200B
:10DC200083A7C1910505420541818AA091E301A026
:10DC3000AA97238847F96F206FF80145EDBF831736
:10DC4000450063C1070E7C31F1CF0547639FE700B4
:10DC50005C41C607C5836397B70C5E216177A30358
:10DC60000500F98F5EA105458280EF22EFF10329BF
:10DC70000500939427000147CA9493161700A696AF
:10DC80009622639CB6088946AE892A84639FD70290
:10DC900085477CB1A167FD1705E7B620F58F5620B3
:10DCA000C6076176C583F18ED58F5EA001EF83270D
:10DCB00049001CC04A85EFF06F9605456F200FF0B4
:10DCC0009620E9BF83270900EDB7FD171945338575
:10DCD000A702EFF0EFC629C57C3008C08146FD17CA
:10DCE00093F7F70F7CB001468A079A206301370348
:10DCF00093952600CA958C41131726002A970CC3CA
:10DD00008E20131716002A973E970EA3050678302B
:10DD100085068904E37BD7FC71BF0507E36FF7F441
:10DD2000014569BF014582808317450063D0070222
:10DD30001C41984301E781473E8582806396E50058
:10DD4000DC431CC28547CDBFA107E5B774318147CD
:10DD5000E5D6854763F4D70208411397260081472B
:10DD60002A9703580700639605018A07AA979C43E0
:10DD7000C9BF85070907E3E6D7FE75BF584181474C
:10DD800046074583E39AE5FA1C4165BFEF226FE140
:10DD90004111AE84D1452A8432C636C43AC23EC04F
:10DDA000EFF02FCB324604C082471247A24609E665
:10DDB00037C60000130606D110C454C418C85CC08E
:10DDC00041016F204FE0130770036300E50C6368A7
:10DDD000A70613075002630AE50A636DA7023947D5
:10DDE000930700106306E502636AA7008D4763028C
:10DDF000F50C9947630FF50A814719A8130700022C
:10DE00006301E50A13072002E318E5FE4177F98F65
:10DE10003E858280130710036309E5066369A70046
:10DE2000130790026303E50613070003F1BF13070E
:10DE30003003BD47E30EE5FC13076003F1B713079A
:10DE4000E0046304E5046364A702130760046369E4
:10DE5000A70013075004637AE502130740046DB767
:10DE600013077004E304E5FA1307D00471BF130726
:10DE70005005E30DE5F8636DA70013072005E307E0
:10DE8000E5F893073005E319F5F69307F00F49B766
:10DE900093077005630AF500E369F5FE9307200612
:10DEA000DDB7C167FD17ADB7B7070300938707CF8D
:10DEB00085B78967C5BF6831133515008280118128
:10DEC000420541819377850199E37D8982801D45D3
:10DED00082808317450063C90710EF22EFCAAE8422
:10DEE0006C31854732892A8463F0B70A084113965A
:10DEF00025009387F5FFFD561397170032972A9751
:10DF00001A23631897008A07AA9723A027016F2076
:10DF1000EFCAFD17E392D7FE85059947B385F50251
:10DF2000EFF0EFA46DD57830795608C0931627002E
:10DF3000931517003307C702AA96B387B600639DEF
:10DF4000F6027C30850793F7F70F139717007CB024
:10DF500079178A07BA97AA9786A37C308A073E95D5
:10DF6000232E25FF2685EFF09FF585473395A700E3
:10DF70007C205D8D68A061BF3306F7002E960356A6
:10DF8000E6FFF917D2A365BFA169FD196392F504F5
:10DF90005C41B3F73701C207C1836394970010C097
:10DFA000BDB73145EFF0CF993DD17C30144008C06A
:10DFB000850793F7F70F7CB058408A07AA97B37983
:10DFC000370123903701A6A314C12322250159BF8D
:10DFD0007CB15E216177B3F93401F98FB3E9370180
:10DFE0002312350110C0BDBF828041677D17AA870B
:10DFF000630CE502014595CB1307F0066369F70052
:10E0000037C502001305857C3E950821828003A751
:10E01000C191014519CB83A6C192938707F963F695
:10E02000D700BA97882382803D458280EF226FB760
:10E030002E868545EFF0FFE96F20EFB8EF226FB62F
:10E040002E868D45EFF0FFE86F20EFB7EF226FB51A
:10E050002E869145EFF0FFE76F20EFB6EF226FB409
:10E060002E869945EFF0FFE66F20EFB5EF226FB3F4
:10E070002E86A945EFF0FFE56F20EFB4EF226FB2D7
:10E080002E86AD45EFF0FFE46F20EFB3EF226FB1C6
:10E090002E86C145EFF0FFE36F20EFB2EF226FB0A5
:10E0A0002E86C545EFF0FFE26F20EFB1EF226FAF94
:10E0B0002E86C945EFF0FFE16F20EFB0EF226FAE83
:10E0C0002E86CD45EFF0FFE06F20EFAFEF226FAD72
:10E0D0002E86D145EFF0FFDF6F20EFAEEF226FAC61
:10E0E0002E86D545EFF0FFDE6F20EFADEF226FAB50
:10E0F000139605014111418293050002231001008E
:10E10000EFF03FDD41016F200FACEF228FA92E868B
:10E1100093051002EFF0FFDB6F20EFAAEF226FA84C
:10E12000139605014111418293052002231001003D
:10E13000EFF03FDA41016F200FA9EF228FA62E8664
:10E1400093058002EFF0FFD86F20EFA7EF226FA5B5
:10E15000139605014111418293050003231001002C
:10E16000EFF03FD741016F200FA6EF228FA32E863D
:10E1700093051003EFF0FFD56F20EFA4EF226FA2FD
:10E180002E8693052003EFF0DFD46F20CFA3EF227C
:10E190004FA12E8693053003EFF0BFD36F20AFA2BF
:10E1A000EF222FA02E8693054003EFF09FD26F2021
:10E1B0008FA1EF220F9F2E8693055003EFF07FD1A2
:10E1C0006F206FA0EF22EF9D139605014111418250
:10E1D0009305600323100100EFF0BFCF41016F20D2
:10E1E0008F9EEF220F9C2E8693057003EFF07FCE5B
:10E1F0006F206F9DEF22EF9A2E8693058003EFF03C
:10E200005FCD6F204F9CEF22CF992E86930500049F
:10E21000EFF03FCC6F202F9BEF22AF982E86930517
:10E220002004EFF01FCB6F200F9AEF228F972E86DE
:10E2300093053004EFF0FFC96F20EF98EF226F963F
:10E2400013960501411141829305400423100100FA
:10E25000EFF03FC841016F200F97EF228F942E8679
:10E2600093055004EFF0FFC66F20EF95EF226F93F8
:10E270002E8693059004EFF0DFC56F20CF94EF2238
:10E280004F9213960501411141829305D00423104A
:10E290000100EFF01FC441016F20EF92EF226F9059
:10E2A0002E8693050005EFF0DFC26F20CF91EF229D
:10E2B0004F8F2E8693051005EFF0BFC16F20AF90F2
:10E2C000EF222F8E139605014111418293052005FF
:10E2D00023100100EFF0FFBF41016F20CF8EEF222E
:10E2E0004F8C13960501411141829305500523106F
:10E2F0000100EFF01FBE41016F20EF8CEF226F8A0B
:10E300002E8693057005EFF0DFBC6F20CF8BEF22D8
:10E310004F892E8693059005EFF0BFBB6F20AF8A23
:10E32000EF222F882E869305B005EFF09FBA6F205D
:10E330008F89EF220F872E8693050006EFF07FB9B5
:10E340006F206F88EF22EF852E8693051006EFF081
:10E350005FB86F204F87EF22CF842E86930530065B
:10E36000EFF03FB76F202F86EF22AF832E86930505
:10E370004006EFF01FB66F200F85EF228F822E86AA
:10E3800093056006EFF0FFB46F20EF83EF226F81FB
:10E390002E8693058006EFF0DFB36F20CF82EF2249
:10E3A0004F80E1451385412FEFE06FED0547238056
:10E3B000E1946F204F81EF12DFFE2A89411113850E
:10E3C000412F2EC6B284EFE08FECB24511E101A0DF
:10E3D000FD571CC95C290CC123242501F99B5CA9AC
:10E3E0002A84EF10601D054748C044C42384E1948B
:10E3F000228541016F103FFDEF12BFFA2A84AA85E2
:10E400001385412FEFE06FF005472285A384E19447
:10E41000EFE0DFA06F103FFBEF12BFF59387019392
:10E4200098234111054409EB054798A383C901943A
:10E430006398090023800700228541016F103FF790
:10E44000EF10801713890193AA8A11E993874194E9
:10E45000984393064006050763EEE60898C3628A70
:10E460001385412FA384019423840194EFE00FF2DC
:10E4700023A2A192938C9194138D819483A54192B0
:10E48000ADED1385412FEFE06FF0AA857D546392C7
:10E49000050E5685EF100013138741931C43938498
:10E4A00041933E9508C303A5C1939389C193EF108F
:10E4B00060119307301F63FCA7029C4013074006BE
:10E4C000B307F70233D5A70281471375F50F6368C9
:10E4D000A700930740063385A7409377F50F238C59
:10E4E000F19223A00400EF10200D23A0A900230027
:10E4F000090099B723A007009DB71385412FEFE0CE
:10E500002FEA03A44192AA8D5C28858B81C723A2A0
:10E51000B193ADB74840EF10E00A184081476364FB
:10E52000E50218486355E0009307F7FF1CC83AC698
:10E53000EF108008144448C0CE8791C6324701C707
:10E5400022858296CE8703C70C0001EB184811E79D
:10E5500022853EC6EFF05FEAB247D5DB83470D0068
:10E5600081E783C70C00C5D783A74192E39A07EEE2
:10E5700009BFDC29858B99EFC8412EC6EF108004B6
:10E58000B245814798416374E500B307A74063F340
:10E5900087003E841385412FEFE08FE0AA85C5BD3B
:10E5A0005C2993E717005CA982805C29F99B5CA930
:10E5B0008280EF121FDF2A84EF1000001C4093C7F7
:10E5C000F7FF3E9548C06F101FE05C41F19B91E35F
:10E5D00001A03E9511058280EF12BFDC2A84EFF086
:10E5E000DFFE00C16F103FDEEF12BFDB2A84EFF0C9
:10E5F000DFFD5C41F59B5CC15C40F99B5CC06F102A
:10E600009FDCEF121FDA3304B50011049307B40046
:10E6100013078400F19B6303F70001A05841719B2D
:10E62000B306B7401386C6FFAE966383E60001A02B
:10E630005C402D478D8BD18F5CC0F19B6363F700ED
:10E6400001A05C418D8BDD8D4CC12285EFF0DFF8A0
:10E650005C4193E727005CC15C40228593E717008B
:10E660005CC06F105FD68280DC4591E301A09845C5
:10E6700011E301A05CC798C793175600B6978A07A5
:10E68000AA9703A887036318B80298DF6315E50209
:10E69000131726002A974C4B8547B396D70093C68D
:10E6A000F6FFED8E54CB81EAB397C700104993C7AC
:10E6B000F7FFF18F1CC98280EF12BFCE9307F007DE
:10E6C00041112A8463EAA70013542540014588C1FB
:10E6D00000C241016F103FCF32C62EC4EFB0814659
:10E6E000E947898F3354F400E54713440402338526
:10E6F000A7403246A245E1BFEF12BFCA2A84C841F3
:10E700004111AE8470002C007199EFF0FFFA22479E
:10E71000B24593175700AE978A07A297945F91E28C
:10E7200001A094C4C0C4C4C69386B40013868400F8
:10E73000F19A6303D60001A084DF1448854733961D
:10E74000E700D18E0A0714C83A945848B397B70027
:10E75000D98F5CC841016F101FC7DC4113F7170048
:10E7600011E301A0F19B1307060163EAE702EF1230
:10E770005FC32E844111B285AA842285EFF07FE821
:10E780002AC62285EFF05FE5B2452685DC4193E796
:10E790002700DCC1EFF05FF641016F10DFC282801D
:10E7A000EF123FC0AA84C84141112E8470002C0092
:10E7B0007199EFF07FF0B2462246A2852685EFF0F0
:10E7C000BFEA41016F103FC0EF12BFBD2A892E85FD
:10E7D0002E84EFF09FDF11E101A05C41AA84858BBC
:10E7E00095C75C40F19B91E301A0AA854A85EFF0B3
:10E7F0003FFB58409377C7FF91E301A0DC4011072E
:10E800002285F19BBA975CC0EFF01FDD22856F1067
:10E810009FBBEF121FB9411102C402C691E501442A
:10E82000228541016F103FBA9307F0072A89AE8411
:10E830002E8563FCB700EFB0E130E9473385A74090
:10E8400085473395A7007D15269570002C00EFF0C5
:10E85000BFE62244A147E3C487FC930644008A062E
:10E86000B247CA96C8427D57B317F7007D8D1DE1A8
:10E8700003250901050433148700618D4DD1EFB0E4
:10E8800061251304F5FF0D050A054A95484122C488
:10E8900011E101A0EFB001249306F5FF9317540096
:10E8A000B697B1078A07CA97804736C62DD85C400D
:10E8B000F19B63F3970001A02246A2854A85EFF001
:10E8C000BFDAB9BFEF12FFAD3289AE8489E5B7E494
:10E8D0000000938464661304C5FF09C45040937517
:10E8E000C6FF99E16F103FAE1346F6FF1305840093
:10E8F000CA86058A82942285EFF03FCD2A84F1BF33
:10E90000EF123FAA93F7350095EB6116719AA16754
:10E91000130746FFD11763E3E702136616009384DB
:10E92000C5FF90C12E84A685EFF01FDD2685EFF090
:10E93000BFCA89475CC122856F10FFA80144E5BFAB
:10E94000937735002A8795EB08C548C5232805002D
:10E9500093074501930585031308000223A00700D0
:10E960003A86814608DE85061106E39D06FF91077B
:10E9700013070708E394B7FE828001458280EF12F7
:10E980005FA24111AA842EC6EFF09FFBB2452A84F4
:10E99000138685B49385844BEFF09FF62285410161
:10E9A0006F107FA21305854B8280EF129F9F41114C
:10E9B000AA842E8691CD138635009377C6FF2167F2
:10E9C000014663F7E7003E86B1476373F6003146C0
:10E9D000B285268532C6EFF0DFE32A8405C13246D0
:10E9E00011E201A0AA852685EFF03FD72285EFF03E
:10E9F000BFBF1305840041016F10FF9C0145E5BFB7
:10EA0000BDCD83A7C5FF858B91C301A0EF127F9970
:10EA1000138485FF2A892285AE84EFF0FFBB5C4119
:10EA200093E727005CC183A7C4FF93E7170023AED9
:10EA3000F4FE898B9DCB03A484FF11E001A05C4010
:10EA4000858B91E301A0A2854A85EFF07FD55840E0
:10EA50009377C7FF91E301A083A7C4FF2285F19BB1
:10EA6000BA9791075CC0EFF03FB7A2854A85EFF0F7
:10EA7000BFD5AA854A85EFF03FC86F10DF9482802A
:10EA8000EF129F90328481C901EEEFF07FF7014AC7
:10EA900052856F10BF92B285EFF03FF12A8ACDBF49
:10EAA000138B85FFAA8A5A852E89EFF01FB2930730
:10EAB0003400F19B21678329C9FF814463F7E70094
:10EAC000BE84B14763F3F400B14493F7190091C3D6
:10EAD00001A093F9C9FF63F699045C4113F717008D
:10EAE00019C7F19B13874900BA9763F59702A2856E
:10EAF0005685EFF09FEB2A8A41DD228663F3890079
:10EB00004E86CA855285EFE08FB9CA855685EFF0EB
:10EB10003FEFBDBFDA855685EFF01FCB5A85EFF08A
:10EB2000BFAC8327C9FF13F7170011C301A0F19BE6
:10EB3000138704014A8AE3EDE7F4A6855A85EFF0CE
:10EB40005FAC5C41AA85F59B5CC15685EFF0DFC7E1
:10EB5000AA855685EFF05FBA25BF8307050063D904
:10EB6000070213F7070E9306000C09456303D7024B
:10EB700013F7070F9306000E0D45630CD70093F7AC
:10EB8000870F1307000F01456395E7001145828049
:10EB900005458280411102C691E16C0003A8050081
:10EBA000B3070501838707001307180063C6070032
:10EBB00098C13E854101828093F6070E1306000C32
:10EBC0006397C60298C12A970307070093060008B7
:10EBD0001376070C6304D6008147E1BF9A071377C9
:10EBE000F70393F7077CBA9713072800D1B793F67A
:10EBF000070F1306000E6397C60498C12A97830671
:10EC000007001307000813F6060CE317E6FC1307CA
:10EC1000280098C12A97030707001375070CE31D06
:10EC2000C5FA3D65B207E98F13F5F60F85661377D0
:10EC3000F7031A05938606FCBA97758DAA971307F2
:10EC40003800BDB793F6870F1306000F98C1E39500
:10EC5000C6F82A9703060700130700081373060C6B
:10EC6000E31CE3F61307280098C12A9783060700E0
:10EC700093F8060CE39268F6130738003A9598C1AA
:10EC8000030705001375070CE31815F537051C007D
:10EC9000CA07E98F1315C60037F60300718D5D8D25
:10ECA00093F7F60F85669A07938606FC1377F703AA
:10ECB000F58FBA97AA9713074800DDBDEF12CFEC86
:10ECC00041112A89014481446387B40033058900D6
:10ECD0008307050089E7228541016F102FEE83A786
:10ECE00081812EC68297B24511E105452A9485049B
:10ECF000E1BFEF126FE941112A89AE8402C60144D7
:10ED0000B24763E69700228541016F102FEB83A77E
:10ED100001816C004A8582970504DDB7EF126FE828
:10ED20004111AA8402C60144B247A697838707000F
:10ED300089E7228541016F100FE983A701816C00EB
:10ED4000268582970504CDB79307F00763FCA708D3
:10ED50009307F07F411163E1A70293576500137594
:10ED6000F50393E707FC136505F85C86C88623174F
:10ED70000100324541018280C1676376F5029357F5
:10ED8000C50093E707FE5C869357650093F7F7038A
:10ED90001375F50393E707F8136505F8DC864887D4
:10EDA000A3070100F9B7B7071100637BF50293577A
:10EDB000250193E707FF5C869357C50093F7F70398
:10EDC00093E707F8DC869357650093F7F70313750D
:10EDD000F50393E707F8136505F85C87C88751BF0B
:10EDE000014549BF8280EF12CFDB9C410111AA840B
:10EDF000FD179CC11144884183A781812EC62695A9
:10EE00008297B2459C4101ED99C7FD177D149CC1C5
:10EE10001374F40F6DF0014505616F10CFDA3ECE2B
:10EE200083A701816C0826858297FDB713073002FE
:10EE3000AA870145639DE500982309E7054798A344
:10EE4000054531A085466310D7022380070094232F
:10EE500005476399E6001307000205456394E50042
:10EE6000094798A382808946E313D7FE23800700D1
:10EE7000C1BFEF120FD039712EC232C82A8DB68DA4
:10EE8000BA8419C3231007000145630B0D02030761
:10EE90000D001DC712470DC713F767000DC70145C9
:10EEA0002947B54611A00505B307AD0083870700C4
:10EEB0006386E71E6384D71EFDF799C0FD579EA0A9
:10EEC00021616F10CFCE13F727003ACA01C78966B8
:10EED000938DF6FF858B096737DB02007D173ED4E3
:10EEE00093078B83A309010202DA81493AD23ED605
:10EEF000D2573309FD003EC483070900638A071611
:10EF00006358B017D2476EC699C392573EC683A7BF
:10EF1000018102DC02DE2C184A858297E2576D7669
:10EF2000AA8B3EDE9307062015663ECE9307561A3F
:10EF300001447D5B02C0014C814C814A138A0181EE
:10EF40003ED0330659010306060011EA7D576303DC
:10EF5000EB0CA247DA8AE1CB0144814AE9A00326FF
:10EF60000A006C184A8502968247AA8C85073ECC17
:10EF7000A25791CFDE8513053103EFF03FEB01C9B6
:10EF80007256E247E25AE68B32DC3EC05DBF124564
:10EF90006686DE85EF000070330785014205420773
:10EFA000418541836356A000C2473E974207418393
:10EFB000131C07017D56135C0C416319CB00C2473B
:10EFC0003306FC40B24763D3C700568B2946638D96
:10EFD000CB023546638ACB02F2473386FB00825769
:10EFE00063F4C7020146B257B305F60083850500F6
:10EFF00091E5FD57E316FBF8628459B76386BB00C1
:10F0000005061376F60FC5B7E3920AF47D56E312B0
:10F01000CBF46284824799C735476396EB00294752
:10F020006393EC00E25A42044180B3868D404E94D3
:10F03000939D06019319040193DD0D4193D9094174
:10F04000525763870A0203060D00B387EA003EDACF
:10F05000A945630FB6003547630CE6003306FD0093
:10F06000030606006304B600E314E6E885073EDA0B
:10F07000D25795E383A701814C186A858297AA85A8
:10F0800081CC1245014639259319050193D90941CF
:10F090002390340111A0EDFC52551DB5050531BD7D
:10F0A0002DC125C2EF124FAE2A84328532892E8AB5
:10F0B000EFB0B16AAA8415C92285EFB0116A83A79F
:10F0C0008180B3099500D285228582973387A40079
:10F0D00063FFE90081473307F90014233387A70052
:10F0E000229714A38507E398F4FE6F102FADB38722
:10F0F0009940A29783860700B3073401FD1994A3B2
:10F10000C1BF828021C9EF122FA84111328A2A84FF
:10F110002EC613898180EFB0516483270900B24560
:10F12000AA892285829783270900AA84D2852295FD
:10F130008297B389A94063F5990041016F100FA828
:10F14000B387A400A29703870700B3079400850440
:10F1500098A3D5B78280EF122FA34111AE862A86DD
:10F160002A89AE8901458145EFE05FA2930515002C
:10F170002A842E852EC6EFD0BFFCB24511E101A036
:10F180002A9423000400CE864A86AA84EFE01FA0BA
:10F19000268541016F108FA2EF120F9F138401810A
:10F1A0001C404111AE89B6852A89B28436C6829741
:10F1B00023A0A900814701C9B2461C40814588426D
:10F1C0004A958297AA879CC041016F102F9FEF122A
:10F1D000AF9B4111014409C901CA8307050089C7D2
:10F1E00002C2A3010100A9E9228541016F100F9D10
:10F1F000540070002C004A85EFF01FFA99C4A24514
:10F2000013053100EFF09FC211ED3246A24556853D
:10F21000512193170501C1876356F0004E942A943B
:10F22000420441849247E3E547FDE35F80FA3304FB
:10F230003441420441844DBFB689B28A2E8A2A895C
:10F24000014493741700F9BF231005002311050032
:10F25000D5C9EF120F924111328A21CEBE8A93771F
:10F2600028002A84AE8B368CBA8D99C3896AFD1A20
:10F27000031B8A008149216D93140B01C180B38C5B
:10F28000B40133893B01830709009DE7638E0900C0
:10F290008307F9FF29476385E70035476396E70051
:10F2A0003E20EE94BE9426A00317240021EB2311E8
:10F2B000640141016F10AF8FC287D2850147D686A6
:10F2C00062864A8542C6EFF0DFBA83172400AA851A
:10F2D000AA99E697E3FFA7FD32483EA0E28642875F
:10F2E00052864A85EFF0BFEE1E2032481397070181
:10F2F00041876353A700AA871EA061B73307B741B0
:10F300003AA045BF8280EF122F884111AA892E8929
:10F3100019E2014415A8935416003384D4024E8593
:10F3200036C43AC232C64A94A28502971247A24610
:10F33000635BA00032463309D4001346F6FF058A0A
:10F34000918C2686F1B775FD228541016F100F87DC
:10F35000EF122F859305C0042A84EFD09FEFB707E3
:10F36000F000938707141CC0FD575CC01C48017750
:10F3700013077703F98F116713078710D98F1CC8FC
:10F380009307007E5EB8B7870100938787785CDCBF
:10F390003CC09307C003232404007CC06F10AF82DD
:10F3A000EF122F804111AE84F1452A8432C636C453
:10F3B000EFD03FEA3246A24604C050C004C454C451
:10F3C00041016F104F80EF023FFCAA844111138569
:10F3D0000120EFD0CFEB11E101A09C5C2A8489EFE2
:10F3E000E840EFD0FFD52A8911E101A0DC5CAA85B5
:10F3F0002685829723AC2403930580152285EFD0C0
:10F400005FE5377502009387C19404C02286F945F1
:10F41000130505AC83A9070080C3EFE0DFF948C0FE
:10F420001389C19411E101A09C4813F7270009CF6B
:10F430000397040003962400D4443307C702D4463C
:10F4400063F4E600F59B9CC8FD57A304F402FD5746
:10F450003EB4EF70504141ED1545EFD0EFA8AA85BD
:10F4600001452EC6EFD04FA8B245370703002A86C4
:10F47000130707CF81462285EF60C03208C40145DB
:10F48000EF20E10608C80145EF20610648CC0145A0
:10F49000EF20E10508D0484CB70410001386F4FFB4
:10F4A0008145EF60A10C08501386F4FF8145EF60A1
:10F4B000E10B484C8945EF20810C08508945EF202D
:10F4C000010C484C8145EF40E16108508145EF4017
:10F4D00061610848EF30E15B638E09002320390148
:10F4E0004840EFF00F8D228541016F003FEDEF7036
:10F4F000503669B723208900E5B703A5C1948280FF
:10F50000AA8709E583A7C194014585C39843854629
:10F510001C4B91838D8B6385D7008D466395D700F7
:10F52000031527008280031507008280AA8709E55A
:10F5300083A7C194014585C3984385461C4B91839D
:10F540008D8B6385D7008D466395D7000315070023
:10F55000828003152700828011E503A5C1949307DB
:10F56000200811C51C419C4B9D8393F7F73F3E85B6
:10F5700082805C4523A8070023AA07008280EF024F
:10F580005FE2AA851385012089E5EFD02FE06F00A7
:10F590009FE3EFD0EFE0E5BF1C41C8478280EF0258
:10F5A0005FE0AA851385C12D89E5EFD02FDE6F00BE
:10F5B0009FE1EFD0EFDEE5BFEF02BFDEEF009FFD82
:10F5C0006F007FE0EF02FFDD2A84EF00BFFC018DBA
:10F5D0006F007FDF11E101A0EF02BFDC5C41829789
:10F5E0006F007FDE11E101A091E101A0EF02DFD900
:10F5F000B68AB2842E842A8A23A005002A898149EA
:10F6000083270900D6862686A2854A85829719C94E
:10F610007C24C18B89E7232024016F003FDA6393A8
:10F620000900CA8903294901E31C09FC638D09000B
:10F6300083A70900D6862686A2854E858297054532
:10F6400023203401D9BFFD4703178A0063FB9700CD
:10F65000C1679387F78F6386F4008967B107639268
:10F66000F402232204007C24232004001AA4819B9A
:10F6700093E7170123150400231604007CA4014519
:10F6800069BF8947B347F702C207C1837EA08907D4
:10F690005EA0D1BF11E101A0EF02BFD04111B2863F
:10F6A0002E868A85EFF01FF4288241016F00BFD1BA
:10F6B0001C2198216385E7003385E740828008316B
:10F6C0009C311D8D82801E219A216385E700338540
:10F6D000E74082802A21BE211D8D82800A219E2141
:10F6E0001D8D8280EF025FCA032905004111832628
:10F6F000490181C69C426383B70203552901014633
:10F7000051481375F51F93170601C18363EDA700D8
:10F71000014491C68CC223A2060011A0C0422285DA
:10F7200041016F00BFC9B30906038327890005069D
:10F73000CE97984383D847003387E540E3E5E8FC5C
:10F74000B42B0946AE84639AC600E2233A94832719
:10F750004901F1D784C3C0C3D9B791E6D4473697DE
:10F760000023EA230DA80D466399C6027887922BE1
:10F770008C4737F700001307C76D89461305E10072
:10F78000EFF07FB8014461D583278900CE97804789
:10F79000018DE22305852A945DBF05460144E39867
:10F7A000C6FA7887922B8C4737F700001307C76D8E
:10F7B00089461305E100EFF01FB551D98327890071
:10F7C000CE979847198DD8473A95022159BFA5473A
:10F7D0006388F50081E90145828001456F00BFBE65
:10F7E00093050002EF02FFBB00494105EFF09FEFD8
:10F7F0006DD53E287177F98FEDF35C400E053E958F
:10F8000008411C40320531813E95C9BFEF02DFB788
:10F81000A54701112A89AE896308F60051EA01441F
:10F82000228505616F009FB9054413060002930A03
:10F830000901B285568536C683240901EFF09FEA97
:10F840002A8A71DDDC44B246B5E701479E28C840EC
:10F850000E0AB387E702529518415183918711C070
:10F860000607A107BA9791832392F9005C3123948C
:10F87000F9005C212393F900939607018307650043
:10F88000C1822395F900830775002396F9009C48EF
:10F89000E58313F7F70083C7E90093F7070ED98FC5
:10F8A0002387F90069CC939716002393F9008DBF45
:10F8B0000144B5BFD9DAB6855685EFF0BFE251D520
:10F8C000032709010329C7003A2B832789009316D0
:10F8D000270163C00608370600C0F18F95EF0326A5
:10F8E0008900832A0900220552950A0637F700008D
:10F8F000E8861307076B89460982D6856808EFF00A
:10F900009FA0014721D5330555410585832749002F
:10F910003E95030705001DBF37070040E397E7F258
:10F92000832A09000326890042055295FD1737F7FF
:10F9300000002ACE1307676C91467D8ED685680835
:10F94000EFF07F9C0147E30305F03305554109853E
:10F9500075BF0327490052971823E30807EEAA97BB
:10F960009423E38406EE8347D9007D173307F7021B
:10F9700083270900B6973E970307F7FFC1BD0544EB
:10F9800045B58280EF02FFA141112E852E84EF60E4
:10F99000A150AA84EF20F1612AC62685EF2071626A
:10F9A000B2452A862285EF20714585452285EF8064
:10F9B000B0492285EF10B133039681958964938510
:10F9C00044062A89EF2091434A858145EF80D0473C
:10F9D0008946094681454A85EF80904C2285EF1083
:10F9E000113185452A84EF80905093854406228505
:10F9F000EF20513A41016F001F9DEF029F9A096667
:10FA00002E8413064606B2852285EF20313FB705C6
:10FA10000100814601469385E5A32285EF00715FD1
:10FA2000228593050008EF10512E22858D45EF4069
:10FA3000C1118D452285EF40A1136F00DF98EF02C1
:10FA4000BF944111AA84EF00D1592A842685EF0082
:10FA5000D158A947631DF4082A89EF209157AA8439
:10FA60004A85EF20715AAA896C004A85EF40A14966
:10FA7000894733C7F4020314C100420741873A940F
:10FA800033449402B3C7F902330494028314E100AF
:10FA9000C207C187BE94B3C4340342044184B38413
:10FAA00034038149C204C1844A85EF60414263E462
:10FAB000A9003D440DA8CE854A85EF60813E2A8A83
:10FAC000EF20B144AA8A5285EF2091486314540371
:10FAD0006392A402232249030146F1454A85034467
:10FAE0004A02EF00F14BA2854A85EF40C102410175
:10FAF0006F00DF8C85094DBFEF021F8941112E85F4
:10FB00002E84EF606139096613064606B285AA891C
:10FB10002285EF20B12E2285EF30B1374E85EF20C0
:10FB2000514B1389C1958325090093844196B38570
:10FB3000A5024E85C205C1852EC6EF20F14C90402E
:10FB4000B2453306A602228542064186EF20B12245
:10FB500083C501969840832709002302B402D98FF8
:10FB600081E74E85EF30317B41016F003F85EF0229
:10FB70005F8383C7C5022E84B18B85EF8347C402A0
:10FB80008D8BB1EB4850EFD06FA9232204026F0098
:10FB90009F8313992400CA9788438504EFD00FA848
:10FBA0005C50CA9723A007001A345C50E3E3E4FEDC
:10FBB000F1B78144D5BF13993400CA9788438504AF
:10FBC000EFD0CFA55C50CA9723A007001A345C5031
:10FBD000E3E3E4FE45BF8144D5BFEF02EFFA83C7FC
:10FBE00081960947AE842386F502638AE70E636B2C
:10FBF000F70C05478145638EE70C89691386490632
:10FC0000B2852685EF20911F2685EF50BFBB2A893C
:10FC10002685EF10D10D2A8485454A85EF60CFB443
:10FC20001145EFD0EFD1B717030093870733C8D042
:10FC30001CC1AA854A85EF50DFBAB705010081468D
:10FC40007146938505F24A85EF00B13C91654A857E
:10FC5000EF10B10BB7050100814601469385E5E43D
:10FC60002285EF00113B81452285EF30B16783C7C4
:10FC7000C4021147638AE7066365F706FD1793F729
:10FC8000F70F05476374F708EF00515501C5CA85A2
:10FC9000EF00B15C83C7C402B18BD1C78145228517
:10FCA000EF80901A8D452285EF30316A22859305C9
:10FCB0000008EF109105930500402285EF10310CEC
:10FCC0006F00CFEF1147638AE7002147A545E39610
:10FCD000E7F22685EF8050170DB78545DDBFA145BA
:10FCE000CDBF2147E392E7FA0396A19689699385F0
:10FCF00049064A85EF209110938549062285EF2019
:10FD0000710985452285EF80901EBDBF8395A19620
:10FD10004A8513864906EF20710E93854906228590
:10FD2000EF20910AF9BF22858545EF80F0118D45BE
:10FD30002285EF30F1639DBFEF02AFE68545EF60AE
:10FD400041166F004FE8EF02CFE58145EF60611586
:10FD50006F006FE7EF024FE31E35AA84B28A9389E2
:10FD6000F7FF63F3F500AE892685EF309112268503
:10FD7000EFF09FFC2A8925C583C7C402139A0901A5
:10FD8000135A0A01B18BBDC355468145EF50812AF4
:10FD9000131B05014A85EF20D1232A8481451306D0
:10FDA000B0062685EF500129135B0B411375F50F43
:10FDB0008547B30564016306F502B305BA02C205BF
:10FDC0005686C1854A85EF4021712685EFF0BFF741
:10FDD00013060008D285EF501FAC239544036F0033
:10FDE000EFDDB3093041B3853503D1BF51468145BD
:10FDF000EF504124131405014A85EF20F12041847E
:10FE00002295B305AA0256864A85C205C185EF40F0
:10FE1000017065BFEF02EFD8370503001305C5DD9C
:10FE20002E84EF00110085476311F5022285EF0053
:10FE3000511BAA842285EF00511A13079002639682
:10FE4000E4002E350146EFF0FFF06F00CFD7EF0250
:10FE50004FD541112A84EF005118AA842285EF0062
:10FE600051182A892685EF6021039307B0022A845E
:10FE70006319F9002E350146EFF0DFED41016F0007
:10FE80008FD4A947E31CF9FE26856C00EF40A1073B
:10FE90008347C4022685B18BBDC7EF209113AA8486
:10FEA0001306B00681452285EF50C1181375F50F72
:10FEB00005478317C1006311E504094533C5A40252
:10FEC000420541851D8D3345950242054185AA8431
:10FED000635305008144C2040359A402C18405464A
:10FEE000A6852285EFF01FE7E38A24F90146F14554
:10FEF0002285EF00F10A59B7094533C5A40242052E
:10FF000041853E95C9B7EF20311009473347E502D7
:10FF10008317E10042074187BA9733C5A70275B737
:10FF2000EF022FC8EF00710BAA84EF50F1762A84FC
:10FF30002685EF509F9DAA8505462285EFF09FE11B
:10FF40006F006FC8EF02EFC52E8439718945228595
:10FF5000EF10E1620A85EFB01FFAB707010093873F
:10FF600067FD3EC2FD57231EF10283A701970A8554
:10FF700022C03ED483A7C1963ECE3ED0938787163B
:10FF80003ED2EFC06F80B7C700009387A7093ECC71
:10FF9000930780163ED2B7070100938767FC0A8556
:10FFA0003EC202CE02D0EFB03FFE1306801622857D
:10FFB0008145EF30DFE49305E0102285EF30DFE587
:10FFC00021616F004FC0EF02CFBDC205C181EF308C
:10FFD0003FAB6F004FBFEF02CFBCC205C181EF3016
:10FFE0001FB46F004FBEEF022FBA79712A84C94542
:10FFF0006808EFD00FA638543C506356070A130721
:020000021000EC
:10000000B00263D407001307D002230EE1000149B8
:10001000130BD10193D6F741B58F64003706030067
:10002000B386D740130606E3B9452685EFD07FB3E4
:10003000832904072685EFA0517293FAF9003387CC
:10004000AA4026956346E00683560407568A93F62F
:10005000060F89C693D9490013FAF900814733077F
:10006000FB00638747013386F4000306060025E69C
:10007000B5E66C082285EFB06FEB2C587C54254711
:10008000BD89A946634BF7066355BA00850593F50C
:10009000F50FB385254193F5F50F2285EFB04F9409
:1000A00045616F00AFB10549130BC101A5B73E858E
:1000B00083060500B307E50094A39307F5FFE398D3
:1000C000A4FE814713060003B386F40090A28507BF
:1000D000E31CF7FE95BF10A3850751B79306E00216
:1000E00014A30507E3D757F9B386F4008386060007
:1000F000C9D214A385070507F5B7FD15B3C7D70205
:1001000093F5F50F41B7EF02CFA9E1679387F76940
:10011000FCD1A17793871796BCD58547FCD583D7AB
:1001200005072E84228593F7078093E7574023988D
:10013000F50623A005068545EFB06FA48545228509
:10014000EFB0AFA22285EFF01FEA6F00CFA7EF025A
:100150004FA57855A546854763D5E600A947B3471F
:10016000F7027CD5EFF03FE86F00EFA5EF026FA339
:100170007C55294774513307F7023C5513D6F74194
:10018000B18F918F63D3D700B68763C3E70078D56B
:10019000EFF07FE56F002FA3EF02AFA03C51745545
:1001A00078513386D7006340C7026357C00063D5D8
:1001B0000700B307F0403CD13C51B6973CD1EFF07B
:1001C0009FE26F004FA08356050793F6061089C67D
:1001D0006394E7003C55DDB738D1D5B7EF026F9C8B
:1001E0003C51745538553386D7406340E602635717
:1001F00006006355F000B307F0403CD13C51958FA9
:100200003CD1EFF05FDE6F000F9C8356050793F63D
:10021000061089C66394E7007C51DDB738D1D5B7A5
:10022000EF028F9637050300130545E1AE84EF001A
:10023000413F8547631DF5042A892685EF00615AF1
:10024000AA892685EF006159A1472A846392F91093
:10025000EF009117EF00B11791476316F50622855D
:10026000EF10813EEF0071151DC130583D8A63705B
:10027000C9028357040713070040645493F70760CB
:100280006393E702635799002285EFF05FEC6F00FC
:10029000EF92791629458145EFC0FFAD68D42285DC
:1002A000EFF0DFECEDB77D1629458145EFC0BFAC1F
:1002B00093D7F441E3C5B7FE6394F500E3E1A4FEF0
:1002C000A9477CD4D1B72285EFB08F922440B307E1
:1002D0009500038707009307E002631CF70422855B
:1002E000EFB04FD2385830409377F7001183931610
:1002F00006013D8BFD17C182637AC70003570407CF
:100300001377070F01C7FD16C206C1823854958FB7
:10031000635307008507054778D429460147E378EA
:10032000F7F6745405074207B386C602418374D4B6
:10033000FDB7EFA091429305F5FF63079500DDF04F
:100340003C54E3D107FA85452285EFA07FE959BFE8
:10035000B547E39EF9F2EF003107EF0051072A8914
:100360002685EF0081480C41CD476399F500914700
:100370002285E31CF9F0EFF03FE211BFD14763990A
:10038000F50091472285E31DF9F0EFF03FE501B755
:10039000C5476394F5002285F9BFC9472285E386E6
:1003A000F5FEEFB0EF9CE5B5EFF2BEFF411113850E
:1003B00005032EC6EFC0EFFAB24513854502EFC024
:1003C0004FFA41016F002F80EFF2BEFD2E8413051E
:1003D000440293054002EFC08FEAF1451305040380
:1003E000EFC0EFE96FF03EFEEFF2BEF83704030016
:1003F0000D711305C4E6AE84EF00A1221307C4E615
:1004000085473ACA631EF52A2685EF00813D2A8971
:100410002685EF00813CD5472A846313F92A268577
:10042000EF008145EC002A8A2285EF2041419309A3
:10043000810F4E85EFC0505F13061005B70505000C
:100440002285EF40313F3335A00093172500034547
:1004500051100357C10489466D995D8D835701057D
:1004600013062006A302A1108507998FC207C18732
:10047000B3C7D702814522858D4B130CD00F130BC8
:10048000810D139907018357E104135909014A9714
:10049000CA97231CE10C231DF10CEF40B139AA8A45
:1004A000D285280AEF101177B70702002326F1142E
:1004B000D247232C311323200112232EF11093074E
:1004C00004033E853EC6EFC00FEDAA8493FCFA0FED
:1004D000639B041E03570105835721050356C1047E
:1004E0008356E10405078507118F958F4207C207E0
:1004F00089454187C1873347B702B3C7B702BA8579
:1005000063D3E700BE8593970501C183C418BE96E7
:100510003E9626852311D1043EC82310C104EFD096
:1005200010302686B70506002285EF10D144834798
:10053000D107A80993E70701A30EF106EFD0C05336
:10054000B009B70506002285EF10712CD285280A64
:10055000EF10516CD24723289112232EF110B707C8
:1005600006002326F1148D472320F112930744023D
:100570003E853ED0EFC02FE2B707E1079387F781B2
:10058000AA843ECC130C01096393041E0359010590
:100590008357C104094705093309F9404209135932
:1005A00009413349E902A809056BA16B854D130B7D
:1005B0000BE1930C010CFD1B420913590901CA9769
:1005C0002318F1088357E104CA972319F108EFD0E3
:1005D0001025B009B70505002285EF10D1394E85E9
:1005E000EFD0E01A4E86B70505002285EF10B12D39
:1005F0001306200681452285EF40D1239377F50F1E
:10060000AA8AD285280A3EC8EF10D160D247324567
:10061000232E8113232EF110EFC0EFD72A8D93FAEA
:10062000FA0F631A0D56835401050359C104094B8F
:100630008504B3842441C204C184B3C464038357D2
:10064000E104280AC204C1802699BE94EFE0B03FBD
:10065000300AB70502002285EF10A1650546B705EF
:1006600002002285EF40111D931A05011146B705BE
:1006700002002285EF40111C93DA0A4142054185B0
:10068000B3C76A03420913590901C204C1804E86E7
:100690002C0A33456503C207C1833307F940231C85
:1006A000E10E3E99231E210F420541813387A4406C
:1006B000AA945285231DE10E231F910EEFE0F03D19
:1006C00035616FF0DECEDC20639D77099E2C568766
:1006D000231CF10E9E28231DF10EDC306366FC0006
:1006E000B387FC0213D787402302E11003AD040057
:1006F000884483160D020357ED0103268D018325DF
:100700004D013697EFC0EFEA83160D020357ED0156
:1007100003268D0183254D01AA8DC8443697EFC06D
:100720004FE9BA2C2A8D300A4A97E9452285231AC7
:10073000E114232E9114232E6113EF0061068356DA
:10074000411593170D0113970D015A86CE855285D9
:10075000C1834183EFC0D02E300AED452285EF00E2
:1007600021043245A685EFC02FC4AA8495B3C247A1
:1007700003D9C40183DBC400DA203E99420913592E
:100780000901B30A794193170901C20A93DA0A01F0
:10079000C1873ED293970A01C187B306E9403ED490
:1007A0003307274183570104420741833386E7001B
:1007B000231AC10403562104C206C182B697216BD5
:1007C000B29632976285231DD1041306FBFF85463E
:1007D000CC08231BE104231CF104232E9114EFE029
:1007E000205D03570104B3872B41C207C183B306C1
:1007F000F700231ED104835621047D175697B69720
:10080000FD16B69A1306FBFF8546EC082811231F38
:10081000F1042310E10623115107EFE060598357DB
:1008200001041306FBFFCC10338727412312E10696
:1008300003572104FD17CA97B30627417D173A993C
:100840002313D106880181462314F10623152107BD
:10085000EFE0005681458801EFE0A01A83DAA4009A
:100860002A8C63880A32FD1A014B3DACBE24850AEE
:10087000014D6394FA00054D814A984CD4487D1689
:1008800081455A85EFC0EFD2232CA114AA8B6302B5
:100890000D2483DC8400839DE40032456E89EFC023
:1008A0008FAF2A88E687631B0822FA2CAA203EDE37
:1008B000330767037D1522073347A7028A30935613
:1008C000874093950601C1812E9542051377F70F56
:1008D00041853ADA2ED636D8EFC04FB0C2562ACE6E
:1008E0008A308506C206C18236954205418536DCCE
:1008F000EFC0CFAE5257724693080010B388E8405D
:100900003305E502B25546DA3AD8330616032A967D
:100910008A30935786403ECE1305A5052E95420595
:100920004185EFC0AFAB2AD68A30E2561305A50544
:10093000369542054185EFC06FAA32564257D258CC
:10094000F2573305E502231B2107231AF1069257BC
:1009500003570104232861153E99B3081603AA988A
:1009600093D88840B387280346D69387F707BD8777
:10097000BA972312F104F2473389270383572104DE
:100980001309F9071359F9403E999C00232EF112DF
:10099000BC09231321052326F11263010D1E628574
:1009A000EFE0E00C83970401225713060002AC0924
:1009B0004E85330CF740035D010403592104EFC059
:1009C0000FCE370703001C01130607E3DE86C1457F
:1009D0003E8523263113EFD0CF981C01300AE9451C
:1009E00022852322F114EFF0B05B0317A10E8316CA
:1009F000C10E6E468325411489670148FD17A80082
:100A0000EFE09F848316810489450316A104B3C7D0
:100A1000B602B2585285B345B602330DFD40F247D7
:100A2000338788033309B9408325C112B38787030D
:100A30001307F7073D876A97420741832316E106AC
:100A40003697832641142318E1069387F707BD875D
:100A5000CA97C207C1832317F1060147B297F01066
:100A60002319F106EFD0800581458801EFD0707918
:100A70002A8C28118145EFD0D0789400D000CC1872
:100A80002A895285EFD0605B4A85EFD0507E050BF6
:100A9000300AD9452285420BEFF09050135B0B01D1
:100AA000231A9107231BB107B220E361CBDC0809AD
:100AB000EFE0E0002811EFE080008801EFE0200087
:100AC0006285EFD0D07A0255A685EFC0EF8DAA845B
:100AD00055BC83DC0400839D6400C1B30347480018
:100AE00089466312D7088325880063CEBB06032698
:100AF000C800634A760783570801035728013E99C7
:100B000083574801420913590941630EF70483478B
:100B1000680142CE1307F00F858B8146A9CF5E8511
:100B2000EFC02FA9724862471375F50F835628014D
:100B300093970601D58FB3F6E700835748011397C3
:100B400007015D8FE2477D8F93074500158F8D87E5
:100B5000B307F70262479583B697F98F13D707015A
:100B6000D98FC207C1833245C2853ECEEFC0CF8345
:100B70002A88F2470DBB904CCC4855B7300AE9455E
:100B800022852326011223220114EFF07041080967
:100B9000D5B5C16AC9B983240D00232EA115034719
:100BA0004D006315B70D83960402FA2C904CCC4887
:100BB0000325CD003697EFC0CF9F2A8703552D011F
:100BC000C62C3ACA4A95AA9413150701C204418556
:100BD000EFC0CF80C1843305950283562109524767
:100BE0003345750336952311A10C1305A70542055E
:100BF0004185EFB0BFFE330595028354010913060A
:100C0000D00FC2463345750326952310A10C035718
:100C10004D01231CE10C03570D01231DE10C03477B
:100C20005D006366E6003387EA0293568700BC09DD
:100C3000300AE94522852300D10E2328B115232847
:100C4000F11223209115EFF0B035E6866286AC09EB
:100C50005285EFD0803E300AED452285EFF05034CA
:100C60003245EA85EFB05FF42A8D65BA75FB03273C
:100C70000D017DD783960402FA2C904CCC480325B5
:100C8000CD003697EFC0EF92AA8403250D012C11F9
:100C9000EFF0A07303154D0103186D012A5683561A
:100CA0000109035721099355A600898E330707418F
:100CB000C206420793F5F57F5582C18241837D16B6
:100CC000FD152310D10C2311E10CAE96329723129F
:100CD000D10C2313E10C03475D001306D00FC2466D
:100CE0006366E6003387EA0293568700231EA10E4F
:100CF00029453385A402A301D110231F010F63549A
:100D0000AB0033056541231CA10E300AE94522855D
:100D1000232A3113EFF0D02883260D016686CE8575
:100D20005285EFC0303105BFEFF2AEE713854505C0
:100D3000EFB03FE36FF02EE9EFF2AEE62E842285AE
:100D40008545EF70701089452285EF0051036FF0E3
:100D50008EE7EFF20EE52E8422858145EF70D00EEE
:100D60008946094622858145EF7090138945228581
:100D7000EF00F1006FF02EE5EFF2AEE22E8483A5D6
:100D8000419D22850969EF10110F22858145EF7081
:100D9000B00B83472406914513054405C19B2301ED
:100DA000F40623100406EFB09FCD2285EF002174D6
:100DB00048D08545EF00617537050300A285232ED5
:100DC00004022322040423240404232604042320ED
:100DD0000404130545ECEF00D14BAA84EF00B15F8A
:100DE000930549062685EF10217E26858545EF70FF
:100DF000101026858545EF70300526859165EF003A
:100E0000C17026858945EF00817737050300A685E7
:100E100004D4130505EEEF00D147AA84EF00B15BBF
:100E20001306197D930549062685EF10217D268539
:100E30008145EF7070018946094626858145EF702E
:100E4000300626858945EF00817391652685EF0080
:100E5000C16B268504D8EF303FF9B7150100A28693
:100E60001D469385050DAA84EFF0B01A268591657D
:100E7000EF00A16981452685EF70007D268544D865
:100E8000EF60EFACB7050300938545EAEF600FAE66
:100E90000858EF708FEB8545AA84EF000167B715FE
:100EA000010004DC2326040223280404A2867146E0
:100EB0009385E5EB2285EFF0D0156FF0CED0EFF201
:100EC0004ECEEFF0D0125C552A8499CB085D09C94B
:100ED000CC538DC5EF704FE9085C8545EF00216A62
:100EE0003C4099CB684409C9CC5389CDEF70CFE71A
:100EF00068448545EF00A1686FF0EECC8545EF00B2
:100F0000C160F9BF8545EF004160FDB7C85111C907
:100F1000EFF22EC92E84EFB07FF0232204026FF08F
:100F20008ECA8280EFF2EEC72E852E84EF40D176F6
:100F30004C512285EF50211422858545EF70C070F9
:100F40008946094622858145EF7080759165228525
:100F5000EF00A15B6FF02EC7EFF2AEC42A840859F0
:100F60001DCD5C548DCF3C500547C5838D8B638F61
:100F7000E70285CB09476383E7040858EF20C107E0
:100F80004854EF2061070858EF20A1700858EF106F
:100F9000B1071C5885450DE53E85EF0001576FF000
:100FA0008EC28145EF50611C854529A08145EF50D7
:100FB000C11B81454854EF708073C1B78545DDB7CB
:100FC0003E85EF00C15BE1BF3C45638CB7005859DB
:100FD00081476316B7008347150693B727003E8500
:100FE00082808547EDBFEFF2CEBB2A84130545050D
:100FF000EFB03FB7230004066FF0EEBCEFF26EBA1D
:101000002A844855AE8401C54C50EF50C106C9C072
:1010100013054405EFB0BFA711E101A004C1834748
:1010200004060C54268585072300F406EF50A1041E
:10103000284844D411C53C408545B9CFEF00215C18
:101040003C40ADC78347240613F7170019CBA18B8B
:1010500028448545A9C7EF00815228448945EF00FF
:10106000C14A0347040685474858854563FBE704A2
:10107000EF00E15048588945EF0021490146F1450C
:101080002285EFF0E0712285EFF01FED6FF0AEB337
:101090002285EFF05FF569BFEF00C15755B7EF004C
:1010A000C14628448945EF00814D65BF03470406CA
:1010B000854748588545E3EDE7FA83472406A18B29
:1010C000C5FBEF00814448588945EF00414B7DB78F
:1010D000EFF28EAB41112A84EFF0A0709D476311AF
:1010E000F5082285EFF0606F2AC62285EFF02070A8
:1010F0005C59B2452A846385F5003C456392F50648
:10110000834704062285A300F406EFF0FFEB29E9EC
:10111000130944054A85EFB07FA7AA85AA894A85A5
:10112000EFB01FA8AA840DCDCE854A85EFB0FF9DF4
:101130004E85EFB0BFCE83470406A6854A85FD17CE
:101140002300F406EFB07F9C834704062285FD1739
:101150002300F4068C40EFF07FEA2685EFB01FCC29
:1011600041016FF0AEA593170501C18313D7B700F6
:101170009583930670101306301093F7F703330727
:10118000D7027D89B387C7021D0715871377F70F2D
:1011900042073305D5028D07998793F7F70FA2070A
:1011A000D98F1D0515851375F50FC98F370500FFFC
:1011B0005D8D8280C2054205C18141819397050101
:1011C00013170501B706E1079386F681CD8F598D78
:1011D000B3F5D700758D930746000D8D8D87B30746
:1011E000F5029583AE97F58F13D507015D8D82804B
:1011F00001458280EFF2EE9A75712E85AE84EFF094
:10120000405E9307B5FE05442A89636BF422268568
:10121000EFF0A05CD5472A84631DF9220808EFE0AF
:101220008002100881452285EF00B128EFF05FFCB5
:10123000AA85A8832EC60D49EFF0FFF213560501CB
:101240001376F60F330626039357850093F7F70FAF
:101250008A071375F50FB2453E962A964A300D82DD
:101260001376F60FEFF01FF5E883EFF07FF8AA850D
:10127000A8852EC6EFF03FEF135605011376F60F43
:10128000330626039357850093F7F70F8A071375E4
:10129000F50FB2453E962A964A300D821376F60F28
:1012A000EFF05FF1E885EFF0BFF4AA850355C103C5
:1012B0002EC6EFF05FEB135605011376F60F3306DB
:1012C00026039357850093F7F70F8A071375F50FD9
:1012D000B2453E962A964A300D821376F60FEFF00D
:1012E0007FED231EA102EFF0BFF0AA850355E102B6
:1012F0002EC6EFF05FE7135605011376F60F33069F
:1013000026039357850093F7F70F8A071375F50F98
:10131000B2453E962A964A300D821376F60FEFF0CC
:101320007FE92317A102EFF0BFECAA850355410323
:101330002EC6EFF05FE3135605011376F60F330662
:1013400026039357850093F7F70F8A071375F50F58
:10135000B245130944013E962A964A300D8213760F
:10136000F60FEFF03FE5231AA102EFF07FE8034606
:101370006402AA85A883EFF0FFE3E883EFF05FE75C
:1013800003466402AA85A885EFF0DFE2E885EFF066
:101390003FE603466402AA850355E102EFF09FE1B0
:1013A0002317A102EFF0DFE403466402AA85035588
:1013B000C103EFF03FE0231EA102EFF07FE3AA8517
:1013C0000346640203554103EFF0DFDE8347640206
:1013D0000317E1031306F00A938607FB8317410402
:1013E0003307D702231AA1022685B387D7023347D2
:1013F000C702B3C7C702231FE1022312F104EFF0B3
:10140000A047AA84AA85A800EF10C100B70703006F
:101410009387C7FDBEC6B0001C08E9452285BECC37
:10142000CACA82C882DEEFF0A0374A860C08268539
:10143000EFD0B066B000ED452285EFF0603611A820
:1014400037050300A6851305C5FDEFF0801DE300F9
:1014500085DC49616FE03EF7EFE2BEF441112E8575
:101460002EC6EF50512AB245FD57CAB12383F5026B
:1014700041016FE05EF5EFE2DEF2AA853705030079
:101480001305C5FDEF00E1602A84EF00C1742285D9
:101490006FE07EF3EFE2FEF04EB1EF10815F6FE0A0
:1014A0009EF2834765026381B702EFE29EEF130766
:1014B0000005AE8763F4E500930700052303F502FA
:1014C000EF10215D6FE03EF08280EFE29EED93052C
:1014D000F00FEFF01FFD6FE01EEFEFE29EEC9305C3
:1014E0000005EFF01FFC6FE01EEEEFE29EEB83477E
:1014F000D50337040020AA84858B1304C40991CB3B
:101500008347C5038A073E940C40EF408FAE6FE0DF
:101510009EEB0A390605EFB0BFC283C7C4039238F9
:101520002A898A073E940C400606EFB05F978147F0
:101530009A3863EAE7002685CA85EF408FAB4A8573
:10154000EFB0DF8DE9B7139717004A971623850789
:10155000C20793F6F6DF16A3C183D9BFEFE27EE49C
:101560008347C5032A8413972700B7070020938772
:10157000070CBA978C43EF40CFA62285EFF0FFF619
:101580006FE07EE4EFE2FEE12E8422859145EFF0EC
:10159000107F5E3C2285232C040293F707E05EBC9B
:1015A000814601469545EF106112B715010081464D
:1015B00071469385055D2285EFF0A02501468145A2
:1015C0002285EF4051072285EFF05FF96FE0BEDF23
:1015D000EFE23EDDEFF060202A84EF400FB3C167F9
:1015E000FD17630EF5022285EF402FB2AA852285F2
:1015F000EF40EFB1AA8405C5B70503009385C53850
:10160000EFE0BEE719EDB707002083A5070C230E16
:1016100004022285EF40EF9C2285EFF01FED6FE082
:101620009EDAB7050300938505392685EFE0FEE4D1
:1016300009E98547230EF402B707002083A5470C6C
:10164000C9BFB7050300938545392685EFE0FEE263
:1016500009E98947230EF402B707002083A5870C08
:101660004DBFB7050300938585392685EFE0FEE081
:1016700009C9B70503009385C5392685EFE0FEDF6C
:1016800015E10146930500022285EFF060118547C0
:10169000E317F5F8085C41D5014693050002EFF029
:1016A0002010B5BFB70503009385053A2685EFE006
:1016B000DEDC11ED0146FD452285EFF0600E854729
:1016C000E31FF5F4085C21DD0146FD45C9BF032990
:1016D0008403E30609F4B70503009385453A26859C
:1016E000EFE0BED909C9B70503009385C53A268541
:1016F000EFE0BED811ED4A85A945EF907FE7085C81
:10170000EF90FFD0E30D05F00146FD45085C41BFB9
:10171000B7050300938545EA2685EFE01ED609E567
:101720004A85EFA02F8EE5BDB70503009385053BE5
:101730002685EFE09ED409E54A85EFA0AF8BC5B5BD
:10174000B70503009385453B2685EFE01ED309E5E9
:101750004A85EF90FFF1E1B5B70503009385853B1E
:101760002685EFE09ED12DE94A85EF901FCAAA8415
:10177000085CC204C180EF90BFC783070500130750
:10178000D002085C6392E7028545EF907FA5085C74
:10179000EF901FEE9305B002085CEF907FDDA68509
:1017A000085CEF90FFA3A5BD1307B002639BE700A1
:1017B0008545EF90FFA2085CEF909FEB9305D00268
:1017C000E1BF8145EF90DFA1085C9305D002EF9067
:1017D0003FDA93851400E9B7A6854A85EF909FC745
:1017E0003DBD135885009378280063850800B688AE
:1017F000BE86C6879378480063850800BA883E870E
:10180000C6879378180013786800631808006398F7
:1018100008003688BA86428719A0E39C08FE10A308
:1018200013C7F5FF420641821377F70F3307E6022D
:10183000C205C181218398A3639708021375F50F30
:1018400001EDA205A18193C5F5FF93F5F50F3306D0
:10185000B602218290A282803305A0401375F50F55
:10186000B385A502C5B71375F50FDDBFEFE2DEB195
:101870004111130600058145AA84EF30A17B1314A2
:101880000501418409453344A4024946B7050300D4
:101890002685EF30217AAA894D46B70503002685B3
:1018A000EF3041792A894146B70503002685EF309C
:1018B00061782A8A4546B70503002685EF3081778F
:1018C0009E34CE28BA34BE95FE28C205C181BA978F
:1018D000C207C18342044180A299229A2295B3890A
:1018E00035412299D29533892741C209AA97C20569
:1018F000420993D90901C207C18133E52901DD8D70
:1019000041016FE0BEABEFE23EA84111AA84EFF0C7
:10191000FFF52AC42EC626852C00EF1061142685FB
:10192000EF003169AA891306000581452685EF304D
:101930006170DC5C13190501135909413389294190
:1019400009478D8B85463349E902638FD704638A43
:10195000E706C230131504014185EFB02FA8330507
:1019600025033D858AB41305A40542054185EFB0E2
:10197000EFA68947B3C9F9029E3433052503C2098E
:1019800093D90901CE979EB43D85AA992395340336
:101990002685EFF0BFED2AC42EC626852C00EF1059
:1019A000210C41016FE09EA103C46402130580165F
:1019B0003304A402130540063344A40242044180C8
:1019C00051BF03C47402DDB7EFE2BE9DB707646484
:1019D000DCD183C7C5032E842285E19B238EF502CB
:1019E00083C7419723A8050223AA050213F717000E
:1019F00083C7C502F99BD98F2386F502C165EFF035
:101A0000D030930500302285EFF070372285EFF05B
:101A10009FEF6FE05E9BEFE2DE98411113D7050167
:101A20002EC693D68501C205C18193078016137710
:101A3000F70F63F4B700B3F5F5021306400693778A
:101A4000F70F6374E60093074006130640063687D7
:101A50006374D6001307400656311376F70F63817F
:101A6000B6024EB12303F502A303C5022A84EFF0A8
:101A70009FE92285EF10E101054541016FE0BE9429
:101A80005C87D88776313887E31DD7FC0145F5B7E9
:101A9000EFE23E9103467502834565024A31EFA0AD
:101AA000BFB46FE05E92EFE2DE8C37050300197180
:101AB0001305054DAE84EFE0D03685476313F50A74
:101AC0002A892685EFE0F051AA892685EFE0F050BB
:101AD000CD472A84639AF9084946B7050300EF30D9
:101AE0006155931905014D46B70503002285EF3076
:101AF0006154131A05014146B70503002285EF30F2
:101B00006153131905014546B70503002285EF30DF
:101B10006152131405012685135A0A41EFE0F04C77
:101B200093D90941135909414184D28763533A013A
:101B3000CE8713970701418763532701CA871397FD
:101B40000701418763538700A287162189073E87D3
:101B500013960601C207C187418663D3C700368743
:101B60001AA109616FE0BE84930790026391F904A2
:101B70002685EFE09047AA842285EF009143DE207E
:101B80009A208507998FC207C1876306F5002285D1
:101B9000EFF07FD7F9B72285EF00B142FE20BA20DF
:101BA0008507998FC207C187E313F5FE5DBF9307D1
:101BB000A002E38FF9FCB547639BF90C2685EFE0A3
:101BC000D0421C41454793F6D7FF6394E6065C502C
:101BD000BEC45C5C8D8B638A270399CF0947638001
:101BE000E704A6452285EFF01FE325DD0146F14518
:101BF0002285EFE0F03AB5B75E301307801685070F
:101C0000B3E7E7022314F104E9BF83476402130733
:101C100040068507B3E7E7022305F104D9B78347F8
:101C20007402130740068507B3E7E702A305F10432
:101C30004DBFB917F59B95F75C50BEC45C5C8D8BAE
:101C4000638C270399CF0947E39DE7F88347740224
:101C50001307400681C7FD1713F7F70FA305E1042B
:101C600049B75E301307801689C7FD171397070120
:101C700041832314E104B5B7834764021307400688
:101C800081C7FD1713F7F70F2305E10499BF639090
:101C90002909EFD07F9248D8EFE0107393058403B1
:101CA000EFE0907FEFE05072AA840858EFD09F9148
:101CB0009C40DE2F637CF5025C50BEC45C5C8D8B67
:101CC000638D370385CB0947638EE7022685EFF0E6
:101CD000C004A6452285EFF01FD409C90146F1458D
:101CE0002285EFE0F02B8547E31DF5E6EFD0DF8C92
:101CF00008D885BD23140104D1BF930740062305EE
:101D0000F104E9B793074006A305F104C1B70949F7
:101D10006399291BEFE0506B2A89E30405E4EFE0A7
:101D2000106B79157599631F051222854628EF00FF
:101D3000512833453503AA94228523189102662839
:101D4000EF0031283345350326952319A102832757
:101D5000090083168403982F83170103958F93D668
:101D6000F741B58F958F634DF7008316A403831752
:101D70002103958F93D6F741B58F958F6357F70061
:101D8000EFD09F83C25748D81CDC5A2883570103E1
:101D90002285998F2318F1027A2883572103998F7E
:101DA0002319F102EF00F120AA84130600058145F2
:101DB0002285EF30212893970401035701038354B0
:101DC0002103C18385831D8F9D8C898FC2074207A4
:101DD000C204C1834187C184939607012318E1029D
:101DE00023199102C186130610046351D6024205DD
:101DF000894641853345D502898FBE86C207C18792
:101E000063D4C70093061004C206C1863307E702F5
:101E10004858B3849402B389D602BA94EFD08FFAAB
:101E200063D7340583270900DE2FE3FCA7D20347DD
:101E3000C40393774700E39607D25C5C8D46719BA1
:101E40008D8B8507B3E7D7022285D98F230EF40245
:101E5000EFF07FAB2285EF00D143EFE0F056EFE0EB
:101E6000D06B01B30C184A85EFE01063CDB5831534
:101E7000210303150103EFA09FE35C5013078016B5
:101E80008546BEC45C5C3375E5028D8B6382D702E8
:101E900089CF8946E397D7D4930740063305F502E7
:101EA0003345E502A305A1042DBB2314A10415BBF2
:101EB000930740063305F5023345E5022305A104E7
:101EC0000DB3C547639FF9002685EFE010120C4162
:101ED0002166AA847D1613054401EFA0CFBCC8A0DB
:101EE00049B1D547639BF9302685EFE0100F2A846E
:101EF0002685EFE07018AA8D2285EF00910BAA8944
:101F00002285EF00110CB3C92903835A4401A16B48
:101F1000814C334925036A28C20993D90941CE9AD5
:101F2000C20A93DA0A012A994810EFC0400F5010F4
:101F300081452285EF00212493074027B387F902CA
:101F400009671307471313060005814522854209D7
:101F500013590901B3C7E70289072313F102EF30D0
:101F6000610D1386FBFF2A8B8146131A0501930529
:101F700044010818EFC0D06381450818EFC07028ED
:101F80008317A401031764018316840152282A8D44
:101F900013150B0141812A972A96898E3385A74014
:101FA000F082F4841386FBFFE88585464C08A80080
:101FB000F883EFC0F05F8145A800EFC09024831B39
:101FC0006102135A0A41338A49412AC0330A7A41CD
:101FD00093078043B387FC02230E0100938641825E
:101FE00023090100A3090100054698223EC25C5C5A
:101FF0008D8B638BC7160946938581976380C71CB9
:10200000138591976304F702034664020347740241
:102010001303300333066602D1489CA233076702DC
:10202000334616033347170390A118A18C211021C2
:10203000639F0510230EC100A309C1002309C1003D
:10204000834631018347C1010347210189829606F6
:102050000D838D832E07D58FD98F2312F1029247DE
:10206000850C13D7870093160701C186B3877901C2
:10207000368536C63EC43AC2EFA05FB6A2471247C5
:102080003305F5021307A705420741873AC23D858C
:102090005695E8863A85EFA07FB4A247B24633054D
:1020A000F5023D854A95E8873685EFA03FB33305B5
:1020B000450312473D8556952310A1023A85EFA0AE
:1020C000FFB133054503141070084C103D854A9547
:1020D0002311A1026E85EFB0507693076005E39956
:1020E000FCEE0818EFC0B01DA800EFC0501D6A85B7
:1020F000EFC0F0170245EFC090172685EFE0E06DC6
:102100002A842685EFE04077AA84A800EFD0A013A8
:10211000B000B70503002285EFF0B039E17793C72F
:10212000F7FF2314F1048347C402858B91C72285EE
:10213000EFF01F962316A1042285EFF02FF32AD883
:102140002EDA1018AC002685EFD0201519BC4945B1
:102150003385AC027C081307310193062101420547
:102160004181EFF00FE8E9BD138691976308F7020C
:102170005A30930500609CA23307B702930580167E
:102180003357B70293053003239BE196034774024C
:102190003307B702D1453347B70218A28D45B3853F
:1021A000BC02102293F5F50FE38605E87C081307BF
:1021B00031019306210103D5619765B76308F702E2
:1021C0005A30130600609CA23307C702130680161C
:1021D0003357C70213063003239BE196034764027B
:1021E0003307C70251463347C70298A10D463386CD
:1021F000CC028C211376F60F45BFC947E393F996BD
:102200002685EFE0805E18418947E30CF794854707
:102210001CC181BAEFE2EE984946EF20B161420558
:1022200041856FE04E9AEFE2CE970546EF20916030
:10223000420541856FE02E99EFE2AE965546EF20BC
:10224000715F420541856FE00E98EFE28E95414641
:10225000EF20515E420541856FE0EE96EFE26E940D
:102260002E84138945021C544A8581EFEFA07F8F8D
:10227000930404035C58268595E7EFA09F8E6FE0DA
:102280008E94EFA0BF905C25AA84918B81E7484192
:10229000EFA0DFB84A85A685EFA03F872685EFA08F
:1022A000FFB7D1B7EFA09F8E2A89AA852685EFA018
:1022B000DF854A85EFA09FB675BFEFE28E8E2E8434
:1022C00013054402C145EFA08FFBC145130504036C
:1022D000EFA0EFFAB7076400938747063CD83CDCD1
:1022E000B7870300FD177CDCB7070A00950723209A
:1022F000F408B7070001938707102322F4088347E7
:10230000840823260406232A0406C19B93E71700AA
:102310002304F4086FE02E8BEFE2AE88130620034F
:102320008145EF203151420541856FE0CE898357C9
:10233000250863FEF516EFE22E85AA8441112E844E
:10234000EF00214903D944083309A9022685EF107B
:10235000111D83C78408AA8A13F78700135989407F
:1023600042091359094119E72685EF00817241019D
:102370006FE0CE849D8B05476399E70C2685EFF0CF
:10238000BFF92A8A81452685EFF0DFE8DE281306AB
:102390009004B7050500B3875741B389A700268588
:1023A000EF205149D299B70502002A8A2685EFF01D
:1023B0009FE7420A931A0501135A0A0193DA0A01A8
:1023C0008396A40103976401B3075A01C207C1832E
:1023D0001D8FB6977C8783D72408C209788593869A
:1023E000F7FF93D909016357D402B30724032C00E4
:1023F000268533C7D702CA97B3C7D70233074741E9
:10240000330757414E977884D297D697CE977C86DC
:10241000EF00016529DC7D143304240303D724086D
:102420007D17B347E4024A943344E402B38747413B
:10243000B3875741CE977C84529456944E946086CD
:102440002C002685EF00C1611DB70947E39EE7F028
:1024500081452685EFF05FDE03DA440883D7240840
:102460008145330AAA022685039B4401135A8A40F8
:1024700052993349F902EFF0FFD9AA892C00268539
:10248000EF000127B3876901B38757414209135908
:10249000090133042403420441803E9442044180F4
:1024A00022993304444123162101608451BF828064
:1024B00011E101A091E101A0EFD2BEEB8357250805
:1024C0002A846368F60023900600239106006FD0EB
:1024D0001EEEB289B684AE8AEF00A12F835D440858
:1024E000139C1900B38DAD022285EF00E131035A30
:1024F00064088347840805479D8B330AAA0293DD4D
:102500008D40C20D93DD0D41135A8A40931C0A0180
:1025100093DC0C416397E708B3893D03835D24088E
:10252000FD1DB3C9B903239034012285EFF0DFDE2E
:102530002A8981452285EFF0FFCD9E204A953E9560
:102540008AA02285EF10A17D9E2003A74A00814525
:102550003385A74083A7CA008AA03A9C8D83898BC4
:10256000A2978396C70603170C0003950707158FDC
:10257000B30C9703158DB3CCAC022285B30C9A41F2
:1025800023919401EFF07FCC4A9503D924004A951A
:10259000AAA02285EF10416BBE203385A740AAA0D8
:1025A0003DB70D476396E70283A7CA0003A50A005B
:1025B0006E878983898BA297629503968707839597
:1025C0004707031505008146EFA0AFFE8AA0B1BF03
:1025D0000947E39CE7F4930B44025E85EFA04FDDCF
:1025E0002A8DB70505002285EFF01FC5035B44085F
:1025F0008145B389B903330BAB022285EFF0DFC30A
:1026000083574408035724083389A7029307F7FF29
:102610005E85135B8B40135989403309F902338976
:102620002D413349E9024209135909413359A9039C
:10263000B3C9E902131D0901135D0D412390340153
:10264000EFA06FD59E2009E9330B6D41094D334B47
:10265000AB03DA979EA0D1BDE388AAFECA97AA85EC
:102660009EA05E85EFA04FD4F1BF85476382F5023F
:102670009307C50381CD0947930785046388E50067
:102680001147930705066383E50081473E858280F5
:1026900093074505E5BFEFD2DECD31712E8CB285B3
:1026A0002A84B289EFF07FFC1C450547C607C58325
:1026B000637FF728831785002A8963C507001C41BB
:1026C000638707282285EFF03FC581452A8A228546
:1026D000EFF0BFB7AA842285EF0001138357640887
:1026E000D2943385A7022185931705016A28C187F3
:1026F0003EC8AA94C2042285EF100155C1803385DB
:10270000A44093170501C1833EC263950924B70510
:1027100006002285EFF01FB0831C44012A8A8547FA
:10272000031B0900831A2900639DF900B307604168
:10273000B30A5041139B0701C20A135B0B4193DAA2
:102740000A41930BC1035E85EFB0700D5E86B7053D
:1027500006002285EFF03022A808EFB0E031B00883
:10276000B70506002285EFF0900AE285A818EFF081
:10277000704AB70703009387C74EBEDE99473EC134
:10278000B70706003ED783248900BC083EC7A1676F
:10279000FD17FD8C03576900C204C180C20CF98F7C
:1027A000FD1493DC0C014ED95EC9B384F402938707
:1027B0001C00639409009387FCFF13970701C2076D
:1027C000C183B38A5741B3876741C2074187C18735
:1027D0003ACA3EC413970A01A1674187FD17139BAC
:1027E0001900420A3AC6814A3ECC930C8102130D6D
:1027F000C102229B930D8104135A0A014247831799
:10280000E103B307F740B38757031247B3D79702E3
:10281000BA97C207C1872315F1022317F102D247E5
:1028200062472314F10283576900F98FB3F7FA0264
:10283000639F0712224785472316E1028316CB06C2
:1028400003170B0726868145338554413ECE66CF5C
:102850006AD1EFA00FD6F2472ADDAA86638307125A
:102860008317890063DF0710B7070300138607E3A8
:10287000C1456E85EFB0EFAEBC083EC7B018C1478A
:10288000E94522853ED56ED3EFD090710317A1069E
:102890008316C10666469A558967FD1701480818D0
:1028A000EFC09F9A8317210389460357E102B3C7FC
:1028B000D70283560103C207C1833306F7403E9710
:1028C0004206420741864187231BC102231DE102C4
:1028D0008357C1026390090AB386D740B386464145
:1028E000231AD102B3874741231CF10283176401E5
:1028F000634DF7008317A40163C9C7009A560147C7
:102900005018AC086285EFB0601B8317E1030947DC
:1029100083166401B3C7E7020317A1023E97634021
:10292000D7020317E102B307F7400317A401634876
:10293000F700EA866686DE856285EFB00070B01823
:10294000ED452285850AEFD0B065E3F954EB2961A6
:102950006FD0FEA54D46B70506002285EF20816D9C
:10296000131A0501135A0A41831C84014DBB3247D7
:102970008147D9B5B3854701B697231AB102D297DB
:10298000A5B7B018E945228502C702D302D5EFD01A
:102990003061A5BFEFD2FE9D71712E8CB2852A8465
:1029A000B28BEFF09FCC1C450547C607C58363710A
:1029B000F70883178500AA8463C407001C41ADCBC8
:1029C00081452285EFF01F852A8A2285EFF0DF946A
:1029D0002A892285EFF0F05F2A8BA80083594408EA
:1029E000EFB08009B000B70506002285EFF0206245
:1029F0002285831D4401EF1081320947AA8C8397F9
:102A00008400814A6399EB0263DC07004546B70501
:102A100006002285EF200162931A050193DA0A412C
:102A200003278C00031DA4018317670063DEA72121
:102A30004D616FD0DE9763D80700B7050600228589
:102A4000EFF0BF80AA8A031D640152996E99330981
:102A50009941930CC1026685EFB0605C6686B7054C
:102A600006002285EFF02071330B3B03E285A810AE
:102A700002D8EFF0301AB70703009387C74EBED6CF
:102A80009947BED8B70706003ECFBC00BEDE8347DD
:102A90008408135B8B40094793190B014209138A81
:102AA000EBFF3AD166C193FD770093D909411359E1
:102AB0000901333A40016387ED1A93170901C18771
:102AC0003EC203A98400A167FD173379F900FA20FB
:102AD0004209135909017D197D8F3309E902060A5C
:102AE000C20A231DA101014B3EC4094D930DC10132
:102AF000229A93DA0A01A247F6201247FD8E831725
:102B0000E1023378DB02B387F940B3876703B3D7B9
:102B10002703BA97C207C187FC84FC86B885638502
:102B2000AB19631108189E20B307F740FC873C08D7
:102B30003EC7834784086EC90D479D8B639DE7168A
:102B400083164A0703178A074A8681455A8542C673
:102B5000EFA02FA63248AA8636D5631A08168397A7
:102B6000840063D60716370703003C18130607E3F3
:102B7000C1453E85EFA0FFFEBC00BEDE3C183ECB4B
:102B8000B010C147E94522853ECDEFD07041031713
:102B9000A1058316C1052646DA458967FD17014858
:102BA0000810EFC06FEA83170102B88603562102AE
:102BB000B3C7A703C207C183B306F7403E97C20657
:102BC0004207C18641872312D1022314E102BC8748
:102BD0006386AB0FB3875741C207C1832315F10248
:102BE000918F2313F10283174401634DF70083177C
:102BF000840163C9D700DA4601475010AC006285F2
:102C0000EFA0D06B8317E102031781018316440103
:102C1000B3C7A7033E976340D7020317C101B307A9
:102C2000F740031784016348F700EE863008E68515
:102C30006285EFB08040B010ED452285050BEFD0E6
:102C40003036E37A69EBEDB3A647B3065D010317AF
:102C5000270083978700B69783960400B697E3D63C
:102C6000E7DEF9B381452285EFF00FDD8357440895
:102C70003385A702835724082185AA99B3C9F9028D
:102C800093970901C187898FB3C7B7035A95B309D1
:102C90003541C20993D909413E9993170901C1876A
:102CA0003EC205B5BE2049B5631508009E20BA97FF
:102CB000B5BDBE20EDBFB356DB0279BDD697C207C6
:102CC000C1832313F102B2972315F10229BFB0107B
:102CD000E945228582DE02CB02CDEFD0702C1DB7F4
:102CE000EFD22EE93709030069711305C94E2E840E
:102CF000EFD030131307C94E85473AC46312F50A63
:102D0000AA842285EFD0F02D2A892285EFD0F02CDD
:102D10002A8B6313990CEFD0306BAC11EFD0D077C6
:102D200003554B010354810E098C420441805A859E
:102D30002314810EEF00B17E2A945A85EFF070299A
:102D40004204AA8481455A85418083594B08EFF09B
:102D50006FCC3305A440420541850144634C050016
:102D6000B3873403A187C207C18763DEA702035478
:102D70002B087D148317CB07638487029315040106
:102D8000C1815A85EFF0AFDA8355CB075A85EFF052
:102D90000FDA0146231E8B06F1455A85EFD05020ED
:102DA00055616FD0CEE003478B081D8B631D270153
:102DB00003542B087D143304A40213D517402A941E
:102DC0003344F40245BF89460144E315D7FA03545E
:102DD0002B083304A402EDB7A147631CF900835507
:102DE000C507EFF0CFD4E17793C7F7FF231EFB06AB
:102DF00045BF930790026315F900EFF0102F4DB710
:102E0000CD47631BF9048357850583554506139702
:102E1000070193960501C186418763D3E600BE850D
:102E20008357CB0493960501C18613970701418709
:102E300063D3E600BE8583570B0493960501C186D4
:102E400013970701418763D3E600BE85C205C1859C
:102E50002285EFD09023A9B79307C0026319F90226
:102E60002285EFD090182A845A85EFF09016835768
:102E70004B083385A70221850AA05A85EFF0D018A8
:102E800083576B083385A70221852AA011BFD54738
:102E9000E318F9F02285EFD0301E104593074B015F
:102EA000AA8BBE85A8183EC6EF902FB06309050E09
:102EB00083A78B005A85930A010B3ECABC1823A432
:102EC000FB00EFF06FC52A8481455A85EFF08FB47F
:102ED0008145AA8D5A85EFF04FB7AA845A85EFF045
:102EE000500F83574B082ACC5A853ECEEFF0D011B5
:102EF0002AD05685835C6B08EFB0601256868145F8
:102F00005A85EFF04027DE85A811EFF0A050A247C8
:102F1000B011E945BED75A85FD572320F112232E63
:102F2000011082D9232051112326011023280110DA
:102F3000EFD010071306100381455A85EF20810F4B
:102F40009377F50F5A853EC8EFF00FBD1306300397
:102F500081452A895A85EF20E10D137AF50F5A85AC
:102F6000EF00F15B2A8D5A85EF00114E8359EB0774
:102F700042044180639F092A83540B086392043AF8
:102F8000FD57B011ED455A852320F112232601107B
:102F900023280110EFD0D000D24723A4FB00014624
:102FA000DE855A85EFF02FEF0546DE855A85EFF076
:102FB0008FEE0946DE855A85EFF0DF9D5A85114672
:102FC000DE85EFF03F9D93074B023E853ECAEF90B2
:102FD000BFBF6317051883448B0885479D88639995
:102FE000F47403A68B00B245A0082285EF90EF9BF6
:102FF0006308051683A78B0023A48B003ECC835760
:103000002B0863FFF4145A85EFF00FB181452A8431
:103010005A85EFF02FA081452A895A85EFF0EFA25B
:103020002AD45A85EFF0E07A83574B08AA845A8550
:103030003ED6EFF0607DAA895A85035D6B08831C3C
:103040004B01EF00D14D2A8C5A85831A6B01EF009A
:10305000B13F03A68B00B2452A8A8810EF90EF9407
:1030600063000510A818EFA0907BB018B705050005
:103070005A85EFF040100819EFC0E01C1019B70591
:1030800002005A85EFE0F042B70502005A85EFF0E2
:103090008F9989473345F5021146B7050200931D04
:1030A00005015A85EF101179420541858947B347DB
:1030B000F50293DD0D418316A1073EC84247EE8716
:1030C0006353B701BC80094733C7E602C207C18713
:1030D0006358F7008347110893E70701A300F1083D
:1030E00085476398F6008347110893E70701A3001B
:1030F000F108420441802299CA9C338C8C41931779
:103100000C01C183338DA9033ECE8317C101130582
:103110004B023ED083572B083ED2B25793598D4075
:10312000B384F402EF903FA793970901C1873EDA79
:10313000A2572A8C3E94330D5401330D4D414E9DC0
:10314000A18493170D01C204C18393990D01C18419
:103150003EDC93D9090163160C2AE24723A4FB0045
:10316000930A0B035685EF903FA6E31B05C2324638
:1031700083A58B0080082285EF902F83E30205C290
:1031800083A78B00881023A48B003EC8EFA0306972
:103190009010B70507005A85EFE0F07DA818EFC042
:1031A000800A83478106B70507005A85A30DF106FB
:1031B000E17793C7F7FF231CF1060944EFF0AF86D0
:1031C00033458502B70507001309C1069309010BB2
:1031D000216CA400930CC104130A81057D1C931774
:1031E0000501C1875A853EC6EFF0EF83334485025F
:1031F000DE85A811EFF00022B7070700232EF1109B
:10320000A247568523202111BED79547BED9CEDDD2
:10321000EF907F983C86AA8D3EC442044184131DE2
:103220000401135D0D01E3900D36C24723A4FB009A
:1032300085BE03576B01A294139C0901BA940357EE
:103240004B01898C93970401C1832310E106035736
:103250008B013ED2C2472316E1060947135C0C419D
:103260008144637DF702635B200313772A0019C74B
:1032700081455A85EFE07FFD9334150013771A00DE
:1032800011CF454681455A85EF10D15A42054185F7
:1032900011E5138CF9FF420C135C0C418257A68890
:1032A0000543338797039309C106930C01062187D1
:1032B00042074187E3D284CDB387E8028356EB0708
:1032C0003AD41257FD16B011E9455A859AD92320F0
:1032D0001113B3C7D70246D02326911123283111E9
:1032E000BA97C207C1872311F1062317F106A24737
:1032F000BED7EFD0E04ACE866686D6855E85EFA043
:10330000D053B011ED455A85EFD0804982581388CB
:10331000140093140801C18485082257054359BF3E
:1033200083576B01A29D03544B012311F106835770
:10333000AB01A29D4247338DAD41420D2317F106EB
:10334000139404018947135D0D014184014C63FD11
:10335000E702635B200393774A0099C781455A854A
:10336000EFE05FEB133C1500137A8A00630E0A004E
:103370004D4681455A85EF10F14B4205418509E5DF
:103380001384F4FF42044184E2477247628A894C05
:103390003389E70284109309C10613598940420911
:1033A00013590941E35E8CBCB3072A0303570B088A
:1033B000B011E9457D175A8523204113E6D923260C
:1033C000911023283111B3C7E702050C420C135C9E
:1033D0000C41050AEA97C207C1872310F10623169C
:1033E000F106A247BED7EFD0A03BCE862686D68573
:1033F0005E85EFA09044B011ED455A85EFD0403A7C
:1034000055B78347CC00858B99C75245E285EF902D
:10341000AFF92A8C89B383578C00014A231CF1062B
:1034200083578C00231AF10A83478B08A18B99E3F9
:10343000031AAC008326CC00825703264C008D82F1
:103440002316F1042318F104898A93171A00DA96D7
:103450003E968395C6068317060052578396060745
:103460008D8FB387E7028D8E6257930A810EDE85BA
:1034700056852164814C7D14B3C7D702B307F7404A
:103480002319F104EFE01079A247031D210523263B
:103490008113BED78D47BED9B7070500232EF11083
:1034A000BC182320F1101C19BEDDBC806A89528E25
:1034B0003ED656D883552B0863E2BC089257E3D614
:1034C00097F4E394BCF483274C00060E3E9E8316CB
:1034D0000E00A167FD17E38AF6F283570105E0109D
:1034E000E945B3863741CE972316D1062318F10656
:1034F000B480835721055A85232601103386D7408F
:10350000B6972317C1062319F1069387FCFF2320E2
:10351000F11283170E00B011232801102324F11299
:10352000A2DBEFD0E02722860C195E85EFB0F056C3
:10353000B011ED455A85EFD0A026C1BDE247031674
:10354000010503152105839747002316C10423179E
:10355000A104EE978507E3CAC7EAB386940393876D
:10356000F5FFB30A9A018322CC00032F4C00525777
:1035700093D2320093F22200DA92B3C6F602F247F7
:10358000B3EABA02BE96C206C182939F060193DFD8
:103590000F412318F10593970A01C1871393170070
:1035A000B30E6F0083950E003ED48397C2068392BC
:1035B00002079D8DB385E502B387F2406247B3C52C
:1035C000F502E257B385B7409397050183150700CD
:1035D000C1872319F104B385B541FD1563C0BF0848
:1035E000638E0C061257931A1E00569F6345970868
:1035F00083150F006384850683950E00638085061E
:10360000BE8563D3A701EA85139D0501135D0D41B6
:10361000BE856353F900CA85139905011359094101
:10362000630EF603FD16C206C1862318D1042316C5
:10363000D1042317B104630B2D032319A1059408AA
:10364000F000AC185E853EDEEFA0301F835601050A
:10365000F25785062318D1043E8D3E8993871C00BE
:10366000939C070193DC0C01225EA9B593081D0011
:1036700023191105E9B742064182B30736412316E3
:10368000F106B25742054181B307F5402317F10611
:10369000B2574E962318C1063E952319A10693876B
:1036A000FCFF2320F11283170F00F40063938700BF
:1036B000814603960E002326D110940863138600DA
:1036C00081464256F810E9455A852328D110232413
:1036D000F1121ADEBADBEFD0A00C83274C00B386C0
:1036E000570183960600638E860072533E938317BC
:1036F0000300638887009408F000AC185E85EFA093
:10370000D01363810D02C24791CF83274C00338EC3
:10371000570183170E0063878700F0100C195E8530
:10372000EFB0B0374256ED455A85EFD060073DB750
:1037300009446396842403A68B00B245E0102285D9
:10374000EF80BFA6E30E05A083A78B00814523A4CD
:103750008B005A853EC8EFE0FFAB8145AA8A5A85A7
:10376000EFE0BFAE2A8C5A85EFF0A00683544B08D9
:10377000930C010BB384A4025A85EFF0E008035ABE
:103780006B08330AAA0213054B02EF906FC22A8915
:10379000A18481455A85EFE03FAA9399040183549F
:1037A0004B0883572B0893D90941B384A40213848F
:1037B000F7FFB70505005A85135A8A40131D0A0101
:1037C000135D0D41A18433049402CE943384894067
:1037D0003344F402EFE05FA64204418433542403EF
:1037E00003594B083309A9025A85EF004153338529
:1037F000AA4093170501C1835A853ECCEF00C1440E
:103800003305AC4093170501C18366853ECEEFB00A
:1038100090236686B70505005A85EFE08049834707
:10382000F10B0357010BDE85E19BA30FF10AFD5756
:10383000A309F10A8357AB01A81113598940BA971C
:10384000231FF106EFE0103DB7070500232EF1100E
:10385000A247216C814ABED79147BED91349F9FFCF
:103860007D1C83572B0863E4FA00C247C5B8B38DAB
:10387000540362475245B3CDFD0283574B012320C9
:103880005113BA97BE9DC20DEF90EFB093DD0D417D
:103890002A8721C75C27858BEDE303468B08218AA5
:1038A00019E28317A700B3898D00C20993D90901D2
:1038B0003386290142068315C1064186C209231CAD
:1038C000B107231EC10693D909416341B60A831586
:1038D000010703562B0863D9B50193861A00939A02
:1038E000060193DA0A01B5BFD697B3E7C702504382
:1038F0000E27F246231AB10A83556B01B695D2956D
:10390000C207C1878607B2975047039507000D820B
:10391000098A5A960318C606031606073305054199
:103920003305A503330606413346C5023386C54039
:10393000231DC10683970700638A8703B418B0115B
:10394000E9455A852326E1123AD0B6DB2324F11249
:10395000E6DDEFC0F064B018E6855E85EFB0F013E9
:10396000B011ED455A85EFC0B06302575245BA8594
:10397000CE8DEF906FA32A8729BFEE89C5BF8D47F3
:103980006390F4FE03A68B00B24584102685EF8079
:10399000DF81630705FC83A78B005A8523A49B0066
:1039A0003ED8EFE07F97AA8481455A85EFE09F8655
:1039B0008145AA8C5A85EFE05F89AA895A85EFE094
:1039C000506183574B08C204C1803385A702A69C6F
:1039D000CE94130A010B218593170501C1875A85DF
:1039E0003ED0EFE07062035D6B0803594B01330D6D
:1039F000AD02CA9CC20C5A8593DC0C0193578D40D2
:103A00003ECC831781013ED2EF006131B38CAC40D4
:103A100093970C0103556B01C1833ECE8317C101FF
:103A2000AA94C2045A853ED4C180EF00E1213385B7
:103A3000A44093170501C183A8183ED6EFA0205ECD
:103A4000B018B70505005A85EFE0E0725285EFB077
:103A5000807F5286B70502005A85EFE08025B705C2
:103A600002005A85EFE02FFC334585021146B70569
:103A70000200131905015A85EF10C15B420541850B
:103A8000B3498502135909418316A107CA8763D335
:103A90002901CE87094733C7E602C207C1876358A9
:103AA000F7008347110893E70701A300F108854752
:103AB0006398F6008347110893E70701A300F10814
:103AC00013054B02EF902F8DA164931A0901139DEA
:103AD0000901AA8CFD1493DA0A01135D0D016395A7
:103AE0000C00C2576FF08FE703C7CC00058B19C7D6
:103AF0005245E685EF904F8BAA8CD5B703D78C0043
:103B000002C8231CE10603D78C00231AE10A0347ED
:103B10008B08218B01E78397AC003EC8A25703A70F
:103B20004C002318F104231CF104C247139417001E
:103B300022978316070029476387E61083A5CC00E8
:103B400003A50C00025789818989DA95229503968D
:103B5000850703150500839545078146EF906FA5FE
:103B6000F24783A5CC0012573E95231CA10403A560
:103B70004C008D818989DA952295039605070315F6
:103B800005008395C5068146EF90AFA2B257624704
:103B90003E973305A740231DA104DE85A811EFE061
:103BA0007007A24737070500232EE110BED70D4747
:103BB000BC18BAD92320F1106247B2574248D2DD6F
:103BC000BA972326911301443EDA03572B08636109
:103BD000E408E31FE4F083A64C001317180036979F
:103BE00083160700E38696F0835681057D14232013
:103BF000811233865641D6962318D1068356A105E5
:103C00002316C106E0103386A641EA962317C106A3
:103C10002319D10603170700B011E9455A8523245B
:103C2000E1122326011023280110A2DBEFC0503738
:103C30002286D2855E85EFB04066B011ED455A858B
:103C4000EFC0103675B537E701E00507BACCB1B75C
:103C5000C247E64642DCB38D8700B3EDED0203A711
:103C60004C00B6C8C20D93DD0D41139C1D00629738
:103C7000031507006304951083A5CC0012578146F5
:103C80008D818989DA95039605078395C506EF909E
:103C90004F92D25783A5CC0002573385A740231DEE
:103CA000A10403A50C0089818989DA9562950396A0
:103CB000850703150500839545078146EF906F8FB3
:103CC000F2473E95231CA10455C8035701056258CD
:103CD0008C08B306574156972318E1060357210570
:103CE0002316D106B306A7412317D1066A9783A6E8
:103CF0004C002319E1061307F4FF2320E1121317E8
:103D000018003386E600031606006313960081450B
:103D1000E2962326B11083950600B40863939500BC
:103D20008146FC102324C112E945B0115A853ADCC2
:103D30002328D110BEDBEFC0B02683A64C0062570B
:103D400036970317070063069702369C03170C008B
:103D500063019702B4089008AC185E85EFA0E02DCF
:103D60006309090063870900F010D2855E85EFB012
:103D7000C052B011ED455A85EFC0902205044204AF
:103D800041806E8899B529468C104A85EF902F9115
:103D900013068003AC184E85EF906F9003D76D002B
:103DA0002316E10603D76D002326911023289111D5
:103DB000231AE10A03C7DD00058B6301071283960E
:103DC0000D0003972D0003564B01B247B2960356E0
:103DD0006B01C206C18232974207418313980601E4
:103DE000931807011358084193D8084163890710B5
:103DF00063070410A247D2DB3386F640BE96231E2B
:103E0000D104B306A7416A97231CC104231DD10422
:103E1000231FE10403C7CD0093763700A9CE937624
:103E20001700428699C203164B012314C1042315BF
:103E30001105098BC28619C383168B01B011E945A0
:103E40005A8542CC2317110546CA2316D104EFC068
:103E50003015E6862686CA855E85EFA0001E52864E
:103E6000CE855E85EFB06043B011ED455A85EFC059
:103E700030136248D24803C7CD009376C700A1CA69
:103E80002314010593764700468699C203166B01F9
:103E90002315C10423160105218B19C38318AB0117
:103EA000B011E9455A8523171105EFC0700FE6865A
:103EB0002686CA855E85EFA040185286CE855E852F
:103EC000EFB0A03DB011ED455A85EFC0700DEE8505
:103ED0005685EF807FCDAA8D6FF0EFB403964D002D
:103EE000E30786FF83A58D004206D28641825A856C
:103EF000EFE00FDC831681050317A105E9B582DB2E
:103F000011BF9387F5FF63D507007D159387B50033
:103F10002D476354F7000505D11705476395E70260
:103F200013773500814709EF130740063377E50221
:103F3000854719E7930700193375F5029337150084
:103F40001385C70182801D45B3E7A7020945B3E782
:103F5000A7027D45B307F54013F5F70F8280EFC246
:103F60004EC42A84EFC07007AA842285EFC0F007F0
:103F70005859B7070500631BF7060C5D99472A845B
:103F800063E8B7061C49A3810700238107020E3CA2
:103F900021662685EF10DF9E15C5032904019307CE
:103FA00060062685A301F900EF20F1752312A90010
:103FB0002685EF109F951C5C6316F5001C481307BF
:103FC00020FBB8B30E3C11662685EF107F9B19CD00
:103FD00003290401FD5726852301F902EF20B17260
:103FE0001848231FA9001E3385071EB36FC0AEBD3E
:103FF000C20513060002C1812685EF107F9841D9C2
:104000001C484945A3810700238107020329440175
:10401000EF808FED2316A9009DBF13B735008947A8
:10402000198D63E1B704B147AE97FD45B387B70279
:10403000314793061500938727FCB3D7E702135740
:104040002500369793060019B356D5023697BA97CE
:10405000130740063355E5023385A7409D47337566
:10406000F50282808147C9B7EFC20EB22A84485157
:10407000B165EF10EFFF8305E4024A34EFF0FFF97A
:104080001C582A89A5E754541854B7070001FD1796
:10409000FD8EF98F639CF6008305B40248501166CB
:1040A0009905CA95C205C181EF10EFFE6FC00EB130
:1040B000185893972400BA9796235A346391E602CE
:1040C000838627000307E402639BE60083853700AD
:1040D00048502166CE95C205C181EF10CFFB850403
:1040E000C204C1805E38E3E5F4FC71BF81449309EA
:1040F0006500CDBFEFC26EA82A84131B86014EB4A3
:104100008547135B8B4123076503A307F5024851DD
:10411000AE8B93050002EF10AFF581441D49485066
:104120009395040113060002C1818504EF10AFF6D8
:10413000E39724FFC20B93DB0B01DA855E85EFF07A
:104140005FDCAA84DA855E85EFF03FED054933092F
:10415000A940AA892A8A1379F90FAA94930A84118B
:10416000370C0300B306490193F6F60F636A9A060B
:104170009305FBFF5E85EFF0DFD82A991379F90FDD
:10418000568B014AB70B0300B306490193F6F60FAD
:1041900063623A070549130A900233099940370BC5
:1041A0000300637B9A062285EFF01FEC4850EF1066
:1041B000CFF5C167FD176309F50093857900485075
:1041C000C205C181EF10AFE42285EFE0900C22859B
:1041D000EF10F14F2A898144639524076FC06E9DCB
:1041E00013152A0013060C5491455695EF907F97AE
:1041F000050A8DBF13860B5491455A85EF907F9623
:1042000093057A004850C20513060002C181EF10E1
:104210008FE8050A110B8DBF13952400B306990092
:1042200013060B5491455695EF90BF9393857400F8
:104230004850C20513060002C181EF10CFE5850486
:104240008DB7A6852285EF10D1455C506386A70007
:104250002286F145EFC0C0548504BDBFEFC26E9405
:10426000B70701019387477E2E849CD5DCD523A810
:104270000502239A0502130584119305800A411152
:10428000EF803FFD13078403370603003715030053
:1042900081478146BA85130686501943130E80075D
:1042A000130505319308800393FEF70F1388170059
:1042B000D1C7137F780063110F0808C3C2871107A5
:1042C000E31418FFB717030093870733232AF4106A
:1042D00022852EC6EF100FCFB24548D0EF106FD019
:1042E000485093050011EF10EFDF4850B74501002B
:1042F000814669469385E5F5EFC0A0514850896530
:1043000093854506EFE0002922858545EF40C033BF
:1043100048508545EF40A03D0306E4024E34228517
:10432000EFF05FDD2285EFF03FD448509165EFD08C
:10433000C01D41016FC02E896367D3018A07B29700
:104340009C431CC3A5BF938746048A07A297238476
:10435000C701938766048A07A29785061CC393F654
:10436000F60FA9BF1305C5028280EFC2EE812E842D
:1043700022858145EF10715F22858145EF40C02C79
:104380008146094681452285EF4080312285EF0034
:10439000BFA5B70503000146938545EAAA84EF103F
:1043A000111E8965938545062685EFE0E021268567
:1043B000EFF0202E2685EFE0C040AA89AA85268549
:1043C000EFE0401D3749010081461D4693058949AC
:1043D0002685EFC0004491452685EFD0401A2285FE
:1043E000EF40AF968D45AA84EF40EFA801462685A1
:1043F0008945EF10912085452685EF40402F228585
:10440000EF009F9EB705030001469385053BAA84F4
:10441000EF10F1164E86CE852685EFE0201E8146F0
:104420001D46930589492685EFC0A03E2685914506
:10443000EFD0E014B74501008146714693854545AC
:104440002285EFC0003D0146F1452285EFC0403591
:104450006FB0DEF6EFB2FEF4EFC02038AA84EF10A2
:10446000B123EFF03FF02A8485452685EF107123B4
:10447000830724001220B7050300FD1713972700B8
:10448000B70703009387C757BA979443938585610D
:10449000EF400F956FB03EF3EFB21EEFEFC0E03389
:1044A0002A8AEF10711F2A89EF10111FAA89EFF0D5
:1044B0007FEB06210304250081454A85EF10711E1C
:1044C0006317AA0485476310F404FD14C204C18075
:1044D00031442286A6854E85EFF0DFC185454A85A9
:1044E000EF10311C7D14B70703009387C7570A04E8
:1044F0003E941440B7050300268693858561EF40FE
:104500002F8E6FB0BEEB7D1462046184D9B7B147C2
:104510006317F4008504C204C18005445DBF05042F
:10452000E5B7EFB21EE82E852E84EF10F1162A892A
:1045300081452285EF10714381452285EF40C010EF
:104540002285EF20EF88B70503009385C563AA8411
:10455000EF20EF89B7450100CA86714693858563D0
:104560002685EFC0002B85452685EF404018228523
:10457000EF200F86B71503009385458AAA84EF20A4
:104580000F87B7450100CA86714693852560268549
:10459000EFC0202826858545EF406015B74501000E
:1045A000814671469385C55B2285EFC08026014612
:1045B000F1452285EFC0C01E6FB0FEE0EFB27EDE97
:1045C000EFC0A021AA84EF10310DEFF0BFD92A84EB
:1045D00081452685EF10F10C1E209305707E9D8D80
:1045E000C205C181EF200F9685452685EF10710B1E
:1045F00083052400FD15C205C181EF20AF946FB083
:104600009EDCEFB21EDAAA84EFC0201D2A84268524
:10461000EFC0E01DAA842285EF202F952A842685ED
:10462000EFF05FD40E211306140062066186268522
:10463000EFF05FAC6FB03ED9EFB2BED62A84EFC0C8
:10464000C019AA842285EFC0801A2A842685EF200B
:10465000CF91AA842285EFF0FFD09305707E0306E8
:104660002500858DC205C1812285EFF0BFA86FB0FE
:104670009ED5C2054205C18141819397050113175B
:104680000501B706E1079386F681CD8F598DB3F505
:10469000D700758D930746000D8D8D87B307F50202
:1046A0009583AE97F58F13D507015D8D82807D557B
:1046B0008280EFB21ECF2E852E84EF10E17D11E5B2
:1046C0009384419A01468C40A1A0B71503009385BD
:1046D000C5A72285EFD080386303050E2285EF1031
:1046E000A17BB70403009385C4DD2A89EFD000378E
:1046F000631A051A4A85EF10217A9385C4DDEFD03D
:10470000E03515C59384419A8C4001469385050890
:104710002285EF0031398C4041662285A105EF00EA
:1047200071388C40416613060604C10525A8228510
:10473000EF10A17A05ED2285EF100176B705030091
:10474000938585D8EFD0803115C19384419A8C40F0
:104750000146228593858504EF00D1348C400146C3
:10476000938505072285EF00F1332DAA2285EF10EE
:10477000C17685476314F5022285EF10E171B70514
:104780000300938585D8EFD0602D09C99384419AA1
:104790008C4001462285EF00F130BDB72285EF1035
:1047A000A16FB705030093854552EFD0202B631B03
:1047B000050E9384419A8C400146E10591BFB7C52F
:1047C0000200938505362285EFD04029630E050C43
:1047D0009384419A8C400146228593850502EF001F
:1047E000712C8C400146228593858502EF00912B28
:1047F0008C40014622859385050DEF00B12A8C403F
:1048000013060002228593858505EF00B1298C40AF
:104810001306000222859385850DEF00B1288C4098
:10482000114622859385050AEF00D1278C40130697
:10483000000222859385850CEF00D1268C40054629
:10484000228593858503EF00F1258C40130600082F
:10485000228593850506EF00F1242285EF10C163C0
:10486000B70503009385C5F6EFD0401F1389419A21
:1048700005C183250900014622859385051DEF00AA
:10488000712283250900130600029385051ED9BDF8
:104890002285EF106160B7050300938505EEEFD028
:1048A000E01B61F96FB03EB2B7C5020093850548C1
:1048B0002285EFD0A01A19C583A5419A0146938598
:1048C00005154DB5B7C502009385C5372285EFD0D4
:1048D000E018630405222285EF10015CB705030090
:1048E000938505E5EFD080179384419A3DCD8C40A8
:1048F000014622859385851FEF00D11A8C40014621
:10490000228593858508EF00F1198C403706050054
:10491000228593850502EF00F1188C4037090500C8
:1049200013060902938585052285EF00B1178C4097
:1049300013060908228593850506EF00B1168C4001
:1049400013061900938585022285EF00B1158C406E
:1049500013064900228593850503EF00B1148C40AE
:104960001306890093850504F5BB2285EF10C1521B
:10497000B70503009385C5DDEFD0400E51C58C40CF
:104980000146228593850505EF00D1118C40114623
:1049900022859385050AEF00F1108C40114622858F
:1049A00093850523EF0011108C403709050013068D
:1049B0000902938585052285EF00D10E8C401306F0
:1049C0001900228593850503EF00D10D8C40130655
:1049D0001900228593858523EF00D10C8C401306A6
:1049E000490022859385050AEF00D10B8C40130600
:1049F000890022859385850AEF00D10A8C40130631
:104A0000490093850523B9BB2285EF10E148B7051E
:104A1000030093854552EFD060048C40014625CDBC
:104A2000938505182285EF00F1078C4011462285F9
:104A30009385050AEF0011078C4021462285938556
:104A4000850AEF0031068C403706050022859385E4
:104A50008518EF0031058C4037090500130609025F
:104A6000938585052285EF00F1038C401306090824
:104A7000938505062285EF00F1028C40130649005C
:104A800022859385050AEF00F1018C401306890009
:104A90009385850AC1B9E1052285EF00B1008C40FC
:104AA000114622859385050AEF00C17F8C4021467F
:104AB00022859385850AEF00E17E8C40370605004C
:104AC000228593850502EF00E17D8C4037090500C2
:104AD00013060908938505062285EF00A17C8C400A
:104AE00013060902228593858505EF00A17B8C4082
:104AF0001306190093858502B5BFB7C502009385DB
:104B000045342285EFC0907529CD9384419A8C401D
:104B10000146228593850503EF00C1788C4001464C
:104B200022859385050BEF00E1778C4011462285A5
:104B30009385050AEF0001778C40214622859385F5
:104B4000850AEF0021768C40370602002285938586
:104B50008502EF0021758C40370602009385050B16
:104B600011B1B7C50200938545502285EFC0106F83
:104B700059CD9384419A8C40014622859385050343
:104B8000EF0041728C40014622859385050BEF00B2
:104B900061718C40114622859385050AEF00817072
:104BA0008C40214622859385850AEF00A16F8C40B9
:104BB00037060200228593858502EF00A16E8C40A6
:104BC0003706020022859385050BEF00A16D8C400E
:104BD0003706030022859385050FEF00A16C8C40FA
:104BE00037090300130609029385850C2285EF001F
:104BF000616B8C403706030022859385050DEF001D
:104C0000616A8C40130609029385850DA1BEB7C564
:104C100002009385C5532285EFC0506479C1938407
:104C2000419A8C4001462285E105EF00A1678C4046
:104C30000146228593858506EF00C1668C400146BA
:104C400022859385850BEF00E1658C401146228516
:104C50009385050AEF0001658C40214622859385E6
:104C6000850AEF0021648C4041662285A105EF0092
:104C700061638C40416613060604C1052285EF007E
:104C800061628C4037060500228593850505EF009B
:104C900061618C4037060500228593858515EF00FC
:104CA00061608C4037060500228593850508EF007A
:104CB000615F8C403709050013060902938585055D
:104CC0002285EF00215E8C401306490022859385E2
:104CD0008502EF00215D8C401306890093858503D2
:104CE00051B4B7C502009385053C2285EFC010572B
:104CF0004DC19384419A8C40014622859385850855
:104D0000EF00415A8C40114622859385050AEF0039
:104D100061598C403709020013060908938505067E
:104D20002285EF0021588C403706020022859385AA
:104D30008513EF0021578C401306190022859385B7
:104D40008502EF0021568C401306190022859385B9
:104D50000514EF0021558C40130609022285938526
:104D60008505EF0021548C401306090222859385A6
:104D7000850CEF0021538C40130609022285938590
:104D8000850DEF0021528C40370602009385050DFA
:104D9000D1BAB7C50200938505522285EFC0104CE9
:104DA0006300050E9384419A8C40014622859385C9
:104DB0008504EF00214F8C40014622859385050B29
:104DC000EF00414E8C40014622859385850EEF0011
:104DD000614D8C4013060008228593850506EF007F
:104DE000614C8C40114622859385050AEF00814B6A
:104DF0008C4037090200130619009385850222852D
:104E0000EF00414A8C403706020022859385050B4E
:104E1000EF0041498C401306090822859385050659
:104E2000EF0041488C403706030022859385050F2B
:104E3000EF0041478C403706030022859385050526
:104E4000EF0041468C403706030022859385851488
:104E5000EF0041458C403706030013060608938592
:104E600005062285EF0001448C4013061900938546
:104E7000850D2285EF0001438C403706020069B39F
:104E8000B70503009385C54E2285EFC0303D41C56F
:104E90009384419A8C4001462285E105EF008140D0
:104EA0008C400146228593858507EF00A13F8C4009
:104EB0000146228593858512EF00C13E8C404166F4
:104EC0002285A105EF00013E8C40416613060604D1
:104ED000C1052285EF00013D8C4037060500228583
:104EE00093850511EF00013C8C40370602002285B6
:104EF00093858511EF00013B8C4037060600228523
:104F000093850512EF00013A8C4037060700938520
:104F100005116FF03F85B7C502009385C54922850D
:104F2000EFC0D0333DC19384419A8C400146228525
:104F3000E105EF0021378C40014622859385050E5F
:104F4000EF0041368C400146228593850509EF002C
:104F500061358C400146228593858509EF008134B7
:104F60008C40114622859385050AEF00A1338C40C1
:104F7000214622859385850AEF00C1328C40370691
:104F80000400938585026FF0EFFDB7C5020093859D
:104F9000853E2285EFC0902C3DC19384419A8C4080
:104FA00001462285E105EF00E12F8C400146228574
:104FB00093858507EF00012F8C400146228593855C
:104FC000050DEF00212E8C401306000222859385EB
:104FD000850DEF00212D8C4013060002228593855C
:104FE0008505EF00212C8C40114622859385050A0A
:104FF000EF00412B8C4021469385850A9DBDB7C5A6
:105000000200938545422285EFC0502549C593840F
:10501000419A8C4001462285E105EF00A1288C4091
:10502000014622859385050CEF00C1278C4001467F
:10503000228593850509EF00E1268C4001462285F3
:1050400093850513EF0001268C4041662285A1055A
:10505000EF0041258C40416613060604C1052285F8
:10506000EF0041248C403706040022859385050516
:10507000EF0041238C403709040013061900938583
:1050800085022285EF0001228C40130609029385D8
:1050900085056FF02FEDB7C5020093858532228517
:1050A000EFC0D01B29C19384419A8C4001462285D0
:1050B00093850510EF00011F8C4037060200228502
:1050C00093850510EF00011E8C40370602002285F3
:1050D00093858510EF00011D8C40370603009385F2
:1050E000050F6FF02FE8B7050300938585DF228554
:1050F000EFC0D0160DC99384419A8C400146228599
:1051000093850510EF00011A8C40370602002285B6
:1051100093850510EF0001198C4037060200938536
:1051200085106FF02FE4B70503009385C5E622854F
:10513000EFC0D0121DC59384419A8C400146228550
:10514000E105EF0021168C40014622859385050B71
:10515000EF0041158C4037060200938585166FF0ED
:105160006FE0B7C50200938585552285EFC0100F0B
:1051700041C59384419A8C4001462285E105EF00A8
:1051800061128C400146228593858507EF008111CD
:105190008C4013060008228593850506EF008110D8
:1051A0008C40114622859385050AEF00A10F8C40A3
:1051B000214622859385850AEF00C10E8C40416609
:1051C0002285A105EF00010E8C40416613060604FE
:1051D000C1052285EF00010D8C4037060700090646
:1051E000938505172285EF00E10B8C4037060800F8
:1051F000938585176FF00FD7B70503009385455248
:105200002285EFC0B00519CD9384419A8C400146A8
:10521000E1052285EF0001098C4001469385850652
:105220006FF04FD4B7050300938505562285EFC074
:10523000F00201C983A5419A0146938505196FF0D3
:105240006FD2B7050300938505622285EFC0100178
:1052500075F1B7050300938505372285EFC010006F
:105260005DC583A5419A01462285EF00A10303A7EE
:1052700041999384419A85478C406317F708938539
:10528000850701462285EF00E1018C401146228509
:105290009385050AEF0001018C4021462285938504
:1052A000850AEF0021008C40370605002285938592
:1052B0000502EFF0307F8C4037090500130609081E
:1052C000938505062285EFF0F07D8C4037060500BA
:1052D000228593850505EFF0F07C8C4037060500AC
:1052E000228593858520EFF0F07B8C401306090220
:1052F000228593858505EFF0F07A8C40130619001E
:10530000938585046FF04FE4938505079DBFB7052E
:105310000300938545FA2285EFC0407419CD93842C
:10532000419A8C4001462285E105EFF0B0778C4030
:105330000146938505216FF0AFBDB7050300938546
:1053400005FC2285EFC0807105C19384419A8C4091
:105350000146228593858504EFF0D0748C40014688
:10536000938505226FF00FC0B7050300938585F87C
:105370002285EFC0A06E39C99384419A8C400146C2
:10538000228593850505EFF0F0718C40014622855A
:1053900093858521EFF010718C401146228593850D
:1053A0008502EFF030708C401146228593850522EE
:1053B000EFF0506F8C401306000222859385052282
:1053C000EFF0506E8C4013060002D1B1B705030018
:1053D000938585E82285EFC0606819CD9384419A52
:1053E0008C4001462285E105EFF0D06B8C400146F0
:1053F0009385051A6FF00FB7B7050300938505F580
:105400002285EFC0A06509C99384419A8C4001466A
:105410009385051B6FF0CFAFB7050300938545EC6F
:105420002285EFC0A06309C99384419A8C4001464C
:105430009385851B6FF0CFADB7050300938585EA93
:105440002285EFC0A06121C59384419A8C4001461A
:1054500022859385851AEFF0F0648C4013060002D4
:1054600022859385051EEFF0F0638C401306100231
:10547000228593850503EFF0F0628C400546228576
:1054800093850503EFF010628C401146DDBCB70533
:1054900003009385C5F62285EFC0405C01C983A552
:1054A000419A01469385851C6FF0CFABB705030089
:1054B000938505EE2285EFC0605A75F1B7050300AC
:1054C0009385C5EF2285EFC0605909C99384419A3D
:1054D0008C4001469385051C6FF08FA3B705030030
:1054E000938585F12285EFC0605701C983A5419A54
:1054F00001469385851D6FF0EFA6B70503009385E0
:1055000045F32285EFC0805501C983A5419A014624
:105510009385851E6FF00FA5B7050300938505E5FC
:105520002285EFC0A05319CD9384419A8C40014647
:105530002285E105EFF010578C4001469385051F49
:105540006FF04FA2B7050300938545E32285EFC0B6
:10555000E05001C983A5419A0146938505206FF06B
:105560006FA0B7050300938545E12285EFC0004F8A
:1055700031C19384419A8C4001462285E105EFF0C8
:1055800070528C400146228593858507EFF090513B
:105590008C40114622859385050AEFF0B0508C406F
:1055A000214622859385850AEFF0D04F8C4037063F
:1055B0000700C1BAB7050300938545DA2285EFC01D
:1055C000E04919C16FF0CF8FB7050300938505DC63
:1055D0002285EFC0A04809C59384419A6FF0AF932C
:1055E000B70503009385C5DD2285EFC0204711C5AF
:1055F0009384419A01468C4029B9B70503009385ED
:1056000085D82285EFC0804501C983A5419A01460E
:105610009385050C6FF00F95B70503009385054D35
:105620002285EFC0A04321C19384419A8C4001465A
:10563000228593858519EFF0F0468C40014622853E
:1056400093850508EFF010468C403706030022854D
:1056500093850505EFF010458C40370603009385D0
:1056600005086FF02F90B70503009385C5FD2285CF
:10567000EFC0C03E19E16FF0EFA283A5419A014649
:10568000938505246FF00F8EEFA2BED1B79700204F
:1056900083A787DB411132C6858B2E844945894516
:1056A00091CBEF700F893246A285EFE09FFC41015C
:1056B0006FA07ED1EF700F85FDB7EFA29ECE2A843A
:1056C000AE84EF80BFA0A6852285EF803FA16FA0AA
:1056D0009ECFEFA21ECD2A84AE84EF803F9BA6858D
:1056E0002285EF80BF9B6FA01ECEEFA29ECB2E85A2
:1056F000B285EF605FEE6FA01ECDEFA29ECA2A8436
:10570000AE84EF80BF92A6852285EF803F946FA084
:105710009ECBEFA21EC92A84AE84EF803F99A68556
:105720002285EF80BF996FA01ECAEFA29EC72A8470
:10573000AE84EF80BF97A6852285EF803F98A6852F
:105740002285EF80BF94A6852285EF803F956FA0CC
:105750009EC7EFA21EC583C7019A89C7EF80AFC558
:105760006FA07EC6EF804FC4E5BFEFA29EC32E841C
:10577000AA84EF907FDE330585029307F00E63D194
:10578000A7022685EF905FDD330585021304000A2A
:105790001305050533458502420541856FA0BEC24C
:1057A0000545EDBFEFA2FEBC83A701922A8AAE8B0E
:1057B000328BB68ABA891384419A91EB13058024FF
:1057C0002380019AEF70DF9723A0A19208C0EF9089
:1057D000DFD2EF90FFD2930700141389419963D46D
:1057E000A7006F10C0568D47B794002037470100BF
:1057F0002320F9001307276B938784D92398770117
:1058000023AA370123AC370123AE370123A6470172
:105810002399670198C323A05703938484D9938B5A
:1058200041989389819863940A006F1000548567AA
:105830009387370A2390FB0095454945EF609FEC1D
:105840009C502390A900858B138BC197938A019854
:1058500099E36F10A0538D67938767942310FB0023
:105860008D67938767982390FA000840371D0300DF
:10587000B79C00201305050DEFF0BFED0840B7CD34
:105880000000379C00201305850DEFF09FEC814749
:10589000130760049306000513860DD193058D8CC4
:1058A0001385CCDBEF808FCE81470147930600053F
:1058B00013860DD193058D8C13050CDDEF800FCD74
:1058C00008409385CCDB1305050DEF803FAC084005
:1058D00093050CDD1305850DEF805FAB08402105B6
:1058E000EFF03FE79C50858B99E36F10404C894562
:1058F0004945EF601FE41C40AA8513858700EF80AF
:10590000EFFE0840A165FD152105EF809FA2C84468
:10591000832C04009D45EFF05FE5A10CAA85668508
:10592000EFF0BFE0C844832C04009545EFF0FFE39F
:10593000A10CAA856685EF806FEF0840930560068D
:105940002105EF808FFC084093050CDD2105EF80D9
:10595000FFA308404105EFF0DFDF08409305F00F9B
:105960004105EF808FFA0840EFF0BFDE0840930555
:10597000F00FEF808FF983D50B000840EF800FF711
:1059800083D509000840EF809F95832709000547CC
:10599000832B04006384E7006F100042C844B945BC
:1059A000EFF0BFDCAA855E85EF804FF28327090008
:1059B0000547832B04006384E7006F102041C8442F
:1059C000B945EFF09FDAAA855E85EF802FF1084098
:1059D0006105EFF01FD803270900832B04008547DA
:1059E000B145E10B6303F700A145C844EFF0FFD7D1
:1059F000AA855E85EF80FF9308409305F00F61054F
:105A0000EF80AFF0084083550B006105EF800FEE8B
:105A1000084083D50A006105EF804FF3C844832B0B
:105A200004008945EFF07FD4E10BAA855E85EF8005
:105A3000EFF4084085456105EF808FF6084083D577
:105A400009006105EF80BF8983270900832B0400CB
:105A50000547E10B6384E7006F108038C844E145D7
:105A6000EFF0BFD0AA855E85EFF03FCC8327090019
:105A7000832B04000547E10B6384E7006F10803738
:105A8000C844B945EFF07FCEAA855E85EF800FE46C
:105A900083270900832B04000547E10B6384E7009B
:105AA0006F108036C844B945EFF03FCCAA855E85BB
:105AB000EF80CFE2832B04004945EF60FFC2E10B8A
:105AC000AA855E85EF80AFFBC844832B0400854523
:105AD000EFF0BFC9E10BAA855E85EF802FF9084082
:105AE0001305050AEFF0FFC608408E281305050AC6
:105AF000EF804FEDC844832B04008D45EFF0FFC6C7
:105B0000938B0B0AAA855E85EF80AFEAC844832B8E
:105B100004008D45EFF07FC5938B0B0AAA855E8547
:105B2000EF804FED08409305F0071305050AEF805D
:105B30004FEB08401305850AEFF0BFC10840AE28BF
:105B40001305850AEF800FE8C844832B04008D45B8
:105B5000EFF0BFC1938B8B0AAA855E85EF806FE55E
:105B600008409305F0071305850AEF808FE708408A
:105B700013050502EFF0FFBD83270900832B040006
:105B80000547938B0B026384E7006F102029C844FC
:105B9000C145EFF09FBDAA855E85EF808FF9084073
:105BA0009305F00F13050502EF802FD6084083D52B
:105BB0000A0013050502EF806FD39C50858BC5E763
:105BC000832B04004945EF603FB2938B0B02AA85FB
:105BD0005E85EF80AFE60145032C04008D4BEF900E
:105BE000BF97330575039307F00E130C0C02854520
:105BF00063DFA7000145EF903F96B30575031305DA
:105C0000000A93850505B3C5A502C205C185628555
:105C1000EF806FDF08409305F00713050502EF8062
:105C2000CFE30145832B040003ACC400EF90DF9267
:105C30009307B003938B0B02854563DFA7000145F3
:105C4000EF909F91510593078002B347F5020145FC
:105C500093950701C18581C76285EFF01FB1AA85C1
:105C60005E85EF806FDB084083D5090013050502D0
:105C7000EF80EFE683270900832B04000547938B11
:105C80000B026384E7006F10A01AC844E145EFF0EF
:105C9000DFADAA855E85EFF0DFA783270900832BA0
:105CA00004000547938B0B026384E7006F10801993
:105CB000C844B945EFF07FABAA855E85EFF07FA1C0
:105CC000C844832B04009545EFF03FAA938B0B0249
:105CD000AA855E85EF808FC0C844832B040095455C
:105CE000EFF0BFA8938B0B02AA855E85EF800FBEF5
:105CF0000840B75701009387A76E23A6F198B757BE
:105D00000100938787681305850523ACF198EFF0B0
:105D10005FA408409385C19813058505EF80AFE324
:105D200008409305300213058505EF80EFE3084036
:105D300013050506EFF0FFA108409385819913052F
:105D40000506EF804FE108409305F00713050506AF
:105D5000EF808FE108401305050CEFF09F9F08408E
:105D600085451305050CEF80EFDD084085451305DB
:105D7000050CEF80EFC2084013050508EFF07F9D8A
:105D800083270900832B04000547938B0B0863844A
:105D9000E7006F10600CC844E145EFF01F9DAA8535
:105DA0005E85EFF09F9883270900832B0400054749
:105DB000938B0B086384E7006F10400BC844E145E8
:105DC000EFF0BF9AAA855E85EF804FB08327090068
:105DD000832B04000547938B0B086384E7006F1047
:105DE000200AC844E145EFF05F98AA855E85EF8000
:105DF000EFAE084013058507EFF0BF958327090034
:105E0000832B04000547938B8B076384E7006F1097
:105E10006008C844B945EFF05F95AA855E85EFF04C
:105E2000DF9083270900832B04000547938B8B07A2
:105E30006384E7006F104007C844B945EFF0FF9254
:105E4000AA855E85EFF07F87084013058508EFF08F
:105E50005F90C844832B0400A945EFF01F91938BFA
:105E60008B08AA855E85EF806FA6C844832B04004B
:105E7000A945EFF09F8F938B8B08AA855E85EF80F5
:105E8000EFA5084013050509EFF0BF8CC844832B2C
:105E90000400D145EFF07F8D938B0B09AA855E85B9
:105EA000EF80EFC6084013058509EFF09F8A084090
:105EB000894513058509EF80AFC60840130585069F
:105EC000EFF03F890840814513058506EFF0FF8517
:105ED0000840814513058506EF804F9F08408145A6
:105EE00013058506EF808F9F084013050507EFF027
:105EF0005F8683270900832B04000547938B0B07DC
:105F00006384E7006F00907BC844A145EFF0FF85F4
:105F1000AA855E85EFF07F8183270900832B04002B
:105F20000547938B0B076384E7006F00707AC844C2
:105F3000A145EFF09F83AA855E85EF802F99832787
:105F40000900832B04000547938B0B076384E7004C
:105F50006F005079C844A145EFF03F81AA855E8566
:105F6000EF80CF970840216C13058502EFF06FFE9C
:105F700008408E2813058502EF804F97832B04007D
:105F8000EFE0EFF2AA85938B8B025E85EF802FB551
:105F900008409305F00F13058502EF800F97084026
:105FA00013050503EFF0EFFA08408E2813050503EB
:105FB000EF80CF9308408E2813050503EF802FB2A2
:105FC00008409305300313050503EF800F94084044
:105FD00013058503EFF0EFF70840AE28130585039E
:105FE000EF80CF90832B0400EFE06FECAA85938BBA
:105FF0008B035E85EF80AFAE08409305F00F13056D
:106000008503EF808F90084013050504EFF06FF4CF
:106010000840AE2813050504EF804F8D0840AE28D8
:1060200013050504EF80AFAB08409305300313055B
:106030000504EF808F8D084013058504EFF06FF1A4
:10604000084083D50A0013058504EF802F8A084095
:106050009305F00F13058504EF802F8B084083D53F
:10606000090013058504EF808FA708401305050577
:10607000EFF02FEE084083550B0013050505EF8068
:10608000EF8608409305F00F13050505EF80EF87B5
:10609000084083D5090013050505EF804FA408408B
:1060A0001305050BEFF0EFEA08409305FCFF13051D
:1060B000050BEF800FA808401305850BEFF06FE983
:1060C000084081451305850BEF80AFA608401305F6
:1060D000850CEFF00FE8C844832B04008D45EFF0EA
:1060E000CFE8938B8B0CAA855E85EF703FF8C84490
:1060F000832B04008D45EFF04FE7938B8B0CAA8523
:106100005E85EF70BFF708401305050FEFF06FE4F1
:1061100008408E281305050FEF705FFD08409305BA
:10612000F00F1305050FEF705FFEC844832B0400CA
:106130009945EFF08FE3938B0B0FAA855E85EFF007
:10614000CFDE08409305FCFF1305050FEF806F9E1F
:1061500008401305050EEFF0CFDF08409305800CD3
:106160001305050EEF806FA108401305850EEFF0B3
:106170004FDE0840930580071305850EEF80EF9FE3
:10618000084013050510EFF0CFDC084083D50A0066
:1061900013050510EF80CF92C844832B0400BD4542
:1061A000EFF0AFDC938B0B10AA855E85EF800F8F2D
:1061B0000840854513050510EF806F8F08401305D3
:1061C0008510EFF00FD908408E2813058510EF8059
:1061D0002F8F084013050513EFF0AFD70840930544
:1061E000401013050513EF707FE708401305851372
:1061F000EFF02FD6C844832B04008D45EFF0EFD687
:10620000938B8B13AA855E85EFF02FD2C844832B26
:1062100004008945EFF06FD5938B8B13AA855E85BB
:10622000EF70DFF508408E2813058513EF701FF21D
:10623000084083550B0013058513EF703FEB0840B2
:106240009305F00F13058513EF703FEC032709004A
:10625000832B04008547B145938B8B136303F700B1
:10626000A145C844EFF06FD08945B345B5025E85BE
:10627000C205C185EF80EF8B084013050514EFF0D0
:106280004FCD0840B70503009385053A1305051463
:10629000EF70BFEA832B0400EFE06FC1AA85938BF8
:1062A0000B145E85EF80AF830840CC4813050514BE
:1062B000EF80CF84084013058514EFF08FC9C844E0
:1062C000832B04009145EFF04FCAB305A040938B98
:1062D0008B14C205C1855E85EFF02FC5832B0400AA
:1062E000EFE0EFBCAA85938B8B145E85EF701FE007
:1062F000084013050515EFF0CFC508408545130587
:106300000515EF70BFF6084083D509001305051584
:10631000EF70FFF6084013058512EFF08FC30840B9
:10632000814513058512EF70BFE7C844832B040035
:10633000A945EFF08FC3938B8B12AA855E85EF7012
:10634000FFD9084083D50A0013058512EF703FF38B
:10635000084013050511EFF0CFBFC844832A04009D
:106360008D45EFF08FC0938A0A11AA855685EF708C
:10637000FFEFC844832A04008D45EFF00FBF938AD6
:106380000A11AA855685EF70DFFAC844832A0400F3
:10639000A145EFF08FBD938A0A11AA855685EFF0CB
:1063A000CFB5C844832A04008945EFF00FBC938A17
:1063B0000A11AA855685EF707FD208401305851112
:1063C000EFF02FB90840A165FD1513058511EF7099
:1063D0005FF6C844832A0400A145EFF00FB9938A01
:1063E0008A11AA855685EFF04FB108408E28130513
:1063F0008511EF70BFCF08409305F00F130585118D
:10640000EF70BFD0084013050512EFF08FB4C844F9
:10641000832A04008545EFF04FB5938A0A12AA85B6
:106420005685EF70BFE4084083D5090013050512B7
:10643000EF70FFE4C844832A04008945EFF0EFB20F
:10644000938A0A12AA855685EFF02FAE832A04009C
:106450004945EF606FA9938A0A12AA855685EF70A5
:106460001FE808401305051AEFF0AFAE084081455C
:106470001305051AEFF06FAB084081451305051AA7
:10648000EFF0AFA3084081451305051AEF707FEACE
:10649000084085451305051AEF70DFEA084081457D
:1064A0001305051AEF70BFCE08401305851DEFF0E8
:1064B0004FAA03270900832A04008547B145938A20
:1064C0008A1D6303F700A145C844EFF00FAAAA850F
:1064D0005685EF701FE6084085451305851DEF7052
:1064E0007FE608409305F00F1305851DEF70FFC18F
:1064F000084083550B001305851DEF703FBF084012
:1065000083D509001305851DEF707FDD0840130555
:10651000851AEFF00FA483270900832A040005479A
:10652000938A8A1AE39AE71CC844B945EFF0EFA3AF
:10653000AA855685EFF0EF9D83270900832A040082
:106540000547938A8A1AE391E71CC844B945EFF0DE
:10655000CFA1AA855685EFF0CF9783270900832A1C
:1065600004000547938A8A1AE398E71AC844B94594
:10657000EFF0AF9FAA855685EFF02F94C844832A89
:1065800004008545EFF06F9E938A8A1AAA85568586
:10659000EF70DFBE0840E5451305851AEF70FFBCBC
:1065A000084083D509001305851AEF703FBA0840EB
:1065B00081451305851AEF709FBD08401305051B23
:1065C000EFF02F99084081451305051BEFF0EF957B
:1065D000084081451305051BEFF02F8EC844832A20
:1065E00004008545EFF06F98938A0A1BAA855685AB
:1065F000EF70DFB80840E5451305051BEF70FFB6E7
:10660000084083D509001305051BEF703FB408400F
:10661000A1451305051BEF709FB708401305851BA7
:10662000EFF02F93084081451305851BEFF0EF8FA6
:10663000084081451305851BEFF02F88084013059E
:10664000851CEFF00F91832709008329040005477B
:106650009389891CE39AE70CC844B945EFF0EF90A1
:10666000AA854E85EFF0EF8A83270900832904006D
:1066700005479389891CE391E70CC844A145EFF0D5
:10668000CF8EAA854E85EFF0CF8483270900004086
:1066900005471304841CE399E70AC844B945EFF0A1
:1066A000CF8CAA852285EFF04F819389419A03A56B
:1066B00009001384419A1305051DEFF08F89832784
:1066C000090083A9090005479389091DE396E70896
:1066D000C844A145EFF06F89AA854E85EFF06F831E
:1066E0008329040083A74199379B0020054793899C
:1066F000091D1389419993048BD9E397E706C84490
:10670000A145EFF08F86AA854E85EFE09FFC0840FB
:1067100081451305051DEF705FB4084081451305E1
:10672000051DEF709F9E084083D5819893898198BD
:106730001305051DEF70BFBA08401305051CEFF0E7
:106740004F81084081451305051CEFE09FFC084080
:1067500081451305051CEFE05FF608401305051E93
:10676000EFE03FFF0840930530031305051EEF706F
:10677000DF99832A04004945EF501FF7938A0A1EC8
:10678000AA855685EF709F9608401305851EEFE099
:106790005FFC084081451305851EEF701F97832716
:1067A0000900832A04000547938A8A1E6396E77CC2
:1067B000C844A145EFE07FFBAA855685EFE07FF155
:1067C000084013050516EFE0DFF8C844832A0400EB
:1067D0009545EFE09FF9938A0A16AA855685EF70D2
:1067E000FFA8084083D5090013050516EF703FA9DF
:1067F000C844832A0400D145EFE03FF7938A0A1684
:10680000AA855685EFE07FEFC844832A0400BD4582
:10681000EFE0BFF5938A0A16AA855685EF701F89A7
:10682000084013058516EFE0DFF20840A165FD156D
:1068300013058516EF70FFAF084083D509001305D7
:106840008516EF70BF8A08409305F00F1305851673
:10685000EF70BF8BC844832A0400BD45EFE0FFF012
:10686000938A8A16AA855685EFE03FE9084013050A
:106870008515EFE01FEEC844832A04008545EFE04C
:10688000DFEE938A8A15AA855685EF703F8F084000
:1068900083D50198938A019813058515EF701F8B96
:1068A00008408D4513058515EF707F8E0840130550
:1068B0000517EFE01FEA084083D509001305051707
:1068C000EF70DF88C844832904008945EFE0FFE9C1
:1068D00093890917AA854E85EF705F8AC84483297A
:1068E00004008545EFE07FE8B305A04093890917D0
:1068F000C2054E85C185EF706FFB084091451305B9
:106900000517EF70DF880840930500191305051778
:10691000EF70BFA6084013058517EFE09FE39C507A
:1069200083290400858B93898917638F07648945C0
:106930004945EF501FE0AA854E85EF705F9A0840E9
:1069400013050518EFE0FFE0832709008329040001
:10695000054793890918639EE762C844B945EFE08B
:10696000DFE0AA854E85EFE05FDC832B0400032C7B
:1069700009008547938B0B186314FC62C844B94522
:10698000EFE0BFDE8945B345B502C205C1855E852E
:10699000EFE0BFD2084013058518EFE09FDBC84445
:1069A000832904008545EFE05FDC93898918AA8577
:1069B0004E85EF70AFFC084083D50A00130585189B
:1069C000EF70CFF8084083D5C19713058518EF7095
:1069D000EFF108409305300313058518EF70EFF2CF
:1069E000084013050519EFE0DFD683270900832946
:1069F00004000547938909196396E75CC844B945C3
:106A0000EFE0BFD6AA854E85EFE0BFD0832709000F
:106A100083290400054793890919639CE75AC844F0
:106A2000B945EFE09FD4AA854E85EF702FE6832706
:106A30000900832904000547938909196392E75ADD
:106A4000C844A145EFE07FD2AA854E85EF700FE5DF
:106A5000832709008329040005479389091963984E
:106A6000E758C844B945EFE05FD0AA854E85EFE00E
:106A7000DFC4084013058519EFE0BFCDC844832962
:106A80000400A945EFE07FCE93898919AA854E8538
:106A9000EF70DF8008401305851FEFE09FCBC844EF
:106AA000832904009145EFE05FCC9389891FAA8573
:106AB0004E85EFE09FC708401305051FEFE07FC933
:106AC00008408965938545061305051FEF700FD7AC
:106AD000084013050520EFE0DFC78329040049457E
:106AE000EF509FC093890920AA854E85EF700FE073
:106AF00008409305F00713050520EF700FE10840EB
:106B000013058520EFE0FFC408408145130585206B
:106B1000EF706FEF83270900832904000D479389E5
:106B20008920639DE74CC844A145EFE01FC4894715
:106B30003345F50242054185AA854E85EF706FFF0A
:106B4000084013058523EFE0DFC008408E281305B9
:106B50008523EF70AFDFC844832904008945EFE047
:106B6000DFC09315150093898923C2054E85C18521
:106B7000EF70CFE00840854513058523EF702FE1C6
:106B8000084013050523EFE0DFBCC8448329040057
:106B90008945EFE09FBDB305A04093890923C20555
:106BA0004E85C185EF700FE5084013050521EFE024
:106BB0005FBA8327090083290400054793890921C7
:106BC0006397E744C844E145EFE03FBAAA854E85A4
:106BD000EFE03FB40840814513050521EFE07FAFAA
:106BE0000840814513050521EFE03FAD084085458C
:106BF00013050521EF700FF5084013058521EFE01F
:106C00005FB5C844832904008545EFE01FB693892A
:106C10008921AA854E85EF706FD6084083D50A007A
:106C200013058521EF708FD2084085451305852116
:106C3000EF70EFD583270900832904000547938966
:106C40008921639DE73CC844B945EFE01FB2AA859E
:106C50004E85EFE09FAD8327090083290400054797
:106C6000938989216393E73CC844B945EFE0FFAFBE
:106C7000AA854E85EF708FC6084013050522EFE008
:106C80005FAD832709008329040005479389092202
:106C90006394E73AC844E145EFE03FADAA854E85ED
:106CA000EF70CFBC084013050524EFE09FAA084011
:106CB0009305F00F13050524EF702FC50329040079
:106CC000EFD0FF9EAA85130909244A85EF700FC2F1
:106CD000032904004945EF503FA113090924AA855F
:106CE0004A85EF70AFC30840A165FD151305052463
:106CF000EF702FE4C84403290400BD45EFE0FFA670
:106D000013090924AA854A85EF70EFCF03290400EF
:106D1000EFD0FF99AA85130909244A85EF700FD295
:106D2000C84400409545EFE05FA413040424AA85FD
:106D30002285EF708FCF63180A300145EFE040677E
:106D400005472380E19A13058BD96F904EE6EF80BB
:106D5000CFFAEF80EFFA9307F02C63C5A7008947BD
:106D60006FE09FA885476FE03FA891454945EF50E8
:106D70007F999C502390AB00858B99C36FE0DFAB6C
:106D800091454945EF50FF9A6FE09FABEFD03F929E
:106D90009C502310AB00858B99C36FE07FAC894575
:106DA0004945EF503F962390AA006FE01FAC49453C
:106DB000EF509F936FE03FB40947C844B1456394D7
:106DC000E7006FE0FFBDA9456FE09FBD0947C844DC
:106DD000B1456394E7006FE0DFBEA9456FE07FBE79
:106DE0000947C844D1456394E7006FE07FC7C145B8
:106DF0006FE01FC70947C844B1456394E7006FE0DF
:106E00007FC8A9456FE01FC80947C844B1456394CE
:106E1000E7006FE07FC9A9456FE01FC90947C84473
:106E2000B1456394E7006FE0DFD6A1456FE07FD600
:106E30000947C844D1456394E7006FE05FE5C14569
:106E40006FE0FFE40947C844B1456394E7006FE091
:106E50007FE6A9456FE01FE60947C844D145639422
:106E6000E7006FE09FF3C1456FE03FF30947C84477
:106E7000D1456394E7006FE0BFF4C1456FE05FF474
:106E80000947C844D1456394E7006FE0DFF5C14589
:106E90006FE07FF50947C844B1456394E7006FE0B0
:106EA0009FF7A9456FE03FF70947C844B145639490
:106EB000E7006FE0BFF8A9456FE05FF80947C844F5
:106EC00099456394E7006FF06F8489456FF00F84F4
:106ED0000947C84499456394E7006FF08F85894559
:106EE0006FF02F850947C84499456394E7006FF018
:106EF000AF8689456FF04F860947C844B14563871F
:106F0000E7E2A9456FF08FE20947C844B1456380C5
:106F1000E7E4A9456FF0AFE30947C844B145638989
:106F2000E7E4A9456FF0CFE40947C844B14563875A
:106F3000E7F2A9456FF08FF20947C844994563808D
:106F4000E7F489456FF0AFF30947C844B14563885A
:106F5000E7F4A9456FF0AFF40947C8449945638B3E
:106F6000E7F689456FF00FF70947C8449945638AEA
:106F7000E7F889456FF0EFF80947C8449945E38B76
:106F8000E78289456FF01F8385454945EF508FF7AC
:106F90005DB20947C844B145E383E79CA945C1B246
:106FA0008949C844631A3C01B145EFE00FFC334501
:106FB000850393150501D9BAA945EFE00FFB3345C9
:106FC0003503C5BF0947C844B145E38BE7A2A945CE
:106FD00005BC0947C844B145E385E7A4A94591B478
:106FE0000947C8449945E38FE7A48945A1BC0947EF
:106FF000C844B145E389E7A6A945B5B40547C844E7
:10700000B1456383E700A145EFE02FF635B60947A8
:10701000C844D145E38AE7BAC1457DB60947C844AB
:10702000B145E384E7C2A9450DB10947C844B1455C
:10703000E38EE7C2A9451DB90947C844D145E38D90
:10704000E7C4C14591B95285EF90605CE39AA4CE44
:10705000EDB183A7019299E3014582803795002025
:10706000130585D9828003A501923335A000828063
:107070002A8E9DCD2310080042858145930EF7FF8F
:10708000090563E9D51106077917B306E8008A22D6
:1070900083560800158DB386E70096223695420583
:1070A000418563860800090781466311D7108280F5
:1070B0009305C6FF93F5F50F09456367B500854550
:1070C00081466313B70005469395060101450143C8
:1070D000C181420313530301631DE5001945E36DAC
:1070E000C5F8371503000A061305458F2A96104286
:1070F0000286931E1500BE9E83DE0E002E930505AC
:107100007693420313530341E9B7B305B340C20575
:10711000C185B305BE400943B3C565022310B8005D
:10712000A1BFF295B3856540D5BFB386C501B386CF
:1071300066409305F7FFC206C205C186C185B3C686
:10714000B60223100800C206C1863DB7B386C5014A
:10715000B3866640C20693150701C186C185B3C6D2
:10716000B6020946C206C18633C6C6022310C8004D
:1071700021B7B386C501B386664093051700C206E2
:10718000C205C186C185B3C6B602C206C186231038
:10719000D800DDB5139315003E930356E5FF035366
:1071A0000300850536961A9612A1D9BDB305D800FD
:1071B0003386D700122283D8050089064696330607
:1071C000CE4092A1DDB5EF92CE9A03A6819C397193
:1071D00081452A849384019DEFD0D0659040AA898F
:1071E00081452285EFD010659387819C3EC26387DD
:1071F000090E6305050E81452285EFE0904A631272
:10720000050EF1454810EF60CF84B1452808EF60C6
:107210004F841306200381452285EFD0B061AA84F4
:10722000494681452285C204EFD0D060C1802695B1
:1072300041468145131905012285EFD0B05FAA941C
:107240004A2813590901C2042A9942092285EFC02C
:107250009018135909013309A9406A28C1802310E5
:107260002103AA94C2042285EFC0701AC180898CC0
:10727000370B008023119102814A134BFBFF1C4402
:10728000D84363E6EA4A1255EF507FBB2255EF50D0
:107290001FBB3255EF50BFBA4255EF505FBA05469B
:1072A00081452285EFD0105993140501114681457F
:1072B0002285EFD0305889674205C1849387177DB6
:1072C00041856384F4006315F5002285EFB0D05248
:1072D00001469305B0022285EF90804C21616F90AA
:1072E0000E8D904081452285EFD0D05409672A89C0
:1072F00081477D1713951700B306A90083960600F2
:10730000639EE6243EDCEF50DFE92AD46255797BA8
:1073100081440605EF50FFE889679387A7F92AD8CB
:107320003EC4050BE25763EDF42242588966F975B5
:10733000139717000146814781499386A6F99385E3
:10734000550693140601C1806313F72A51468145FF
:107350002285EFD0304E131A05012285EFB0C04AC6
:10736000E257058D135A0A419384F7FFB38444030F
:10737000058D420541852A87635305000147C258A0
:1073800013160701896579754186939617000147A1
:107390009385A5F9130555066391E6289247814523
:1073A00022859043EFD01049AA892285EFB0604230
:1073B0000967AA8481477D1713951700B386A90032
:1073C00083960600639EE6263EDAEF509FDD2AD2C2
:1073D000525501490605EF50DFDC89679387A7F90D
:1073E0003EC2F97785072AD63EC4D257636CF9248A
:1073F000B25889657978139617000147014501490C
:107400009385A5F913085806131A0501135A0A01A2
:107410006311E62C554681452285EFD0B041525E7E
:10742000420541859307FEFFB387A7029D8CB38475
:107430004441C204C184268763D304000147B25586
:1074400042078968797341878147FD5601469388D1
:10745000A8F9130353066317CE2A63CD0600B307BA
:10746000F940B387E7028606AE96B3D72703B30782
:10747000F7409EA2554681452285EFD0B03B931A36
:107480000501514681452285EFD0D03A9319050177
:107490001306B00681452285EFD0D0391379F50F58
:1074A000054681452285EFD0F038131B05011146B2
:1074B00081452285EFD0103889677D19131A05019F
:1074C000135B0B419387177D93DA0A4193D90941E6
:1074D00013391900135A0A4181446317FB002630FF
:1074E000A98093C4140085882285EFB0802E03A65E
:1074F000419C2A8B81452285EFD0D033B257125858
:1075000052571376F50FA685CA88D6865A85EFF0AE
:107510003FB68967231EA1029387177D81446317B5
:10752000FA002630A58093C4140085882285EFB028
:10753000A02D03A6C19C2A8981452285EFD0902FDA
:107540002258C25762571376F50F8148CE86A6851A
:107550004A85EFF0FFB1231FA10245B9850759BB4A
:10756000139C1400B3078901839707002247639B8C
:10757000E706B70B0600014ADA89850B854D81A81D
:10758000D2852285EFE0F011DE85AA8AEFA0E00A1D
:1075900015ED03A6819B81455685EFD0B029137563
:1075A000F50F6315B50303A6419B81455685EFD0C2
:1075B00070281375F50F639BA4005685EFB060200B
:1075C000634635015685EFB0C01FAA89050A22859A
:1075D000EFE0F00FE366AAFAC2573E9C63C60900CB
:1075E00023103C0185043DBB23100C00E5BF33058F
:1075F000F9000315050063D6A600AE99AA9989077C
:1076000089B33306F8006318D5000A22AA941396AA
:1076100004014186EDB70AA2D5BFB307E9008397FD
:10762000070063DDF500AA97C207C183B387C702CD
:107630003388E800B3D737032310F8000907A9BB44
:1076400085079DBB131C1900B38789018397070029
:107650001247639BE706B70B0600814A224A850B57
:10766000854D81A8D6852285EFE0B003DE852A8B83
:10767000EF90B07C15ED03A6019B81455A85EFD0B4
:10768000701B1375F50F6315B50303A6C19A8145E9
:107690005A85EFD0301A1375F50F631BA9005A8570
:1076A000EFB02011634645015A85EFB080102A8A59
:1076B000850A2285EFE0B001E3E6AAFAB2573E9CC4
:1076C00063460A0023104C01050905B323100C0082
:1076D000E5BFB387E9008396070063D8D500B307F9
:1076E00009013389F600090705B3B387E8006398F9
:1076F000B6009E233E9A13150A014185EDB796A365
:10770000369AD5BF131516003388A9000318080050
:1077100063DD0801B3076800C207C183B306F7023F
:107720002E95B3D6260316A1B28605062DB39C432B
:1077300013972A00B7050600BA9783AC07008505A2
:107740006685EF90906F6315053403A6019B814514
:107750006685EFD0300E03A6819BAA84814566859D
:10776000EFD0500D1379F50F6304093293F4F40F41
:107770006380043203A6C19A81456685EFD0900BE1
:1077800003A6419B137AF50F81456685EFD0900AD9
:1077900003A6C19B9379F50F81456685EFD09009CB
:1077A00003A6019C1378F50F8145668542C6EFD08C
:1077B00070089256D2943257DA948604131C1A0039
:1077C0002697B69492201A23E29696223297C255B3
:1077D0002256158FB3063901DA968606B695B2960B
:1077E00086219622939B19005E96B6941622420734
:1077F000418313130701958C13530341137DF50F38
:10780000C2041306B006814566853AC41AC2C18017
:10781000EFD05002139A04011375F50F8546135AE1
:107820000A411243224732486318D5006301080613
:1078300089466313D800014883D98C0183D64C0153
:1078400003D9AC018509B389D94083D66C010509F8
:10785000C2093309D940925642090946369C031C95
:107860000C0093D909411359094113150C014181A9
:107870006307C8060D4783D62C02630CE800054752
:107880006305E80493F6F6BF2391DC0201A80948DA
:1078900065B793E606402391DC029A892257894610
:1078A000BA9B839B0B0013950B0141816300DD2084
:1078B0000D4603D72C026308CD040546630DCD1C8D
:1078C0001377F7DF2391EC02A1A033033341334355
:1078D000C302330C6500420C135C0C4165B7330CDA
:1078E000A7006685EFA0F06C03D72C02420C135C56
:1078F0000C01330CAC40420C1377F7BF135C0C4106
:107900002391EC0261BF136707202391EC02528997
:107910006685EFA0106A630A351B03D74C016685A4
:1079200093844C01F88003D76C01F88103D78C0154
:10793000F88203D7AC01F883EFB0A015CE85268579
:10794000EF404FFFCA852685EF406FFF6685EFB099
:1079500040141008930590026685EF807064668578
:10796000EFE08053668693052002EF807063314616
:1079700081456685EFD0006C354681452A8A13190A
:1079800005016685EFD0006B931405012AC2668558
:10799000EFA03062AA896685EFA0B0629966337A5B
:1079A000DA00896613590941C1841247631BDA0260
:1079B000E976FD16B376D900C206C1861306007DAE
:1079C0006341D6021306803E6354D600B306D64008
:1079D0003389D902930640063349D9024209135923
:1079E00009419966758F89666319D70269777D1792
:1079F000658F420741879306007D63C0E6029306C8
:107A0000803E63D4E6003387E640B304E502130703
:107A10004006B3C4E402C204C1840355010283D505
:107A20004C0103D66C010D8D2A9C035521024A9C02
:107A3000420C118DAA9BA69BC20B135C0C0193DB1D
:107A40000B0133677C0129C76685EFB0800403D73B
:107A50004C0166856297239AEC0003D78C016297EC
:107A6000239CEC0003D76C015E97239BEC0003D7AB
:107A7000AC015E97239DEC00EFB0A00113960B01C3
:107A800093150C0181464186C1856685EFA0F0699A
:107A9000850A6FF0CFFE330A2A41334ADA02B30473
:107AA0004501939B040193DB0B4119BDAA94C204C9
:107AB0006685EFA01051C1803385A440931B05015A
:107AC00093DB0B4103D72C02E5BB6685EFA0704F1B
:107AD000E31525E569BDEF82DE8C37750100814530
:107AE0001305651CEFA0D03A23A4A19A1145EF60BD
:107AF0002F8F23A4A19C1145EF608F8E23A8A19CFA
:107B00001145EF60EF8D23A2A19C1145EF604F8DD1
:107B100023A6A19C1145EF60AF8C23ACA19A11451F
:107B2000EF600F8C23AAA19A1145EF606F8B23A8F9
:107B3000A19A1145EF60CF8A23A6A19A1145EF6063
:107B40002F8A23AEA19A1145EF608F8923A0A19CB3
:107B50006F807E875E210A2185073385A740420515
:107B6000418582807E212A2185073385A7404205F1
:107B70004185828005486347D8001308D5FF8948AE
:107B800063F108037D1511486361A80837180300E5
:107B9000130808910A054295032805003385C5405E
:107BA0000288918D0946B3C5C502239007001223B0
:107BB000B2950EA38280239007001E233E950AA350
:107BC0008280131705011385F6FF42054187418521
:107BD0003345A7028AA38280420541853345D502F9
:107BE0009623AA96C206C18696A38947B3C6F60213
:107BF0001E23BE9616A3828085064205C2064185D5
:107C0000C1863345D5028AA34DBF239007008280E9
:107C10001C4289CDFD171CC263D407000145828038
:107C2000184118438A07BA9788438280184185070C
:107C30001CC25443E3C7D7FED5B7EF828EF30111C0
:107C40002E89B28981450546B68C3A8D2A8ABE8D29
:107C5000EFD0403E11462A8481455285EFD0803DC9
:107C60008346C900B72402003727020013F6260016
:107C70009384247C1307277B05C213F616008966BC
:107C80009386167D05C242044184631BD40083465B
:107C9000C900F59A2306D9008346C900858A99C68A
:107CA0003A8C39A042054185E303D5FE268CBA847F
:107CB00023A80D0023A00D0023920D0023A40D0086
:107CC00023A60D00CE8552854ECEEFE0801D3707EE
:107CD0000600930717002A843EC6D14A724725C082
:107CE0006399E904B2452285EF90301563100516BB
:107CF00003A6019E81452285EFD0C0331377F50F8F
:107D0000AA8B6305071603D74D0003A50D016A97DB
:107D10002392ED0003C74D01050523A8AD00058B97
:107D20006306071033055503EF50AFC72A8B3DE9B3
:107D300001A0B70580002285EF90700F45D503970D
:107D40004D006356E000330DA7412392AD0103A718
:107D50000D0119E3839C4D0023919D0121C07247C1
:107D6000639EE90203278A008A098325C900184314
:107D700070088981BA9903A40900858913058A00CE
:107D8000EFF01FE901CC228582942390AD0022857B
:107D9000029C05472391AD0023A4ED0072450561C7
:107DA0006F80EEE083A5CD0081CD03A60D01338663
:107DB000CA023116EF50AF8E03A5CD00EF502F88C9
:107DC00003A70D010946330757035A97232687FE59
:107DD0000347C900058B11E3154681452285EFD085
:107DE000602503A70D0142054185330757030D4662
:107DF0005A972318A7FE0347C900058B11E31946BC
:107E000081452285EFD0002303A70D01420541855E
:107E10003387EA0293FBFB0F31175A97142B6AA39F
:107E200023267701F99A14AB23A66D01228582944B
:107E300003970D006355A700228582942A8723901B
:107E4000ED0003A78D00050723A4ED000347C9003B
:107E5000FD55118B11E385457247BA952ECEE3C0CF
:107E600005EE5285EFE0E0032A848DBD2285029C59
:107E70008346C900898A91C683964D00AA96E3C0BD
:107E8000DCEC03D74D006A972A972392ED0079BF67
:107E9000EF822ECE03A6C19D197181452A84EFD0B1
:107EA00060199347F5FF93F6170083474106135770
:107EB0001500098B93F7C70FD58FD98F05811189CD
:107EC000ED9BC98F2302F10603A6419E81452285C1
:107ED000EFD0401603A6819DAACC81452285EFD024
:107EE000601503A6819EAACE81452285EFD080141D
:107EF000AAD01306B00681452285EFD0A013834790
:107F000041061379F50F5546858B91C3514681453E
:107F10002285EFD0201283474106131A0501135A18
:107F20000A41858B554691E3514681452285EFD024
:107F30006010834741069319050193D90941858B48
:107F40002285E9C3EFA0F008130620038145AA8A21
:107F50002285EFD0200EAA8B41468145035B640148
:107F60002285C20BEFD0000D93DB0B015E952A9B9F
:107F7000420B2285EFB0B049135B0B01330BAB40D2
:107F8000462849468145228523116105EFD0800AA4
:107F90005E95AA942285EFB01044C204834741063F
:107FA000C1803385A4402312A104858B865B930492
:107FB000210491E3C400054681452285EFD0800766
:107FC00093170501C1871146814522853EC4EFD034
:107FD000600693170501C1873EC2834741060967C2
:107FE0001307177D93F617008DC292466396E6003D
:107FF0003A301377072049C723130104014B6396D6
:108000000B0251A0EFA0500081B7A2466397E60093
:108010003A3013770740630A075C0547E31EE9FC23
:10802000639E0B0423130104854B1844918B014676
:10803000584399C31306F7FF014C014B1C44DC4322
:108040006354F600635E060A63070C00330B4B4172
:10805000420B135B0B41834741062285858BF9C791
:10806000EFA0807A93160C01AA85930761042687F6
:10807000C1865A865E85EFF0FFAF31A0E39E2BF7F5
:1080800023130104014B834741061844814B93F6A7
:108090004700584399C2930BF7FF05476318E9005F
:1080A000858B89E79E203E9B23906401B787010062
:1080B000938747B63ECCB7870100938747B53ECE3E
:1080C000B7C70000938747133ED61C44DC4363D4F4
:1080D000FB0063D00B06224789679387177D6305F2
:1080E000F70012476315F7002285EFA0F0700146F4
:1080F0009305B0022285EF80A06A09616F802EABE4
:108100008347C1074E87D686F99B230EF106AC083C
:10811000BC102285EFF07FB2835781062A86050CBA
:10812000D2973E9B420B135B0B4109BFEFA0606AE5
:1081300015BF8347C1074E87D68693E71700230EE6
:10814000F1065E86BC10AC082285EFF01FAF2AC096
:10815000054783474106631AE90013F7170011E743
:108160009A2083568106158F9AA003174104DEC614
:10817000858B3AD0031721043AD2639A070EB7C70A
:108180000000624B724D9387E7133EC6E65E514591
:108190008355A1063385AE028357C10656539D8D84
:1081A000C205C1851A951A872E8801466316E50C0B
:1081B0001A87014F014E6392CE0FE3160FFE13068E
:1081C000B00681452285EFC0F066137CF50F83165B
:1081D00001070316A10666459307A104B800D685DA
:1081E0002314010423150104EFF0DF9883474106AF
:1081F000858B81CF8547631AFC002285EFA0605DE7
:10820000835781043E952314A104B6452285E97B5A
:10821000EFD0304937070600930717003ED4930785
:1082200084003EC89387FBFFAA8C3ECA63860C007D
:1082300036478247639CE70C5655EF405FC01317E3
:108240000A01854741836318F938834641068397BD
:10825000040003166104858A639F063632973387CC
:10826000E74093170701C1879EA0824BB9BDB25763
:10827000724B624D3EC619BF1C2B858B99E75C473C
:108280003E9642064186510715B71E27B307F840B0
:108290001398070113580841FDB71C2B858BA5E7E0
:1082A00011E201A0B346C8028358C7007E23939F02
:1082B000070193DF0F41B3861603C206C18663D35D
:1082C000F601B687835F47009393070193D3034179
:1082D00093920F0193D2024163D35300FE87C207EA
:1082E000C1876387F600142B054F93E6160014AB85
:1082F0001EA733061641B307F8404206139807013C
:10830000418613580841050E510775B5A25566857B
:10831000EF90A03211C996554245F00089818589B8
:10832000EFF01F8FAA8C19B703A6019E81456685C1
:10833000EFC050501375F50F63000526665656576B
:1083400081466394C600814B09A8BA85510703256D
:10835000C7FE639EAC22839B85008346410603D7FC
:108360002C02858A6387062213670740938D4C0190
:108370002391EC026E85029B630A75056685EFA06A
:10838000407103D74C01B247DE852318E10403D7BF
:108390006C016E852319E10403D78C01231AE104D3
:1083A00003D7AC01231BE104829790089305900248
:1083B0006685EF80E03E6685EFD0102E66869305D9
:1083C0002002EF80E03D6685EFA0A06CF64B85466D
:1083D000638ADB1C8946814D6391DB02831D810624
:1083E00013854C01029D850D93FDEDFFB38DAD40CE
:1083F000B3CD7D03C20D93DD0D4103474106058BCF
:1084000009CF0547631BEC0013854C01029B035702
:1084100081043305A7402314A104314681456685B4
:10842000EFC0504193160501C186354681452ADECD
:10843000668536DCEFC01040931B05012ADA66859D
:10844000EFA020372AD86685EFA0A037725899652B
:1084500093DB0B413378B80089654256D258E25617
:10846000631AB802D2471308007DB3F5F600C205BF
:10847000C1856341B8029306803E63D4B600B385DC
:10848000B640B305B60293064006B3C5D50293962F
:108490000501C1869965B3F5B8000966639BC502FD
:1084A000D2479305007D33F6FB004206418663C246
:1084B000C5021307803E6354C7003306C740330626
:1084C000C502130540063346A602931B060193DB43
:1084D0000B41825783D54C0103D66C0103474106FB
:1084E000B385B7409257B695C2053386C7405E96AE
:1084F0004206058BC181418255CF83568104B695D2
:10850000939B050193DB0B0155CBC20D93DD0D0150
:10851000B29DC20D93DD0D0133E7BB0129C766850E
:10852000EFA0205703D74C0166855E97239AEC0095
:1085300003D78C015E97239CEC0003D76C016E97E8
:10854000239BEC0003D7AC016E97239DEC00EFA0BA
:10855000405413960D0193950B0181464186C185C8
:108560006685EFA0803C03474106058B01C70547A0
:108570006309EC0413854C01029B8317A1044E95FB
:108580003E95835781043E952314A10469B3850663
:108590004DBB13670720D9BB03C73C02659BA38172
:1085A000EC022DB5835D810613854C01029DB38DD0
:1085B000AD4089B593960D01C18291B7835D810469
:1085C00081BF835781040357A104998FB387374133
:1085D0002314F10489B38357810683566104B69747
:1085E000BA979A20BA97C207BDB90547E31AE9A816
:1085F00015BCEF721EDB378501008145130505E9C7
:10860000EFA0000923AAA19C0145EF506FDD23AE26
:10861000A19C1145EF50CFDC23A2A19E1145EF5044
:108620002FDC23ACA19C1145EF508FDB23A4A19E2E
:108630006F707ED9EF72FED6B2862E8683A5C19D5D
:10864000EFD0C00E6F703ED8EF72BED501462A84BF
:10865000EFF05FFE83D5419D01462285EFD0607C1F
:108660006F707ED6EF72FED3B2862E8683A5419EB2
:10867000EFD0C00B6F703ED5EF72BED2B2862E86A1
:1086800083A5819DEFD0800A6F70FED3EF727ED1FB
:10869000B2862E8683A5819EEFD040096F70BED230
:1086A000EF723ED04111B28401462A8436C6EFF003
:1086B0007FFBA68522850146EFF01FFCB24622858E
:1086C0000146B685EFF09FFC83D5419D014622858A
:1086D000EFD0207541016F701ECFEF729ECCB28635
:1086E0002E8683A5019EEFD060046F70DECDEF7201
:1086F0005ECB01462A84EFF05FFE2285EFD0C07981
:10870000EF90F0746F703ECCEF72BEC9EFF07FEE69
:10871000EFF06FBC6F703ECB8280EF72FEC6839924
:1087200026000314280003950600B304360303D97A
:1087300046004111131A160005093309A9404209E0
:10874000135909410609939A17003304F402AA94B5
:108750008604AE94831508002E9406043A948397F9
:10876000660063D5370141016F705EC5A28526851D
:108770004A86850936C6C209EF406FF2D2945694F4
:1087800093D90941B246E1BFEF72BEC12E84228562
:108790009305C003EF40FFABB79701009387278B8A
:1087A0001CC8B7C701009387E71D5CC4B7C70100A9
:1087B000938707C41CD4B7A701009387E76E5CCCEE
:1087C000B7A701009387871C5CC8B7B701009387E0
:1087D00027B11CD0B7B701009387C7265CD0B787F5
:1087E0000100938787715CD4B78701009387A771D5
:1087F0001CD8B7970100938747451CDC6F70BEBC3F
:10880000EF729EB8AA891305A005330535414205CC
:1088100041111359160041853384254136C632C4AF
:10882000EF40CFBB33058502935475404E85EF4032
:10883000EFBA330585022246131709014183134617
:10884000F6FF058AB2461D85635C9002938414F896
:10885000A184C204C180B307E640A6979EA2BA9441
:10886000C6A2635BA002930715F8A187C207C18364
:10887000198E3E96BA97B2A2FEA241016F701EB445
:108880009384F407A184C204C180B387E4409EA20C
:10889000B307C740BE94E9B71305F5072185420524
:1088A0004181B307E540BEA2B307C7403E95EAA2A7
:1088B000E9B7EF721EAC3A8AD825BE848947697140
:1088C00063F2E714839C2500AE8D638D0C12630B5D
:1088D0009A12AA893284B68A63D69601939C0601BD
:1088E00093DC0C416801EF60101683A7CD0003A74D
:1088F0008D00A1838D8B2307F10883C7CD0063060C
:108900000710A30701083ACF2303F10A1A203E20DB
:108910009385FAFFC205C18133065741B38657419B
:108920002E97AE9783D52D004207418342064182A0
:108930002314E1020D8F2312C102C206C2072E9634
:108940004207C182C1834183420641822313D1027F
:108950002315F102AE962318E1028D8F0507118FC2
:10896000C206C2072316C102C182C18342077D56D7
:108970002317D1022319F102418732C46354E00264
:108980008507958FC207C187635EF0002166854623
:108990007D166C10C800EF60A0418145C800EF60F3
:1089A00040062AC4216681467D164C10E808EF6017
:1089B00020408145E808EF60C0042AC893078A1662
:1089C000638897009387841613077016631BFA0455
:1089D000E17793C7F7FF50106C014E852316F1081D
:1089E000EF60B00B4245EF6080082247FD576305FA
:1089F000F7003A85EF60A007E808EF60400CC80078
:108A0000EF60E00B55616F709E9AA307F10883D762
:108A10000D002318F108DDBD130A8AE9420A135A32
:108A20000A01E36B47FF9307701663E09744031650
:108A300024008315040093170A01139D0401C187C4
:108A4000135D0D41BE866A87C8013EC6EF60C02B2C
:108A50008145C801EF50F07A2ACEB3079A4063747B
:108A60009A00938787161307C00303AB89006358E6
:108A7000F77CA94763F5577D930BA00513990A016D
:108A800013079005335C7A0313590941B3DB740370
:108A90006362473F9307AA05C207C1873ECA3E20CB
:108AA00063619742637F9A4013150A0141853ECC6A
:108AB000EF40CF92B30799413305F502E2473D8578
:108AC000AA97231BF10652451E203ECCEF400F9182
:108AD00033052503E2473D85AA97231CF1063E2076
:108AE0006A853ECAEF408F8F33052503D2473D8507
:108AF000AA97231DF1061385A4051E204205418572
:108B00003ECAEF40AF8DB30799413305F502D24716
:108B10003D85AA97231AF106CC185A862E85EF3088
:108B2000CFE809C9DC1823A4F90050106C014E8568
:108B3000EF60A07623A469018547631DFC420317FB
:108B4000240093170701C1833ECC9307AA05C207EF
:108B5000C1873ECA63998B4563779A4413150A010E
:108B60004185EF40AF8733052503E2473D853E95BC
:108B7000231DA1061E2052453ECCEF402F86B30791
:108B800099413305F502E2473D85AA97231CF1067A
:108B90003E206A853ECAEF406F84B3079941330592
:108BA000F502D2473D85AA97231BF1061E201385A7
:108BB000A405420541853ECAEF404F823305250397
:108BC000D2473D85AA97231AF106CC185A862E85DE
:108BD000EF30AFDD09C9DC1823A4F90050106C0197
:108BE0004E85EF60806B23A4690189476316FC46BC
:108BF000330799411305AA0542053ACA1E2041854B
:108C000063948B4B63729A4A3ECAEF303FFD330543
:108C10002503D2473D85AA97231AF1063E20131556
:108C20000A0141853ECAEF307FFBB3079941330506
:108C3000F502D2473D85AA97231DF1063E206A859D
:108C40003ECAEF30BFF933052503D2473D85AA97C9
:108C5000231BF1061385A4051E20420541853ECA4B
:108C6000EF30DFF7B30799413305F502D2473D8571
:108C7000AA97231CF106CC185A862E85EF30EFD226
:108C800009C9DC1823A4F90050106C014E85EF606F
:108C9000C06023A469018D476312FC4C33079941DE
:108CA0001305AA0542053ACA1E204185639D8B4FD4
:108CB000637B9A4E3ECCEF307FF2B3079941330588
:108CC000F502E247035A24003D85AA973245231A4C
:108CD000F106EF30BFF0330525033D852A9A138551
:108CE000A40542054185231B4107035A0400EF30C8
:108CF000FFEE3305250326203D852A9A6A85231C2D
:108D00004107EF30BFEDD2473305F5023D85AA9408
:108D1000231D9106CC185A862E85EF300FC909C93C
:108D2000DC1823A4F90050106C014E85EF60E0566A
:108D300023A46901C801EF509058E808EF5030585B
:108D4000C800EF50D0577245EF5070524245EF5077
:108D500010522247FD576305F7003A85EF50305116
:108D600083C7DD00918BE38F07C83245C20A93DACF
:108D70000A4193FCFC0F6686D6855418EFF05FA875
:108D80001E20035741035018DA853E97231AE1024B
:108D9000035781036818BA97231CF1020357610334
:108DA0003E203E97231BE1020357A103BA97231DE0
:108DB000F102EF308FBF1DC9216681467D164C1828
:108DC000C818EF50F07E8145C818EF5090437C18CA
:108DD0002A8923A4F90050106C014E85EF60E04B06
:108DE0004A85EF50D048C818EF50704D6686D6853A
:108DF0006A855418EFF0DFA01E2003574103501876
:108E0000DA853E97231AE102035781036818BA975F
:108E1000231CF102035761033E203E97231BE1020E
:108E20000357A103BA97231DF102EF300FB81DC9F4
:108E3000216681467D164C18C818EF507077814521
:108E4000C818EF50103C7C182A8423A4F900501055
:108E50006C014E85EF6060442285EF505041C81888
:108E6000EF50F04523A4690171BE938484E9C204E4
:108E7000C18065BE636C970A1E206A85D697231C45
:108E8000F10683172400231BF1063ECAEF301FD5DD
:108E900033052503D2471A203ACA3D853E95231D46
:108EA000A1061385A40542054185EF303FD3B307E2
:108EB00099413385A70252473D853A95231AA10669
:108EC000A1B91A2013150A014185231AE106338737
:108ED000FA003ECC231DE106EF305FD0B307994185
:108EE0003305F502E2473D85AA97231BF10652455B
:108EF0001E203ECCEF309FCE33052503E247CC1831
:108F00005A863D85AA972E85231CF106EF30EFA9DE
:108F100009C9DC1823A4F90050106C014E85EF60DC
:108F2000C03793079005E3E797C0B9B763147C0196
:108F300063E8440189476314FC028547E39CFBBE58
:108F40000317040083172400231AE106231BF106EC
:108F50005697D697231CE106231DF10675BE8D4753
:108F6000E31AFCBC9387FBFFC207C1830547E36399
:108F7000F7BCF9B7639CFB081E203A206A85FD17F1
:108F8000231CF106B387EA003ACA231DF106EF302D
:108F9000FFC4B30799413385A70252473D853A95EF
:108FA000231BA10621B11E2013150A014185B38799
:108FB0005741231AF106231BE106EF303FC2330568
:108FC0002503E2473D853E95231DA1061E205245FF
:108FD0003ECCEF30BFC0B30799413305F502E247FD
:108FE000CC185A863D853E95231CA1062E85EF3070
:108FF000CF9B09C9DC1823A4F90050106C014E85E1
:10900000EF60A0298547E390FBBEBDB763147C01E8
:1090100063ED44019307900563E947039387EBFFF2
:10902000C207C1830547E360F7BC1A20B307574165
:10903000231AF106831724007D17231CE106231B46
:10904000F106D697231DF10649B68D47E31DFCB8FE
:109050008947E39AFBB8D1BF639DFB0A1A201385A9
:10906000A4054205B3075741231AF1063E20418566
:109070003ACAFD17231DF106EF305FB6B3079941D9
:109080003385A70252473E203ECA3D853A95231CB0
:10909000A1066A85EF309FB433052503D2473D858D
:1090A000AA97231BF106C1BE1387F7FF231CE10615
:1090B0003A203ECA33075741231BE106EF301FB267
:1090C00033052503D2473D85AA97231AF1063E2092
:1090D00013150A0141853ECAEF305FB0B3079941CD
:1090E0003305F502D247CC185A863D853E95231D9F
:1090F000A1062E85EF306F8B09C9DC1823A4F90077
:1091000050106C014E85EF6040198947E393FBB81E
:10911000B1B763147C0163E944019307900563E6EA
:1091200047038D47E397FBB61A20B3075741231A2D
:10913000F1063E207D17231CE106B3865741FD173B
:10914000231BD106231DF1063DB60547E313ECB4FE
:109150000D47E38BEBFCE3EE97B2F9B76396FB0A9E
:109160003E20031A04001385A4054205B387574126
:109170004185231BF106231A4107EF303FA6330533
:1091800025032620330999413D855295231CA106CC
:109190006A85EF30BFA43309A9021359F940269913
:1091A000231D210785BE3387FA00231CE1063A20E0
:1091B0003ECA7D17231DE106EF305FA2B307994138
:1091C0003305F502D247035A24003D85AA9732455C
:1091D000231AF106EF309FA033052503CC185A86D9
:1091E0003D852A9A2E85231B4107EF201FFC09C9C4
:1091F000DC1823A4F90050106C014E85EF60E009E3
:109200008D47E397FBB2A9BF63147C0163E9440176
:109210008947631CFC029307300BE3EB97B00317FD
:1092200004003E20231AE106B38657415697FD17E6
:10923000231BD106231CE106231DF106E1BC5010BF
:109240006C014E85EF606005F5B48547E312FCAE16
:1092500093079005D9B7C2054205C1814181939713
:10926000050113170501B706E1079386F681CD8F37
:10927000598DB3F5D700758D930746000D8D8D87F9
:10928000B307F5029583AE97F58F13D507015D8D72
:10929000828093960501C18293D7560093F8F70315
:1092A000894763E4C7002E85828013170501418337
:1092B00013D8B6009356B700C296FD4713F3F501D5
:1092C00063F3D700FD469357570093F7F703C6970C
:1092D0001307F00313F8F6016374F7009307F00324
:1092E0009376F50133876600FD4693F7F70363F342
:1092F000E6007D479306F00F7D8B93F7F703131578
:10930000B8006316D6009607D98F5D8D8280EF7204
:109310004E899607D98F5D8DEFF0FFF36F70AE8A9F
:1093200009476364C7002E85828093960501131355
:109330000501C1821353030193D756001357B3009D
:10934000AD823387E64093F8F50193F7F703635353
:1093500007000147135353001373F303B3876740A8
:109360009376F70163D3070081477D893388A8404E
:1093700093F7F7036353080001481305F00F1378C0
:10938000F80193F7F703AE066318A6009607B367D4
:10939000F80033E5D7008280EF72AE809607B3679E
:1093A000F80033E5D700EFF01FEB6F70CE812E870A
:1093B00013180701135808019357580093F8F7033F
:1093C000894763E4C7002E85828093170501C18316
:1093D0009376F7011358B80013D7B7009583330776
:1093E00007037D8993F7F7031308F00F3305D502C0
:1093F0001583B3871703935655001315B700998348
:10940000631606019607D58F5D8D8280EF627EF927
:109410009607D58F5D8DEFF01FE46F60DEFA982D13
:10942000894763F8E702EF62DEF7AE8410458C41AE
:1094300041112A842800EF205FD709C95C5499C3E1
:10944000228582971C5CA6852285829741016F60E8
:109450009EF78280EF62FEF1C44579719C2999C024
:10946000638E071005476393E70081445C412E8BB0
:1094700010458C412A89281083994700039A0700D8
:10948000EF20BFD2630C050EEFD020631C4185098D
:10949000B3894941DC4FC20993D90941AA8B0324FE
:1094A00009000327490085E3831627008317A102DB
:1094B00003160700958FB387370383168102918EB9
:1094C000B69786073E94832D4B00014A638B0D02AD
:1094D00003260B008317A102035A460083150600DA
:1094E00083162600050A330ABA40420A958F135A9A
:1094F0000A41B3874703831681028D8EB69786078C
:10950000BE9D814A8DC883274B010316A10283DAD1
:1095100047008396070083972700850AB38ADA40BD
:10952000C20A918F93DA0A41B38757030316810267
:10953000918EB697BE9432230E2328103306C04076
:10954000B305B0404206C2054186C185EF20DFC3A6
:1095500083A70B0003274B0003498B01DC4F638D6E
:10956000071871E7835B8B00EFD02055AA8CA9E424
:109570008314A1028317E10263D5970045616F60F0
:109580001EE3031A8102939A040193DA0A418317B6
:10959000C10263D447018504F1BF03A50C009316F3
:1095A0000A014A888328C501DE875687C1864E8610
:1095B000A2858298050AE1BF8357C1020357810241
:1095C000035AE1028507998F139D07018357A10272
:1095D000050A135D0D41330AFA40420A135A0A4143
:1095E000014CE35D4CF9014B35A8B387640103C816
:1095F0000700630808023308090303A50C0003579A
:10960000A102835681028328C5016297DA96420738
:10961000C206DE87135888004187C1864E86A28520
:109620008298050BE343ABFDD694050C5DBFEFD0EC
:10963000C048835BC10283578102035BE102850B53
:10964000B38BFB408357A102050BC20B330BFB40CE
:10965000420B2A8C93DB0B41135B0B41060AA9C416
:10966000014DE35D6DF1814C51A003250C000357C2
:10967000A1028356810293971400EE97A6965697FF
:109680000323C5019E234207C2064A884187C1863B
:109690004E86A28502938504E3C974FDD29D850A96
:1096A000E3DE6AED8144CDBF814ADDBFB38794011B
:1096B00003C80700630B08023308090303250C00E5
:1096C0000357A1028356810293971C00EE976A9775
:1096D000E6960323C5019E234207C206135888005D
:1096E0004187C1864E86A2850293850CE3C07CFD2E
:1096F000D694D29D050DB5B783479B016316073CF1
:109700006390072C835D8B00EFD0203B035AC1028E
:1097100003578102035BE102050A330AEA4003575B
:10972000A102050B420A330BEB40420B135A0A41CC
:10973000135B0B41FDE41307C00F8609636627071F
:109740004A8681456E85EFF01FB193150901937626
:10975000F50113D65D004205C181418113D3BD00DF
:109760001376F60393F7FD01135755003383650213
:109770001349F9FF81441377F7032D811379F90F0A
:10978000814E3386C502B387F502A165938515081E
:10979000E3D66EDFA288014E41A022855286EE8577
:1097A000EF201FDF4E948504E3C964FFC1BB03D8DB
:1097B000080063069804135758001355B800137730
:1097C000F7039376F80133052503330727031A952A
:1097D00013050508B3862603329713070708BE96BC
:1097E000938606083305B5023307B7025D817D898C
:1097F000B386B6025D831377F703DD82FD8A931F7C
:109800005700131FB500B3EFF60133EFEF012390BC
:10981000E801050E8908C284E34B4EF94E94850E8B
:1098200085BF1307C00F63792711139C0D01B389FE
:1098300049416E9C130DCAFF8609814C930BF00FB2
:10984000B38A4A41E3DC6CD3014909A89020631C28
:1098500076032310B4018504090405096355490101
:1098600013F7340065F7A286268763542D03330966
:10987000994033062701634F460933843601B30408
:109880005701850CC1B70E206E85EFF0DF9C0AA052
:10989000D9B79840FD576314F7021377340001CB12
:1098A0002310B401232184012313B40129A0232010
:1098B0008401232284011109910421046DB765DF1D
:1098C0009020631776032310B40190306318760359
:1098D0002311B401B020631976032312B401B03010
:1098E000E30476FD6E206E85EFF0FF966AA0E1B787
:1098F0000E206E85EFF03F960AA0C1BF2E206E8528
:10990000EFF07F952AA0F9B74E206E85EFF0BF9457
:109910004AA0F1B71023631776012390B60105071B
:10992000890681BF8E226E853AC836C6EFF0BF9297
:10993000B24642478AA2E5B716208609014D368510
:109940008145814C1308F00FB38A4A41D288E3D78E
:109950006CC3A28B014C81A8B3878401902331C2D0
:10996000630BB6024A8D6306060133062603135DB8
:10997000860083D50B006A866E8546C83EC6EFF02A
:109980009F8DB247420541818C2383D60B00C2488C
:109990001308F00F29A003D70B00E31CD7FC23907A
:1099A000AB00050C890BE3494CFB4E94468763538F
:1099B0000A000147420741875697BA94850C41BF78
:1099C000FD1793F7F70F0947835B8B00E368F7BA3E
:1099D000035AC10203578102035BE102050A330AFD
:1099E000EA4013170A0141873AC60357A102050B43
:1099F0008A07330BEB403717030013074792420BDC
:109A0000BA97135B0B4183AC0700035A0400860925
:109A10008DEC4A86D2855E85829C014CE3506CB702
:109A2000A284814A29A803DD040063064D014A8609
:109A3000EA855E85829C8AA0850A89046A8AB24783
:109A4000E3C3FAFE4E94050CD1BF9C209306C00FD1
:109A50004A8663E6F600B387270313D68700D285CC
:109A60005E85829C8146814D9308C00FE3D86DB11D
:109A7000228C014D99A03388A4018347080085CF2B
:109A80006396D70003560C00630546034A8663E6D7
:109A9000F800B387270313D6870083550C005E8533
:109AA00042C8829C4248035A0C009308C00F834668
:109AB00008002310AC00050D090CB247E34DFDFA78
:109AC0004E94D694850D5DB7035BC10203578102A6
:109AD000835BE102050B330BEB400357A102850BBF
:109AE000420BB38BEB40C20B135B0B4193DB0B417F
:109AF00063930722939719003EC6060AA1EC9307C9
:109B0000C00F63F72705060BE3DA74A7EE852285FD
:109B10005A86EF30CFB8B247D29D85043E94EDB758
:109B200093971400330CF400EE9783550C008A23AE
:109B30004A868504EFF02FF22310AC00E3C264FFE5
:109B4000B247D29D850A3E94E3DA7AA38144FDB7F9
:109B5000814ADDBF9307D00F63FB271B9307CBFF21
:109B60003ECA02C8130CF00FC247E3D977A1268D75
:109B700001490DA003460D0001CE9317190033874C
:109B8000FD00B309F400631086051A232390E90051
:109B9000050D05096355690193773D00E1FF131732
:109BA0001900B309E400B38CED00D2476345F90214
:109BB0004A876341670FB247D29DD6943E94C2470D
:109BC00085073EC855B783D509000A23EFF0AFE8F3
:109BD0002390A90075BF03260D0005C6FD57631726
:109BE000F60203D60C002390C90003D62C00239163
:109BF000C90003D64C002392C90003D66C002393FE
:109C0000C900110D1109A109A10C45B703460D00AA
:109C100019C66316860503D60C002390C9000346B7
:109C20001D0019C66316860503D62C002391C900B2
:109C300003462D0019C66316860503D64C002392F1
:109C4000C90003463D0055DEE30986FB83D5690064
:109C500003D56C00EFF02FE02393A9005DB783D507
:109C6000090003D50C00EFF00FDF2390A90045BFDA
:109C700083D5290003D52C00EFF0EFDD2391A90057
:109C800045BF83D5490003D54C00EFF0CFDC2392CC
:109C9000A90045BFB3072741EA97902311CA93173C
:109CA00017003385FD00A29763168601122192A347
:109CB000050701B78E230A213ACE3ECCEFF0AFD98B
:109CC000E24772478AA3EDB7B38784019C2385C717
:109CD0004A8663E6F900B307F90213D68700131723
:109CE0001C00330DE4006E9783550D000A23EFF03E
:109CF0008FD62310AD00050CE3486CFDB247D29D12
:109D0000D6943E94850CE3DB7C87014CF5B7814CFF
:109D10009309C00FCDBFFD1793F7F70F0947E36F06
:109D2000F784371703008A0713074792BA9783AC63
:109D300007008609060A95CC014D9306C00FE35F24
:109D40007D83014C95A093971400330CF400EE979B
:109D500083550C008A234A868504829C2310AC001C
:109D6000E3C364FF4E94D29D850AE3D97A8181448E
:109D7000C5BF814ADDBFB38784019C238DC74A8656
:109D800063E6F600B307F90213D6870013171C0029
:109D9000B307E4006E978E230A233EC6829CB24727
:109DA0009306C00F8AA3050CE3476CFD4E94D29D29
:109DB000D694050D69B793170501C18313D7B70072
:109DC0009583930670101306301093F7F70333074B
:109DD000D7027D89B387C7021D0715871377F70F51
:109DE00042073305D5028D07998793F7F70FA2072E
:109DF000D98F1D0515851375F50FC98F370500FF20
:109E00005D8D82805C4198418A07898363F3E70016
:109E10009CC10145828008419C411D8D1335150070
:109E20008280584194410A070983631AD706EF627A
:109E3000AED50317C5001389C19E06078326090006
:109E40000D07719BC159B389E940130A0701B38417
:109E5000A640CE96B38444412320D9002A840547E6
:109E60008DC02686B3054501EF306F8303270900B7
:109E7000A286639BE600D28533059400EF306FBD68
:109E800005473A856F608ED39C46CE979CC68397D4
:109E9000C60086078D07F19BC107BE96D9BF014753
:109EA0003A85828003A7019F19E301458280EF6212
:109EB000CECC9384019F03A44191B709004032891D
:109EC000AE8A2A8AFD19054B05CC5C40B3F73701F1
:109ED00085CBD6852285029A631765016303090243
:109EE0002320890039A89C4081CF8317C4008607AE
:109EF0008D07F19BC1073E9483A7C19EE366F4FCE6
:109F000001456F600ECBEF62CEC92A8403A5419153
:109F1000EF20DFF02285EF30AFA223AAA19023A685
:109F2000A19E11E101A0A285EF30AFB223A8819ECE
:109F30006F606EC9EF624EC53421B386B60213DA84
:109F400086406345CA000A216F604EC71425938777
:109F5000F6FF8A07AA97B8233307B7022187635E03
:109F6000E600854763FAD700034965003309B90263
:109F7000135989406355C90001A08A23F1B7AA8902
:109F80000A21328433094941EFF0FFE2AA8403D564
:109F90004900EFF05FE2E30109FEB3064441C20667
:109FA000C1861304F00FB38686029377F50F13F77B
:109FB000F40F1356850013D884001376F60F137828
:109FC000F80FC18093F4F40FB3C6260393F8F60F8D
:109FD00093C6F6FF93F6F60F3307D702B38717033E
:109FE000BA97216793051708135705013308D8025C
:109FF0001377F70F33061603330717034296B3861A
:10A00000D402B387B70236973306B602E983FD8BD5
:10A010003307B70251821376067E33E5C7006983A2
:10A020002E07598D15B7EF624EB51C3541119D8B2A
:10A03000638007189389419F83C70900B2842E84E7
:10A040002A8999E70145EFF01FEC85472380F90045
:10A05000034799008946A2871D8B6303D700A68713
:10A06000135A1440334A490137A50100B3C74701C9
:10A0700030004C00130565E13EC202C4EFF09FE2E0
:10A0800085476315F5022244370700409306F7FF22
:10A090005C4033F7D7000507758FB70600C0F58F12
:10A0A000D98F5CC0228541016F60AEB083479900B3
:10A0B0000947A28A9D8B6383E700A68AA28963531E
:10A0C0009400A689C20993D9094103A5C19E13949E
:10A0D000190083A741910D04719803A6019F4104C3
:10A0E000B307F540B305F4009384C19EB68B138B80
:10A0F000019F63FEC5045C41860785835CC15841AE
:10A10000B707008033CA4A01F98F93E7170023206D
:10A1100045015CC1231635012317550163D3070898
:10A12000930705011CC52AC4814422448315E40019
:10A13000E3DAB4F626864A85EFF0DFDF1C44139796
:10A1400014008504BA97C2048AA3C184F9BF63606E
:10A150008604FD5C37AD010037AC010003270B001E
:10A16000A2976364F700884079B701466C00130535
:10A170004DE066C6EFF01FD301466C0013052CE2DC
:10A18000EFF05FD29C4003A74191998FC1BF228518
:10A19000EF201FFB11E101A05C4137070080D98F40
:10A1A000B1BF9C40138707013E9418C580C0A5BF6E
:10A1B0000144CDBD5C4163D80700EF628E9EEF2065
:10A1C000FFC56F604EA08280EF62AE9A1C45BA89CF
:10A1D0003171039707002A8BA8002314E104039729
:10A1E00027002E8DB2842315E1040397470083973F
:10A1F0006700B68C2316E1042317F104EF403012F8
:10A200002A8CF145A808EF30CF848347BD0023088E
:10A21000F1068327CD00BD8BA308F10683270D002F
:10A220003EC063170C020247B70700016312F70232
:10A230009147639FF9008347AD00094A99EFAC0845
:10A240005A85A6CCE6CEEFF08F9D29616F602E96E1
:10A2500095470D4A6383F900094A03D944009E20BB
:10A260000317A10405093309F9408357E1044209A2
:10A27000135909418507998FC207C1873ECC8317BF
:10A28000C10483168104930D010513841700231A5A
:10A29000F104B3072A03158C42042318D1042319AF
:10A2A000E104231BE104EECC41843ED0631F0C107B
:10A2B0000247B7070001631AF71095476397F91033
:10A2C0008347AD0063930710EFC0207FEF504FA38B
:10A2D000AA89A800EF105FE763E6A900A800EF10C5
:10A2E000BFE6AA8913951900EF20BFEBAA8A4E8515
:10A2F000EF203FEB8947039724002304F1068317DF
:10A30000A104AA8BAAD2998FB387270303970400CD
:10A3100003198104EED6D6CE3309E94081443E9933
:10A32000330949038147CA9C2289624763CDE40609
:10A3300083176105031721056309F700FD17AC08B2
:10A340005A85231BF104EFF08F8D5E85EF203FAF20
:10A350005685EF20DFAED5BDB022B385EB0090A1CE
:10A3600009CA90328822931517002206D6952A969C
:10A3700092A1D29605073306F740E34F86FC4A8741
:10A3800063530400014742074187BA970257BA9CBA
:10A390003307F40063ECE900035761050507231B4D
:10A3A000E104850459B7E6863E87F1B7AC085A85C3
:10A3B000EFF0EF86835761058507C207C187231930
:10A3C000F104231BF1048147E9BFEFC0006FEF5098
:10A3D0002F93AA8AA800EF103FD763E6AA00A8002F
:10A3E000EF109FD6AA8A13951A00EF209FDB2AC28E
:10A3F0005685EF201FDB89472304F1069247AAD236
:10A40000AA8B9305C004C818BECEEED6EF207FE419
:10A410000247B70700016302F70E83270D00BA2039
:10A42000C8183EC1FE20E6DA231C21078507998F54
:10A43000231DF10683274D0023033109814DBEDE24
:10A4400083578D002312F10883274D01858BA303C9
:10A45000F108EF5080118347AD0013C7F7FF137762
:10A46000F70F3AC4D5CF03278D00C207C183935697
:10A47000B700FD8AB386D70236C89356570093F6C5
:10A48000F6037D8BB386D702B387E70236CA3ECE8A
:10A49000114789476399E90083260D0037070001BA
:10A4A0006393E60085472304F10663060C00D68516
:10A4B0005E85EF20DFE00317210583972400814CA0
:10A4C0000149B307F7403ED2A167938717083EC6FC
:10A4D000E24763CBFC048317610503172105630979
:10A4E000F700FD17AC085A85231BF104EFE03FF39A
:10A4F0005E85EF20DF941245A9BD83972400831D5C
:10A50000A104B38DFD4033892D0383970400831D7F
:10A510008104B38DFD40CA9DB38D4D03E69D25BFDB
:10A5200002CE02CA02C8ADB783970400031E01051C
:10A5300033832B011A87330EFE409257EE888146F3
:10A54000B38E9701C20E154F994F93DE0E4163CE25
:10A550008604A287635304008147C207C1873E99DE
:10A5600063080C020356A104831501051A8566963B
:10A570004206A28641861AD4EF40E04B2253631074
:10A580000512A2851A85EF20DFCC89472304F10646
:10A590008257BE9DB307890063F957118357610540
:10A5A0008507231BF104850C25B782473706000178
:10A5B000638CC70AB305DE00C2057686C185C8185C
:10A5C0003ADE1ADC46DA36D872D676D4EF50005F1F
:10A5D000A25E325EC256D25862537257154F994FDF
:10A5E00001E52300070079A08347A1081CA3835736
:10A5F00081080346AD0035C2A24513D6B7002245F7
:10A600003306B602C2452E96B24513060608330637
:10A61000B60293D5570093F5F503FD8BB385A502DC
:10A6200052455D827D8A2E06AA953245938505089E
:10A63000B385A5022245B387A7027245C98193F568
:10A64000057EAA97324593870708B387A702DD8363
:10A65000FD8BCD8FD18FC207C183924533862601F2
:10A6600006062E961EA239A0639AE90183C7280028
:10A670001CA399E78506D2980507D1BDFD571CA3F9
:10A6800083C7180003C60800A207B297C207C18398
:10A69000E391F9F71306007EE39DC7F499B7894764
:10A6A000E318F5EE2304A106E5B5AC085A85EFE002
:10A6B0001FD78357610511478507C207C187231933
:10A6C000F104231BF10489476399E90003270D0076
:10A6D000B70600016313D70085472304F10601493B
:10A6E000E3030CECD6855E85EF207FBD6DBDEF5298
:10A6F0005EC82E8DAA8A03250D0019713684328911
:10A70000814622862C18EF40FFED41E9FD4763F3B7
:10A710008708C1679387F78F630EF4068967B107CF
:10A72000630AF40683572104835509000356290060
:10A7300003570104BE95835741048356E103C205C4
:10A740003E964206C18141823297AE964207C206CA
:10A750004206C2054186C1854187C1860818EF10AF
:10A76000DF9CA800EF40302E8947A305F1042309A0
:10A77000F106230FF1062301F1068357CD001018CF
:10A78000AC002313F10685472314F10683A7CA0002
:10A790005685829709616F509EC1035701047DDB86
:10A7A0008357E103E5DB8356210483540900B69403
:10A7B00083A68A00C204C180139B0401039606008D
:10A7C000135B0B41DA97E3C7C7FC83974600E3C3EB
:10A7D00067FD8357410483250D003306F700835737
:10A7E0002900918F9225B297B225918FC207C1831C
:10A7F0003EC483198100839726004E97E34CF7F8F7
:10A8000083976600E3C837F96255A285EF409FDC65
:10A8100051D1E257DC278D8BB5FF835761048D46FC
:10A820000347AD01BD8B6383D71E89466389D71C5F
:10A8300063ECF6008546E39FD7F4854D8946130CFB
:10A8400000081389818305A091466381D71CA14626
:10A85000E392D7F437190300A14D93060010130CAF
:10A86000F00F130909941306C00F6365E60283C84D
:10A87000C19F379800209385C19F130848DE014689
:10A88000639FE81883A8819F639BB81998A123ACA4
:10A89000B19F428983A68A000357E103035601044E
:10A8A000839506003304B703814B6354BB00B38B1D
:10A8B0006541839546003308EB00BA8C63D50501EA
:10A8C000B38C6541850C83952600014B63D4B90098
:10A8D000338B354183966600B385C90032C263D697
:10A8E000B600B387364185073EC2B3867D03F14586
:10A8F00032C83AC6330464033694135A34002A9A91
:10A90000A800EF201F958356CD001D882318D10481
:10A910008346AD012300D1068326CD01CD829D8AD9
:10A92000A300D106EFC06019EF409FBD32474246F9
:10A93000B309C70263533501AA894E853ACAEF208D
:10A940005F8633867401FD14E6944206C204A24772
:10A950004182C180AACA2A8D13950401918C850475
:10A96000B386670193970401C1873EC4C20692472C
:10A97000C18241851318060193950601C185BE96D3
:10A98000135808412316A102231AA1020818231BF9
:10A99000D102231401032315B1022317B102231896
:10A9A00001032319B102EF40801752473C10A14622
:10A9B0005E97BEC4BECE33079741B387B6413EC64D
:10A9C000B307B7032AC801453ECAB3877C413ECCD2
:10A9D0009247634BFB068317E1020317A102630C46
:10A9E000F700FD172317F102AC0089475685230CA9
:10A9F000F104EFE0DFA26A85EF206FC461BB894DEF
:10AA00009146130C000C1389C183B1BD37190300A3
:10AA1000914DC146130C000F13090993A9B5130EEC
:10AA2000F00FB308C90083C808003A836386C801E1
:10AA3000B388E80213D38800B308C80023806800F5
:10AA40000506E310D6FE99B5B3568C00AA84B385EB
:10AA5000AB4033879500634A9705C24785C7A24636
:10AA60000316E102831581023307AD003A853ACE21
:10AA7000EF30707C230CA104724709E5A2453A85AA
:10AA8000EF202FFDE24733879700637237070357A4
:10AA9000E10205072317E102D247050B26853E9404
:10AAA000135734003A9A1D8825B703470A00B24766
:10AAB000758F338687403357C7009378F70F330677
:10AAC0009D00638F08001377F70F4A97182318A289
:10AAD000B247637AF4006E94B3D6B601850495BF8D
:10AAE00023000600F5B7050AE2860144C5BF894781
:10AAF000AC005685230CF104EFE07F920357E1028E
:10AB000081440507420741872315E1022317E1022B
:10AB100061B783972500638A077403C885000947D6
:10AB200063750775EF52FE840313060083980600D1
:10AB3000117103182600039726006314130163059F
:10AB4000E81C094EB3C7C7031A8EC207C18363D37B
:10AB50006800468E330EFE40231CC1011A8E6353DB
:10AB60001301468E3E9E231EC101C2886353070116
:10AB7000BA88B388F840231D1101C2886353E800E6
:10AB8000BA88328A1045130D81012E84AA84C69793
:10AB9000EA856A8536C0FC87EF102FE1630605164B
:10ABA0009C44831A2A0023A4A4013EC282470319AD
:10ABB0000A0083992700039C0700831724006399E8
:10ABC0003A23FD1793D617404A8763532C016287B7
:10ABD000231EE1084A87635389016287C20A858B75
:10ABE00093DA0A01B6976C09B387FA407D17B69AD3
:10ABF0006A862E852310E10A231FF1082311510BC9
:10AC0000EF10AFDA31C183176400814A89C7831A14
:10AC10004400B33A50016809EF307070014919E1FE
:10AC200013C91A00F145A801EF20AFE27C09BEC5A7
:10AC30001E202318F10C1C242300F10E6309090CBB
:10AC4000AC012685EFE0AFFD1A248567938707C026
:10AC5000F98FCDCBA801EF40005F1E202316F10C29
:10AC6000E17793C7F7FF2314F10C1C24A305F10C23
:10AC70008317240013D9174093C7F7FF93FA1700DF
:10AC80001C34918B9DCF83570A0013170901418310
:10AC9000B386E740231ED10883562A00BA97B387AC
:10ACA00057413386E6403697231FC1083307574183
:10ACB0007009AC0126852310F10A2311E10AEF4047
:10ACC000C05D1C34A18B9DCF8247AC0126859A23A1
:10ACD00093170901C183B306F740231ED1088246AA
:10ACE0003E9733075741B6222310E10A3386F640D8
:10ACF000B697231FC108B387574170092311F10A82
:10AD0000EF40A05992479CC411616F504EEA03591D
:10AD1000010A8317C1090357E10905093309F940FD
:10AD20004209031C210A2311E10A13590941814BED
:10AD3000638C0A00831B640003174400BA9BB3EBC7
:10AD40007703C20B93DB0B414A85EF208FC5031BB2
:10AD5000E1097C092A8DAACBBECF894C63566C01D0
:10AD60006A85EF20CF8DCDB5CA856A85EF202FD5B6
:10AD70008315C10913160B01CA8641866A85EF3017
:10AD8000904B230CA10C63890A021DC5DE86814706
:10AD900005A0031744006341D704BA97958FC207F3
:10ADA000C18785070507C20793160701C187C186BA
:10ADB000E3C127FF230C910DAC012685EFE02FE6C0
:10ADC0008357E109050B8507231FF1088357210AE3
:10ADD00085072311F10A59B7031664003A96014713
:10ADE000E3D1C6FC3307FD0023000700368755BFBB
:10ADF000568563D359014E8542054185D68663D376
:10AE00003A01CE8693950601C18163178913FD1718
:10AE100013D717404209858B135909019386F5FF13
:10AE2000BA976C09B307F940231FA1083A996A86BB
:10AE30002E85231EF1082310210B2311D10AEF10B8
:10AE4000CFB6E30305E083176400014B89C7031BFA
:10AE50004400333B60016809EF30704C014919E14F
:10AE600013491B00F145A801EF20AFBE7C09BEC508
:10AE70001E202318F10C1C242300F10EE31209DC20
:10AE8000835A010A8357C109031C210A850AB38A20
:10AE9000FA40C20A8357E10993DA0A415685231121
:10AEA000F10AEF200FB07C09AACBBECFAA8B831C7E
:10AEB000E1090149630C0B00031964008317440086
:10AEC0003E9933E92C0342091359094163549C010B
:10AED0005E8541BDD6855E85EF206FBE8315C109B5
:10AEE00013960C01D68641865E85EF30D034230C54
:10AEF000A10C63030B0209CD03174400635427011F
:10AF0000230C010C83176400BA976343F9000149CD
:10AF10000509420913590941AC012685EFE02FD0FC
:10AF20008357E109850C8507231FF1088357210A00
:10AF300085072311F10A59BF63C83A015687CE8AA3
:10AF4000BA894A8762893A8C330B2C419356FB416C
:10AF5000B38B594133C76601158F93D6FB41B3CDEF
:10AF60007601B38DDD4063D6ED2213965D00334646
:10AF7000E602B7160300938606A43696142262866C
:10AF8000B387F6029387F70393DC774093960C011F
:10AF9000C182635389014A86158E2310C1026286DD
:10AFA00063532C014A863696158DAE960C102312EB
:10AFB000C1022311A1026A862E853EC63AC423131C
:10AFC000D102EF108F9EE30105C8B24793F51C0034
:10AFD000224713DD8740EA95C205420DC181135D0A
:10AFE0000D0163DAED1C939D0A019397090193DD2E
:10AFF0000D01C183B388B501B38DAD41BE95338DCD
:10B00000A741C208939C0501C20D420D93D8084187
:10B0100093DC0C4193DD0D41135D0D4163506019CC
:10B0200081476A87E2866E86CA85C80046C4EF30CB
:10B030005034A24885476687E2864686CA858818C6
:10B04000EF3030338145C800EF30B01BAA8D814509
:10B050008818EF30101B1C342AC4C18B639E07185C
:10B06000C20B420B93DB0B01135B0B0133075B013C
:10B07000B30679414207C2068D474187C18656868D
:10B08000CA856809EF30F02EB30B7C414E9B131735
:10B090000B0193960B0189474187C1864E86E28555
:10B0A000A801EF30102D81456809EF309015AA8C6A
:10B0B0008145A801EF30F0142A8C035941028357CF
:10B0C000010205093309F940EFB0301FEF404FC3CB
:10B0D000AA8A4209081013590941EF10EF866376D6
:10B0E00055010810EF104F86AA8A5685EF206F8B06
:10B0F00083176102D6852A8BBE8983572102014DB1
:10B100002313F102EF20AF9BF1452810EF206F943D
:10B110001C103ED41E20831B21025ADA2318F10290
:10B120001C242300F1041C103EDE63DA790D831722
:10B13000610203172102630CF700FD172313F102CC
:10B140002C1089472685230CF102EFE04FAD5A857C
:10B15000EF10FFCEC800EF3090168818EF30301691
:10B16000FD576385FC006809EF307015FD576305D6
:10B17000FC00A801EF30B0146E85EF30500F22456F
:10B18000EF30F00E6685EF30900E6285EF30300EB6
:10B1900065BC131657003346B603E1BB814766878B
:10B1A000E2864686CA85C800EF30B01C85476A87AC
:10B1B000E2866E8661B5931C0901931D0C0193DC38
:10B1C0000C0193DD0D01B386BD00E695C206C205F4
:10B1D00081474E87C1865686C185C800EF307019F9
:10B1E000B386AD41B385AC41C206C20585474E87E3
:10B1F000C1865686C185A1B57D5CFD5C7DBD83158C
:10B2000001023307AB0113960B013A85CA864186CA
:10B210003AC6EF305002230CA102324709E5CA8535
:10B220003A85EF200F834A9D33072D01637957013B
:10B230000357610205072313E102850BFDB589471A
:10B240002C102685230CF102EFE06F9D83576102DD
:10B25000D6855A858507C207C1872311F1022313BA
:10B26000F102014DEF20AF85C9BF8280894763F8A5
:10B27000D72C6306062CEF52CE8F139926000111AE
:10B28000AA894A85B68AB2842E8AEF109FF12A8451
:10B2900041C99E208146FD1A1EA1BE203EA18147C4
:10B2A000139726003386E40011072697031506003E
:10B2B000831507006318B5008315260003172700C0
:10B2C000638CE5000E221397270022970EA33222EB
:10B2D0008507C20732A3C1838506C206C182E3C1C6
:10B2E00056FD1307C9FF269703960400831607002F
:10B2F0006318D6000396240083162700630CD6003B
:10B30000122393962700A29692A23A238507C2079A
:10B31000BAA2C18309476368F7002285EF103FB2E4
:10B3200005616F50CE8883A681841387818458433A
:10B330009395060136C8131607013ACAC185C1861E
:10B34000418641872285814A831805002E8863D370
:10B35000B80046889315080103182500C18542836B
:10B3600063D30601368393160301C186468363D3F4
:10B37000C8003283131603014186C2886353E80074
:10B38000BA8893841A00C20413970801C1804187C8
:10B39000110563929714F08203A6890013098101B5
:10B3A000EC804A850C08F481F883EF001FE035D566
:10B3B0000316240003AC89001307640023A42901A9
:10B3C000854701498316070063D7C6001399070113
:10B3D00013590941368693861700C206C1821107A8
:10B3E000639DFA0E1305C0023385A402EF107FDBC4
:10B3F0009307F9FFAA8B4A8863D30700A697130720
:10B400001900634397000147931629008A070A072A
:10B41000A296A29722979222AE2203DD270016233E
:10B42000835D27009E23330DBD40918EB38DBD40BB
:10B43000918F420DC206C20DC207135D0D41C18638
:10B4400093DD0D41C187330DDD02CA88DE8A0149D3
:10B45000B38DFD026345BD09930CF8FF63D30C0067
:10B46000A69C138B180063439B00014B93962C0002
:10B4700093172800A296A297039726000396270009
:10B480006348C7026304C7028396060083950700DA
:10B49000638EB6005685854746C6EF30806D56856B
:10B4A000DE85EF300056B248938ACA0205096688E5
:10B4B000639224051008D2854E85EF30105E5E85BC
:10B4C000EF30C05C5E85EF109F972285EF103F97AD
:10B4D00023A48901B1B5A68A85BDB687E5B5930CCD
:10B4E000180063C39C00814C138BF8FFE3500BF8EA
:10B4F000269BADBF93162B0093972800A296A29788
:10B5000003972600039627006348C7026304C70217
:10B510008396060083950700638EB60056858147A3
:10B5200042C6EF3000655685DE85EF30804D3248EB
:10B53000938ACA020509DA88E36E99F0A5BF828072
:10B54000EF423EE393DA154093F71500AA842E8B61
:10B55000B2891389FAFF91C35689795A330A49038C
:10B56000139414002285EF10DFC3939C1A00AA8B5A
:10B57000930DE4FFCE9C4E8C014D4E9A7D58634353
:10B580009D049166938606FC33D566034E87CE876D
:10B590003386940206064E966393C7081386F4FF1B
:10B5A000330686020509B30E5041014EB30F240342
:10B5B0004E96B38E8E02634F9E065E85EF103F88D7
:10B5C0006F40FEDEB307BC019E231387F4FFB387F1
:10B5D0006703931617003386DB001EA2330657015C
:10B5E0008145635596003386DC000E2233062741E1
:10B5F0008D8F6342C00283560C007D17B697E31A05
:10B6000007FD62852286DE85EF107F89229C050D6D
:10B61000229AA29CA5B7D29683D6E6FFF9BF8E23C5
:10B6200081C56395D5008AA38907BDB7B3C56503F6
:10B630008EA3DDBF1E233A8F3308F701B38767035C
:10B640003305D701BA888146814563C6070093D583
:10B650006740C205C181139316005E932310B300A7
:10B66000B38556416341B00483D508008D8FB3057F
:10B67000D90063DC9502835508008506AE97A29831
:10B6800022982295E3C296FC814793961700DE9696
:10B69000962285072310DF00229FE3C897FE050E40
:10B6A0000907090609BF0E21D1B70E22F9B79C4937
:10B6B0006385071CEF425ECDB82D8949797163F42B
:10B6C000E90AAA843E852E843289EF2080132A8AD3
:10B6D0000848631D3A0950488967AA850148FD1743
:10B6E000014781464800EF303FB6835749008356F3
:10B6F0000900031741008507958FC20733464703AA
:10B70000C1877D170808B3C74703918EB697C20754
:10B71000C1837C84BA977C8683576900835629004D
:10B72000031761008507958FC207C187B3C7470319
:10B73000334A47037D17338A4641D297C207C183F4
:10B740007C85BA977C87EF2020335C4814480147FA
:10B750003EC81E2C30000C08FC863C2C2685230598
:10B76000F102EF20A03545616F405EC54C00EF400F
:10B77000D0458547E319F5FE0808EF2040013C203D
:10B78000924613F7F7008347C101C19BD98F230E5F
:10B79000F1001E2CFC843E2C13978700A183D98FC7
:10B7A000FC855C2CB5E7035749008357090013D685
:10B7B000A60005071D8F1376F67F4207B3453603B3
:10B7C0004187D5827D162685334737038D8F835574
:10B7D00029003E97835769004207418385078D8F73
:10B7E000C207C187B3C737037884329730007886A1
:10B7F000B3C93603FD16B3893541CE97C207C1835D
:10B800007C85B69714480C087C87EF20A002A1BF66
:10B8100083172900D582FD16BE967C857487031791
:10B82000A10083176900E3C0E7F4924703170900FA
:10B83000A98393F7F77F7884FD17BA977C8603175F
:10B8400081008317490063DBE70092473885D58381
:10B850003E9778853887BA977C87D1B714483000EF
:10B860000C082685EF10107D92473884A98393F742
:10B87000F77F3E9778843886C9B78280B831894788
:10B8800063FFE73AEF42FEAE031706008318260077
:10B890000318460003166600839605021D7178861C
:10B8A0002317110123180101F081854763D3D704C1
:10B8B00083C625029307C00F63FDD7028397050057
:10B8C0008DCB9C51E583FD8B93D62740858ABA9614
:10B8D00013D71740058B4697788713D73740058BCA
:10B8E000858B3308E840B307F640748623180101BE
:10B8F000FC811045130CC100AE8D2A8BE2854808EF
:10B90000EF00BF8A29CD83C9FD0093F97900639BBD
:10B91000090403D44D0083D7AD00639387008149A8
:10B920006285EF30C01F2A8D71468145C800EF4007
:10B930005EAA83C72D002316810483CA3D00A30E8F
:10B94000F10483970D0063120D0285E3639F0900E4
:10B95000CC005A85E2C2230E5105EFD05FAC2561C1
:10B960006F40FEA403D46D007DB71307C00F63744E
:10B970005701930AF00FA0803886835B21010504EC
:10B98000198C3887850B4204B38BEB40C20B93DBD9
:10B990000B4141845E896353740122894209135922
:10B9A00009411359194063D327013E89A484BC82FD
:10B9B00085049D8CC204C1846344200163030D0C83
:10B9C0002685EF100FFE81464A86E2852A8A681096
:10B9D000EF30003E81456810EF30A002AA8CBC8297
:10B9E0005E86A285FC86BC8413856D00D2C82310B8
:10B9F000F1027C08BEC2BECCFD57230EF104EFE07D
:10BA00008FE2AA8B09CD8947639BF9000317C10018
:10BA100083174101998F18458607BA97BEC4014C18
:10BA200063140D06054D2087BC8163492C0F3886B1
:10BA3000131D0901135D0D012312E102B8806A9400
:10BA4000B387A7414810231381022314E102231571
:10BA5000F102EF30C00C2A8C031421016319051682
:10BA6000639709163C873304A441CC00EA975A85B2
:10BA7000FC8723118102230E510582C8EFD03F9A23
:10BA800021A8014AFD5CA1BF031461010549094CCD
:10BA90008317A10163D6870263050A005285EF1060
:10BAA0000FBAFD576388FC006685EF20507C681054
:10BAB000EF30E000E3850BEA5E85EFE0AFEF45B5E0
:10BAC000131D0401135D0D412686D6855285231F63
:10BAD000A1012311A103EF10AFDA83154101A6865E
:10BAE0006A865285EF20307563072503230AA10477
:10BAF000639D29018317E10003A78B00B307F4407E
:10BB00008607BA979E232316F104CC005A85EFD0FE
:10BB10001F910504B5BF230A8105D9BF13170C0176
:10BB200041833A94998F031761014204939D070161
:10BB3000418493DD0D416356E4000317A101634284
:10BB4000B7092686D6855285EF108FD38315C1019C
:10BB5000A68622865285EF20106E6306A507230A6B
:10BB6000A104031761016345E402E0872311810208
:10BB7000639CA9010317E100198C03A78B0006043D
:10BB80003A941A202316E104CC005A85EFD03F895D
:10BB90000317A1016347B703231FB1012311B103A9
:10BBA000639DA9010317E100B387ED4003A78B0054
:10BBB0008607BA979E232316F104CC005A85EFD04E
:10BBC0001F86050C8DB58947230AF10459BF8547A7
:10BBD000230AF1048317E10033042441230E5105A5
:10BBE0003E99054DE34A24EB931D090193DD0D4178
:10BBF00063000C022686D6855285EF106FC8831528
:10BC00004101A6866E865285EF20F062230AA104C8
:10BC1000231FB1012311B103639DA9018317E10023
:10BC200003A78B00B307F9408607BA979E23231614
:10BC3000F104CC005A85EFD08FFE050965B78280EC
:10BC4000EF422EF62A84AE843289EFF03FC34A8653
:10BC5000A6852285EFF0BFA56F40EEF6EF426EF1AC
:10BC600075712A892E852E84B284368A3A8C3E8B51
:10BC7000C28AC68BEF20B06AAA8C71E9B3678A01C9
:10BC8000F9E7F145C818EF10CFDC83992400231E93
:10BC9000610723065109031A2400031B0400831AB9
:10BCA0004400FC08BEDA9387F9FF231E61052310C8
:10BCB0005107231F41052311F106831C6400839B58
:10BCC0006400039D0400039C440063C64901CC1832
:10BCD0004A85EFD0CFF4FE208507231FF1047E2094
:10BCE0002311F10663C67C01CC184A85EFD02FF3EF
:10BCF0001E20231EF1049E20FD172310F10663C2AF
:10BD0000490583972400231FF10463CF7C038397A5
:10BD100064002311F10663466D01CC184A85EFD00B
:10BD20000FF0DE208507231EF1045E202310F106AC
:10BD300063C68A01CC184A85EFD06FEE49616F4027
:10BD40000EE783172400C1B783176400D9B7032611
:10BD50008900A2854818EF004FC5AA8965D183578D
:10BD6000810303574103F1458507998FC207C187B6
:10BD7000C8183ECCEF10EFCD6245EF108FC2FD57D3
:10BD80002AC13ECE635D400181465286A285C8002D
:10BD9000EF3000028145C800EF20B0462ACE62860F
:10BDA0008546A685E808EF30A0008145E808EF2029
:10BDB0005045031C2400231E6107039B24007C18AC
:10BDC000BEDA3EC52AD623065109A3067109B30778
:10BDD0004C0163D36701DA87831B6400C207839A2F
:10BDE0006400C1873ECAB38D4B4163D3BA01D68D7F
:10BDF00093970D01C1873ED463890C088357410393
:10BE000003146103231EF102835781032310F104FD
:10BE10008317A10363D68702E808EF20504A325502
:10BE2000EF20F0447247FD576308F700C800EF2089
:10BE300010497245EF20B0430A45EF104F80FDBD19
:10BE400063558B01D2476340F40463D55B01A2576D
:10BE5000E3C487FCE2450A45131604014186231F0B
:10BE6000C1022311C10432C6EF106FC5831541030F
:10BE7000E24632460A45EF20103C2302A108CC18C6
:10BE80004A85EFD0CFD9050461B783170400839C9E
:10BE900004003EC6338747016353970166878317C3
:10BEA0004400039D44003EC8B38747416353FD00EF
:10BEB000EA87B24663C4DC02C24663C1A603634F8D
:10BEC0008B0163CD5B0193891700B389E940C209F7
:10BED00093D9094193A9290393C91900C207C187BE
:10BEE000420741873ED285473AD02302F108634298
:10BEF0008B0F638409049257CC184A852310F104F0
:10BF00009307FBFF231EE102231F81032311F1048A
:10BF1000EFD0EFD063C35B038257CC184A85231E52
:10BF2000F10292572310F104FE208507231FF1022E
:10BF30007E202311F104EFD08FCEB24763C5FC02FF
:10BF40001E20CC184A85231EF1029E20FD172310C7
:10BF5000F104D247231FF10293970D01C1872311EA
:10BF6000F104EFD0CFCBC24763C5A703DE20CC18C6
:10BF70004A858507231EF1025E202310F104D24773
:10BF8000231FF10293970D01C1872311F104EFD014
:10BF90000FC98317410303178103231EF102639E18
:10BFA000090A2310E1048317240003972400998FC2
:10BFB00063D34701D287139A0701135A0A41814A72
:10BFC00063CE4A01E808EF20902F3255EF20302A47
:10BFD000B1BDE3C45BF7E38209F63DBF2620939928
:10BFE0000A0193D90901CE87CE9483596400C20413
:10BFF000C184B389F94083176103C20993D9094108
:10C0000063D6F4008317A10363C73705E2450A45E9
:10C01000EF10EFAAE2468315C1030A452686EF20FA
:10C020009021831761032302A10863CAF400CC188E
:10C030004A85231F910223119104EFD04FBE83172D
:10C04000A10363CA3701CC184A85231F310323118A
:10C050003105EFD0CFBC850AA5B782561384F6FF11
:10C06000635387003A84231081041D8C0504420425
:10C0700041846342800812578317410305076353C5
:10C08000F7003E8783178103231EE1021384170004
:10C09000198C42042310F1044184E35580F2C24715
:10C0A00063DBA70F63598B0FE3CE5BF1A259938437
:10C0B0001D008317A103C2048509C180E3C437F1C1
:10C0C0000A45139604014186A285231FC10223114C
:10C0D000C10432C6EF10AF9E32468315C1030A4534
:10C0E000A2868504EF2030152302A108CC184A85CA
:10C0F000EFD0EFB27DBFB24763DBFC0463598B0521
:10C10000E3CB5BF7A25993841D008317A103C204FC
:10C110008509C180E3C137F70A45139604014186BA
:10C12000A285231FC1022311C10432C6EF102F992B
:10C1300032468315C1030A45A2868504EF20B00F5D
:10C140002302A108CC184A85EFD06FAD7DBF8314C0
:10C150006103D24763C6F400B247E3D5FCFA4DB79A
:10C160000A45139604014186A285231FC1022311AB
:10C17000C10432CCEF10AF9462468315C1030A4567
:10C18000A2868504EF20300B2302A108CC184A8533
:10C19000EFD0EFA87DBF83146103D24763C6F400DC
:10C1A000C247E3D5A7F109B70A45139604014186B2
:10C1B000A285231FC1022311C10432C6EF102F90A4
:10C1C00032468315C1030A45A2868504EF20B006D6
:10C1D0002302A108CC184A85EFD06FA47DBFEF429F
:10C1E0004E998397E5027571AA892E84328CE3807B
:10C1F000074003C765033AC6B2460947E379D73E0D
:10C200000547039B45036397E70063456001985921
:10C21000E30F073C03590403035A0C0003574C0077
:10C22000420B135B0B014A9A5A993A990947B3C7D3
:10C23000E7023638420A835B2C00135A0A0133079F
:10C240006A41B69BB304DB007D1783566C0042093C
:10C2500013590901B694C20BC20493DB0B01C180D0
:10C26000C207C1831D8F231AE102138717004207FB
:10C270004183B306E900231CD1022697B3866B41A4
:10C28000FD16231DE1023247B387F640231BF1025E
:10C290009307D00F63F5E7009307F00F3EC603A6A0
:10C2A00089004C186818EFF05EF0AA8AE3010534A3
:10C2B00083570C007D56FD552312F10483572C0043
:10C2C000C8002313F10483574C002314F10483574F
:10C2D0006C002315F104EFF01EE983578104035726
:10C2E00041048356A1048507998F0357610485068D
:10C2F00083150400998E139506013E87C207C187F6
:10C3000041852E866353F500368793170701C18751
:10C3100085872E8D63D3B7003E8D050B420B135BD3
:10C320000B015A99269B931C0901B30B7B4193DCAB
:10C330000C01939D0B0133874C4193DD0D01BA87AE
:10C3400093960D0142074187C18663D3E600EE87CD
:10C35000C207C187858763D3B7003E868314E40292
:10C3600032C8330A9A41B294338594020605EF002D
:10C370005FE3831BE4020947424633C7EB0293970E
:10C380000B01C18393E6E7FF2A8BEC08C818330939
:10C3900076013ECA42074183BA96B296C2060507A5
:10C3A000C18242072310D1064183D296231FE104A4
:10C3B000231ED1046E9781462311E106EF20501F02
:10C3C0000547054A6384EB0013DA1B404A85EF00FA
:10C3D0005FDD931719003EC893170901C1873ECC52
:10C3E000B3072501AA8DDA8C814B3ECE63CF2B019A
:10C3F0006E85EF00DFA4C818854DEF20406CB30BAD
:10C4000029036313BA0B8147ADA8CA856E85EF0077
:10C410001FEBE246565313960B01D818418681450F
:10C420006E85029309E9C2456685EF009FE2C24727
:10C43000850BBE9C65BF03C70D0013862C00938639
:10C440001D001A07334747032390EC00F247E380AF
:10C45000D7FE982283C5F6FF6398E5000357E6FFF1
:10C460001AA285060906DDB71A0733474703CDBF71
:10C47000139717005A971A23B306FB0085071983F1
:10C4800098A2E39777FF4818EF20606959C5854661
:10C490006A86CC00E808EF20B0118145E808EF205B
:10C4A00040562AD0814A59A0931C090193DC0C41C3
:10C4B000D2855A866685EFF0AF88D24793F517008C
:10C4C000D29563D3BD021166130606FC3346B6024D
:10C4D00013951B00DA865A959307F00F6318D50061
:10C4E0005A866685EFF0CF8581472DA09A2201C735
:10C4F0006315F70092A28906D5B71A073347B7022A
:10C500009AA2D5BF139717005A971A23B306FB00B8
:10C51000850798A2E39877FFBDB71840C177FD560D
:10C52000F98F36D0370700FFE393E7F60355810311
:10C5300083574103139A040105051D8D420541856A
:10C54000EF003FC62A89F145C818EF009FD0FC00D4
:10C55000BEDA3EC55E3483158103835B4103231E2F
:10C56000F106834764030945031661032306F108B6
:10C570003C20135A0A014AC1A306F108938715000B
:10C5800093960701C182338776414207418733473B
:10C59000A7028357A1032318B1042317C1048507F9
:10C5A000BA9B131706014183998FC207C187B3C78E
:10C5B000A702C20B93DB0B41BA97C207C1833ECCE3
:10C5C000B3874641BE86C207C187831C810163D3FE
:10C5D0007701DE867D175297BA8742072316D1046A
:10C5E000418763D3EC00E68703A68900EC00C80806
:10C5F0002319F104EFF07EBB6315053203178103A5
:10C600008317A1032318E104050733074741BA86BE
:10C6100042072319F104418763537701DE868507BA
:10C62000B387474113871C00C2072316D1043AC8B9
:10C63000C18763D3E700BA8703A68900EC00C80866
:10C640002317F104EFF07EB649C913180D011358F2
:10C6500008414286CC00C80842D2EFF09EDD35ED9D
:10C66000035781058317410502CE05071D8F420739
:10C6700041873ACA831DA10503172105831681034B
:10C680001258638E0A004286CC00C80836D63AD4C7
:10C690003ED2EFF0BEE2B2562257925756CE5246E5
:10C6A000635DC0023307B74133079702858E850665
:10C6B000958F831DA1054AC1BA9703574105DA97A3
:10C6C0002316E104035781052318E10409472302D7
:10C6D000E1088316610563DCDD3283574103D2979D
:10C6E0002316F10483578103B38747412318F104CC
:10C6F000831761032317F104FD17D2973E87C20702
:10C70000C18763D3FC00668703A68900EC00C808D4
:10C710002319E104EFF07EA929C513170D01418704
:10C720003A86CC00C8083ACEEFF0BED01DE9835758
:10C73000810583564105831D61058507958FC207D5
:10C74000C1873ECA72478317E104E38F0A243A8601
:10C75000CC00C8083ECEEFF07ED65247F247634584
:10C76000E0308347640342472306F10883574103BF
:10C77000D2972316F10483578103B38747412318C7
:10C78000F1048317A1032319F1048507B3874741F7
:10C79000C207C18763D3E700BA8703A68900EC000C
:10C7A000C8082317F104EFF05EA03DC993170D01EF
:10C7B000C1873E86CC00C8083ED2EFF09EC72DE16F
:10C7C00083578105035741058507998FC207C187A4
:10C7D0003ECE6357F004831D21058317A105E38234
:10C7E0000A1C13160D014186CC00C8083ECAEFF0A2
:10C7F000FECCD24702C1B38DFD40B38D9D02B3077D
:10C80000BB013ECA83574105831DA1052316F104D0
:10C81000835781052318F1048317610563DCFD2626
:10C82000834764038356A1032306F108831781031A
:10C83000B3864641C206138717002318F1048357B5
:10C840006103330747414207D297C207C187418737
:10C85000C18663D6FC00E2478507C207C18723175C
:10C86000F104E68763D3DC00B6872319F104DE8781
:10C8700063D3EB00BA8703A68900EC00C80823162F
:10C88000F104EFF09E929387F4FF3ED249C19316D4
:10C890000D01C1863686CC00C80836CEEFF07EB9D1
:10C8A0003DE5835D810583174105F246850DB38D16
:10C8B000FD4013970D0141873AC603178103058F89
:10C8C0000507998F1387F4FF33079702BA97DA9712
:10C8D0003ECA638D0A203686CC00C808EFF01EBE23
:10C8E000D24756CE3EC1B2476353F002835741054B
:10C8F000831D61052316F104835781052318F10474
:10C9000089472302F1080317A1056354B71F925703
:10C91000094585453307FB0033C5A4028147858D52
:10C9200005AC13180D01135808414286CC00C80805
:10C9300042CEEFF01EB0E31305CC035781058317F9
:10C94000410502CA05071D8F420741873AC8831D6A
:10C95000610303176105831681037248638E0A0021
:10C960004286CC00C80836D43AD23ECEEFF01EB58F
:10C97000A2561257F24756CA4246E351C0C833077F
:10C98000B74133079702858E8506958F831D610514
:10C990004AC1BA9703574105DA972316E1040357B2
:10C9A00081052318E10409472302E1088316A10544
:10C9B000E3C6B6C552472317B1052319B10531E7C0
:10C9C000BE8526864A853ECEEF006FCDC2468315D2
:10C9D00041056E864A85EF2000060547F24763024F
:10C9E000E5022302A108CC184E853ECEEFC03FA33E
:10C9F000F24713871D00931D0701A69793DD0D4194
:10CA000075B709472302E108F9BF3EC1E9BF724784
:10CA10002317B1052319B10531E7BE8526864A855E
:10CA20003ED2EF00CFC7D246831541056E864A85B8
:10CA3000EF206000054792576302E5022302A10838
:10CA4000CC184E853ED2EFC09F9D92571387FDFFB5
:10CA5000931D0701A69793DD0D41A5B90947230250
:10CA6000E108F9BF3EC1E9BF02C156D299A7894783
:10CA70002302F1086F00A079B2471307F00F638714
:10CA8000E70083476403B385B702A1812306B10899
:10CA90006F00E0772317B1052319B10563800A6E93
:10CAA0001256CC00C808EFF07EA1D247B24613065A
:10CAB000F00F9C233E876394C6022306E10821A061
:10CAC00089472302F108CC184E85EFC05F95D24705
:10CAD000FD1DC20DA6973ECA93DD0D4135BB034730
:10CAE0006403B387E70213D78700C1BF02CECA87AA
:10CAF000D5BBF2472317B1052319B10595E332469B
:10CB0000D2454A85EF00AFB9B246831541056E861E
:10CB10004A85EF1050728547630FF5002302A10884
:10CB2000CC184E85EFC0BF8F93871D00939D0701E2
:10CB300093DD0D41C9BB89472302F108D5B7BA86F9
:10CB40003308D740634FA8468507C207C187269799
:10CB50003386E500E3C597FE83174103035761035E
:10CB60008356A1032316F1045297FD17D29742076B
:10CB7000B3864641C207C2064187C187C18663D6D4
:10CB8000EC0062470507420741872317E1046687E7
:10CB900063D3DC0036872319E104FD1B63D3FB005C
:10CBA000DE8703A68900EC00C8082318F104EFF023
:10CBB000CEDF631305428317410303176103231676
:10CBC000F104FD17D297C2072317E104C18763D38D
:10CBD000FB00DE872318F1049307F7FFD2973E8707
:10CBE000C207C18763D3FC00668703A68900EC00F7
:10CBF000C8082319E104EFF04EDB49C913180D01F1
:10CC0000135808414286CC00C80842CCEFF07E821F
:10CC100035ED835D81058316410502CA850DB38D0F
:10CC2000DD4093970D01C1873EC6831DE104831744
:10CC30006105831CC1046248638C0A004286CC00F3
:10CC4000C8083ECE36CCEFF07E87F247E24656CAA1
:10CC500032474AC1635CE002B387B741B3879702AA
:10CC600003574105B3869641831C61052316E104F1
:10CC7000035781052318E1040947B697B30DFB005C
:10CC80002302E1088316A10563DF96410317A10380
:10CC900083174103C2462319E104050733074741BF
:10CCA00042072316F10441876353D7003687FD17E7
:10CCB000D297C2072317E104C18763D3FB00DE8745
:10CCC00003A68900EC00C8082318F104EFF0EECDAC
:10CCD00051C593160D01C1863686CC00C80836C8EA
:10CCE000EFF02EF525ED835B81050317410502C6A4
:10CCF000850BB38BEB40C20B93DB0B41831D2105EE
:10CD00008317A105831CC104C246638C0A003686C2
:10CD1000CC00C8083ECA3AC8EFF04EFAD2474247A4
:10CD200056C64AC1635C7003B387FD40B387970260
:10CD300033079741831DA105BA9703574105B30CEB
:10CD4000FB002316E104035781052318E10409477A
:10CD50002302E1088316610563D0DD3A835741035E
:10CD600003A68900EC00D2972316F10483578103B0
:10CD7000C8084AC1B38747412318F10483576103A8
:10CD8000D2972317F1048357A103338A474123190C
:10CD90004105EFF08EC115CD6A86CC00C808EFF0D2
:10CDA0004EE905E98317810503174105138A17002A
:10CDB000330AEA40420A135A0A41635C4001831471
:10CDC00061052316E1042318F1048317A10563DE2E
:10CDD000973663980A00E808EF10704E0255EF107E
:10CDE00010495A85EF00AF854A85EF004F8562866E
:10CDF000A2854E85EFE09FA86286A2854E85EFE072
:10CE00001F8B03482402894763FB070F03160402A4
:10CE10007DC68347340213F7E70375C3858BE5E3CB
:10CE200083554C0003536C0083570C00835E2C0029
:10CE300093861500130713009D8E3307D7414207D1
:10CE4000C2064187C186031504006353D700BA8622
:10CE500085866353D500AA861850420641826583B1
:10CE60007D8B139E060113754700135E0E01B28879
:10CE700001E9B308C601B3081041C20893D80801FC
:10CE8000BE98231A110793778700328599E73305F7
:10CE9000C6013305A040420541813385A540231CCE
:10CEA000A10693772700B28599E7B305C601B305BC
:10CEB000B040C205C181F695231BB106058BB28730
:10CEC00019E7B307C601B307F040C207C1833306B1
:10CED000CE40B307F3404206231DF1064186834846
:10CEE00024007E2C32876353060001474207C206A6
:10CEF0004187C186D018E2854E85EFE03FD60348D2
:10CF0000A402894763FC070B83166402C5CA123466
:10CF100003532C0083176C007D16420641823305B3
:10CF2000C34083550C00B2974205C206C1824181BD
:10CF300003174C00C207C183231FA104158DB388BA
:10CF4000C540231BA1063385D7003297C208231D95
:10CF5000A106054593D80801B305B540420733053E
:10CF600065404183B295231E11052A96B388D840A7
:10CF70002310E1062311F106231A1107B297B30813
:10CF8000D7002E97C2074207231C1107C18741878C
:10CF90008318040063D3E7003E87058763D3E80066
:10CFA0004687BA96834824005E304207C20641870E
:10CFB000C186F008CC184E85EFE05FCA49616F303A
:10CFC0000EBF83C8060003480600FD1623001601A5
:10CFD000A38006010506ADB693160D01C1863686FF
:10CFE000CC00C80836CCEFF0CEC4E31605BC835D98
:10CFF0008105031741050316C104850DB38DED406E
:10D0000093970D01C1873EC69257118FE246B387B1
:10D010009702BA97DA973ECA63800A083686CC0030
:10D02000C808EFF0AEC9D24756CC3EC1B247E35470
:10D03000F0B883574105831D61052316F10483571A
:10D0400081052318F10489472302F1080317A1057C
:10D05000E343B7B7E2472317B1052319B10595E3B9
:10D060003246D2454A85EFF09EE3B246831541052C
:10D070006E864A85EF10301C85476302F502230255
:10D08000A108CC184E85EFC08FB993871D00939DE2
:10D09000070193DD0D415DBF02CCCA8779B789478F
:10D0A0002302F108F9BFD2472317910523199105EF
:10D0B000B1E32686EE854A85EFF07EDEB246831523
:10D0C000410566864A85EF10101785476300F50213
:10D0D0002302A108CC184E85EFC06FB413871C0043
:10D0E000931C0701A69D93DC0C4169BE894723026E
:10D0F000F108CDB76EC1F9BFB2472317B1052319A7
:10D10000B105B1E32686E6854A85EFF05ED9831541
:10D110004105DE866E864A85EF10F0118547630073
:10D12000F5022302A108CC184E85EFC04FAF13873C
:10D13000FDFF931D0701A69C93DD0D4121B9894791
:10D140002302F108CDB766C1F9BFD2854A852317FE
:10D15000910423199104EF008F96831541052686CB
:10D16000D2864A85EF10300D85042302A108CC1821
:10D170004E85C204EFC0AFAAC18481B9D2477246BE
:10D180004A858C23EFF0DEEFF246831541056E866B
:10D190004A85EF10500A8547E304F5922302A1085F
:10D1A0001DB24AC16FF02FE55247635CE0DA4AC115
:10D1B00002D2B38DFD40B38D9D02B307BB013ECEBD
:10D1C00083574105831D61052316F10483578105AB
:10D1D0002318F1048317A10563C5B7D9F2472317B4
:10D1E000B1052319B1058C239257E397078852465E
:10D1F0004A85EFF0FEE8D246831541056E864A85E2
:10D20000EF1070038547E304F5862302A108CC18CC
:10D210004E85EFC0CFA0F247850DC20DA6973ECE3A
:10D2200093DD0D4145BF8280EF32AE97C1452A8420
:10D23000EF002F82FD575CA4C1671CC06F30AE9811
:10D2400003CFC500894E63FFEE0183982500638BF1
:10D2500008006309F700EF32CE9403280501029815
:10D260006F306E968280EF32CE90BA891387861621
:10D270002A8BAE8BB28C468A6398E902420B135B11
:10D280000B01C20BB3079B4193DB0B012310FA0088
:10D29000669BB3879B41E69B2311FA0023126A0128
:10D2A00023137A016F30AE90131406011307801612
:10D2B000B68A41846377D700938A86E9C20A93DAF3
:10D2C0000A011307801663773701938989E9C20938
:10D2D00093D909013385FC401319050113590941FC
:10D2E0008144630808008944B3C497028504C204DA
:10D2F000C1849307A00533D7FA029146B3D7F90248
:10D300001377F70F93F7F70F6301D73A6395D700B9
:10D310008D4711A00D47639EE71E63EC591FBDEFBB
:10D3200013950A014185EFF07E8B33052503C20B6F
:10D33000C204C18093DB0B01B3879B40420B135B9C
:10D340000B01A69B3D853E952311AA001385AA05D6
:10D3500042054185EFF09E8833058502B38764015D
:10D360003D853E952312AA00139509014185EFF0F2
:10D37000FE86330585023D855E952313AA0013853D
:10D38000A90542054185EFF07E85330525033D85DE
:10D39000B3049B4026952310AA0029B70547639B39
:10D3A000E70613950A014185EFF05E833305850298
:10D3B000C20BC204C18093DB0B01B3879B00420BFD
:10D3C000135B0B01B38B9B403D853E952313AA0055
:10D3D0001385AA0542054185EFF05E8033052503DC
:10D3E000B38764013D853E952312AA001395090178
:10D3F0004185EFF0AEFE330525033D855E95231193
:10D40000AA001385A90542054185EFF02EFD3305DD
:10D410008502B5BF09476390E7081385AA05420551
:10D420004185EFF0AEFB33058502420BC204C1809B
:10D43000135B0B01B3079B40C20B93DB0B013D85D4
:10D440003E952310AA0013950A014185EFF00EF9CD
:10D4500033052503B3877401B38B9B40DA943D8574
:10D460003E952313AA00139509014185EFF00EF7AD
:10D47000330585023D855E952311AA001385A90514
:10D4800042054185EFF08EF5330525033D85269550
:10D490002312AA0001BD0D47E396E7E01385AA0514
:10D4A00042054185EFF08EF333052503420BC2049C
:10D4B000C180135B0B01B3079B40C20B93DB0B01D5
:10D4C000269B3D853E952310AA0013950A014185B0
:10D4D000EFF0CEF033058502B3879B40DE943D85A7
:10D4E0003E952311AA001385A90542054185EFF059
:10D4F000EEEE330585023D855A952312AA00139559
:10D5000009014185EFF08EED330525033D85AA9491
:10D5100079A0131C0B01139D0B01135C0C01135D0F
:10D520000D0159E30547E39BE7D41385A90542059F
:10D530004185EFF0AEEA33058502C204C180B3072E
:10D540009C40C20993D90941139B0A01135B0B410B
:10D550003D853E952310AA004E85EFF02EE8AA8B5C
:10D560005A85EFF0AEE763DFAB024E85EFF00EE7D2
:10D570003305A90233099D40269CEA9CE6943D852B
:10D580004A952311AA001385AA0542054185EFF0AB
:10D59000EEE4330585023D852A9C23128A0123137C
:10D5A0009A0009B35A85D9B78546631ED710094733
:10D5B000E396E7CCC204C180B30C9C4113950901EA
:10D5C000B38C9C4023109A014185EFF02EE1330586
:10D5D0008502138BAA05B3079D40420B135B0B41D9
:10D5E0009389A905C20993D909413D853E95231127
:10D5F000AA005A85EFF08EDEAA8B4E85EFF00EDE84
:10D60000635675035A85EFF06EDD3305A902269C3B
:10D610003D852A9C23128A0113950A014185EFF06A
:10D62000EEDB33058502EA943D85D5B54E85E1BF35
:10D63000568531A28D46E313D7C4E39107C4938B7B
:10D64000A905C20B93DB0B41138BAA055E85420B28
:10D65000EFF0CED8135B0B41AA8D5A85EFF00ED8B0
:10D6600063D3AD045E85EFF06ED73305A902C20423
:10D67000C18033099C40669C269C3D854A952310B9
:10D68000AA0013950A014185EFF04ED533058502B6
:10D69000B3079D4023128A013D853E952311AA00C0
:10D6A00013950901A5BF5A857DBFE395E7C6E3F74A
:10D6B00059DF131C0B01139D0B01135C0C01135D4F
:10D6C0000D010D478D478946E316D7F60D47E397C1
:10D6D000E7BA1385AA0542054185EFF02ED0330540
:10D6E0008502C204C180B3079C40B30C9D41B38C3A
:10D6F0009C4023119A01269CC20A93DA0A413D8577
:10D700003E952310AA001385A90542054185EFF037
:10D71000EECC33058502C20993D909413D852A9C87
:10D7200023128A014E85EFF06ECB33042503568514
:10D73000EFF0CECA33052503E35C85EE4E85EFF0AE
:10D74000EEC933052503EA943D85420541812695BE
:10D750002313AA0081BEEF22DEC459712A8428183F
:10D76000AE8432C6EF10302EFD5726862C18228547
:10D77000231EF102EF1070322808FD2CB2462C084F
:10D780000147268622851D2E65616F20DEC3EF22AC
:10D790005EC1E1452A84EFF0DEABFD573CB4930750
:10D7A00000103EA05C282314040093E717005CA837
:10D7B0006F207EC171159377F50F29476369F700D4
:10D7C00037150300130545A63E95082182800145C3
:10D7D00082808D476306F500691513351500828038
:10D7E00005458280B94763ECA70085473395A700BC
:10D7F000A167938747FA7D8D3335A000828001456C
:10D80000828019CD18219306F0050545930707FE80
:10D8100093F7F70F63F7F60013557700060582803C
:10D820000D4582805C4991C7EF22BEB782976F2079
:10D830009EB98280EF22FEB379712A84B28481EE90
:10D8400037160300130606A7A6852285EFF0BFF062
:10D8500045616F20DEB503C8B5000947AE89E3799D
:10D8600007FF184D01C7029765F5D9BF90498E256E
:10D870003685EF20E0492A8961D5032A4501994A76
:10D88000137AFA015285EFF0DFF419E55285EFF0D3
:10D890007FF5B33AA000910A0326090209CAA685BA
:10D8A0002285EFF05FEB4A85EF20F04655B78327DE
:10D8B0008901DDC783950400039624008397440003
:10D8C0000397640003A509002310B1022311C102CC
:10D8D0002312F1022313E102B7060001630BD50402
:10D8E000050785073306C740B385B74003D729002E
:10D8F000839609004206C205938749004186C18587
:10D900000810EF1010599A20835701028356210204
:10D91000BA972310F102BE20BE962311D10283567E
:10D92000410236972312E10203576102BA9723138B
:10D93000F1020C44130A810210105285EFE0FE86BA
:10D940003DD1032B8400832689012324440156877B
:10D950002686CE852285EFF0FFEC23246401A1B753
:10D960000C4426862808EFE05E8415DD035AC101C9
:10D97000BC840D45050A330AFA40420A135A0A418B
:10D980003305AA02130D8102854DEFF09E81E24717
:10D99000AA8B85453ED0F2470810832C84003ED2E6
:10D9A000EFE0EEF98317810103970400031CA10146
:10D9B000039B2400998FC207C187330B6C413EC67D
:10D9C0008317E10163D88701232494015E85EFF07A
:10D9D0000EC7D1BD1010E6856A85EFE00EFD21CDA2
:10D9E000B24513160B015E87D28641864A85EF2029
:10D9F0003030630EB5014A85EF20F0315E85EFF0DF
:10DA00000EC44A85EF2030312324940115BD232410
:10DA1000A4015687DE861010CE852285EFF09FE0A8
:10DA200083572102050B85072311F10283576102F9
:10DA300085072313F102050C61B71377F50FAA8749
:10DA4000130507FD1375F50FA54663F6A6029306A9
:10DA5000000663D6F600930707FEE207E187938787
:10DA6000F7FB93F7F70F154701456366F70013853A
:10DA70000184AA9788238280EF22BE929305000238
:10DA80002A84EFF00EFDFD573CACB70703009387E7
:10DA900007CF1CC0C167FD175CC01CC4232604004F
:10DAA0001545EFE07EC40AA8A30D04006F20BE91C7
:10DAB000EF223E8F5C4D82976F20FE90EF227E8B8F
:10DAC00003C8A501317102CC894763F1071903A985
:10DAD00005002E8D630C09165C4D63890716368A86
:10DAE0003284AA8A13060002A8103A8CEFC070751F
:10DAF000630E0A1483070A00638A071403A68A00C8
:10DB0000A285E800EFE06EEA63020514034BCD0145
:10DB100063130B00054B0348DD0193772800639ADC
:10DB200007125E201A208507998FC207C187831BC1
:10DB3000890003172D01031624005E973AC41A20AA
:10DB4000231EE10203176D013AD203178D01B306BC
:10DB5000E600C206C182231FD102631B0C10814460
:10DB6000C207C1873EC8C2468347DD0103164D0187
:10DB70000147CA8533059A00EF10AFAFB30995008E
:10DB8000930C00C003A78A008317E1030317270043
:10DB9000DE9763CEE710894733059A006315FB16BD
:10DBA0000347DD0183164D014A86B3859940EF1086
:10DBB0000FE25E201A208507998FC207C18733853F
:10DBC000A740334565038357C1033E95231EA10239
:10DBD000032C4D00832C8D0063F58C01E287668C4D
:10DBE000BE8C8357ED018D8B85CFE8080D298357B7
:10DBF000CD00231EF1048307E90091E38547231F2D
:10DC0000F1048347AD012302F1068327CD01CD83C3
:10DC100013F7370083475106F19BD98FA302F10612
:10DC20002801EF10406283570D01C16D814B23160F
:10DC3000F1088317C10302CA3ECE9387FDFF3EC69B
:10DC4000B3079A003ED083870700FDE329616F2068
:10DC50000EF603172D0183164D0103260D0089676B
:10DC6000FD17D2852801EF102FDE83178108C1B57B
:10DC7000E31707EEE35506EE03278C00A245118F4C
:10DC80001356F741318F118F130600200D8E0606B3
:10DC90006355E6007D572320EC0083240C00E3C08D
:10DCA00004EC03274C00BA96231FD10255BD8347CD
:10DCB000DD01C24603164D01B30D3A010147CA8585
:10DCC0006E85EF100F9B8357E10322474E95BA975D
:10DCD000C207C187231FF10263010C0263CF9701C2
:10DCE00003270C00635B07000317240023203C017B
:10DCF000998F2322FC002324EC0083870D00CE841F
:10DD0000B1D7AA8941B58D47E314FBEC0347DD0188
:10DD100083164D014A86B3859940EF104FCB5E20A4
:10DD20001A208507998FC207C1873385A74061BD37
:10DD30008357C103125782C0814DBA97231EF10247
:10DD4000B38799403ED48645A25763EAF5108357BE
:10DD5000ED01898BA1C7F24789460357E1032314DC
:10DD6000F1048317E105B000EC08B3C7D70256856C
:10DD7000231E7105BA9703270D0003178700334749
:10DD8000D702D408BA970357C103C207C187231526
:10DD9000F104231AE104231BF10445248357ED0108
:10DDA000858BA1C3F24703270D00B0002314F104B3
:10DDB00016278357E1033A27EC08B697998F030794
:10DDC000D900D4085685998F0357C103C207C1876C
:10DDD0002315F104231AE104231BF104231E71050A
:10DDE000A92C8347DD01C24603164D01B3043A0155
:10DDF000CA8501472685EF10CF87B387A900BE8D5E
:10DE00001E20AA85231EF10289476316FB1E0347C5
:10DE1000DD0183164D014A862685EF104FBB5E203B
:10DE20001A208507998FC207C1873385A7403345DC
:10DE300065038357C1033E95231EA1028357E10367
:10DE40002247CE84BA9703A78A00C207C187031767
:10DE50006700231FF102E34BF7DEEE89D5B3B2472B
:10DE60000147630AFC006388FC0003A7C180A695F4
:10DE7000528502972A8702559400CC00B0003AD60A
:10DE8000EF108FB18346DD0196453257858A638D49
:10DE90000614930630026390D50263960D00864700
:10DEA000854D3ECA4DB58546638BDD0A8946639D27
:10DEB000DD12814D49BD85466398DD1213070002CE
:10DEC000E393E5E886475247E5176397E7088147FC
:10DED0009946D8083306F700524782553E972E9749
:10DEE0001823850718A2E396D7FE03054105EFF036
:10DEF000DFB4AA8D03055105EFF03FB413974D0031
:10DF0000B30DA70003056105EFF03FB32ACC03056D
:10DF10007105EFF09FB2E2469206AA9603058105CD
:10DF200036D6EFF09FB12ACC03059105EFF0FFB094
:10DF3000E247B25613D73D009207AA978D838E060B
:10DF4000FD8B93F6067E7D8B2E07D58FD98FC2076A
:10DF5000C1833ECC894DC5BB8357CD00DDBF835BFC
:10DF6000CD00814D26464A853AD6EF10AFF2B24732
:10DF70002A886306FC046384FC04325763618705C6
:10DF8000637F97030317C1038316E10303564D0113
:10DF9000A247231AE1047D17231BD1043297FD16F3
:10DFA0002A972AD6BE96D0082C015685231CE10458
:10DFB000231DD104EF10602E3258835BED0096468E
:10DFC0007018AC10568542D6231A7107EFF05FAE79
:10DFD0003258E30A08D60355C10303574D013A9559
:10DFE0004295231EA10285B38946835BCD00E39B46
:10DFF000DDF6E24B85BF8D47E312FBE40347DD010D
:10E0000083164D014A862685EF106F9C5E201A20EC
:10E010008507998FC207C1873385A74019BDEF22B5
:10E020004EB8A9452A84EFF0CEA2FD571CA485471F
:10E03000231004003EA06F200EB903982500630D45
:10E04000080003C88500094763780701EF226EB511
:10E050001C5182976F202EB782809307C00F63E117
:10E06000B702894763FDB7003305B502A165938503
:10E0700015083305B5025D811375F50F82800145E2
:10E080008280EF226EB0835927015E2B2A84B389E8
:10E090003541034587020C531D8E4206C2093A8959
:10E0A000B684418693D9094113771500A5E98347C2
:10E0B0000901054593F627000DC391CE8D8B0947C5
:10E0C0001325F6FF6389E7000D476395E7000545D3
:10E0D0006343C00001456F206EAEF5FE8D8B054792
:10E0E0006390E702E34930FFB3879900E3C407FE7A
:10E0F00063443035B3053041E3DE95FC228561A2EF
:10E10000E5F7B38534010545E3C705FCE34430FD7D
:10E110003305304163489516094575BF0989630782
:10E1200007160327C9011375F50FB3073703A9872E
:10E130006357E0006357F6003335A00069BFE3CDB5
:10E14000C7FEB3873401B387E702A9876357E000AE
:10E1500063D8C70013351500BDBFE34DF6FE0506B5
:10E1600083278901930AF00F3306F60222062986D7
:10E17000935586401376F60F11CA03274902B387D9
:10E18000CA40B387E702A187B38AFA40B389354111
:10E190004E8A1DCE63CC090263DA99029307F00F11
:10E1A000B385C740B3875741B385F502A58593F57D
:10E1B000F50F09E593C5F5FF93F5F50F330A340123
:10E1C00003450A00EFF07FE92300AA00138A190033
:10E1D0008347890283254902898B63C655056351AC
:10E1E0009A08634F0A06832589010327C901B3856D
:10E1F000BA02A985B3855503A58593F5F50F635636
:10E20000070093C5F5FF93F5F50F89C793C5F5FF93
:10E2100093F5F50FB30A440103C50A00EFF0FFE3DD
:10E220002380AA0035A863460A0263549A028585B2
:10E23000B385BA4093F5F50F89C793C5F5FF93F5FC
:10E24000F50F330B440103450B00EFF01FE12300F2
:10E25000AB0083274902050AB38AFA40E34A9AF6DB
:10E2600083478902898B99C7E3C634E7CE85E3C526
:10E2700009EA69B513051A00E34E05E4E3CEA4E804
:10E28000B385A4402295EFE0DEFC79B50327890130
:10E290001375F50F3306E602B327E0009356A64048
:10E2A000B697E3CB37E9B3873401E3C5D7EA9315D3
:10E2B00086003A96220693D62541135B2641A9850E
:10E2C00093F7F50F338A3641638E66176357070C51
:10E2D000930AFAFF638507168329C901B309304100
:10E2E000B389F90293D9A94063460A0263549A029A
:10E2F000B3853703A58593F5F50F09C593C5F5FFDC
:10E3000093F5F50F330B440103450B00EFF0FFD4F9
:10E310002300AB0063C40A0463D29A049305F00F90
:10E32000B38935418325890183478902B305B0400C
:10E33000B3853503898BA985B3853503A58593F509
:10E34000F50F89E793C5F5FF93F5F50FB309540170
:10E3500003C50900EFF07FD02380A900834789021D
:10E36000898B8DC3E3CA54DBD685E35750DB79B381
:10E37000050A268563539A005285E30D05D4E35DB3
:10E38000A0D8FDBD050A0545E3C744D5E3460AD834
:10E39000B385444133054401FDB58329C901930583
:10E3A000F00F9D8DB389350393D9A94063460A02C6
:10E3B00063549A02B3853503A58593F5F50F09E5F6
:10E3C00093C5F5FF93F5F50FB30A440103C50A00A1
:10E3D000EFF0BFC82380AA0093071A0063C20704A6
:10E3E00063D097049305F00FB389354183258901E4
:10E3F00003478902B385B902098BA985B385350323
:10E40000A58593F5F50F09C793C5F5FF93F5F50FAE
:10E41000B309F40003C50900EFF03FC42380A9004D
:10E4200083478902898B99C7E3C644CBE3460ACE6A
:10E43000D285E9B1090A35BFE35E90C8C1B1568AF9
:10E440009307F00F63460A0263549A022986937574
:10E45000F60FBE95858109C593C5F5FF93F5F50FB8
:10E46000B30A440103C50A00EFF03FBF2380AA00AE
:10E4700083478902898BE38D07EEB3053B41E3DBDC
:10E4800095C4E3CB05C89DB9EF123EEFAE842A8454
:10E490008315A70003158700368A8316C7003A89BB
:10E4A0001307300BB289B307B6403385A440031677
:10E4B000E900634BD710634CC720638B0620630EC3
:10E4C0000620635CD62063D6B900854426856F108C
:10E4D0005EEE8325490513871700C206B385B70290
:10E4E00083278902C182130890053307F7029387B7
:10E4F000F6FFC207C183A98529876366F800635EBA
:10E500000700014719A8938656FAC206C1829307ED
:10E51000200B63E4D700E346E0FE42064182930706
:10E52000F6FFC207C1839306900563E6F600635EBB
:10E530000700014719A8130656FA420641829307BD
:10E54000200B63E4C700E346E0FEB387E540858720
:10E55000BA97898F528B63D347013E8B854B6352A9
:10E56000600393160B0113070901C1864E86A68529
:10E570002285EFF01FB1AA8B09E5DA852285EFE04D
:10E580005ECDD28A63534B01DA8A63D30A00814A93
:10E5900093950A01C181B306BA405694A695130714
:10E5A000C903C206C205C1864E86C1852285EFF029
:10E5B0005FADAA8411E5B3055A412285EFE07EC91B
:10E5C000E3869BF0894419B71307400B6380E60E7E
:10E5D0006352C7126350D612E3C935EF832549054C
:10E5E00003278902C206B385B7028507C1821308D3
:10E5F0008005B387E702138716EF42074183A98599
:10E60000A9876366E80063DE0700814719A893863F
:10E6100056FAC206C1821307200B6364D700E34693
:10E62000F0FE42064182130716EF4207418393062C
:10E63000800563E6E60063DE0700814719A813063C
:10E6400056FA420641821307200B6364C700E34673
:10E65000F0FEB386F5408586B697898F528B63D3DB
:10E6600047013E8B854B6352600393160B011307E2
:10E67000C903C1864E86A6852285EFF09FA0AA8B8E
:10E6800009E5DA852285EFE0DEBCD28A63534B01CF
:10E69000DA8A63D30A00814A93950A01C181B306DD
:10E6A000BA405694A69513070901E5BD854A63C390
:10E6B000B9008D4A8317E9001307400B6390E70404
:10E6C0008317A9000D4563C1F904054535A891E6F6
:10E6D0008D4AE3C1B9FE854AF1BF8D4AE3CCB9FC4E
:10E6E00013070901D2864E86A6852285EFF07F9911
:10E6F000AA8AC9B78D4AE3C5B9FE6DBF89EB8317F6
:10E70000A9000D45E3C3F9FC63960A020DA8930620
:10E71000300B63C8F6028317A90063CAF902130716
:10E72000C903D2864E86A6852285EFF09F95638821
:10E730000A0011C58D47639EFA00E31555E981442F
:10E7400071B3E38EE7FC8317A900E3CAF9FC0D451A
:10E7500065BF8547E398FAE6E31655E7BDB3EF12C8
:10E760005EC1835827010318A7000313E70093F83D
:10E770001800639008086355060101456F103EC3F9
:10E78000E34DC3FE83178700368983160701AE89E0
:10E79000AA84B385D7000314C700B38A374163C87E
:10E7A000B900B30539013305D440635AB500B30548
:10E7B000D800634EB606B305D34063CAC50663915D
:10E7C0000804E34C59FB63C60A00D6852685EFE0B2
:10E7D0005EA8B305344113851500E350A0FAB305D4
:10E7E000A9406341251363940A006306A900094503
:10E7F00071B763540601054551B7E355C3F8E5BF4A
:10E8000063D30A00814AE34459FFB3053441B38519
:10E8100055418505B387BA006354F900B3055941E2
:10E8200033855401E3C505FCEFE0BEA2C9B7420839
:10E83000420605041358080141821D8CB3070641A6
:10E84000C207139E0601C183135E0E011305FEFF6E
:10E8500093950701931904014205C18593D90901D4
:10E86000418163D3D50A72981346F6FF3298544B10
:10E87000420813580841DC46050813171800930591
:10E88000E7FF3386B7003E979C46B389C941122201
:10E89000AE97822393950A01C181035B0700AE996D
:10E8A000A29903AA4600C2092E95330BCB4093D9F7
:10E8B0000901018D420B939A090113140501135BA1
:10E8C0000B41329A93DA0A41418463840804930726
:10E8D000FBFFA28C3E9A568D014C63446C0D1305D0
:10E8E00014006353A9004A8563530500014563D2B0
:10E8F0002A11B38AAA40814563C60A00B385A9409C
:10E90000C205C18526950DB7AA973E983308684081
:10E91000B9BFA28B5A9A568C814963C069055A8542
:10E9200063530B0001454205418556956353A90089
:10E930004A85635305000145B305A9402695EFE0DC
:10E940005E9133056441930515006353B900CA8590
:10E9500063D3050081452685C1BD034DFAFF634D94
:10E960000C00635B2C01B38C840183C50C006A85A9
:10E97000EFF0AFEE2380AC0063CD0B0063DB2B0127
:10E98000B38C740183C50C006A85EFF00FED238012
:10E99000AC008509C20993D90941FD1B7D1A050CFC
:10E9A000ADBF834B0A0093CBFBFF93FBFB0F634D83
:10E9B0000D00635B2D01B38DA40183C50D005E8541
:10E9C000EFF0AFE92380AD0063CD0C0063DB2C01D9
:10E9D000B38D940183C50D005E85EFF00FE82380B1
:10E9E000AD00050C420C135C0C41FD1C7D1A050D9D
:10E9F000EDB5B306A9408145E3C606F0939506013F
:10EA000009B71386C12001479387C1204148832855
:10EA100006009376F70F6388080005072106E318C0
:10EA200007FF7D5582800E07BA9788C313950601AC
:10EA3000CCC341858280EF123E952A89AE89328A05
:10EA4000B68A1384C1208144094B184009E7138515
:10EA500014006F10BE961C43D6865286CE854A851A
:10EA6000829765D96313650185442104F9BFFD5779
:10EA7000630CF5000E059387C120AA97884323A253
:10EA8000070023A00700828001458280EF12DE8FFD
:10EA90002A8A1384C12081440149C1495C40639999
:10EAA000470113950401418503290400EFF03FFC61
:10EAB00085042104E39434FF4A856F103E90EF12E1
:10EAC0005E8E5C2109472A846393E7025C4991CFFB
:10EAD000984B63590700C843EFE04EB44848EFE055
:10EAE000EEB321A0D84B7D17D8CB6F10DE8D154724
:10EAF000E39DE7FE0845E5B7EF12BE8A13840119CE
:10EB000093040407084019C1EFE04EB12285F14596
:10EB10007104EFE00EF4E31794FE6F10DE8AEF123B
:10EB2000BE8619E503A5C1203335A0006F101E89EC
:10EB30001384C120AA841309040889491C4091E761
:10EB40002104E31D89FE0145D5B7D82363043701AD
:10EB50000545E9BF9385870003960701BC2B2685F1
:10EB6000858B89C7EFD09E9561FDDDB7EFD07E8C98
:10EB7000E5BFEF121E834111AE849305C00232C679
:10EB800036C43AC23EC02A84EFE0AEEC12473246A9
:10EB90008247A246631BE6008D456390B7027D164F
:10EBA0007D1742064207418641876358C700B285F8
:10EBB0003A862E87A685B684AE8693F537001C2844
:10EBC00056A4858EF19BCD8F32A47AA452A8118FC2
:10EBD00013D6F6419355F7411CA8B347D600918F41
:10EBE00033C6E5000D8E3326F6008347840206A463
:10EBF00026A8F99BD18F37E60100130626082304C7
:10EC0000F402232E0400232C040010C0230204006D
:10EC1000858BB1C789CAB7071000B3C7D702B387BE
:10EC2000E702A9875CCC09CB370610003347E60220
:10EC3000B306D702A98614CC5C4C18281CD01450FB
:10EC40000D8B8347840221E3F59B2304F40293D7C1
:10EC5000264063C906045CD041016F10CEF609CB93
:10EC6000B7071000B3C7E702B387D702A9871CCC48
:10EC700089CA37061000B346D6023387E6022987D1
:10EC800058CC1C4C5DBF05466315C70093E72700B1
:10EC90006DBF09466315C700E34AD0FE75B7E3456B
:10ECA000D0FAEDB7B307F0407DB7EF128EEFBA8719
:10ECB0001307400B4111AA846356D7009386C6F40C
:10ECC000C206C1861385A605420541853EC632C4EB
:10ECD0002EC236C0EFD09EF082462A843685EFD011
:10ECE000FEEF224692459356544015853295AE96D6
:10ECF000B24713170501C2064187C1862685EFF08A
:10ED00005FE741016F102EECEF120EE83A84130713
:10ED10007016AA842E89B2896354D70093067016A0
:10ED20009397060163D307008146C206C1866345F7
:10ED300004069307701663C387066353D406B307AC
:10ED4000D44093878716C207C1832394F406139790
:10ED50000601B7E701009387874841839CC01337BA
:10ED6000470B8547D6A4DCA04E86CA8513850401CF
:10ED7000E2A4239424012395340113471700EFF0F4
:10ED8000DFF21327440BA2864E86CA851385C4037F
:10ED9000EFF0BFF16F108EE2014445B71304701617
:10EDA0003307D4401356F741B347E600918F61BF54
:10EDB000EF12AEDC039845002A890395650083981D
:10EDC000050083952500B289130715001306180066
:10EDD0000D8F33061641BA87131306014207418788
:10EDE0001353034101116353E300B287C207C18784
:10EDF000858763D637019399070193D90941CE8757
:10EE000063D309008147939407012318F90093F70E
:10EE1000160083462901231419012315B900F99A14
:10EE2000DD8EB7E701009387E7752320F900894756
:10EE3000231609012317A9002309D9002302F90089
:10EE4000C18463473001232A090005616F106ED623
:10EE5000138701191386011981469387011991457A
:10EE6000031586016313950471473387E6028545D0
:10EE70003E97504B050650CB104B3D47635437012E
:10EE800093D5444071473387E6022E969305803E22
:10EE90003E9763D4C5001306803E10CB7147B386FE
:10EEA000E602B697232AF9004DB785067106E39965
:10EEB000B6FA930707070144544B91E619CC104B5F
:10EEC0001448634CD6007107E318F7FE1DEC71453A
:10EED000EFE00EA72A8401E501A03A84EDB7F145E1
:10EEE000EFE02EB7FD571CC80840232A890006AC66
:10EEF00019C1EFD0BEF2938A140019453385AA02D6
:10EF0000EFE00EA408C015E101A05C483D4785076D
:10EF10005CC885476354370193D744401307803E4C
:10EF2000E353F7FC9307803E7DBF93971400890756
:10EF300013992400AA97130A49005CC4B30745013A
:10EF40001CC448C08547639EF900930740FB1CA181
:10EF50005C4423900700239137011C442390070051
:10EF6000EDB513953A004209EFE0AEA3135909013C
:10EF70001316090105474186330927419357264057
:10EF8000131709013EC033084501418702C80143F8
:10EF90008147814FC142634566028145931607014F
:10EFA000C182634FE008131713008D06BA961397BA
:10EFB000060141870503420313530341635E66085C
:10EFC0001307302D3387E40293961700F9163306A2
:10EFD000D500031606009355A7406398C500330675
:10EFE000D80003160600638EC5021377F73F130699
:10EFF0000020634EE61A3307E7023D838906C20507
:10F00000C1853306D5000EA2C2968EA25440BE968C
:10F0100098A258403E9714238507C207920614A36E
:10F02000C1871387E7FF635F07188328C400814601
:10F030000147239008006343F71CEFD05EE031B531
:10F040003307C34006079506BA967D161397060147
:10F05000420641874186B9BFB306B10093582640A6
:10F0600023A016011408AE969378360023A016014B
:10F070009105E39555F2939C0701024A93DC0C013C
:10F0800083294400B243139E17003E8F93871C00D0
:10F09000939E0F01C207131B0A01B30BC50193DE38
:10F0A0000E41429EC187135B0B418346010183459C
:10F0B000410183488101FA990349C10163147A022D
:10F0C000AE9623906B01C6962310DE01CA9623806C
:10F0D000D9005440369F83460F0092062300DF007C
:10F0E000850F55BD93901700BE8393872C00924CDB
:10F0F000930AFAFFC20AC207330C150093DA0A41D9
:10F10000C290C18763049A0523906B012310DE012E
:10F110002380D9005440369F83460F009206230077
:10F12000DF00032E4400B386B80023105C01910673
:10F130002390D0011E9ECA962300DE005440B69351
:10F1400083C6030092062380D30059BFAE96A24522
:10F1500023906B012310DE0193F6F60F6306BA02CB
:10F160002380D9005440369F83460F009206230027
:10F17000DF004C4023105C01B38628012390D001AE
:10F180009E95A10694A15DBFC6962380D9005440E8
:10F19000369F83460F0092062300DF004C40231069
:10F1A0005C012390D0019E959306C900E1BF130630
:10F1B00000403307E6403307E7021356F7403D4768
:10F1C000118F2DBD13161700B305C80083980500D5
:10F1D00093961700B305D500239015012A960316C0
:10F1E0000600C29692A254403386E6001022BE96D4
:10F1F0008507C20790A27D17C18735B59395160084
:10F200003386B8001AA210442E9693151700AA95BB
:10F210008E210EA2931517003303B80003130300C9
:10F220006314D3006346F7008506C206C18621B584
:10F23000AA9503530600839505006353B3009A858E
:10F240000EA20507C1BFEF12CE95930580032A8455
:10F25000EFE02E8089477CA4B7070300938707CF90
:10F260005CC8FD577D575CC03CAC2305F402230B02
:10F27000F4023E3058A438B0717713070710F98FA5
:10F2800009671307F7EFD98F23150400231F040024
:10F29000231604023EB06F100E937E220358260000
:10F2A0008507B3870741C207C1876350F0025E221A
:10F2B0001A228507998FC207C1876358F000EF12A1
:10F2C0004E8E5C4582976F100E908280814763134B
:10F2D000F60082803387F50014233307F500850795
:10F2E00014A3F5B7C2054205C18141819397050179
:10F2F00013170501B706E1079386F681CD8F598D67
:10F30000B3F5D700758D930746000D8D8D87B30734
:10F31000F5029583AE97F58F13D507015D8D828039
:10F32000EF128E861C4141112316010093F8F7015C
:10F330001388C8FF09470045636007052A89468589
:10F34000B289AE84EFE00FC7832809000D811375E1
:10F35000F50F93D8A80093F8F87F33863803B38568
:10F36000C400B385A50209466800A295EFF01FF618
:10F37000288641016F108E841D47639DE80213D8D3
:10F38000A7001378F87F1D08135838403308C802C7
:10F3900013F575008D85B388A8408547B39717018D
:10F3A00022982E98034588007D8DB3581541231669
:10F3B00011017DBF2147639CE80293D6A70093F615
:10F3C000F67F8D068986B386C60213F535008985DA
:10F3D000131715001945198D0D47A296AE969C2A54
:10F3E0003317A700F98FB3D7A7407C8651B72547BD
:10F3F0006397E80213F51500131725001145198DC1
:10F4000013D7A7001377F77F050705873307C702D0
:10F41000858522972E97834707043D47D1B7294713
:10F42000639DE800A98393F7F77FB387C70233088A
:10F43000B400C29783C707404DBFD5188D47E3E995
:10F4400017F3748635B7EF023EF41C41954641111F
:10F4500013F7F70100456310D702A98393F7F77FED
:10F46000B387C7028D46AE97B386D702A296A8226D
:10F4700041016F00BEF4AD466310D70493D6A700D8
:10F4800093F6F67F9D068D86B386C60293D73540E8
:10F4900013C5F5FF13787500A296BE96882285479E
:10F4A000B39707017D8D335505411335150033059D
:10F4B000A0401375F50F6DBFB1466315D7043757DC
:10F4C000AAFF1307075013F535003AC013171500AC
:10F4D0001945198D13D7A7001377F77F0D070987F3
:10F4E0003307C70293D7254022973E971C230D4729
:10F4F0003317A700F98FB3D7A7401808BA9703C5E9
:10F5000007FFBDB7B5466313D7042E89B7B5020010
:10F51000B289AA844146938545590A85EFB0605265
:10F5200013751900131625001145118D9040935540
:10F5300019403D4729821376F67F05060586330676
:10F540003603B306C400AE969C225DB7B9461305D8
:10F55000F00FE31FD7F0A98393F7F77FB387C702B4
:10F56000B306B400B697882321B7EF021EE18314D7
:10F57000C500A94A595933CA5403831785002A8400
:10F58000130BA005A2075CD18317A500A2071CD509
:10F5900033092A03269993140A01C1803305904048
:10F5A0004205050A4185420AEFD04EE3135A0A018B
:10F5B000AA893305404142054185EFD02EE2AA8B4E
:10F5C00033059B4042054185EFD04EE1330A4B4164
:10F5D000AA8413150A014185EFD04EE0B3872A4172
:10F5E000B389F902B384F40233052503B38B2B03EB
:10F5F000AA942828DE99B3C95903B3C4540393D9F4
:10F60000594023263403958404D8EFE08F9C834728
:10F6100044030589F99BC98F2828230AF402EFE0E7
:10F620006F9C05899317150003454403342813750F
:10F63000950F5D8D1C401387C6FF133737001CD014
:10F640001C4C0A07598D5A20FD8A93F707F0D58F75
:10F65000B706E0FF9386F63F1377F77F2A07F58F0B
:10F66000D98F7A20B70620001386F6FF5607F18F50
:10F67000D98F7A241CCC230AA40293571700B6977B
:10F68000B3C7E7021CDCFD577CA81E285EA86F00EC
:10F690005ED291EE13080010631B0701FD157D1665
:10F6A00023100500231105004EA172A18280039E44
:10F6B000070003932700B308C04133086040B385B7
:10F6C000C54133066640B388E8023308E80293D8A0
:10F6D0008840FD18C20893D8080123101501B3858E
:10F6E000E502135888407D18420813580801231179
:10F6F00005013307E602A1858905C205C1814EA136
:10F7000021870907420741837AA195E2420E42030D
:10F71000135E0E0113530301F2981A98F2951A978B
:10F7200023101501231105014EA17AA18280EF0259
:10F73000DEC4294B33CA66035954AA84BE8A3304F3
:10F740008A02528513091A003694EFD02EC9AA896D
:10F75000131509014185EFD06EC8AA8B1305AA05C0
:10F7600042054185EFD08EC72A891305BA054205A7
:10F770004185EFD0AEC6B3068B403387D90283975D
:10F78000040003962400839F44008392640083DE78
:10F790002A00B306D902B38B8B02330585025E972C
:10F7A00036953347670383D60A00334565031587CB
:10F7B0001585B385A702B308E602338FAF02338302
:10F7C00015411353A3403693420313530341B387A8
:10F7D000E702B3081F4193D8A840B698C20893D84F
:10F7E00008413306A602B38FEF023388C7001358CF
:10F7F000A84076984208135808413387E2027E9663
:10F8000029867696420641863385A202998D330F6A
:10F81000EF40A985135FAF40B695FA96139E050198
:10F82000C206135E0E41AA973387AF00A9872987C6
:10F83000F6977697C2074207C187C18641879A85A6
:10F8400063D36800C6851395050141856353AE00F7
:10F85000F28513950501418563D3A600B6858EA078
:10F860009A8563531301C68513950501418563533A
:10F87000C501F2851395050141856353D500B68511
:10F88000CEA0C28663530601B28693950601C18558
:10F8900063D3B700BE8693950601C1856353B70055
:10F8A000BA86B6A0C2866353C800B2861396060114
:10F8B00041866353F600BE86B68793960701C186DC
:10F8C00063D3E600BA87FEA06F00BEAEEF02FEAAC9
:10F8D0000319C5038319E5039306F0069377F90F1F
:10F8E00041112A84032C050013F7F90F63E1F61484
:10F8F00083140504130909F8B3249000B30490405D
:10F900001379F90F9307F00663E7E714831B2404C8
:10F91000938909F8B32B7001B30B704193F9F90F78
:10F9200083474403035A4401834A6401918B6382F1
:10F930000718834584047C400946B3859502480036
:10F94000BE95E295EFF09F988347840483154400A9
:10F9500009462800B385F5027C40B3857503BE9542
:10F96000E295EFF0BF968347840483154400784006
:10F970000946B385F5026800B3879702B38575031E
:10F98000BA97BE95E295EFF07F9483474403898B45
:10F99000FDE70145014C014B83474403898B638696
:10F9A000071C1307F00F33062741B306CB023307BA
:10F9B0003741B3872A033306C502B697A187B3063A
:10F9C0002C03B296A18613F6F60F93F6F60F3307C3
:10F9D000D70293F6F70F93F7F70FB38636033697F0
:10F9E000218778A80947636DF7168147637EC71A98
:10F9F000814989474A8663E357010146894763E4A1
:10FA000067011306F00F894763E3870101498947BE
:10FA100063E4A7001309F00F631D0614035A4100A5
:10FA2000631309162886639A09164AA8ADAA930695
:10FA3000000963FEF600831405048315450093074F
:10FA4000F0078504B3A4B4003389274155BD1309D9
:10FA5000F00F814445BD9307000963FEE700831B57
:10FA60002404031664009307F007850BB3ABCB00A7
:10FA7000B389374165B59309F00F814B55B583467E
:10FA80008404031644007C40B3849602FD17338738
:10FA9000D7003306D602BA94E29403CB0400B30B2A
:10FAA0007603B3077C01BA97DE9403CC0700882065
:10FAB000E5B583550404C204C18016280316240446
:10FAC000A695930C8401C205C1856685EFF05F851C
:10FAD00003562404C20B93DB0B0116288315040480
:10FAE0005E964206688241866685EFF07F83035604
:10FAF00024048355040416285E96A6954206C20582
:10FB000068844186C1856685EFF09F818347440301
:10FB10006886898BE38F07E6835504040316240463
:10FB20006685A695C205C185EFF0FF9103562404B2
:10FB3000831504042A8B5E96420641866685EFF0A3
:10FB40009F9003562404835504042A8C5E96A69540
:10FB50004206C2054186C1856685EFF0DF8E2DBD68
:10FB6000E369C7E89309F00F69B5FD577CA84A8699
:10FB700065B59307F00FE305F6EA2C825285EFF0A6
:10FB80006FF62A8A71BD9307F00F2884E30DF9E818
:10FB90002C864A86EFF00FF579B59307F00F63993D
:10FBA000F900231A440185473E8541016F007E809C
:10FBB000AA854E865285EFF0EFF285BDEF02EEFB8F
:10FBC000831785007A25832945029D8D8317A5001B
:10FBD000032985021D8E930700106315F7025C55FB
:10FBE00014593388C7023387B602B385B702330787
:10FBF00007410987BA99B387C602BE9593D72540B6
:10FC00003E9929A81C5DB385F5023306F6028317D9
:10FC1000C5009585158681EFAE993299831445000C
:10FC200093DA894063C69A0201456F008EF8145931
:10FC30005C553387B6023388C702B386C6023307E2
:10FC400007412987BA99B387B702B697A9874DBFED
:10FC5000E3CC0AFC83176500135A8940E356FAFC8B
:10FC6000E3440AFC834745032A8413F747003DC752
:10FC7000B3844403898B0C415105D694B1E38604C7
:10FC80000946A695EFF08FE4894703474403058BA7
:10FC900011C756281307007EE388E6F83838054573
:10FCA00049D7231E3403231F240323105405231193
:10FCB000440564C02304F4042285EFF03FC1B5B7C6
:10FCC0008D47B384F4020946338B9500DA85EFF053
:10FCD000EFDF83472B007CA88D4745BF1629139B78
:10FCE0000A01931B0A0193048501135B0B4193DB0B
:10FCF0000B415E86DA852685EFF08FE24AA85E86A4
:10FD00002685DA85EFF02FF468A881448147B5BFD6
:10FD1000EF022EE941112A842EC632C4EFF0DE89AB
:10FD2000B245A2462E862A89A2851385412ADD2D59
:10FD30001384412A11ED1385412A9305C002EFD0A7
:10FD40004ED1B70700801CD4014541016F00AEE7DA
:10FD50005C4C2324040299C32285C5BF4A85EFF079
:10FD60007E8619C148CCCDBF85475CCC1385412A1E
:10FD7000E9BFEF020EE3C45195C4982985472E844C
:10FD80006315F7002685EFC07E9EC84419C1EFD0E9
:10FD9000EE88884819C1EFD06E882685EFD00E888E
:10FDA000232204026F002EE2EF02AEDF41112E8506
:10FDB000AE843284EFD0FFA429E194402946014764
:10FDC00093F7F601F11793F7F70F6363F60893D7EC
:10FDD0005601139657011C40370720009305F7FF83
:10FDE000ED8FD18F3706E0FF1306063E1307F7C1EC
:10FDF000F18FF98ED58F1CC089A88547631EF50445
:10FE00002685EFC07EC2B7150300938585A7EF0056
:10FE1000CEE615ED0946A6854800EFC01EB805E1FF
:10FE20008A861146A2854800EFC03E98AA84480001
:10FE3000EFC0DE9389EC02479147631AF7001C403C
:10FE40002947F107FD8B6364F700054711A00147BF
:10FE50003A8541016F002ED789470147E31AF5FE25
:10FE60001C40370720001307B74093F7073ED98F90
:10FE700059B7EF028ED0BE84DC493684BA8993F636
:10FE8000E701114701112E8AB28A6387E60013F554
:10FE9000F70119476318E50683460A01054763849D
:10FEA000E6000145A9A813F5F701032B4A02EFD09C
:10FEB0007F9003294A01AA8B01461359A90013799F
:10FEC000F97F33048902B3055401B385A5025A852D
:10FED0008D859105EFC0BEA269F593DB3B0093FBD6
:10FEE000FB0FB3893B031408A6855A8502C84E86CA
:10FEF000EFC0BE8B5DF5C2470545E394F9FA056195
:10FF00006F002ECB930755FF0D476364F71C9307D3
:10FF100000F07C84B7B50200B757AAFF938707505B
:10FF200041469385455A08083EC6EFA09031835656
:10FF30008A002687814713D6860063C037050325CC
:10FF40004A01054B7D89EFD0FF8603294A01331B07
:10FF5000AB007D1B420B9377F9013147AA8B135BF2
:10FF60000B01638CE70A6361F7022D476382E704A4
:10FF7000814A0149814C014C95A08507C20714A311
:10FF800010B3C1870D0755BF35476380E70C39476C
:10FF9000E390E7FE1359A9001379F97F330489022E
:10FFA000931C090193DC0C4133095401814AE1B7E8
:10FFB0001359A9001379F97F1D09135939403304E6
:10FFC0002403931C090113D93A4093CAFAFF93DC26
:10FFD0000C4193FA7A00130C810022996685032460
:10FFE0004A02EFD00E9C2A8D0145E30A0DF08347AB
:10FFF0000A01C1E783274A008C472E99A146B386A0
:020000022000DC
:100000007641E20689040147B945E186634537092F
:100010006A85EFC0DEE20545DDB51359A900137905
:10002000F97F0D091359294033042403931C090156
:1000300013D92A4093CAFAFF93FA3A0093DC0C4191
:10004000860A130CC100229951BF1359A9001379D4
:10005000F97F05091359194033042403931C09013E
:1000600013D91A4093DC0C41229913F41A00814AE7
:1000700011E0914A130C010195B79305490001461F
:100080002285EFC0DE8781466686EA852285EFC03D
:10009000CEF16A89A5B78347090003264A01B3D781
:1000A0005741B3F767017D8A93F7F70F6304B600F2
:1000B000E2979C23B38A7A41E20A9CA093DA8A41B0
:1000C00063D40A00B68A05090507420741878D04F3
:1000D00035BF930795FFE366F7DCEFD0AFED054939
:1000E00083274A013319A9007D19420913F7F70143
:1000F000A1462A8B13590901630AD70863EFE60268
:100100009D466300D7060144814A814B5E85832C5E
:100110004A02EFD00E892A8CE30505D883470A01ED
:10012000F9E383274A008C472E9421460147330682
:1001300066416348370D6285E9BDA546630ED70663
:10014000A946E312D7FCA98393F7F77F338487028C
:10015000939B070193DB0B41569413040440814A9F
:1001600075B793D5A70093F5F57F9D058D8533046D
:10017000B402939B050193D53A4093CAFAFF93DBEF
:100180000B4193FA7A002E94210449B793D5A70026
:1001900093F5F57F8D0589853304B402939B0501A2
:1001A00093D52A4093CAFAFF93FA3A0093DB0B41A6
:1001B000860A2E94410499BF93D5A70093F5F57F45
:1001C000850585853304B402939B050193D51A40B8
:1001D00093FA1A0093BA1A0093DB0B418A0A2E9401
:1001E0001304040425B79305440001466685EFC057
:1001F0000EF181465E86E2856685EFC00EDB628485
:100200002DB71C2083A6CC00B3D75741B3F72701E5
:1002100093F7F70F93951700AE969622B38A6A412B
:10022000E20A94A0A18294B083A60C0193DA8A41D9
:10023000B6979C23BCA063D70A00931A860193DA71
:100240008A4105040507420741878D04DDB5EF02A9
:10025000AE939C2905474111AA892E846398E7062D
:10026000C841EFC06EFCB7150300938585A7EF006A
:10027000CEA02DE14C4009464800EFC00EF239E90E
:100280005C5091EB5145EFC0BEEB48D011E101A0AD
:10029000D145EFC01EFC4C50814731475400BE96FB
:1002A0009022B386F500850790A2E399E7FE4848BF
:1002B00009477D899307C5FF93F7F70F6362F7023C
:1002C0001C2899CB054541016F004E8FEDF3DC41B1
:1002D0009C47F1FF0145C5BF5C409C471CCCDDB786
:1002E000930795FF93F7F70F0D47636AF70CEFD06D
:1002F0006FCC5C502A8991EB5145EFC07EE448D029
:1003000011E101A0D145EFC0DEF444500945331599
:100310002501EFC0FEE2C8C411E101A0054A33196E
:100320002A014A85EFC0DEE188C811E101A0DC4462
:1003300091E7A2854E85EFF0DFA369BF1C28639586
:100340004705014691452685EFC06EDB0144E30B6E
:1003500024F7814611464C002685EFC00EC5D044D7
:1003600093171400948218833E961C8289820D8311
:1003700096068D832E07D58FD98F1EA29C48988311
:10038000A29798A30504E1B75C4081469847E38BA8
:1003900026F3C8440C339397160030233E951C2354
:1003A00089810D8296058D832E06CD8FD18F1EA15A
:1003B0009C4830331107B69790A38506C9BF5515E1
:1003C0001375F50FE370A7F0ADB7EFF2FDFB2E8AC2
:1003D0002A8991455285EFC0DEE763160900814402
:1003E00026856FF0BDFD4A85EFD0AFC101E58327BB
:1003F0008900F5D71385012DEFC04EF92A84814479
:10040000854A79DC1C4081CB5286CA852285829739
:10041000AA84E30755FDA2851385012DEFC04EF890
:100420002A84C5B7EFF27DF5AE89930580022A8450
:100430003289B684EFC0FEE16396090001494A851E
:100440006FF03DF74E85EFD0CFBB01E583A7890064
:10045000F5D72314240108A844C485476310F50484
:100460004E85EFA0902F0505EFC09ECD48C011E14D
:1004700001A0CE85EFA0702D1385012DEFC00EF1E8
:10048000AA840149930A4401054B81EC1828854749
:10049000E317F7FA4840EFC07E9855B7232234019E
:1004A000E1BF9C409DCFD8400DCF5686CE85268596
:1004B00082972A89AA8B63166503DC4004C0A28553
:1004C000268582972A89E30C75F791455685EFC0FA
:1004D0005ED823200402232C040023220402232EAE
:1004E0000400A6851385012DEFC08EEBAA8471BF91
:1004F0008328050003A88800630D0800EFF27DEA59
:10050000BA873687B2862E86AA85468502986FF00E
:100510009DEB01458280EFF2DDE82A84084111CD90
:100520005C4599C3A2858297182885476317F70011
:100530004840EFC0BE8E232204006FF0DDE8EFF2EA
:100540005DE61385012DEFC08ED411E101A0D145E8
:100550002A84EFC01ED022856FF0FDE6EFF27DE425
:10056000D1451385012DEFC08ED1EFF05FFD11E174
:1005700001A0B7070200938787DA1CC1B707020002
:100580009387E7245CC1B7070200938727E71CC560
:10059000B7070200938727D75CC56FF0DDE219E942
:1005A000EFF23DE0EFE07EF5814711C11C493E8549
:1005B0006FF07DE11C493E85828019E9EFF27DDE16
:1005C000EFE0BEF3814711C15C493E856FF0BDDFAE
:1005D0005C493E85828019E9EFF2BDDCEFE0FEF177
:1005E000814711C15C4D3E856FF0FDDD5C4D3E8560
:1005F000828019E9EFF2FDDAEFE03EF0814711C1A8
:100600001C513E856FF03DDC1C513E85828001E926
:10061000EFF23DD9EFE07EEE08456FF0DDDA0845F8
:10062000828015E1DC4188430DC11C4989CFEFF27E
:100630005DD723A605002E848297082C1345F5FF6D
:1006400005896FF05DD80841C5B705458280EFF296
:10065000BDD32A84952B3DE15C409C47C9E3A2852C
:100660000145EFF01FFCAA8425C55C409C476383CD
:100670000710B82F63000710DC4701498549314A4C
:10068000F5CB639734059443CDEA5C400509984760
:1006900071EB48405C4185CF1C2C918B8DEB1C4449
:1006A00085449387D7FD63EBF40C5C402285DC43E3
:1006B0005CC0713F7D159334150019A808411C4595
:1006C00099C30C2482971C2C13F7270009C7854473
:1006D00026856FF0BDCE858BC1D38144D5BFB82FA1
:1006E0003DDFDC47814413090008B149ADDB944389
:1006F00089EE5C40850498473DD33C2FE3F1F4F646
:10070000B38734035847BA97D5B79827131687018C
:100710006186E35006FE6307270110441377F7F75D
:10072000E319C7FCDC4322855CC482961C2C13F7BA
:10073000270051FF858BD5DF4DB79827131687010A
:100740006186E34406F401C71044E310C7F4DC43B8
:1007500022855CC482961C2C13F727002DFB858B09
:100760008DD7A5BF3C2FE376F9F2B307490358476D
:10077000BA9739B78547E39DF4F421BF9165EF003F
:10078000106B31D51C446D47BD17E360F7F2B3948D
:10079000F400B7270F0B9387F77FFD8C8DF831B7E7
:1007A0001DC9EFF21DC001118347C101138401A0CF
:1007B000E19B230EF1001C402AC22AC448002EC629
:1007C00032CA3ECC02C808C0EFF07FE8E2471CC046
:1007D00005616FF05DBF0545828008418280484118
:1007E000828008451375F5F7828008498280484564
:1007F000828083A701A091E38280D8436305A7008C
:1008000098436316A700982F1367170098AFDC4B27
:10081000DDB7EFF27DB741112A8932C636C4AE8901
:10082000EF10A01F03248900B1442C2C48448505F7
:1008300093F5F50F2CACB3859502EFC05E9383273B
:10084000890048C4A246C847324611E101A0BC2F26
:10085000B3879702D1173E952320350110A554C1C7
:1008600041016FF0BDB51C453D47FD176364F700BE
:1008700008498280014582801C451547B117636491
:10088000F70008498280014582801845CD47631BE7
:10089000F70018491E2393960701C18663D3B6005B
:1008A000AE871EA38280EFF23DAEAA890145EFE03C
:1008B0001ECF2A8401498144094A914A01EC81E80A
:1008C000CA84631609000145EFE07ECDAA8426851F
:1008D0006FF0DDAE2285E52C7C4863983701630B11
:1008E0004501228963135501A2842285EFE03ECBA6
:1008F0002A84E9B7A284E1BFEFF21DA94045AA848A
:10090000AE8A328B054A014955E49C2CA18B99E3B0
:1009100063100908630E0A062685829A2A84014A12
:100920006313090A35C52A890840EF00B0511375D1
:10093000050879F983290400639E0904DC4463896E
:10094000870495C303A907002685EFF0DFF52A8603
:10095000BD454A85EFF0DFE48547631BF502DC44C3
:100960008843EF200013C0C400402685EFF0BFF39A
:100970002A86B9452285EFF0BFE28547631AF50064
:10098000DC448843EF20E0109C4899C32685829779
:100990006FF0DDA285454E85EF00704911E54E856B
:1009A000EF50804FAA8949BF85454E85EF003048FA
:1009B00051D599BF631309002289A2852685029B20
:1009C0002A84E30725FD2DF089B7EFF29D9DF145BF
:1009D00013858129EFC0AE8A6FF0FD9E03A541A06B
:1009E00082801C2D858B99EFEFF2BD9B37D60000DE
:1009F000B7D50000130606BA9385C5B8EFF0DFEF50
:100A00006FF07D9C82801C2D858B99EFEFF27D9994
:100A100037D60000B7D50000130686BA938565B9AE
:100A2000EFF09FED6FF03D9A8280EFF29D971C2DC5
:100A3000004DAA8493E787000D801CAD918B05883B
:100A400091EBEFF01FFA9C2C0E04DD9B5D8C80ACCB
:100A50006FF07D97EFF03FFBFDB72DC5EFF27D9472
:100A6000AA842E84EFC08E921DE92285EF00D03D2E
:100A700011C91C449C4781CFDC479C436399870084
:100A8000EFF0BFFA1C4481E72285EF0010791C4487
:100A9000268584C7EFC08E832A8911E901A01C41F5
:100AA00063808702AA852685EFC08E8F75BF00C13F
:100AB0002685EFC0AE8D6315A9002685EFF0FFF601
:100AC0006FF07D908280EFF2DD8D2A89EF00D037C4
:100AD0002DCD5C452A849DCF9C43639D27031C2D0F
:100AE00013F7170019C3F99B1CAD2285EFC00E8ABE
:100AF0005C44639EA7042285EFC0EE895C446318C2
:100B0000F50404412285EFF01FDA2A86BD452685CB
:100B1000EFF01FC95C4491C79C43639427012326CF
:100B200004002285EFC08E86AA8405C19C40A6855C
:100B3000228563922703EFB05EFD2685EFC00EAEDF
:100B40008327890099C323A407006FF0DD872285DE
:100B5000EFF0BFEDC1B7EFC0AE84F9B711C55C458A
:100B6000014581C7884382800145828031C5EFF20B
:100B70005D831C4D2A848583858B638DB7021C2D74
:100B800085898605F59BDD8D0CADEFF03FFDAA84D0
:100B900015C15C44228503A90700EFF0DFD02A8647
:100BA000B9454A85EFF0DFBF85476315F500268517
:100BB000EF10306E6FF03D81828009C5082D0581F0
:100BC000058982800145828003A581A0828001C5BC
:100BD0001C41884382800145828031C51825AA873F
:100BE0001367270018A503A781A06314A70023A6F5
:100BF00001A09843854618437D1763E0E60885C148
:100C0000D85B630EB70098576315B70023A407029B
:100C100081C5D8576313B70623A60702828023AA8B
:100C20000702EDD5CDB7EFF2CDF72E848544EFE086
:100C30001E9709E523A601A06FF0EDF81C2593E7A8
:100C400027001CA51C419C43FD1763E1F40215C05D
:100C50005C59638087021C55639587002324050235
:100C600001C45C556394870023260502EFE03E93A0
:100C7000C9B7232A05027DD0F9BF8280EFF26DF259
:100C80001C252A84F99B1CA5EFE01E9368C4EFE0A5
:100C9000BE9228C46FF02DF311E523900500239137
:100CA000050082801C4105479C43F59B6386E70055
:100CB000FD579EA1BEA182808317C5009EA1831708
:100CC000E500CDBF814711C91C4185469843814746
:100CD000759B6314D7007C41BD8B3E858280814724
:100CE00009C91C41854698438147759B6313D7000A
:100CF0001C593E858280239005002391050009CD73
:100D00001C4105479C43F59B6398E70083178501C9
:100D10009EA18317A501BEA1828009C51C2593E76A
:100D200087001CA5828003A5C1A08280014715C150
:100D30008D476382F502B1470147639CF500831735
:100D40006502184113064006143F0147B306D6401A
:100D500091E73A85828083174502E5B73E97B387CE
:100D6000F60242074187B3C7C702C207C187CDB7A2
:100D7000EFF28DE183A945002E84638609064E8536
:100D8000EF20F0792A8A4E85EF20106C03D9690193
:100D9000AA84414681454E85EF40C0294A95058D7C
:100DA000420541816AA883D449017D152AAC494690
:100DB00081454E85EF400028269533054541420583
:100DC00041814AA88D677D150AAC938727305CCC9A
:100DD0005C4C056763830900256713074787D98F34
:100DE0005CCC6FF0ADDD85678907D5B7EFF26DD8C4
:100DF000835B050201116389BB062A840EB02E862F
:100E0000AE89DE85EF40B0452A8B39CD1305002829
:100E1000EFC02EB9930500282A8AEFC08EC393C76E
:100E2000F9FF216CB70A00013EC09307FCFF814D1A
:100E30008144FD4CFD1A3EC21C50CD8393F7F7034D
:100E400063F4FD0063F59C02D147B384F402528938
:100E5000D294639724175285EFB07EFE8547631EB8
:100E6000FB162285EF10F04205616FF04DD4584417
:100E700013993D00330C270103254C0033755501B0
:100E8000EF40F05D5C442A8D3E990325490033759F
:100E90005501EF40305D8247AA85B3F7A70195E37E
:100EA00083274C0013976700634D070083270C00CE
:100EB0008396470063DC06029C4313058006944337
:100EC00099E2850D95BF6391A60203A9470081466B
:100ED000D14883270900B6979C43E5D7E3E39CFEFE
:100EE00093074A00014861A8A107D1BFE83371D92F
:100EF000854663F8A60203A80700931625008147DC
:100F0000C2969308800603D30600631713018A076D
:100F1000C29703A9070065BF85078906E3E5A7FE19
:100F20004DB7D443124713058006F98EC206C1821D
:100F3000E399A6F8F9BF03A3070036CE2ECC1A8595
:100F400042CA3EC81AC6EF40905132432AC41A859D
:100F5000EF40505103230900F246C247224E369318
:100F600083AE4700032303005248E245D14863960D
:100F70006E006394A5006373AE050508D107E39C7A
:100F800004FBB3871403032509000328C900850463
:100F900036950841D2972390070103280901239130
:100FA00007010328890088C70325490023A60701F4
:100FB00088CB03254C0033755501C8C3910611BF7A
:100FC00003254900EF40104A4A87AA85CE865E86EF
:100FD0002285EF4030105109ADBD8D47631AFB00EB
:100FE00041667D16B7050F002285EF40001DADBD9F
:100FF0008947E31BFBE62285EF10B0292285EF101D
:10100000A0439DB5EFF24DB87571AA84EFF06FFD66
:101010002A892685EFF06FFCC9472A84631EF90CE4
:101020002685EFF08FFC1C410949AA84638B2701B8
:101030001306100681452285EF30D07F11C523A00D
:10104000240149616FF08DB71306000681452285A2
:10105000EF30507E93190501294681452285EF30F6
:10106000707D2A892D4681452285EF30B07C03169C
:10107000A4010317640142054181831584015628A8
:10108000098F3295931709012317A104C840C18322
:1010900093D909419D8E4E86AE97AC002314D1049E
:1010A0002316F1042315E104EFB0AEB801E585473E
:1010B0009CC041BF1306100281452285EF30907716
:1010C0001375F50F1309C00FE373A9FE13069006FD
:1010D00081452285EF3010761375F50F69F91306F7
:1010E000200681452285EF30F0741375F50FE3700B
:1010F000A9FC23A00400B1B7D547631BF9102685CE
:10110000EFF08FF713090101AA894A85EFE0AF9349
:101110001306400381452285EF30D07119C58347FE
:10112000310393E71700A309F1024A86814522851E
:10113000EF003038294681452285EF30B06FAA8410
:101140002D4681452285EF30F06E0316A40103176A
:101150006401831584015628420593970401418157
:10116000098FC18332959D8E6887AE97A800CE8582
:10117000748478857C86EF10E029B7170300938785
:10118000C7A7B000E94524002285BEC682C8CACCE4
:10119000A6CA82DEEFF0CFE0130610068145228555
:1011A000EF305069025A3DC183170101A5C302D037
:1011B000854A2686CA854E85EFE02F8E63820A0413
:1011C0006145EFB01EFE03160101930544018146FF
:1011D000AA8AEFD0FFBD930504125685EFD07F8217
:1011E00063000A02A309010023090102230D010281
:1011F0002303010452D02686CA854E85EFE0EF898D
:10120000B000ED452285EFF0AFD925BD814A55B735
:10121000E147E318F9E22685EFF00FE62400AA89FA
:10122000268622858A85EF30C0370A85EFA0DEF159
:1012300063090518130901014A85EFE0CF80130601
:101240001002C1652285EF30F05E1375F50FA3091A
:10125000A100894763F9A70013060002C165228532
:10126000EF30505DE88213061003C1652285EF3030
:10127000705C1375F50F2309A102894763F6A70275
:1012800013062003C1652285EF30D05A42054185FF
:101290002318A102635DA01E13060003C165228509
:1012A000EF3050592317A10213065004C16522855F
:1012B000EF3050581375F50F2303A104894763FEDF
:1012C000A70213060004C1652285EF30B05642051F
:1012D0004185231FA102635FA01A13063004C16574
:1012E0002285EF3030552312A10413064004C16556
:1012F0002285EF303054231EA10213062006C1655B
:101300002285EF3030531377F50F9307C00F63E258
:10131000E702834731011375F50FB387A702A18751
:101320003385A702A309F10021812309A102230328
:10133000A1040347210383473101D98F0347610487
:10134000D98FC9C713060006C1652285EF30904EBC
:10135000E880CE85A800EF10E00BB7170300938755
:10136000C7A7BEC68947BEC80A85C167CACCBEDE4C
:10137000EFA09EDD0DC1B000E94522858ACAEFF0DD
:101380002FC20A86CA854E85EFD03FF1B000ED45E9
:101390002285EFF0EFC02685EFA01EDB05C9B00067
:1013A000E9452285A6CAEFF0AFBF2686CA854E85DD
:1013B000A6CAEFD09FEEB000ED452285EFF04FBEFC
:1013C00031A02685EFA05ED8E31605E613061006C9
:1013D00081452285EF30104601CD13050412EFD070
:1013E000EFEA2A8911C5EFD08FED4A85EFB03EA50F
:1013F0001306400381452285EF30D043E30305C443
:10140000130A01015285EFD01FE4528681452285DF
:10141000A309010023050102230D01022303010496
:10142000EF003009294681452285EF30B0402A89F6
:101430002D4681452285EF30F03F0316A4010317A6
:1014400064018315840156284205418193170901DF
:10145000098FC18332959D8E6887AE97A800CE858F
:1014600074847C867885EF00F07AB7170300938741
:10147000C7A7BEC6B0008547E9452285BEC8D2CC05
:10148000A6CA82DEEFF0CFB12686D285BDB323098E
:10149000010219BD230301048DB5EFE29DF0138411
:1014A00001A11C20B9E3EFB0DE95EFC05EEFEFB015
:1014B000EEAAEFA05EA1EFF04FD1EFB0DFD6EF3094
:1014C000F0359305801513850120EFB04EDB9305B1
:1014D000C0051385C12DEFB08EDAEF508021EFF0FB
:1014E000EF87EF706FA285471CA06FE0DDEDEFE2A4
:1014F0005DEBAA85371503001305C5A7592B2A8470
:10150000EF00606D22856FE01DECEFE2FDE7AE8439
:1015100041112A8413F91400EF102010AA896305E1
:1015200009002285EF10E0565C4CC58F5CCC63054A
:1015300009002285EF10E0552285EF10000E63169A
:101540003501B7078001E58F89CB2285EF40D014A4
:10155000EF10E00F2285EF10800FC18891CC300092
:101560008A852285EF30E0038A852285EF10404F7F
:101570002C002285EF10C04E41016FE03DE4EFE208
:101580005DE24111AE842A84EF10200993F7040133
:101590002A8991CF30008A852285EF3080008A85A4
:1015A0002285EF10E04B2C002285EF10604B584C49
:1015B00093C7F4FFF98F5CCC93F7140085C32285A1
:1015C000EF10204D2285EF10400509C92285EF401C
:1015D000B00CEF10C0072285EF1060072285EF10D6
:1015E000C00363162501B7078001FD8C91C42285D5
:1015F000EF40900AEF10A00541016FE0DDDC1E31E5
:10160000DD8D6388B700EFE2DDD9EFF02FFE6FE0EC
:101610009DDB82801E3193C5F5FFFD8D6388B70089
:10162000EFE23DD8EFF08FFC6FE0FDD98280484DAE
:101630006D8D0D8D133515008280484D6D8D3335C0
:10164000A00082800A3182801C4599C3884782802D
:1016500001458280EFE25DD32E8541112E89EFF0A6
:101660004F98AA844A85EFF08F978547930500022B
:101670006382F41EA1472A84639FF402930500024B
:10168000EFF05FF94A85EFF04F96EFF04FE539E163
:101690005C4CA18BA1C31E3085452285858B81E7DB
:1016A000EFF0FFF519A0EFF0FFF60146F1452285B6
:1016B000EFF00F8F05A08D47930500026384F41AA5
:1016C0009307A0026395F402EF4070002A898144D9
:1016D0006395240141016FE07DCE1C4413972400E3
:1016E00085049C43BA978843EF007076D5B7B54719
:1016F0006391F412584D937787009DCB4A85EFF0A4
:10170000CF8E83040500C54713F7D4FF6315F70098
:101710008545228571B79387E4FE93F7D70F89E754
:1017200085452285EFF01FEFA947E385F4FAB5BFA1
:101730008567938707817D8FE31EF7F89D2159F90F
:101740002285EF20C05DAA892285EF20606DAA84E2
:101750004A85EFF08F89830705004947639EE700BC
:101760002285EF20C04AAA842285EF10800591458A
:10177000B345B502A69505A045476395E7022285C6
:10178000EF20E048AA842285EF10A0039145B345DD
:10179000B502B385B440C2050146C1852285EF205C
:1017A00010570DBF4D47639DE7022285EF20A03FF4
:1017B0000D895DD563443001E35490FA2285EF2012
:1017C0008041AA842285EF00D07E9145B345B502C1
:1017D000A695C2050146C1852285EF20F04FDDBDEB
:1017E0005147E399E7EE2285EF20E03B0D8941D98F
:1017F00063443001E35590F82285EF20C03DAA8470
:101800002285EF00107B9145B345B502B385B44006
:10181000C9B7B947639BF4045C4D93F7074081C790
:101820008545EF2070542285EFF01FE2EFF0EFB80E
:10183000AA84EFF06FB901E54A85EFF0CF82EFF0AF
:101840000FB979157599894511E1994599C493E5C1
:1018500085002285EFF0BFDAB5BD2285EFF03FDAD3
:10186000A1452285EFF01FDBB5B5A5479305000420
:10187000E382F4FEA947639AF40293050004EFF0B3
:101880007FD92285EF2040318947E315F5E4300008
:101890008A852285EF20F0508A852285EF10401C32
:1018A0002C002285EF10C01B35B5BD47B945E38B31
:1018B000F4FA930790026397F40425468145EF30CC
:1018C0006077AA841306A00681452285EF308076D2
:1018D0004205418101E593F4F40F81C42285EF00B4
:1018E00010572285EF40A05E2A898144E38424DFDB
:1018F0001C441397240085049C43BA978843EF0047
:101900001055EDB7930720026390F4060546814514
:10191000EF304072114681452A892285EF3080716F
:1019200025468145AA842285EF30C070AA89130616
:10193000A00681452285EF30E06F420541810DE12F
:1019400093F9F90F639E0900420989671359094108
:101950009387177D6306F900C204C184E39CF4D623
:101960002285EF00D04EBDB3CD476393F4024A8584
:10197000EFE0BFE7AA8481452285EF0070179E2023
:101980001397070141876353A700AA879EA099B3C5
:10199000B9149947E3E097D493079004B3D4970020
:1019A0008588E38904D24A85EFF0CFE525B3EFE2DD
:1019B0005D9F2E852E84EFE0DFE30145EF30206749
:1019C000370610007D1681452285EF30303A0545F7
:1019D000EF30E06581452285EFA0AED52285EFF09E
:1019E000BFC601C52285EFF00F8E1C448DC788430A
:1019F00011C5EFB0AEC21C4423A007001C44C84769
:101A000011C5EFB0AEC11C4423A607000844EFB0D7
:101A1000EEC0232404006FE01D9B1C459DEFEFE208
:101A20005D98938741A198432A847145050798C31F
:101A3000EFB00EF108C411E101A0F145EFB07E81D5
:101A400014447D771307C70F9E2EF98F0567130780
:101A500037F0D98F9EAE6FE01D97828011C5084187
:101A60000D8D13351500828001458280EFE27D9354
:101A700000414111AA851C4089C71CC12AC6FD37F7
:101A8000B2455C4080C199C32285829741016FE0D5
:101A90009D93EFE21D913707100041112A89AE8412
:101AA000AA87411799CB8C4FB3F6E50089C691817F
:101AB000C205C18121A09C43F5B781452E852EC664
:101AC000EFB00EE82A8405C1B245EFB08EF82320AE
:101AD000240144C0A5E0EFD05EA2AA8409E92285D2
:101AE000EFB0CEB30144228541016FE0DD8D484562
:101AF0000DE51145EFB0CEE4C8C400C18547DCD088
:101B0000232A04000145EFD0BE9F7D150AAC014594
:101B1000EFD0DEA17D152AACF9B7CC508505CCD02D
:101B20008A05EFB0CEE4DC50C8C48A073E95232E68
:101B300085FEF9B79C4481E72685EFF01FEE03A9E7
:101B400084000325090001ED1145EFB06EDF9C44D0
:101B50002320A900984300C30547D8C369B783254C
:101B6000490085052322B9008A05EFB04EE0944470
:101B70002320A900DC42139727009C42BA9723AE8A
:101B800087FE95B7EFE2FD812A8408401C4599C382
:101B9000A28582971C409C4399C31CC0FDB76FE08F
:101BA0009D821C4191CB884F0D8909C57D15133548
:101BB000150082809C43FDB7014582801C4191CB7A
:101BC000884F318909C571151335150082809C43F2
:101BD000FDB701458280EFE2CDFC2A84EF0030277B
:101BE0000145EF30C0442285EF50602F2285EFF091
:101BF000FFE70545EF30A04341667D16B7050F00AE
:101C00002285EF30805B2285EF00304EEFE01FDD54
:101C100011C9AA842285EFF07FFA09C5A28526851D
:101C2000EFE0BFE32285EF402027AA8419CD22866A
:101C300093052002EFE0DFB6228693053002268569
:101C4000EFE01FB62285EF00D0646FE0CDF7EFE242
:101C50004DF513062006EF30E03D1375F50F6FE0EC
:101C60008DF6EFE20DF413069006EF30A03C1375ED
:101C7000F50F6FE04DF5EFE2CDF2130600022A8476
:101C8000AE84EF30203B2A86A6852285EF30D058DF
:101C90006FE06DF3EFE2EDF0130650052A84AE8499
:101CA000EF3040392A86A6852285EF30F0566FE066
:101CB0008DF1EFE26DED3284130600062A89AE84C1
:101CC000EF3040370AA0130AF00F91C4A6854A8569
:101CD000EFF0FFF72A8AA6854A85EFF05FF7894A79
:101CE000AA8963F4AA0063EC4A01A301040023015A
:101CF0000402230B0402230504026FE02DECA685E9
:101D00004A85EFF01FF63C3028A0B9C31306100235
:101D1000A6854A85EF3000321375F50F28B063F9B8
:101D2000AA02A6854A85EFF01FF54AA0A6851306EC
:101D300060024A85EF300030AA85630E05201C350D
:101D40009D8B638A0720294613056400EFB02E950A
:101D500013062003A6854A85EF30C02D4205418534
:101D60000AB029CD83472402B1CB13061003A68500
:101D70004A85EF30202C1375F50F2301A402894703
:101D800063FEA70213063003A6854A85EF30802A3A
:101D90007D89931715000345340213060003A685B9
:101DA000137515FC5D8DA301A4024A85EF308028D0
:101DB0002A86A6854A85EF3030466AAC1306500362
:101DC000A6854A85EF300027420541856AB021C5C6
:101DD0008347A402A9C313067003A6854A85EF3082
:101DE00060251375F50F2305A402894763F5A70243
:101DF00013068003A6854A85EF30C0230AB4130674
:101E00006003A6854A85EF30E0222A86A6854A85AA
:101E1000EF3090404AB03C2CB1C713068002A68533
:101E20004A85EF30202108C815CD13069002A685FB
:101E30004A85EF3020201375F50F28AC894A63F3EB
:101E4000AA020848EFB0FF9B6313551913067005EB
:101E5000A6854A85EF30001E48C8A6854A85EFF062
:101E60007FE30AAC83476403ADCF13060004A68565
:101E70004A85EF30201C420541856AB43DC1834745
:101E80006403894A63FFFA0413065004A6854A8551
:101E9000EF30401A1375F50F230BA40263F3AA0465
:101EA00013061004A6854A85EF30C0180AB8130639
:101EB0002004A6854A85EF30E0172AB813063004BF
:101EC000A6854A85EF3000174AB813064004A68558
:101ED0004A85EF3020162A86A6854A85EF30D03312
:101EE0004AB49307C00F63E14713B3093A03C20929
:101EF00093D9090193D989003C30C20993D90901CA
:101F0000B387F902C207C183A1833CB03C2CB387DD
:101F1000F902C207C183A1833CAC83472402B38783
:101F2000F902C207C183A1832301F402834764033A
:101F3000B387F902C207C183A183230BF40283474D
:101F4000A402B389F902C20993D9090193D989007E
:101F5000230534035DB313063002A6854A85EF30AE
:101F6000600D93777500683461995D8D68B41D8943
:101F700021C1A6854A85EFF01FD06AA01306200272
:101F8000A6854A85EF30000B2A86A6854A85EF3064
:101F9000B0282AA413064002A6854A85EF3080099E
:101FA00008A413065002A6854A85EF30A00848A46D
:101FB00013067002A6854A85EF30C0071D89931766
:101FC00035006834137575FC5D8D68B451B3130624
:101FD000A002A6854A85EF30E0052A86A6854A85B7
:101FE000EF3090230AAC1306B002A6854A85EF3085
:101FF000600428BC1306C002A6854A85EF30800322
:102000003335A00048ACB9BDE3E937CFF5B5EFE211
:102010004DB9328413066005AA842E89EF30800101
:102020001375F50F28AC894763FDA708CA85268577
:10203000EFF0FFC19307C00F63E9A7003C2C330505
:10204000F50242054181218128AC382C894763FA89
:10205000E706CA852685EFF0FFC34AA4130680056C
:10206000CA852685EF20107D4AA813069005CA85EB
:102070002685EF20307C1306A0052AA8CA85268570
:10208000EF20507B7C2C1D89CA85E19BC98F7CACDD
:102090002685EFF01FBD1D8993173500682C1306A8
:1020A0007005CA85137575FC5D8D68AC2685EF20BB
:1020B000707808C01306B005CA852685EF20907792
:1020C00048AC6FE04DB0EFE2CDAD32841306600452
:1020D000AA842E89EF2010761375F50F28B489474E
:1020E00063F9A708CA852685EFF07FB69307C00F6E
:1020F00063E9A7003C343305F502420541812181A3
:1021000028B43C34894663F6F606B70700011CC0C4
:102110009A2CDE281306800405071D8F420741878D
:102120003347D702BE2CCA85268585075AA0FA28D0
:10213000998FC207C187B3C7D7027EA0EF20906FE7
:102140001375F50F28A409CD13067004CA852685DA
:10215000EF20506E2A86CA852685EF30F00B0AA440
:10216000CA852685EFF0FFAF5C243D89C19BC98FEE
:102170005CA46FE04DA5EFE2CDA23284130690047B
:10218000AA842E89EF20106B420541852AA05DC5E7
:102190001306E004CA852685EF20D0691375F50F74
:1021A00008A4894763FCA708CA852685EFF03FAAE3
:1021B0009307C00F63E9A7001C243305F50242050D
:1021C0004181218108A41824894763F9E706130691
:1021D000D004CA852685EF20F0652A86CA85268523
:1021E000EF3090030AA01306A004CA852685EF20CD
:1021F0007064420541854AA001C91306B004CA852E
:102200002685EF2030636AA01306C004CA852685A0
:10221000EF2050621C343335A0001317250093F7CC
:10222000370F0E05D98FC98F1CB4CA852685EFF0EC
:102230005FA31C340D89F19BC98F1CB46FE0AD986E
:10224000EFE22D96328413060005AA842E89EF2032
:10225000705E420541852AA051C913063005CA8522
:102260002685EF20305D1375F50F48A4894763FF7D
:10227000A706CA852685EFF09F9D9307C00F63E9E7
:10228000A7005C243305F50242054181218148A461
:102290005824894763FCE70413062005CA85268570
:1022A000EF2050592A86CA852685EF30E0760AA0AD
:1022B00013064005CA852685EF20D05708C41306AB
:1022C0001005CA852685EF20F0563335A0009317F8
:1022D00025004834CA856D995D8D48B42685EFF098
:1022E0005F985C340D89F19BC98F5CB46FE0AD8D54
:1022F000EFE28D8913060004AA842E89EF20905303
:1023000013140501418459E4014413065003CA859E
:102310002685EF2030529319050193D90941638C2A
:10232000090213067003CA852685EF20B050137585
:10233000F50F894763F1A70213068003CA85268536
:10234000EF20504F420541854E956353850022850D
:102350001314050141842946CA852685EF20904D36
:10236000931905012D46CA852685EF20B04C4205FC
:10237000418593D90941AA8763533501CE871397C5
:10238000070141876355E0003E9442044184228561
:102390006FE0CD8213065004CA852685EF20904950
:1023A0001375F50F8949E3F1A9F613063004CA85C0
:1023B0002685EF2030483344340305051306100406
:1023C000CA852A942685EF20F04693190501130645
:1023D0002004CA852685EF20F045420593D909419E
:1023E00041859357F54113D7F9413D8DB3493701E5
:1023F0004204B389E9401D8D4180635335014E8508
:102400002295931705012A8463D3070001444204EF
:102410004184E5BDEFD2FDF82A84AE8493058004A3
:10242000EFA03EE304C06FD01DFA1C4581C70395A1
:102430006701828001458280EFD2BDF641112A8476
:10244000EFF0BFFEAA841306E100CD4522852317D5
:102450000100EFE0EFB48317E10063859700228568
:10246000EF00206318448317E10001CF7EAB831790
:10247000E100638597002285EF00A06141016FD0E4
:102480009DF4F5D72285EFF04FD91C443887FAAB7D
:10249000F9BFEFD21DF141468145EF20B039420529
:1024A00041856FD05DF2EFD2DDEF45468145EF20EB
:1024B0007038420541856FD01DF1EFD29DEE1306B5
:1024C000B0068145EF2010371375F50F6FD0BDEFC3
:1024D000EFD23DED49468145EF20D035420541859B
:1024E0006FD07DEEEFD2FDEB4D468145EF2090346D
:1024F000420541856FD03DEDEFD2BDEA13062003C2
:102500008145EF203033420541856FD0DDEBEFD2BE
:102510005DE941112E84814670009D45AA84EF300B
:10252000C03185476318F500B247639687004101C3
:102530006FD07DE96DFD0146A2852685EF300079DB
:10254000FDB7EFD21DE641112E8481467000A145F2
:10255000AA84EF30802E85476318F500B247639652
:10256000870041016FD03DE66DFD0146A2852685BD
:10257000EF30E076FDB7EFD2DDE241112A8432C6BA
:10258000EFF0FFF832462285B285EFF09FFB410164
:102590006FD07DE3EFD2FDE041112E8481467000C3
:1025A0008545AA84EF30602985476318F500B24756
:1025B0006396870041016FD01DE16DFD0146A28544
:1025C0002685EF30406DFDB7EFD2BDDD41112E8481
:1025D000814670009145AA84EF3020268547631814
:1025E000F500B2476396870041016FD0DDDD6DFDD8
:1025F0000146A2852685EF30406CFDB7EFD27DDA2B
:1026000041112A8432C6EFF0FFF832462285B285A6
:10261000EFF09FFB41016FD01DDBEFD29DD8B705D6
:10262000060085052A84EFF04F8101C501456FD072
:102630009DD92285EF30500675D91306A006814535
:10264000EF20501F420541813335A000CDB7EFD2B6
:102650005DD53E3193E717003EB1EF30007F3E314C
:1026600093E727003EB1EF30007F484119C1EFB03A
:10267000DEF36FD05DD5EFD2DDD2C2050146C18158
:102680002A84EF30007A2285EFF07FFC6FD0BDD333
:10269000EFD29DCF138481A12E890C40AA8903A576
:1026A000819185050CC08E05EFA07EAC23ACA19076
:1026B00011E101A0AA870840131735006117BA97E6
:1026C00023A0370123A227016FD05DCFEFD27DCDAC
:1026D0004111B28401462A8436C6EF306061B246A9
:1026E000A68522853686EFF01FE941016FD0BDCD6A
:1026F000831745019EA183176501BEA1831785013C
:10270000DEA18317A501FEA18280EFD29DC92A8494
:10271000EF3080781DC95E294228AA841D8C4204AE
:10272000EF10604B41802A9442042685EFF05FDA77
:102730004180098C420426854180EFF0FFDB3305A0
:10274000A440420541856FD01DC803154401E5BF73
:10275000EFD23DC52A84EF3020741DC97E2962283E
:10276000AA841D8C4204EF10804A41802A944204BE
:102770002685EFF01FD24180098C420426854180D6
:10278000EFF09FD73305A440420541856FD0BDC30C
:1027900003156401E5BFEFD2DDC02A84EFF05FFBD3
:1027A0003E2C7A288507998F3E95420541856FD04A
:1027B0009DC11E2D4A2985073385A74042054185C5
:1027C00082803E2D6A2985073385A74042054185D1
:1027D0008280EFD21DBD2A84EFF09FCF2A89228507
:1027E000EFF05FD0AA842285EFF01FD11E2C5A286B
:1027F00006058507998FB3872741858F3385A740C5
:10280000420541856FD03DBCEFD2BDB92A84EFF0BF
:102810005FC82A892285EFF01FC9AA842285EFF0BC
:10282000BFCD3E2C7A2806058507998FB3872741AF
:10283000858F3385A740420541856FD0DDB8EFD243
:102840005DB62E84AA84EFF03FCB83974401330614
:10285000A04042061EA0839764014186B2853EA037
:102860008397840122855EA08397A4017EA0EF90C8
:102870009E8F2685EFF0DFC51E203E950AA0268597
:10288000EFF05FC65E203385A7404AA02685EFF0B3
:102890005FC03E203E952AA02685EFF0DFC07E2057
:1028A0003385A7406AA06FD01DB2EFD29DAF411112
:1028B000B70701E070009305C0023EC6EFD05FEE9F
:1028C0000315C10041016FD01DB0EFD29DAD411184
:1028D000B967850770009305C0023EC6EFD05FEC74
:1028E0000315E10041016FD01DAEEFD29DAB05464F
:1028F00081452A84EF200074931405011146814517
:102900002285EF2020738967C1849387177D6388B0
:10291000F40013170501418701456316F70022856E
:10292000EFF0FFD205456FD01DAAEFD21DA52E896D
:10293000B289AA8B368C131A0901EF304059939A49
:1029400009012A8B8144135A0A0193DA0A0163941C
:1029500064016FD01DA683A78B00139724009C43AE
:10296000BA97804363150C025E2881464E86D29743
:102970005EA87E28CA852285D6977EA81E2CD2976F
:102980001EAC3E2CD6973EAC4D378504C9B7B70573
:1029900004002285EFE0BFC961D9C5BFEFD2DD9E3B
:1029A0004111AE8485452A84EFE07FC809C5014501
:1029B00041016FD0BDA02285EF3020492A89EF3038
:1029C0008049AA89EFD0BFBD6319A904B7050800E3
:1029D0002285EFE0DFC51DE92285EFF01FA5031674
:1029E000A40103176401831784015628420541811D
:1029F000898E098FAA97329568873000A68526852B
:102A0000748478857C86EF904EFA5DD12285EF3014
:102A1000A0482A841DE1054561BF4E85EFD0FFB96E
:102A2000E306A9FA4E85EFD01FBBE301A9FA4E8554
:102A3000EFD03FBCE31DA9F651BF85452285EFE0ED
:102A40001FBF35F5B70508002285EFE05FBE5DFDCD
:102A500013064401A6852685EF902EF545F981BF22
:102A6000EFD23D949E2141112A847C84BE217C8535
:102A7000DE217C86FE212C007C87EFF03FF219C519
:102A80002285EF30403D2C00EF30107641016FD0B1
:102A90009D93EFD21D9141112A84EF30E03F05ED67
:102AA0002285EFF09F9803176401831784010316B2
:102AB000A401562842054181898E098FAA97329533
:102AC00068872C002285748478857C86EFF05FF916
:102AD00041016FD05D8FB70508002285EFE03FB55B
:102AE00061D12285EF30403B45BFEFD2FD894441A3
:102AF0004111AA89A5C02685139405011319060161
:102B0000EFF01F9D2A8A2685EFF0BF982A8BB70524
:102B100004004E85418013590901EFE05FB163075E
:102B20000510CE28F2282E94529442044A964184ED
:102B30005A96268513190601EFF01F9C4205418124
:102B400013590941B305850033062501C205420624
:102B5000C185418603D4490103D96901818D3306BA
:102B600026411394050113190601418013590901E7
:102B7000931A0401131B0901B367240193DA0A4174
:102B8000135B0B41CDC34E85EFF0BFF083D74901F6
:102B9000014A7C8083D769017C8183D789017C824B
:102BA00083D7A9017C8399CC2C002685EFF03FC9FF
:102BB00001462C000A85EF90DE872A8A01E52685EA
:102BC000EF20201D83D7490183D5890103D6A901B0
:102BD000A297239AF90083D769012E94239C890038
:102BE000CA973299239BF900239D290181465A8671
:102BF000D6854E85EFF07FD399C44E86930520028B
:102C00002685EFD0FFB94E85EFF0BFE889CC0146AD
:102C10002C0013854901EF90DE8163130A0001C582
:102C20002685EF20001741016FD04DF9839A4401AA
:102C30002685EF00507AD29A039A64013385AA4020
:102C40002A9426855A9AEF00907C42043306AA40C3
:102C500041844A96F9BDEFD2CDF141112A89EFF0B6
:102C6000DF9B1DED4A85EF3020231D468145AA8953
:102C70004A85EF20203C131A0501AA8B2146814585
:102C80004A85EF20203B93140501135A0A412A84F8
:102C9000C184639A09002686D2854A85EFF0FFE455
:102CA00041016FD0CDF04E85EFF0BFB22A8B4E853B
:102CB000EFF09FB59967B3FBFB008967AA8A639C15
:102CC000FB02E977FD17B377FA00C207C187130744
:102CD000007D6342F7023E8A9307803E63D447013A
:102CE000338A4741330A4B0393074006334AFA02BB
:102CF000420A135A0A4199677D8C8967631AF40264
:102D0000E977FD17E58FC207C1871307007D63418F
:102D1000F702BE849307803E63D49700B384974044
:102D2000B3849A0293074006B3C4F402C204C18478
:102D3000314681454A85EF20E02F131405012AC44E
:102D4000354681454A85EF20E02E8356A901835DF3
:102D50008901835B4901035C6901850D8506C20D0C
:102D6000C206A24793DD0D01C1821967338D7D41F3
:102D7000B38C864113160501420DC20CF98F096709
:102D800041844186135D0D4193DC0C41639AE70257
:102D900069777D17618F420741879307007D63C183
:102DA000E7029307803E63D4E7003387E7403307A9
:102DB000ED02930740063347F702131407014184DD
:102DC00099677D8D8967631AF502E977FD17F18FA1
:102DD000C207C1871307007D6341F7021307803ED6
:102DE0006354F700B307F740B387FC0213074006AC
:102DF000B3C7E7021396070141865294B2941317A2
:102E000004014183139A0401254681454A85131420
:102E1000070136C63AC4135A0A01EF20A0219314C1
:102E20000A011375F50F4184C1842247B24619E99E
:102E30004E85EFF08FE8854722476301F50426862B
:102E4000A285A1BD8547E30CF5FE79151375F50F35
:102E50009D47E3E6A7FEB7170300938787A90A05F6
:102E60003E951C41828789473344FB02334DFD0266
:102E70003304A4413A9442044184D1B73384BB4122
:102E80005A94CDBF89473344FB02334DFD023304CE
:102E9000A4413A9442044184B304DC40D694D294D1
:102EA000C204C18469BF3384BB415A94DDB7338403
:102EB000BB415A943A94420441848947B3C4FA020C
:102EC000B3CCFC02B3849441D9BF89473344FB029D
:102ED000334DFD023304A4413A9442044184F9BFC6
:102EE000EFD22DCC41112A84EFF02FD403176401C7
:102EF000831784010316A401562842054181898E57
:102F0000098FAA97329568872C002285748478856A
:102F10007C86EFF0BFA841016FD0EDCAEFD26DC83B
:102F200041112A842EC6EFE05FAFB2451C44CEAB00
:102F300041016FD04DC90316450103176501831682
:102F400085010318A5011C4592A1BAA1D6A123931E
:102F5000050191CBDE2B1D8EBE961D8FC29792A1CF
:102F6000D6A1BAA1FEA182809967ED8F0967639A05
:102F7000E702E977FD17ED8FC207C1871307007DD0
:102F80006341F702BE859307803E63D4B700B385E3
:102F9000B740B385B60293074006B3C5F502C20534
:102FA000C1859967F18F0967639AE702E977FD1791
:102FB000F18FC207C1871307007D6341F7023E8688
:102FC0009307803E63D4C7003386C7403386C6026A
:102FD000930640063346D60242064186B2876353C3
:102FE000C500AA873E8593170501C18763D3B70043
:102FF0002E854205418582801C5137070006F98FD6
:10300000638FE760EFD2EDB679712A84EF20D06844
:10301000AA8911E581473E8545616FD04DB922856A
:10302000EF00F04F3E302AC693F707406381071048
:10303000035984015E28014A05093309F940420910
:10304000135909412285EF0030403E302AC893F7DA
:1030500007206387073A262C7E2885049D8CC204AE
:10306000C18463160A4A1E2C5A288507998FC20705
:10307000C187639A27013E2C7A288507998FC2075A
:10308000C187E38997F82285EFF0BFA05E282C1056
:103090004E852310F1027E28930A44012311F10288
:1030A0001E2C2312F1023E2C2313F102EFF02FF914
:1030B00001462C100810EF90CEB72A8A01E54E8504
:1030C000EF10304D7E2822854209FD17BE9426ACB4
:1030D000EFF0AFBE854713590901631CF5521E2C52
:1030E000850733892741231A240110109305900284
:1030F0002285EFD0EFEA2286930520024E85EFD09D
:103100002FEA2285EFF0FF9881452285EF10D04C01
:1031100001462C105685EF90CEB163150A00854705
:10312000E30B05EE4E85EF10D0468547EDB505461D
:1031300081452285EF10107093140501797A996703
:10314000C184130AFA82269A7D8D8967133A1A0080
:103150000149631BF50069797D1933F9240142099E
:10316000135909411329197D4E85896AEFF06FE6DD
:10317000938A1A7DAA8B6391542301468145228547
:10318000EF1080352285EFF02FB7AA8AC20A228578
:10319000EFF04FB593DA0A01569513190501228510
:1031A000EFF00FB3AA9AC20A1359090193DA0A0180
:1031B0002285EFF08FEFB3045901AA942285EF2006
:1031C00010512A8C2285EFF04FAFF977C2048507A2
:1031D0000547C184014BBE8C630BE5103707040023
:1031E000930717003EC893970A01C1873ECA854DD1
:1031F000631A6C11797705076383EC0CB3079901A7
:10320000C2077977C1870507638BE70A268763D3EF
:10321000F4003E8793140701C18455A01844931607
:103220002B00C24518433697032D07006A85EFE04F
:10323000CFC02DED6A85EFF04FBE05E125468145F3
:103240006A85EF10305F1377F50FA14763E3E7025C
:103250003395AD001375951409CD031784018316BA
:103260004D01158F0507635397016687931C07016E
:1032700025A81D4681456A85EF10D05B4205418532
:1032800015E503578D0183564D01D2470507158F6C
:103290004207418393160701C186BE9663C8960113
:1032A000B307E900939C070193DC0C41050BE3177E
:1032B0006CF779770507B3879A01E393ECF4094635
:1032C00081452285EF101057131905010D468145E0
:1032D0002285EF1030561359094113160501CA858E
:1032E000DE8641862685EFF03FC82A89A1BB3707D5
:1032F0000400930717003EC893170901C1873ECA0F
:10330000854D75B7184493162B00C2451843369760
:10331000032D07006A85EFE04FB22DED6A85EFF0CF
:10332000CFAF05E1254681456A85EF10B050137790
:10333000F50F9D4763E3E7023395AD00137535093B
:1033400009CD03178D0183164401158F05076353BB
:1033500097016687931C070125A8214681456A8548
:10336000EF10504D4205418515E503578D018356F9
:103370004D01D2470507158F420741839316070178
:10338000C186BE9663C89601B387EA00939C070185
:1033900093DC0C41050BA9BDE30309F283D7290295
:1033A00093F7074085EF054681454E85EF1090481D
:1033B00042054185631455032285EFF0EF932A8976
:1033C0002285EFF0EF904A95931405012285EFF0E6
:1033D0006F91C1804A95AA94C2043DBD69757D155F
:1033E000E98CC204C1849307803E63D49700B38400
:1033F0009740B3849B0213054006B3C4A402E9BFFF
:10340000114681452285EF10F0429967931A050114
:103410007D8D896793DA0A41014B631BF500697B57
:103420007D1B33FB6A01420B135B0B41132B1B7D8E
:103430004E85896BEFF04FBD938B1B7D2A8C639477
:103440007A17014681452285EF10600C2285EFF046
:10345000AF8AAA84C2042285EFF0AF83C18026958B
:10346000131B0501135B0B0193170B01C187228509
:103470003ECAEFF04F832695131D0501135D0D0124
:103480002285EFF08FC4B304AB01AA942285EF200C
:103490001024F97737070400C204938C17009307B0
:1034A0001700C1842ACC814B3ECEE2476398770750
:1034B00079770507638FEC00B3079D01C207C183CD
:1034C0003E87C207C18763D39700268793140701FD
:1034D000C184154681452285EF10D035131B0501A7
:1034E000194681452285EF10F03413160501135B50
:1034F0000B412685E2864186DA85EFF0FFA6AA8495
:1035000063170A0089679387177DE39EFAB44246E2
:10351000B24581462285EF10E002B1B61844939679
:103520002B00F24518433697832D07006E85EFE098
:10353000CF9025E96E85EFF04F8E19E9254681453C
:103540006E85EF10302F1375F50F8D4763EEA700D2
:103550000397AD0183166401158F05076353970127
:103560006687931C070125A8214681456E85EF10CB
:10357000702C4205418515E503D7AD0183D66D0159
:10358000D2470507158F4207418393160701C1866D
:10359000BE9663C89601B307EB00939C070193DCCA
:1035A0000C41850B19B7D684E3050BF283D72902AA
:1035B00093F7072085EF114681454E85EF10902740
:1035C00042054185631475032285EFE0FFF22A8BE3
:1035D0002285EFE01FEC5A95931405012285EFE058
:1035E0009FECC1805A95AA94C204DDB5E974FD141C
:1035F000B3F49A00C204C1849307803E63D4970059
:10360000B3849740B3049C0213054006B3C4A402DC
:10361000E1BF5E28FD173E99231C2401F9B48147C0
:103620003E858280EFC2FDD72A84EF20500A2A8986
:103630008144639724053E3013F7170021C3F99B9B
:103640003EB02285EFF05F9B2285EFF0CFE09DC476
:103650001306A00681452285EF10D01D4205418149
:1036600011CD83A781A163EBA70083A781910E05EC
:1036700061153E951C414C41228582976FC0BDD497
:103680001C441397240085049C43BA978843593FF0
:103690004DB7EFC21DD183C7C1A191EF85471384F8
:1036A000C1A11CA0EF20607AAA84BE3013F72700C6
:1036B00009E7230004006FC01DD1F59BBEB026852D
:1036C000EFF05FF6DDB7EFC2DDCAAE8BAA84B28D34
:1036D0003689BA8AEFF0FFFB63960B002685EF2050
:1036E000A07BAA8B2685EF20207B2A8AEFE0DFE0F3
:1036F000AA89C2095285EFE0BFDD93D909014E9531
:10370000131B05015285EFE0DFD8AA995E85EFE033
:10371000BFDE2A8C420C5E85EFE09FDB135C0C0160
:103720006295131D05015E85EFE0BFD62A9C420C11
:10373000135D0D01135C0C01C20913140D01931CE0
:103740000C01135B0B4193D90941418493DC0C417B
:1037500063920D025E85EFE05FD685476312F50A3E
:103760005E85EFF00F87822CDE281344F4FF3E9431
:103770006A9461A0FD1D93FDFD0FD14763E5B72F4E
:10378000B7170300938787AB8A0DBE9D83A70D00F3
:1037900082875E85EFF0EF83822CDE28894C05045A
:1037A0001D8C420441843344940333459503330410
:1037B0008D402A945E85EFF02F85BE2CFA284204B6
:1037C0008507998FC2074184C187B3C79703B34C5C
:1037D0009503B307FC40E697F9A05E85EFE07FFF15
:1037E000822CDE2805041D8C420489474184334421
:1037F000F4023345F50233048D402A944204418497
:103800005285EFE09FCB83974B0103174A01420497
:10381000CA97854641803389E7406318D52452858D
:1038200001254A95330565412A9403956B014204AD
:103830004184AA9A03156A01B38AAA4052852921B4
:103840005695B3093541E699268501468545C20955
:10385000EF20004A93D90901139609014186A285F8
:103860002685EFE05FD16FC09DB45E85EFE07FF607
:10387000822CDE2805041D8C420489474184334490
:10388000F4023345F50233048D402A944204418406
:103890005E85EFE07FF7BE2C83DC640193C7F7FF02
:1038A000E697E297AA97939C070193DC0C4189BFA6
:1038B0005E85EFE01FF2822CDE281344F4FF3E9475
:1038C0006A94E1B75E85EFE03FF4BE2CFA288507E5
:1038D000998FC2070947C187B3C7E7023345E5029D
:1038E000B307FC40C1B75E85EFE0BFEE822CDE2857
:1038F000894C1344F4FF3E946A942A945E85EFE069
:10390000BFF0BE2CFA2842048507998FC207418474
:10391000C18765BDFE2883DCA401FD17B3879741ED
:10392000939C070193DC0C410144D9BD03D58B0165
:1039300003D44B01DA280505018D822C4205894705
:103940000504198C4204418541843345F502334412
:10395000F402FE28018D83DCA401131405014184C7
:10396000FD17B387974181B7822CCA28018D03D4F4
:103970008B01229503D44B01E9BF83D7AB0183DCD4
:103980006B01850761BF03D58B0103D44B01DA2896
:103990000505018D822C420589470504198C4204D6
:1039A000418541843345F5023344F40283D7AB01AA
:1039B000018D131405014184850783DC6B0155B724
:1039C000822CCA28018D03D48B01229503D44B018C
:1039D000F1BFCA28822C7D15018D13140501418485
:1039E000814C39BDCA28822C7D1583D7AB0183DC7D
:1039F0006B01FA288507B387974183DCA401018D09
:103A0000C207850CB38CEC40C20C13140501C187AE
:103A1000094593DC0C414184B3C7A702B3CCAC0287
:103A200089B7CA28822C7D1583DCA401FE28018D6C
:103A300013140501B387974183DCAB014184E697FA
:103A4000ADBF03D58B0103D44B01050571B703D579
:103A50008B0103D44B01050549BF03D58B0103D46A
:103A60004B010505D1B7814CC1B552854D2C55BBD5
:103A7000EFC23D931306B006EF10C05B1375F50F50
:103A80006FC07D94B3E7C500A1C7EFC29D914111FE
:103A90002A8432C62EC4EFD05FF81C44A2453246B9
:103AA0009A2B854622852E979AABBA2B3297BAABC2
:103AB000EFE0BFE70146AD452285EFC07FCE8547E9
:103AC0006315F5002285EFE0DFFC41016FC0BD8F7B
:103AD0008280EFC21D8D08410146A945EFC05FCC31
:103AE0006FC07D8EEFC2FD8B41112A842EC6EFD0B0
:103AF000DFF21844B2451C4F8D8B638BB70093F7F0
:103B000035000E2F2285F199DD8D0EAFEFE07FF8A5
:103B100041016FC05D8BEFC2DD8841112A842EC642
:103B2000EFD0BFEF1844B2451C4FA183BD8B638B10
:103B3000B7001E2FFD76BD899386F60FA205F58F7F
:103B4000DD8D0EAF41016FC01D88EFC29D85411113
:103B50002A842EC6EFD07FECB24518448D89939706
:103B600025000E2FCD99DD8D0EAF41016FC0BD85B3
:103B7000EFC23D8341112A842EC6EFD01FEAB24521
:103B800018448D89939745000E2F93F5F5FCDD8D34
:103B90000EAF41016FC03D831C4581C7884F0D8921
:103BA00082800D4582801C4589C7884F21813D89CF
:103BB00082803D4582801C4589C7884F09810D89D7
:103BC0008280014582801C4589C7884F11810D89FB
:103BD0008280014582801C4599C78A2B3305A0400D
:103BE00042054185828001458280EFC28DFB4111F3
:103BF0002A842EC6EFF03FFEB2450146AA95C205C3
:103C0000C1852285EFF01FE841016FC0CDFB1C4547
:103C100099C7AA2B3305A040420541858280014502
:103C20008280EFC20DF841112A842EC6EFF03FFECC
:103C3000B2453306B5004206418681452285EFF044
:103C40007FE441016FC02DF8EFC2ADF5EFF03FFC0E
:103C50006FC06DF7EFC24DF32A89F974EF2020276A
:103C6000B7090400AA8A014485048509631F540723
:103C7000414681454A85EF10E03B45468145AA898A
:103C80004A85EF10203B2A8A1306200381454A8586
:103C9000EF10403AF97785072A84638AF4000357C6
:103CA000A901B307AA00998FBE94C204C1844A85B2
:103CB000EFE0BFC10604D299AA8A4E944A85EFE08C
:103CC0005FB05694098C42044A85EFF05FF441805E
:103CD0003305A440AA874205418563539500A68712
:103CE0001395070141856FC06DED83278900131778
:103CF0002400CE859C43BA9703AA07005285EFD0D3
:103D0000DF9301ED8357AA0113970701418763539E
:103D10009700A68793940701C184050481BFEFC271
:103D2000CDE581452A89EFF0BFD48547630DF500C5
:103D300083278900014591C78A2B3305A04042059E
:103D400041856FC00DE74D4681454A85EF10802EB5
:103D5000494681452A8A4A85EF10C02D1306200363
:103D60008145AA8A4A85EF10E02C2A844A85896415
:103D7000EF20E015370B04009389F4FF2A8C81446F
:103D8000050B63119C068967C20A4204FD1793DA8A
:103D90000A0141806383F90883574901B3848A008B
:103DA000BE94B3843441C204C1844A85EFE0FFAFBE
:103DB0000604569A2A8B52944A85EFE09F9F5A94A4
:103DC000AA8942044A85EFF01FE14180229533051C
:103DD0003541AA874205418563539500A68713950F
:103DE0000701B9BF8327890013972400DA859C4314
:103DF000BA9783AB07005E85EFD03F8409ED83D788
:103E00004B0113970701418763D3E900CE8793994C
:103E1000070193D909418504ADB7F974850471B7D9
:103E2000EFC28DD681452A89EFF09FC48547631A7A
:103E3000F50083278900014599C3039507016FC0E9
:103E4000EDD74A85EF20A008F974B7090400AA8AC3
:103E5000014485048509639E8A064D4681454A854D
:103E6000EF10401D49468145AA894A85EF10801C04
:103E70002A8A1306200381454A85EF10A01BF97793
:103E800085072A84638AF40003578901B387A90050
:103E9000998FBE94C204C1844A85EFE01FA1060435
:103EA000D299AA8A4E944A85EFE0BF905694098C25
:103EB00042044A85EFF03FD241803305A440AA87EF
:103EC0004205418563539500A687139507014185F7
:103ED000BDB78327890013172400CE859C43BA976A
:103EE00003AA07005285EFD04FF501ED83578A01F1
:103EF00013970701418763539700A687939407019F
:103F0000C184050489BFEFC2CDC9AE84B7450200A4
:103F10009385A5BE2A84EF808E8F1DC54851330539
:103F2000A04042054185B74502008AA0938525C27D
:103F30002285EF80CE8D09CD48513305A040420542
:103F40004185AAA06FC02DC82285EFF0DFC8E1BF70
:103F50002285EFF0DFCBF5B7B3E7C5006385071423
:103F6000EFC28DC2854739712A843289AE84639E3F
:103F7000F60EEF10506EAA890A85EF70DEF7B7478C
:103F80000200938727AD22C03EC6B5C44E85EFB070
:103F90002ED70605268681450985EF804E8A930730
:103FA000001963F4A700130500199307800C6374CC
:103FB000F5001305800C2AD42285EFF0DFC1B3078A
:103FC000A0403ECE3ED0B74702009387A7BE3385C0
:103FD000A4403EC2B7C70000938707062AD20A86CC
:103FE000A54522853ECCEFC0AFFB8547631CF50697
:103FF0000A85EF707EF9630709064E85EFB00ED390
:1040000006054A8681450985EF806E83930700196E
:1040100063F4A700130500199307800C6374F5007F
:104020001305800C2AD42285EFF07FBEB307A04091
:104030003ECE3ED0B7470200938727C23305A94042
:104040003EC2B7C70000938707062AD20A86A54555
:1040500022853ECCEFC0CFF485476315F5000A8575
:10406000EF709EF221616FC06DB5B7450200938578
:1040700025C2EF701EECB74502002A8A9385A5BEC3
:104080002285EF701EEBAA894A86A6852285EFF06D
:104090007F9F63140A00E38709FC0146A945228536
:1040A000EFC00FF0C1B78280B3E7C5006386071089
:1040B000EFC28DAD2E84AA89368A3289EFF06FDD8A
:1040C0004E85EFF05FB1931A050193DA0A0181453D
:1040D0004E8533045441EFF0BF9942048547418433
:1040E000630FF5086354040C4E85EFF05FC3AA8498
:1040F0004E85EFF0FFD2B387A400C207C18763CE1D
:1041000007063307F0406357E400B307F040139409
:10411000070141844E85EFF09FAF131B0501135B30
:104120000B01B3046941C204C18463D504084E8500
:10413000EFF05FB25A9542054185634B0506B30720
:10414000A04063D7F4003305A04093140501C18457
:104150005694DA949315040113960401C1814182A7
:10416000B3E7C50089CB4206C205D2864186C18528
:104170004E85EFF07FDE6FC06DA4814779B763573E
:1041800080024E85EFF0BFB9AA844E85EFF05FC97B
:10419000269542054185AA876353050081471397F9
:1041A00007014187E355E4F6A28795B701449DB71F
:1041B000014551BF814469BF8280EFC28D9B0111CF
:1041C000AA8A2E852E843289368AEF10F04CC1459A
:1041D000AA84EFD0CFC56306052E2685EFF0BF9CDD
:1041E000AA892685EFF03F9EAA8DD68C19C1930C23
:1041F00044011306200381452685EF00B0632A8B16
:10420000414681452685420BEF00D062135B0B01CE
:104210005A95131C0501454681452685EF0090619E
:104220008357290083DB6401135C0C013306FC40D7
:104230005A955E9683DB2C00131D0501135D0D015D
:10424000B62C33067641EA97931B0601C20703D6C4
:104250006C00C183B385D740B295C205C185268560
:1042600036CE3ECC32CA2EC8EFE0AFD593DB0B4141
:104270002AC6C2455246E247F24663C20B1863DBC8
:10428000050063890B002685EFF07F9833057541A3
:1042900063530500814B89466382DD188D47638532
:1042A000FD188547639CFD00F22883DB2C00629695
:1042B00033067641931B060193DB0B412685EFF015
:1042C0009F8FAA8C19C1930A4401494681452685CE
:1042D000EF0050565A95131C05014D468145268521
:1042E000EF00505583570900DA28135C0C013304A2
:1042F000FC403A942A9B03D70A00420B135B0B0144
:10430000198CDA979A2C03D64A00C207C183B38668
:10431000E7404204B296C2064184C1866340041459
:1043200063D9060019C42685EFF07F9F018D635382
:10433000050001442685EFE0CFC70947638CEC12E6
:104340008D476381FC148547639AFC00C228629400
:1043500003DC0A003304844142044184B74502006F
:10436000938525C22685EF70DEBCB7450200AA8A78
:104370009385A5BE2685EF70DEBB639C0A12631A87
:10438000051293F719006381071493F7290081EB55
:10439000A28763538000814713940701418493F7F8
:1043A000490089EBDE8763D30B008147939B0701AC
:1043B00093DB0B4193F98900639A0900DE8763530D
:1043C00070018147939B070193DB0B4183570900E1
:1043D000228763130A000147BA972310F9005E870A
:1043E0008357290063130A000147BA972311F90084
:1043F000D2865E86A2852685EFF01FB6D9A0E35B44
:10440000B0E8B387F6403386C740931B0601268584
:1044100093DB0B41EFF01F845E959DBDB22C83DBD7
:104420006C003306A64169B5B2473306AC0183D5AB
:104430002C003386C74083D76C004206418685072F
:104440008D8FC2073346D602C187EA282A9C330CD7
:10445000BC40B3C7D70262961D8EA9BDE35BD0EC0A
:104460003304F740118C420426854184EFF05F9BB2
:10447000229575BD822C3304644103DB4A0033046A
:104480006441D9BD83D74A0083D60A00629B850761
:10449000958FC20733056541C1874205B3C7E7025F
:1044A0004185C2286294158C3345E5021D8C2A94FF
:1044B00065B50146A9452685EFC08FAE8547E30265
:1044C000F5EC05616FB0BDEEA28763530400814730
:1044D00013940701418455BDEFB2BDEC2E84B7455E
:1044E000020041119385A5BEAA8432C6EF707EA456
:1044F0002685EFF04FEEB3058540B246C205014672
:10450000C1852685EFF05FBA41016FB0DDEBEFB2F8
:104510005DE92E84B74502004111938525C2AA8426
:1045200032C6EF701EA12685EFF06FEE018DB24608
:1045300013160501418681452685EFF0FFB641013E
:104540006FB07DE8EFB2FDE54111B28436862A8472
:1045500036C6EFF07FF8B246A68522853686EFF0A4
:104560001FFB41016FB03DE6EFB2BDE341112A846C
:104570002E89EFF00F92228502C6EF10F011A2856E
:10458000AA84510481E441016FB0FDE3CA86700042
:104590002285EFF09FC22685EF101010A685AA8411
:1045A000D5B7EFB21DDDAE8479712A84B2897D570B
:1045B000FD56014681452685EF703EB781454E8503
:1045C0007D57FD560146EF705EB6C1452285EFD09E
:1045D0000F86630205222A8B2285EFF0EFDB2A8A01
:1045E000630B05200145EFA09EFB89472A896302E2
:1045F000FA202285EFF0AFE12ACC2285EFF08FE59B
:104600002A8D2285EFF0AFF12ACE2285EFF05F816F
:104610002AC62285EFF02FD91377C500AA8A014C4C
:1046200009CF05476306EA1E0D476319EA1CE247F6
:104630005A8C6344F000332CA00193FA3A00639B38
:104640000A1C014B63090C1AC1652285EFF04FC2A9
:104650002AC84146C1652285EF00D01D2AD04546B3
:10466000C1652285EF00101D4946C165AA8C2285CF
:10467000EF00501C4D46C1652A892285EF00901B32
:104680000546C1652A8A2285EF00D01A2ACA831AF4
:1046900041012285EFE0EF92AA8D2285EFE06F9134
:1046A00056C4AA8B63130C0002C463130B00814A27
:1046B00013061002C1652285EF00D0171375F50FA0
:1046C0000547637FA71663190C1863060B12324760
:1046D000F24793990B0193D90901B38AE700C20A03
:1046E00093DA0A01338759014207418763050710AE
:1046F0003E2C131B0901A246B38C9741D247C20C32
:1047000093DC0C0123939401B38CFC408317440188
:10471000135B0B41131C0A019EA083178401135CD9
:104720000C41850CDEA0B3876B41B3878741958F21
:10473000B38B7703239194010145A94CB3CBEB02D2
:10474000EFA09EE19307F00E33079503C20B93DBB6
:104750000B41054563DDE7000145EFA0FEDF3305B2
:104760009503930C000A1305050533459503634B28
:1047700075030145EFA05EDEA94C9307F00E854B53
:104780003305950363D0A7020145EFA0FEDCB30B10
:1047900095031305000A938B0B05B3CBAB02C20B39
:1047A00093DB0B41C20A4209420A93DA0A411359C8
:1047B0000901135A0A01835C81005628634A503567
:1047C000424685471A2C631AF6327D19B3872601B3
:1047D000BE9C330A4741239094012392440121A8AF
:1047E0004A85EFC0CFCFE306A4E04A85EFA03EDBC9
:1047F0002A89E31709FE45616FB07DBB0947E31EB7
:10480000EAE24A85EFC00FCC5115133C150035B5CF
:104810005A8C25B50547E309EAE28D4A63195A0126
:10482000F247E343F0E2B247E340F0E219BD094743
:10483000E319EAE04A85EFC0EFC8E31455E129B572
:1048400013061003C1652285EF00C07E1375F50FB6
:104850000547E36AA7E645B793970D01C1833ED4A8
:10486000E247EA97C207C1833ED2125793970D01E0
:10487000C1833386E70093160601C186E38706E409
:10488000831764014247B0822391F9008317A40182
:104890002393F9008547631FF70C5A289307F6FF07
:1048A0004A97420741832390E9003E972392E9000B
:1048B0008317010201453ECCE2473386FD409397C2
:1048C0000C01C1871D8E330656413306B603A94D30
:1048D0003346D6024206418632D6EFA0FEC73307E2
:1048E000B5039307F00E0545325663DEE700014538
:1048F000EFA09EC63305B503930D000A325613058B
:1049000005053345B503634AC5020145EFA0DEC482
:10491000A94D9307F00E05463305B50363DFA700E5
:104920000145EFA07EC33306B503930D000A1306BD
:1049300006053346B60342064186835601027A28AD
:104940008315410293970A013697939D0C01C18309
:10495000420793DD0D013E8C41836349B0023E2C3A
:1049600093CDFDFF2391E900BE9DB38D8D4123932F
:10497000B901A1BB1E2CB3874741C207C183239253
:10498000F900918F85072390F9001DB72255B38751
:10499000B6014206B307F5404182B3878741918F44
:1049A000C207C1833E97C207C187338DA7037D1617
:1049B000B347BD02B307F740C207C183139707018E
:1049C0004187B2972391E9002393F900031D640105
:1049D000E247EA976352F708369D420D135D0D4199
:1049E0002391A9010145EFA03EB7A947B306F502FF
:1049F0001307F00E0545635ED7000145EFA0DEB555
:104A0000A9473305F5029307000A13050505334549
:104A1000F502839769002A9D63D0A705014503DD50
:104A20002900EFA07EB3A9471307F00EB306F502E5
:104A300005456350D7020145EFA01EB2A9473305D3
:104A4000F5029307000A130505053345F5024205F3
:104A500041812A9D2393A9018317A40193960C01F8
:104A600003976900B38A5741C186B38ADA40E3DE0F
:104A7000EAC4B38DB741B38D8D41C20D93DD0D41B5
:104A80002393B9010145EFA03EADA94A3307550371
:104A90009307F00E054563DDE7000145EFA0DEABAF
:104AA00033055503930A000A1305050533455503DD
:104AB00083972900B38DAD40E3D9FDC0014583DA6A
:104AC0006900294DEFA05EA99307F00E3307A503F7
:104AD000054563DFE7000145EFA01EA83305A503E8
:104AE000130D000A130505053345A5034205418151
:104AF000B38AAA4023915901C9BE134AFAFF3A9AD0
:104B0000B307D900B30C9A419EA023929401E5B15A
:104B1000B3074901C20BB387F94093DB0B01B3879D
:104B20009741B3877741C207C18332461397070184
:104B300041873307C702FD1BC20B93DB0B01B34A4E
:104B400057030547B3875741939A0701B307D90025
:104B5000C246C20793DA0A01C183639EE612E69752
:104B6000BE9AC20A93DA0A0113970A0141879AA0F2
:104B700083174401A246DE9A3E9B23925401369B42
:104B8000635167093E99CA9CC20C93DC0C41239087
:104B900094010145EFA05E9C294933072503930743
:104BA000F00E054563DDE7000145EFA0FE9A3305F1
:104BB00025031309000A13050505334525038397CB
:104BC0004400AA9C63DF9703014583D90400294967
:104BD000EFA09E989307F00E33072503054563DF8A
:104BE000E7000145EFA05E97330525031309000A8E
:104BF000130505053345250342054181AA992392F2
:104C000034018317840103974400338C8741E354B4
:104C1000ECBE338A4741420A135A0A4123924401A7
:104C20000145EFA07E932944330785029307F00ED8
:104C3000054563DDE7000145EFA01E9233058502BF
:104C40001304000A13050505334585028397040004
:104C5000330AAA40E351FABA014503D94400294472
:104C6000EFA09E8F9307F00E33078502054563DFA3
:104C7000E7000145EFA05E8E330585021304000AAC
:104C80001305050533458502420541813309A940D5
:104C9000239024018DB6BE9A93970A01C18313977E
:104CA00007014187DE979AA0DEA0831744013E9B4F
:104CB000635067093E994209135909412390240121
:104CC0000145EFA07E89A949330735039307F00E0C
:104CD000054563DDE7000145EFA01E883305350378
:104CE0009309000A130505053345350383974400EE
:104CF0002A9963DF2703014583D904002949EFA0DE
:104D0000BE859307F00E33072503054563DFE700F3
:104D10000145EFA07E84330525031309000A13051E
:104D200005053345250342054181AA9923923401A3
:104D3000831784012247839644003387E740330C6E
:104D40008741E35ADCAA338A4741B30C9A41C20C2B
:104D500093DC0C41239294010145EFA0EEFF29441E
:104D6000330785029307F00E054563DDE700014533
:104D7000EFA08EFE330585021304000A1305050516
:104D80003345850283970400B38CAC40E3D5FCA681
:104D9000E1B5EFB20DE1411130008A852A84EFF0D0
:104DA0005F800A85EF704EBA09E52800EF70CEB932
:104DB0000DC10A85EF704EB909C58A852285EFD0ED
:104DC0003FCA2800EF704EB809C52C002285EFD0ED
:104DD0003FC941016FB02DDFEFB20DDB2A84AE89F0
:104DE000EFE07FDE05E92285EFE07FE2AA842285FD
:104DF000EFE05FE663500502635E90003306A0407B
:104E000063D3C40026864206CE864186814522852C
:104E1000EFF08F942285EFE01FDA21E12285EFE0A9
:104E20001FF02A892285EFE0BFFFAA8481452285F1
:104E3000EFE01FC485476304F50263D00402635E9C
:104E40002001B30590406353B900CA85C205CE86E0
:104E50000146C1852285EFF02F906FB02DD6E35E1D
:104E600009FEE35C90FECE860146CA85E5B7EFB247
:104E7000CDD02A8A1385812EAE89B28BB68CB70A23
:104E80000001EF705ED1416B2A840149370C0F009D
:104E9000FD1A7D1B01E44A856FB0ADD1E30D94FF8F
:104EA000A2851385812EEF703ED01C402A8D63971A
:104EB00047071C4463843701639289075C4063841D
:104EC0007701639D6B05014935A00327CA0093173D
:104ED0003900BA97D8439316670063DC06006386EF
:104EE000890133775701631637014C408843EF80BF
:104EF0001ED5050983270A02CD8393F7F703E366DE
:104F0000F9FC81452285EF70CE82A2851385812E22
:104F1000EF70BEBF2285EF707EF005496A849DBFA9
:104F2000EFB28DC6AA89EF00907A2A8901446314F2
:104F300024016FB0ADC883A78900131724000504AE
:104F40009C43BA9784432685EFD0BFB401469305AE
:104F5000A0022685EFB0DF842685EFD09FB326859B
:104F6000C137F1B7EFB2EDC31C512A844845CD8358
:104F70003706000193F7F70301477D166368F700D2
:104F80006383E7020E073A956FB0EDC393163700BF
:104F9000AA96D4429394660063D50400F18EE3830D
:104FA000B6FE0507E1BF3A30850793F7F7039396FE
:104FB0003700137777E0558FAE843AB0B685EF802F
:104FC0000E9B1C5048C4CD8393F7F703FD178DEF5C
:104FD000A145EF800EA821450329C400EF804E961D
:104FE0005C442320A9008843EF801EBC4844370757
:104FF0000002939584005C41B70400FFA181D98F22
:10500000FD8CCD8C44C149B7139737002A9783266E
:1050100087FF14C38326C7FF54C34DBFEFB26DB8DB
:10502000D1451385812EEF709EA56FB0CDB9A382B7
:10503000A1828280EFB2EDB341112A843285AE891C
:105040003289370A0001EF805EFA137C1500854C27
:105050007D1A19E4638A090E4A85EF80DED695A889
:105060004A85EF80DEE5835B040204503395AC0093
:1050700013CBFBFF420BC980937AF50F135B0B0137
:105080008588014DB70DFF001C50CD8393F7F703C2
:105090006366FD00FD5DB706FF0059A05C44131771
:1050A0003D003E975C4393966700E3D506FE8DE492
:1050B000B3F74701B3F7B7016390F90208437C21C6
:1050C000B3F7FA0091CB7000CA85EF80FEC509C521
:1050D000324541016FB0ADAD050D7DB75844931712
:1050E0003D00BA97C443B3F4440133F7D400639846
:1050F000E90288437C21B3F7FA0095C3C204C1805A
:10510000B3779B0089EF63DC9D007000CA85EF8058
:10511000BEC1B706FF0001C5E38C9BFAA68D050D45
:105120001C50CD8393F7F703E36AFDFAFD57E39133
:10513000FDFAE3010CF2639709002285EF00D055D8
:105140002A8401BF814931B785476305F90091473A
:10515000E314F9F01C40054799E301459DBF63172F
:10516000E9000395470135F59C43FDB703956701B9
:10517000DDBFEFB20DA30041B704FF001C44504057
:105180000840FD8CA685EFF0FFEA0329440048C4DF
:105190000840A2864A86A68523220400EFF03FCD70
:1051A0000C44084023222401EFF0DFDB50444C4044
:1051B0000841EF801ED26FB00DA183C75182638278
:1051C000070EEFB26D9C3289AE842A84EFD07F8CBB
:1051D000B705FF004A85ED8CEF803EE1937A4500EC
:1051E0004A85EF809EE0937925004A85EF80FEDFB7
:1051F0002A8B638F0A00B7070F00639FF4040146F0
:105200009305A0022285EFB0AFD92285EFD02FC43D
:10521000B7070F006383F400B5E4C167FD17630BA4
:10522000F90663990A06639309062285EFD07F8603
:10523000C167FD17630AF900137B1B00630C0B00A9
:10524000B3E9590163880900C1676385F4002285C9
:10525000EFF01FCD6FB08D96DDD0114681452285D0
:10526000EFF05FDD4205096A4185130A1A7DE30804
:1052700045F9054681452285EFF0DFDB4205418592
:10528000E30F45F7C167FD17E31FF9F82285EFD05B
:10529000AF9A61BF2285EF0030406DD5EFD02FBBB4
:1052A000D5B78280EFB24D8EB28441662E89814699
:1052B000A6857D162A84EFF09FBB0C504844814997
:1052C000CD8193F5F50337070003139A390063E0A6
:1052D000B9063A30850593F5F503939735001377B2
:1052E00077E05D8FBE853AB0EF707EE81C5048C411
:1052F000CD8393F7F703FD1763E2F9045295A145B7
:10530000EF703EF55C4493968400370600FFD29719
:10531000D843A18223A02701718F558F4166D8C33E
:105320007D16A6852285EFF05FE96FB02D89B30762
:105330004501DC43F98FD1DF850941BF1397370061
:105340002A97832687FF14C38326C7FF54C365B7F4
:10535000EFB28D839C512A892E84CD8393F7F70376
:1053600001476372F70263090900544413163700BA
:10537000B29694426392260341667D16B7050F00EC
:105380002285EFF09FE32285EF007034AA898144E3
:10539000639634016FB08D820507E1B71C44139703
:1053A00024004A859C438504BA978C435537CDB772
:1053B00083C751829DCBEFA2DDFE2A890145EFA074
:1053C0000E9C2A840DE16FB00D805C44139724007D
:1053D0004A85BA978C438504EFF09FF75C50E3E66B
:1053E000F4FE2285E9BF8144D5BF8280EFA2DDF9BA
:1053F00003290500B706000141110147FD16832767
:105400000902CD8393F7F703637CF70E0328C900E5
:10541000931937004E988327480013966700635608
:1054200006001045F58F6384C7000507C9BF5441C6
:10543000930740046384F60263E9D70293074003AD
:1054400063E2D7029307300363F7F606930700027F
:105450006386F600930700036392F6046342B00C80
:105460004225B9A893076003C5BF930770056384FD
:10547000F60463E9D70093077004E381F6FE93070F
:105480005005D9BF930780066387F60293079006FD
:105490006383F602930730066389F6068DC193078E
:1054A000F00F6382F50658451C49998F3384B70283
:1054B00021843A9431A09307E00F63C6B7044045B6
:1054C0002A8A032508007000B685EF80FE85854492
:1054D00009C5B244818CB33490008327C900832569
:1054E0004A002286BE9903A50900EF809E9E89C8C6
:1054F00003264A0083258A0003250A00EFF0FFCB2C
:1055000041016FA0BDEB004965BF5C450049CDDBA3
:1055100019E03E8475B71307F007E343B7FAD5BF28
:105520009307E00F63D4B700022959BF422583587F
:1055300005013706E10793170401139708011306C5
:10554000F681C18F33671701F18F718F1384450086
:105550001D8F0D843304870215803E94B377C400F9
:1055600013D407015D8C4204418099BFEFA2FDE096
:10557000131B06013709FF002A84AE89135B0B0158
:105580003379260181C5FC31814499C3C164FD147E
:10559000B70A0001416A8146814CFD1A7D1AB70B9A
:1055A0000F00370C00031C50CD8393F7F70363EB18
:1055B000FC0099C691C42686CA852285EFF0FFBFFC
:1055C0006FA03DDF5C44139D3C00EA97D0433377E6
:1055D000560163074B0193150701C181639E650165
:1055E00063077901B705FF006D8F63172701638794
:1055F00009009C4363843701850C75B793176600D7
:1056000063D8070081465286CA852285EFF03F861F
:105610005C44EA97D8433377EC0009CF8843EF80A6
:105620008ED95C44EA978843EF704EFF5C443E9D00
:1056300023200D00E6870C504844CD8193F5F503F7
:105640001387F5FF63E3E7023E309385F50393F597
:10565000F5031397350093F777E0D98F3EB0BA85FD
:10566000EF70FEB048C485463DBF850713973700ED
:105670003A951841232CE5FE5841232EE5FE65BFDF
:10568000EFA29DD000411385812E04408329440060
:10569000EF70CECF35E59C50370A00010147CD832E
:1056A00093F7F7037D1A637BF704D444931A37000A
:1056B000D696D44213966600635806061044B3F695
:1056C00046016393C606A2851385812EEF70EEC353
:1056D0002285EF70AEF4C044CE8556940840EF802A
:1056E0000ED6DC44D6978843EF80EEFC01C95040CB
:1056F0000C40268533764601EFF05FE76FA01DCCA6
:10570000630E850018411C40631AF70018451C44BD
:105710006316F70058415C40E302F7FEAA85138543
:10572000812EEF70EEC7BDB70507B5BFEFA2DDC58F
:105730002E890C512A844845CD813708000141113A
:10574000B68493F5F50381477D1863E4B7023E30D4
:10575000850593F5F5031397350093F777E0D98F17
:105760003EB0BA8532C6EF709EA048C4324605ED01
:1057700001A0139737002A9754439398760063D279
:105780000802B3F60601639ED4000843CA85EF8081
:105790004EF44A86A6852285EFF03FA241016FA014
:1057A000FDC185075DB71850E155370800034D83EB
:1057B0001377F70393173700C1179309F7FFB30562
:1057C000B702AA970E07639809048E09A1454E9562
:1057D00032C6EF701EA82145032AC400EF705E9602
:1057E0005C444E9A2320AA00CE978843EF80CEBB1C
:1057F0005C4437070001B70600FFBE9983A7490044
:1058000003A50900D98F7D17658FF58FD98F23A246
:10581000F9003246A5BFD443B376D800DDF683A89D
:105820000700B386B700BA9623A4160183A84700E1
:10583000FD19E11723A6160179B71C5137030001A2
:105840000147CD8393F7F7037D136364F7000145A8
:1058500082808328C50013183700469883284800A3
:10586000139E7800635E0E00B3F86800639AD80058
:10587000EFA23DB303250800EF800ECB6FA0BDB4AF
:105880000507E1B718513708000181474D831377A9
:10589000F7037D1863E6E7006312F7020145828093
:1058A0008328C50093963700C696D4429398760015
:1058B00063D00802B3F60601639CC600EFA27DAE7A
:1058C00058458E07BA978843EF806EB76FA0BDAF7B
:1058D0008507C9B7EFA25DAB3E3112B1328A93E7BB
:1058E00047003EB1104739712A843689BA842E8B1D
:1058F000EFF04FF49044AA8A23102403DA8522851E
:10590000EFF04FF33E30ED9B3EB06384AA1090441D
:1059100023104403DA85AA892285EFF0AFF12A8AA1
:10592000DA85231024032285EFF0CFE38C4408416D
:105930005286EF800EDA9844930700066315F70449
:10594000A167FD176304FA00639FF9022285EFC087
:105950005FE6094933452503931A05012285EFC007
:105960005FE533452503A167FD1793DA0A41420538
:1059700041856318FA0263DFAA00138A1A00639450
:10598000F90093891A001385812EEF704E902A89B1
:1059900011ED01A0130A1500E397F9FE9309150014
:1059A000DDB7E392F9FEE3DBAAFEE1BF9C442326C8
:1059B0004501232835015CC100C1232465010A8506
:1059C000EF606ED3B75702009387C73E3EC2B7570A
:1059D0000200938727173EC4B757020093870768D2
:1059E0003EC69307F00F3ED29E200A854AC03ED4A1
:1059F000BE2002CE02D0B307F0403ED6DC443ECCFF
:105A00008347E103F99B230FF1029C483ECAEF60F4
:105A1000AED721616FA09D9AEFA21D9732840DCD64
:105A2000130630062A89AE89EFF0CFE0AA840DC5AF
:105A30001C419DC313064006CE854A85EFF08FDFDB
:105A40001376F50F11CA9C40A285268582974205E0
:105A5000C17741817D8C498C22856FA03D96EFA254
:105A6000BD92B709000141112A8A01498144FD19FB
:105A700093CAF5FF134BF6FF83270A02CD8393F7F2
:105A8000F7036376F9128327CA00131739003E978C
:105A90005C439396670063C90610B3F73701C207EA
:105AA000C183B3F6FA00B377FB0093B6160093B741
:105AB0001700638BF60E00437000C1452285EF800E
:105AC000AEA66315050E7000C5452285EF80CEA5F4
:105AD000631E050C7000C9452285EF80EEA4631794
:105AE000050C7000CD452285EF800EA461E17000A9
:105AF000D5452285EF804EA355E97000D14522851A
:105B0000EF808EA245E570009305A0062285EF8008
:105B1000AEA149ED7000B1452285EF80EEA059E5B8
:105B20007000B5452285EF802EA049E170008545C3
:105B30002285EF806E9F3DE9700091452285EF80C0
:105B4000AE9E2DE5700089452285EF80EE9D39EDF2
:105B500070008D452285EF802E9D29E970009545C6
:105B60002285EF806E9C39E1700099452285EF8097
:105B7000AE9B0DED7000930520032285EF80CE9A39
:105B800015E57000BD452285EF800E9A05E1700095
:105B9000B9452285EF804E9911E97000A94522850B
:105BA000EF808E9809C989440509F9B58D44268589
:105BB00041016FA0BD807000AD452285EF80CE967B
:105BC0007DF17000BD452285EF800E9669FD700065
:105BD000B9452285EF804E9579F5700093057003E5
:105BE0002285EF806E9461F1700093058003228519
:105BF000EF808E934DF97000930550032285EF805E
:105C0000AE9255F17000930500042285EF80CE918D
:105C100059F97000930550042285EF80EE9041F50C
:105C20007000930510042285EF800E902DFD70000A
:105C3000930520042285EF802E8F35F570009305A3
:105C400030042285EF804E8E39FD7000930590045C
:105C50002285EF806E8D21F9A1F88544B1B7420508
:105C600041818280B707FF007D8D8280EFA26DF3B6
:105C70001306B005AA842E89EFF0CFBB1374F50F7D
:105C80001306B006CA852685EFF0CFBA11E00544A9
:105C900022856FA04DF3EFA2CDF0B2862E8685450A
:105CA000EFF0DFA86FA02DF2EFA2ADEFB2862E8647
:105CB0008945EFF0BFA76FA00DF1EFA28DEEB28680
:105CC0002E869145EFF09FA66FA0EDEFEFA26DED50
:105CD000B2862E869D45EFF07FA56FA0CDEEEFA298
:105CE0004DECB2862E86A145EFF05FA46FA0ADED1E
:105CF000EFA22DEBB2862E86A545EFF03FA36FA055
:105D00008DECEFA20DEAB2862E86C145EFF01FA200
:105D10006FA06DEBEFA2EDE8B2862E86C545EFF0E1
:105D2000FFA06FA04DEAEFA2CDE7B2862E86C9454F
:105D3000EFF0DF9F6FA02DE9EFA2ADE6B2862E86D1
:105D4000CD45EFF0BF9E6FA00DE8EFA28DE5B286C6
:105D500013960501411141829305000223100100B1
:105D6000EFF0DF9C41016FA00DE6EFA28DE3B2865C
:105D70002E8693051002EFF07F9B6FA0CDE4EFA27B
:105D80004DE2B2862E8693058002EFF03F9A6FA017
:105D90008DE3EFA20DE1B2862E8693052003EFF08E
:105DA000FF986FA04DE2EFA2CDDFB2862E8693055D
:105DB0000005EFF0BF976FA00DE1EFA28DDEB28678
:105DC000139605014111418293052005231001001E
:105DD000EFF0DF9541016FA00DDFEFA28DDCB28601
:105DE00013960501411141829305500523100100CE
:105DF000EFF0DF9341016FA00DDDEFA28DDAB286E7
:105E00002E869305B005EFF07F926FA0CDDBEFA259
:105E10004DD9B2862E8693050006EFF03F916FA014
:105E20008DDAEFA20DD8B2862E869305A006EFF08C
:105E3000FF8F6FA04DD9EFA2CDD6B2862E869305E7
:105E4000B006EFF0BF8E6FA00DD819C15C4191E391
:105E500082803E85DDBFEFA2CDD45C4199C3EFF0D7
:105E6000DFFEAA8413850120EF605ED205C5545180
:105E7000814709A858451396270032971843630BAA
:105E800097008507E398F6FEAA8513850120EF6049
:105E90003ED1E9BF6FA02DD319C148418280014591
:105EA000828018451DC35443AE8763D80500B3876D
:105EB000D500BE85014563CB0700014563F8D700D7
:105EC0001C438A05BE9588418280014582801C451D
:105ED00099C3C843828001458280EFA2EDCA014484
:105EE00011CD032945000144630A0900AA844A85AB
:105EF000EFF0FFFDAA89639689007D5422856FA08B
:105F0000EDCBA2854A85EFF0DFF9E389A4FE050415
:105F1000DDB7EFA20DC90146930510022A84EFA058
:105F20003F8821CD81452285EFF0BFF729E9228501
:105F3000EFB08FF12A890145EF906EE6AA8431E136
:105F40002285EFB03FC45C402285C1E7EFF0BFF08F
:105F5000AA844C514845814713972700639FB70493
:105F60002A97FD15110763E1B706CCD08A05EF70BB
:105F70000EA0C8C42285EF607EEA6FA0CDC4513F59
:105F800055B79C546305F400DC546316F400A285F5
:105F90002685EFA09FC4DC586314F40023AA0402F2
:105FA000FC48631AF900EFA01FD86316A400A2856D
:105FB0002685EFA09FC2268541B7B306E50094422F
:105FC000E300D4FA850749BF14438507232ED7FE83
:105FD00051BFEFF09FF05C408447CC409C40FD15E2
:105FE0006369B500CCC03E858A05EF704E9888C0C5
:105FF00051B7050513172500BA97984323AEE7FE5E
:10600000D9BFEFA26DB82A89EFC0BFA86309090400
:106010000324490029C42285EFE0BFD78144814988
:106020004A85EFF01FEF1DC42285EFD08FE6814532
:106030002285EFE07FDA2285EFE0BFD501469305A8
:1060400020022285EFA0CFF501469305400222856C
:10605000EFA00FF599C023A809006FA02DB64A85BF
:10606000EFF07FDFAA8975D904490144B384244144
:1060700093B4140075B75C416388070E6386050E00
:10608000EFA28DB02A84AE84EFC0BFA02685EFB00A
:10609000DF98032944002285EFF03FE4032A8900BA
:1060A000AA89832A0A004A85EFF07FE27D1563CD35
:1060B000A90883254A00FD152322BA00D1CD8A05FF
:1060C0005685EF70CE8A2320AA0083A9840083A579
:1060D000490003A50900850523A2B9008A05EF70D0
:1060E0000E8923A0A9002685EFF07FDE9C440A05D7
:1060F00081459C43AA9723AE87FE4A8544C0EFE0C2
:10610000BFCD4A85EFE0FFC82286930520024A856D
:10611000EFA00FE90146930540024A85EFA04FE842
:106120002286930520022685EFA08FE7014693057E
:1061300030022685EFA0CFE62285EFC04FD1228521
:10614000EFC03F956FA08DA7850993972900D6973B
:10615000984323AEE7FE81BF5685EF603ECC832790
:10616000890023A0070095B78280EFA28DA3AA849F
:106170002E8463D20504014591C0C840EFF03FD59D
:106180002A94014999C003A94400635804026FA0EE
:106190008DA383A5C7FFF117CCC3E39CC7FE369739
:1061A00004C30146930520024A85EFA06FDF4A85AC
:1061B000EFC03F8EE9BF61F901494A85EFF03FD159
:1061C000E357A4FC2685EFF05FD1E302A4FC83270C
:1061D000890093162400984393172500BA97330635
:1061E000D700E348A4FAE30CF6FACC43910723AEB8
:1061F000B7FED5BFEFA2ED9A1A259E21411103D813
:106200002500BA977C843E253E982315010103D8CA
:10621000450042977886FA212C00BA977C875C4922
:10622000829741016FA02D9AEFA20D9641112E8405
:106230000146D1052A89EF60CE9F09E5014541015C
:106240006FA0CD9785452285EFB06FBE65F9300010
:10625000C945228502C44AC6EFA08FD42247894788
:10626000E30EF7FC2285EFF09FC6AA89814463976D
:106270009900A2470145E1F72285D1B71C44139745
:1062800024004A859C43BA978C43793F4DF9850495
:10629000F9BFEFA20D8EAA8B03A501A27971138419
:1062A00001A2EF906EAF83A70B00AA8903A9870311
:1062B0008327C90299C34A85829783A7090089EF7A
:1062C0000840054723A8E9000441D4449C4E858B2F
:1062D00085E323AA09001DA083A74900F5D31C402C
:1062E000884383A70901E9DF1C55E5DF8297C5BF15
:1062F0009C4E8583858BF1DF23AAE90083A74901A2
:1063000003A70B003ECC5C4B638807181C4B03248F
:106310004900032D090013F607036305063C918B22
:106320006382073C9C48194713F667006306E6162C
:1063300013F70703130600026314C7080358440049
:10634000035364000E202A2093071800130613003D
:106350008D8F098EC20742064186C187B387C70267
:10636000EA881387F7FF8607EA973A86330EC74015
:10637000F917636CCE02BA209E206A867D17FD173E
:106380004207C2074183C1833305A740B385B740A5
:1063900033076740B38707416AA04EA03AA01EA00A
:1063A000A2852685EFF01FE5C5A883DE080003DE81
:1063B00007007D162390D7012390C80189087DB777
:1063C000C18BF9CBEF904E9D83150400031644005A
:1063D0000358640093970501C183930A16003EC4D5
:1063E0001397050193970A01C18341833387E740DF
:1063F0003EC283172400420741833EC6131907019A
:1064000085671359094193870740B3D72703835AF8
:10641000C1000508AA8C33085841131C0801135CFD
:106420000C413E8A6353FC00628A93170A01C187BC
:106430003EC89C48414593F707036395A708BE20D3
:10644000A2461386F7FF158E924672A0958F3EA046
:10645000894713061900B346F902B347F60236D24C
:106460003ED0CA87635309008147C207C1878607A8
:10647000130BF7FF3ECE93170B01C1833ECA9387E0
:10648000FAFFBA970143014A3ED46340830563058E
:106490000A005285EF60BE9A83A709008DC383A6C8
:1064A000490091CE03A70B00184B058B19C3624717
:1064B00019C703A78900639BE72223A4D90045617C
:1064C0006F90FDEE2EA072A061B7C247B30D6C4075
:1064D00063D3B701BE8D0547139B0D0123A8EC00C4
:1064E000135B0B416315031263432C1383A3040155
:1064F0008142014593F30303125793170501C187A6
:1065000063D7E708D247338FA740420F135F0F418D
:10651000B30D2F038147A9A85247939F070193DF2B
:106520000F013307F74142074187B3855700330610
:10653000E90286056E97EA950607930600036A97B7
:1065400083D00500B307F9022A9606066A96FA97E1
:106550008607EA976394D302162296A10E230EA211
:10656000922312A323901700850F93970F01C187E1
:106570000257E3C3E7FA0505CA92BDBF962396A169
:106580000E238EA31E221EA323101600F1BF9C48CB
:10659000414793F70703639EE704B2471EA0A25743
:1065A0005EA04A8BB30D630163C58D1303A78C01F5
:1065B000058B6300071203A78C010583058B630A13
:1065C0000710054723AAEC00528663130A006A8667
:1065D000A2852685EFF01FC203A70C01631E070EDC
:1065E000B3072B0313930D011353034186073E9DFD
:1065F00069BD9E202247FD17B3875741C207C1835B
:1066000005075EA0BA971247998F1EA059BF631A5B
:106610000A000D65130505801AD6EF609EB8325347
:106620002A8AB30069038C48DA835A8693F50503F6
:106630006A8F3387C340420741876348670398489E
:10664000C20D1316030113770703C14593DD0D0136
:1066500041826313B7063387CA00420741831AA0F9
:106660007D17BA9D2312B40135BF9307000333870A
:10667000C0406394F5001307F6FF0145931F050121
:1066800093DF0F4163C62F01F2477D163E9F55B73A
:1066900093121500FA9283D20200931F1700D29F23
:1066A00023905F00930700036395F5005A97050553
:1066B000F1B733076741E5BF9A207D17330757418C
:1066C000118F420741835AA005073307B7411AA02B
:1066D000D1BD23AA0C00CDBD9854E30F07EE26854B
:1066E0000297DDBD6A86A2853A856DB923A4F900BB
:1066F000F9B38280EF925DC92E840111AA84854589
:106700002285EFA0DFF2631B050C0C08228503A98C
:106710008400EFB0FFFD2285EFB03FD12A86AA8525
:106720000808EF505EA41008CA852800EF50FEA7A5
:1067300001E9B70508002285EFA07FEF014A1DC1DE
:106740003C009CC42686D1452285EFA06F85268615
:10675000D5452285EFA0CF842686D9452285EFA096
:106760002F84054AB70508002285EFA05FEC930946
:1067700081010DC92146CA854E85EF40802C23A496
:1067800034012285EFF0AFF4AA8A814963833A038A
:106790001C441397290026859C438509BA978C438E
:1067A000913FEDB713064401CA854E85EF50FE9F19
:1067B00079F563030A023C009CC42686DD452285E8
:1067C000EF901FFE2686E1452285EF907FFD26860D
:1067D000E5452285EF90DFFC23A4240105616F903D
:1067E000FDBDEF927DBA2A89AE8499E503A501A289
:1067F000EF90FFDAAA8411C94A85A685EFF09FEFD2
:106800002685EFF06FE92A8419E16F903DBB228560
:10681000EFF0EFEBAA8A8149014A639659034A8651
:10682000DD452285EF90DFF74A86E1452285EF902E
:106830003FF74A86E5452285EF909FF62285EFF0E7
:10684000AFE5A284C9B71C44139729009C43BA97AB
:106850008C4363180A00B385B44013BA1500850948
:106860006DBF4A85EFF01FE9DDBFEF92FDB1AA844D
:1068700003A501A25D71138401A2EF80FED11C412A
:1068800085E3084003A94400EF907FD1AA854A859B
:10689000EFF09F991C40AA89CC4B99ED35ED25A0CE
:1068A0005C412A89F9FF184083270901F9DB084375
:1068B0001C55FDDB8297C5BFC840EFF0FF962A89C3
:1068C000639D090439E90840EF809EC32A89084086
:1068D000EF80DEC51307F5FF9306F9FF4207C206F6
:1068E0004187C186014681450808EF501E849C54AB
:1068F000C1C72808EF803F951C4010082C08D857C6
:1069000026853AD403C797022309E102BE37A30DB7
:10691000E100FC869C54829701491C4003C7870212
:10692000058B5DC36394090083A90701CE85268585
:10693000EFF03FEB1C40DC4B81CB631309003E8939
:10694000CA852685EFF0FFE90840EF90DFC8AA85E9
:106950002685EFF01FE90840EF90BFC9AA8526857C
:10696000EFF03FE808401C419C4B898B99E3EFF026
:106970005F9261616F909DA41C40C85715C56C0063
:10698000EF90BFA48547E319F5F82808EF603FE0D2
:106990001C4010082C0803C797022685A301E102BA
:1069A000D457EF603FE98DBF2808EF80DF891C4096
:1069B000D0402C08BA372685F88683C79702A30DE6
:1069C000F100EF809F8D89BFDC4B81CB6313090001
:1069D0003E89CA852685EFF0DFE0639509001C40FB
:1069E00083A90701CE85B1BFEF92BD9B01112A8417
:1069F00019E52EC6EF807EB02A84B24501C98347CF
:106A00008402918B81E791E52318041405616F904E
:106A10009D9B22852EC602C8EF809EAE7D15E88222
:106A20002285EF80BEB0B2457D15E88310082808A6
:106A3000EF50AEF761DD08401C49898B89CFC24712
:106A40001CD8D2475CD8854748402318F4145DDD34
:106A5000EF70BEB565BF1C4D99C32C088297814469
:106A60008357041563E3F4027D47636DF702B8842E
:106A70008E07A2979ABBB885BABBB886DABBB8872F
:106A8000FABB835704158507C1B7938564008E054B
:106A90000146A2952808EF50DE992DF98504C2041D
:106AA000C1807DBFBC80231804141EB8BC813EB8D1
:106AB000BC825EB8BC837EB8E9B703A501A2828020
:106AC000EF923D8B0111AA84EF801EAF2AC202CA49
:106AD000138401A263860412DC4426851CC0EF7077
:106AE0003EAC1C40884BEFC0DFBA1C40C84B19C1FC
:106AF000EFC03FBA1C400149C84FEFC09FB91C40CE
:106B00008853EFC01FB91C40984B630F070E054A0E
:106B10001C4083D90715636E390F23A201A2138B82
:106B200041A263890904FD197D57B386370183C6E5
:106B3000061389C6FD19E39AE9FE81499843814B02
:106B4000930A81015847142FF99A14AF142FF59A1C
:106B500014AF03C78702136747002384E702032D9E
:106B6000040083570D1563CEFB1283478D02ED9B06
:106B70002304FD02084083570515A5CF1C419C4BFB
:106B8000898B9DCBEF80DE97AA840840EF801E9A08
:106B90001307F5FF9386F4FF42072408C2062685F3
:106BA0004187C18601468145EF502ED808401C41DF
:106BB0009C5FC4C3EFF0EFED084093050010130590
:106BC0000503EF600EE90840930500021305051365
:106BD000EF602EE81C40124523980714EF809E9E1C
:106BE0001C402ACA88435C5189C7D24503260B0042
:106BF0008297EF604EA7EF80DED8EF70FFEF39A0ED
:106C0000EF80BE8F08C0F1BD2398071405616F9017
:106C10000DFACA9783C7071399C30509D5BD131B7E
:106C20003900930A0B038144084083570515E3F6A6
:106C3000F4FEB307950083C70713B5E36301990614
:106C40009399340093890903B30535015695EF50A4
:106C50006EFA31C50C40280833863501D695EF50C1
:106C60000EDE2808EF504ECE2A8C08405695EF5085
:106C7000AECDAA8B08404E95EF500ECD5E95637059
:106C8000AC021C40B4843387670116BBB485A69759
:106C900036BBB48656BBB48776BB238847138504BE
:106CA00061B7B3077D0183C70713C9E703270D0049
:106CB0005C4763963B01942F93E6160094AF942FA4
:106CC00013993B00130C0903F59A94AF045F9C479A
:106CD0009CC01C4B8D8BADCF6A85EF807E822A894C
:106CE0000840EF80BE841307F5FF9306F9FF4207C3
:106CF000C2064187C186014681455685EF50EEC2E6
:106D00001C4023A254019C43984BDC47098B0DC7C0
:106D1000982F1367270098AF23A454012685EFF01E
:106D2000DFB408406295EF502EC283270B003E95DA
:106D30002320AB00850B25B5984F629D058B9316DC
:106D40001700982F759B558F98AF23A4A401F9B70E
:106D50006A99831C6903835D4903835709030357B9
:106D60002903850D138A1C00B38DFD40330AEA40C8
:106D7000C20D420A6A8593DD0D41135A0A41EF8024
:106D8000EEFA63CCAC0A0840EF804EFA7D15931CF6
:106D9000050193DC0C411C409443DC46DC47B3DD29
:106DA000B70363D34D016E8A9C4ED1CF131D0A01E8
:106DB00002CC231E0100135D0D411C40930DFDFF0D
:106DC000C20D884393DD0D41231FB1011C4DD685B3
:106DD00082978316E101BC858506B387F640C2071A
:106DE000C187635FFA046E8DE349B0FD014D9315D1
:106DF0000D0183172903C181814D1388F5FFB386E7
:106E0000A701FD16104063D2DC04E38CBCF183566D
:106E10000903F48483564903FC851C42F486231F2E
:106E20009101DC4723A2540123A45401984798C040
:106E3000982F1367270098AFD5B5831C6903A1BFAE
:106E4000368AE355A0FB528D5DB783560903139A2A
:106E50000701135A0A01F48483564903FC85B307DA
:106E60000A01F4861442C207C187D446FC8723A2D4
:106E70005401904623A4540190C063D4FC00231F06
:106E80009101831DE1016396BC019C2E93E72700CD
:106E90009CAE268542C62EC4EFF03F9DA2453248E7
:106EA000B3874501C207C18799BFEF928DCF2A846E
:106EB0004841AE8411C1D53F1C4081C7A6852285BB
:106EC00082976F904DD0EF92CDCD19C5EFE0BFF80E
:106ED000EF90EFF36F902DCFEF802EE2D5BFEF92C2
:106EE0004DCCAA84EFF03FFE09CD370610002A846E
:106EF000814526857D16EFE06FE7A6852285EFF0B8
:106F0000DFFA6F904DCCEF92CDC9EFF0DFFB01C5FA
:106F10000A296F904DCB4545EF500EFDDDBFEF9236
:106F2000ADC68394450083990500039465000399D9
:106F300025002A8AB28A9316040113960401931538
:106F4000090113950901C1824182C1814181EF206C
:106F5000D02BB38534413304244105048505B38522
:106F600085025685EF20102F5285EF808EE06F90BE
:106F7000EDC4EF920DC337B500208566B7950020AC
:106F8000938606C80146938545EE130905831305CC
:106F90000583EF80EEC037A400201305447EEF8008
:106FA0002EBBB707F0009304447E938707149CC060
:106FB000B77702009387E7F11305447EDCC823A668
:106FC0002401EF804EC06F900DC0EF920DBB757124
:106FD000854513050002EF10704493070020231825
:106FE000F10437140140C147BECC8C088D4713050E
:106FF0000440BECAEF1080659305002013050440CD
:10700000EF10A071371503001305C5B0EF906DE9BF
:1070100023A4A1A211E937150300130545B1EFA080
:10702000ADCD49616F90EDB893053010EF904DEF05
:1070300037150300130585B2938481A2EFA0CDCB51
:10704000014437190300B7190300371A0300B71AB0
:107050000300371B0300B71B0300371C0300130694
:10706000000281450818EF907DFB8840FD4610180E
:107070008145EF900DF66356A002930509B40818F8
:10708000EF30507141C537150140930500201305BD
:107090000540EF1040680545192C13054BB4EFA0CF
:1070A000ADC505049307100363FE87046808A92A89
:1070B00029E98348C10283574102025546C63EC4AE
:1070C000EF30D0022AC27245EF305002B248225847
:1070D000A2471247AA8613860BB7930500048808B7
:1070E000EFA08DBC80408808EFA0AD85AA868145C1
:1070F00090082285EF90CDEF8C0813054CB8EFA0D7
:10710000ADBF01445145EFA0BDD791BF938509B5EF
:107110000818EF30306811CD371501409305002075
:1071200013050540EF10605F0145512213854AB5F4
:10713000BDB70C1813050AB6EFA00DBC9DB7B7B7C5
:1071400000209387C784938607021305A0069843FF
:1071500009C7D8436373A7003A85A107E399D7FE0F
:107160008280EF920DA437B50020130600028145FE
:107170001305C584EF90EDA5EFF07FFC23A6A1A237
:107180006F906DA4EF92EDA1B715030037B5002005
:1071900001469385C5B813050588EF905D886F900B
:1071A0008DA2EF920DA037B50020FD55130505887F
:1071B000EF90BD896F902DA1EF92AD9E37B5002065
:1071C00013050588EF901D956F90ED9F0DCDEF9203
:1071D0004D9D41112AC6EFF0DFFCB24537B40020C7
:1071E00051461305C486EF30D005EFF0FFFC37B5EC
:1071F000002001469305C48613054598EF90DD9F56
:1072000041016F904D9C82800DC5EF928D99411187
:107210002AC6EFF01FF93245B7B5002051469385D5
:10722000C586EF301002EFF03FF9014541016F9044
:107230008D997D558280EF92CD96797193070000EC
:107240005146814528003EC03EC2EF903DDD3715D6
:107250000300130585B9EFA02DAAE922F529852899
:10726000712137150300130585BAEFA0EDA84C0076
:107270000A85F12109E582473EC492473EC6A945E9
:107280002D45EF00005FE880EF00C0602ACA680863
:10729000EFF09FF709E58347C102230CF1002800B6
:1072A000EFF0DFF21305803EEFA09DBDC9B7EF926E
:1072B0004D8F01112A846800EFF01FF56800230E3E
:1072C0008100EFF0BFF0014505616F90CD8FEF9227
:1072D0004D8D41118545094502C202C423160100A6
:1072E000EF10B0158967370400409387F7C13EC29D
:1072F0004C0093073006130504407C84EF10B01750
:107300001305044093050002EF105027854513052F
:107310000440EF10302541016F90ED8AEF926D88A7
:10732000375400404111130504408545EF10206B90
:10733000814513050440EF10806A13050440EF10E7
:10734000C04EE1679387076A3EC0B707FFBF3EC2E2
:10735000B70700043EC48A859167130504407C8604
:10736000EF10C04F854513050440EF10005F410149
:107370006F906D85EF92ED82EF90CDA1AA842945A3
:10738000EF902DA437540040AA9413040440B7058D
:1073900002002285EF10206709C9EF90AD9F058D8F
:1073A000E34705FEEFF09FF705456F90CD81EF8233
:1073B0005DFF2A89EF900D9EAA842945EF906DA06C
:1073C00037540040AA9413040440CA852285EF1064
:1073D000206219C1014509A8EF90CD9B058DE346B8
:1073E00005FEEFF0BFF305456F80FDFD731101341D
:1073F000EF90DDA2EF907DA5731101347300203072
:1074000073110134EF909DA105472388E1A2B7577E
:10741000004093870740DE2BEF903DA373110134AA
:1074200073002030EF82FDF7011185452545EF10EF
:10743000E07E854537052000EF1030008145094585
:10744000EF10802E9307000C7C8237150140F14726
:107450004C003EC6130505C08D47375400403EC45E
:10746000EF10C01E13050440EF10203CE167938726
:10747000076A3EC8B707FFBF3ECAB70700043ECC45
:107480000C08916713050440FC86EF10203D8545EC
:1074900013050440EF10604C05616F80DDF2EF8250
:1074A000BDEEAA842E84328AEFF0DFEC09C5854454
:1074B00026856F80BDF0375900401305094085458A
:1074C000EF10204B370503000505EFF05FEE65F187
:1074D00093951400014693F5E50F13050940EF104D
:1074E000E04EB709070013852908EFF05FECAA8486
:1074F0001DE9229A1309094093894908631A440136
:1075000037550040854513050540EF1020484DB71D
:107510000C204A850504EF10A04A4E85EFF03FE9A4
:1075200071DD8D4471B7894461B7EF82FDE5AA84AE
:10753000AE8A328AEFF01FE409C5854426856F8044
:10754000FDE737540040130504408545EF106042C5
:10755000B709030013851900EFF07FE579FD9395D6
:107560001400054693F5E50F13050440EF1000469F
:1075700013852900EFF0BFE3AA8429E90149130B21
:10758000FAFF1304044093890904631F4901375427
:107590000040130504408545EF10403F8545130525
:1075A0000440EF10404059BF63162B0181452285EE
:1075B000EF10603F4E85EFF09FDF19E92285EF1055
:1075C0006040B3872A0188A30509C1B78944BDB7C4
:1075D0008D44ADB7EF825DDB138401A40329040061
:1075E0004111630C09008547630EF904EF809DFA91
:1075F00023ACA1A22320040099A0EF80BDF983A4AD
:1076000081A3B30495401305007DEF809DFB63E8E3
:10761000A40203D7018593870185BC230D462C0066
:107620001305800378845C85EFF07FE719C18D47EF
:1076300031A0EF803DF623AEA1A285471CC04101D9
:107640006F80DDD7EF801DF583A4C1A3B3049540FF
:1076500013050005EF80FDF6E3E3A4FE19462C00B8
:1076600013058003EFF07FEC79F183078100E3C815
:1076700007FC3C86888537070F0093948700A18319
:10768000DD8CC20493170501F98FC180DD8C18854C
:107690009C8411811207B207D98F5D8DEF30202BAA
:1076A000B717030083A507BCB7190300EF203042CA
:1076B00083A549BCEF20B04123AAA1A22685EF30C3
:1076C0000029B717030083A587BCEF20504083A58E
:1076D00049BCEF20D03FB717030083A5C7BCEF20FC
:1076E000506823A2A1A4238421A509B7EF827DCBF2
:1076F00023A001A4238401A4EF80DDE92A841305DB
:10770000007DEF801DEC3305A44023ACA1A22945E8
:10771000EF803DEBAA86B7750200371503001947C5
:1077200001469385455D130585BBEFA0DD8A85473E
:1077300001C5EFA0FD8D81473E856F80DDC883C701
:1077400081A489CB83A741A41CC183A741A3014580
:107750009CC1828005458280EF82BDC439711306C9
:1077600000028145081002CA02CC02CEEF807DC61D
:1077700085451305002102C602C8EF10204A316575
:10778000EF10403189474C0837150140FC8202CE8A
:10779000EF00D06B37240140B70708003ED60C102D
:1077A000854713050440230AF10202D002D202D415
:1077B00002D8EF00B0469D460546AD45130504408E
:1077C000EF00D04F854513050440EF00B05A8545C2
:1077D00013050440EF00F04913050440EF00D04BBF
:1077E000930404402685EF00D04B6DFD1305044043
:1077F00037240140EF00704B930404402685EF00CE
:10780000704B6DFD05469305002213050440EF0003
:107810005047930720127C86680085473EC823079F
:107820000100EF10602121616F80FDB9411122C676
:107830007311013437240140EF904DDE930500228F
:1078400013050440EF00105509CD930500221305E0
:107850000440EF00F05513050440EF00305323952A
:10786000A1A4EF908DDE7311013432444101730005
:107870002030014581476317B50033D5A702420583
:10788000418182809386A1A4962205051375F50F88
:10789000B697D5B70567930747CE3305F5027D1731
:1078A0003355E502420541818280814785461307B1
:1078B00000023396F6006306A6008507E39BE7FE09
:1078C000FD573E858280EF82DDAD854513050002C0
:1078D000EF10C0346F803DAFEF82BDAC85452145D0
:1078E000EF10C0336F803DAEEF82BDAB85451145D3
:1078F000EF10C0326F803DADEF82BDAA8545414596
:10790000EF10C0316F803DACEF82BDA985451305F6
:107910000004EF10A0306F801DABEF829DA8B7155B
:107920000300371503000146938505BD1305852B1C
:10793000EFB07DD06F803DA99307400663EDA700AF
:107940009317450037150300130585C63E9518416A
:10795000FD576313F70001458280EF829DA441111A
:1079600013F5F50F32C6EFF03FFD11C54E25324637
:107970000845EF00D05A41016F80FDA4EF827DA23F
:1079800013F5F50FEFF05FFBAA87014589C7CE27F6
:107990008847EF00B0576F801DA3EF829DA00111B3
:1079A00013F5F50F3284EFF03FF905C55C412AC6A7
:1079B000829732455C45FC82C1473ECE8D473ECC26
:1079C00009C41547631AE40002CE08454C08EF00CD
:1079D000F04705616F803D9F05476315E4009147BF
:1079E0003ECEE5B76315F40093078002D5BF894703
:1079F0006315F40093078004E5B791476314F4001E
:107A0000D147F9BF99476314F400F147D1BF9D47AF
:107A1000E31DF4FAE147E9B7EF821D9713F5F50F7F
:107A2000AE84B289368A3A89EFF01FF1994731CD99
:107A30004845EFF09FE73D472A8499476367A704CD
:107A4000EFA05D8CB146B306D402B70700201387C0
:107A5000470E2A869387470E369783160700639F43
:107A600096004C43639C45012E23639935011847CA
:107A700063162701EFA0DD89814701A87D5763893F
:107A8000E6003285EFA0DD889D473E856F801D931F
:107A900031453305A4023E9506A123224501231159
:107AA0003501232425013285F1B7EF829D8F13F52F
:107AB000F50FEFF07FE819471DC94845EFF0FFDEED
:107AC000BD472A84194763E4A702EFA0BD83B147ED
:107AD0003304F402B70700209387470E7D57A2971F
:107AE000839607006398E600EFA09D8201473A85E0
:107AF0006F807D8D41677D1798C323A2070023A463
:107B00000700DDB7EF825D88011113F5F50F328AAA
:107B1000EFF09FE2994721C185442A8463169A10A9
:107B20004845EFF09FD83D47AA8499476365A7026F
:107B3000EFA04DFDB14AB387540337090020130964
:107B4000490EAA893E9903170900FD576319F700EA
:107B5000EFA00DFC99473E8505616F803D865C4036
:107B6000829785450545EF10600B5C440D473AC48C
:107B70007C823EC88357290002CA52CE638D4709D2
:107B8000C9C70947638EE70808444C00EF00102C72
:107B90001844B7170140938607C005456302D70212
:107BA0000945630FF700938707400D45630AF70007
:107BB000B72701409387078001456313F7001145FC
:107BC00093F5F40FEF00B0430808EF00101FB7174C
:107BD0000300938787BE8E04BE94D04037E700E051
:107BE00093060005B307C7002380D740935756007C
:107BF0009387070485468A07B396C600BA9794C34D
:107C00004E85EFA0EDF08147B9B7930780023EC6DD
:107C1000A1473ECC95BF930780043EC656CCADB776
:107C200091473EC6C147F5B79947E3160AF2484562
:107C3000EFF0BFC73D479947E36FA7F093173500B3
:107C400037150300130585BE3E95584193575700DD
:107C500093870706B394E4008A0737E700E0BA97F2
:107C600084C30F10000045B7EF82ADF3EFF0FFC300
:107C7000B1473305F502B70700209387470E3E95BD
:107C80005C4199C3084582976F80EDF3731101340D
:107C9000EF90CD980545EF00F01819C50545EFF0B8
:107CA000BFFC0545EF00F019EF902D9A73110134D8
:107CB0007300203073110134EF904D960945EF00A9
:107CC000701619C50945EFF03FFA0945EF00701726
:107CD000EF90AD97731101347300203073110134AC
:107CE000EF90CD931145EF00F01319C51145EFF05A
:107CF000BFF71145EF00F014EF902D95731101348B
:107D00007300203073110134EF904D912145EF0045
:107D1000701119C52145EFF03FF52145EF007012B4
:107D2000EF90AD9273110134730020307311013460
:107D3000EF90CD8E4145EF00F00E19C54145EFF0B3
:107D4000BFF24145EF00F00FEF902D907311013419
:107D50007300203073110134EF904D8C1305000235
:107D6000EF00500C1DCD13050002EFF0FFEF1305DF
:107D70000004EFF07FEF13050008EFF0FFEE1305AE
:107D80000010EFF07FEE13050020EFF0FFED13057C
:107D9000003EEF00100BEF904D8B73110134730018
:107DA000203013050004EF00F00755FD130500080F
:107DB000EF0050074DF913050010EF00B00645F530
:107DC00013050020EF00100659FDF1B773110134BF
:107DD000EF90CD8413050040EF00D00429C11305B6
:107DE0000040EFF07FE8056513050580EFF0DFE761
:107DF0000565EFF07FE70965EFF01FE71165EFF02C
:107E0000BFE62165EFF05FE64165130505C0EF00B1
:107E10005003EF908D83731101347300203005659A
:107E200013050580EF0010005DF90565EF00807F08
:107E30005DF50965EF00007F5DF11165EF00807E63
:107E400059FD2165EF00007E59F9E1B701458280B7
:107E5000EF822DD52041AA84930550520848EF1097
:107E6000A00211C985452685EFB02DE60848930587
:107E70005052EF1020056F800DD5EF828DCF37BBAC
:107E80000020B7BC002013864C8A93074B9513073C
:107E90005003D8CB7846B70400C0416A210A658FE9
:107EA00071643367470113040420B70D0C00374990
:107EB0000140B71A03001165011178C620C61309E5
:107EC0000980938ACA2B23A4B70123A20700854502
:107ED000110523225605B719014023A8270180C3A5
:107EE00023960700EF0090530D4C93070020614D3F
:107EF0002C00138509807C8462C66AC8EF00007577
:107F000093070040914B2C00138509807C8462C646
:107F10005EC8EF00A07393054B954A85EF0090670C
:107F20004A858545EF00F070B7C502001306301092
:107F300093064B959385053213854C8AEFB04DD34C
:107F400037BB00209307CB96B7BC00201307600314
:107F5000D8CB1387CC8F74473749004020C7F58CA6
:107F6000B3E4440164C723A4B7011309094023A261
:107F700007008545370502002322570523A827015E
:107F800080C323960700EF00504B85451145EF0055
:107F9000F0484C0813850980231A710162CC6ACE1F
:107FA0007525A1474C0813850980FC825ECE792D8A
:107FB0009305CB964A85EF00F05D4A858545EF0035
:107FC0005067B71503009306CB96130630109385C0
:107FD000C5B01385CC8FEFB0ADC9014505616F8089
:107FE0000DBDEF820DBC9C412041A14641111CC03A
:107FF000B1473EA4DC412316040013F7F7006301E8
:10800000D702A546631ED70005675AA013D74700BD
:108010000D8B01C785466308D7002313040031A0E8
:1080200023120400E5B709677AA099838D8B054771
:108030006389E70081C709476387E70623140400C3
:1080400021A0930700601EA41848B74701409387FA
:108050000780631DF704116585451105EF00103C8D
:1080600093070020B71401407C820D49E1474C0082
:10807000138504803EC64AC4D12B930700407C82FE
:108080004AC491474C00138504803EC6C12308486A
:10809000A285EF00305008488545EF009059014512
:1080A00041016F804DB29307004071BFB747004058
:1080B00093870740E315F7FE854537050200EF007B
:1080C000D03785451145EF00703591477C82B71454
:1080D0000140E1473EC64C008D47138504803EC4F5
:1080E000B523A1477C8271BFEF82ADAB20419305E0
:1080F00000020848EF00B05819C51C48CA23137580
:10810000F50F6F804DAC7D55EDBFEF828DA92441F9
:108110002E84884893050004EF0070567DD99C4852
:1081200042044180C2A305456F80EDA9EF826DA78F
:10813000C1473841638DF502C5476397F502544B3B
:10814000054693D75600938707063316D6008A074D
:10815000B7E600E0B69790C30F1000000146084B49
:1081600093055052EF00504E01456F80CDA5544B02
:10817000054693D75600938707043316D6008A071F
:10818000B7E600E0B69790C30546D1BF731101343E
:10819000EF80DDC837B500201305458AEFF05FCBCF
:1081A000EF80BDCA731101347300203073110134A4
:1081B000EF80DDC637B500201305C58FEFF05FC92E
:1081C000EF80BDC873110134730020307311013486
:1081D000EF80DDC4371503001305C52DEF90CDB139
:1081E000EF80BDC673110134730020307311013468
:1081F000EF80DDC2371503001305052DEF90CDAFDD
:10820000EF80BDC47311013473002030EF826D998B
:10821000EFE03FF5EFE01FF7EF10A0488566B77578
:10822000020037150300A9473147938606800146AF
:10823000938565231305C52EEF90FDAD1DC9EF9005
:10824000DDC98566B775020037150300A9473547B4
:108250009386068001469385A5FC1305C5B0EF9073
:108260009DAB19CDEF907DC71305803EEF905DC1AA
:10827000E5BF371503001305452FEF90EDA7D1B7E4
:108280003715030013054531EF900DA7F1BFB71760
:1082900002409843B706FFF041111367170098C3D7
:1082A000D84337060200758FD8C39843B706F7FE48
:1082B000FD16758F98C39843B706FCFFFD16758FA2
:1082C00098C3D843B70601FFFD16758FD8C39843EE
:1082D000B70600ECFD16758F98C33707FF0098C7E7
:1082E00023A6070202C402C69843C166558F98C3ED
:1082F000B716024005679C42F18F3EC6A24785072C
:108300003EC4B24781E7A247E397E7FEB7170240B2
:108310009C431397E7006357070685473EC63247DD
:108320008547631FF704B7170240D843B706C1FF5C
:10833000FD16D8C3D843D8C3D84313670740D8C362
:10834000D843758FD8C3D843B7062900558FD8C3F3
:108350009843B7060001558F98C39843931667005A
:10836000E3DD06FED843B7160240719BD8C3D8435D
:1083700013672700D8C32147DC42B18BE39EE7FE99
:108380004101828002C661BF01A0739012349781BF
:10839000FD1F9381A1681701FF1F1301A1C6179547
:1083A00000001305E5439785FD1F9385A5C513863A
:1083B000418563FAC5008322050023A055001105FD
:1083C0009105E3EAC5FE138541859725FE1F938538
:1083D00025696377B500232005001105E36DB5FE1F
:1083E000FD42739002BCFD4273904280B782000050
:1083F00093820280739002309782FDFF9382C2C005
:1084000093E2320073905230EFF07FE89782FDFFE5
:108410009382C22873901234730020305C41370776
:10842000F1E01307F7EF944D7D8F9C41D58FD44D2C
:10843000D58FD441A206D58FD98F5CC11C4537F7A3
:10844000F1FF1307D77FD4457D8F9C49D58F944585
:108450008606D58FD98F1CC55C55370710FF7D1751
:108460007D8FDC29FD1793F7F70FD207D98F5CD5E5
:1084700082801C4589C593E717001CC58280F99B43
:10848000EDBF5C4193F5F50F01C6DD8D4CC18280D7
:1084900093C5F5FFFD8DDDBF1C4593E787001CC527
:1084A000828008450D81058982801C4593E747003D
:1084B0001CC582800845098105898280A54763F72C
:1084C000B7048D47138765FF3307F7020328C500FC
:1084D0009D47B397E70093C7F7FFB3F70701B3963C
:1084E000E600DD8E54C5994763E3C70495477D16C2
:1084F0003306F6025859FD47B397C70093C7F7FFF5
:10850000F98F3396C5005D8E50D982800D47338731
:10851000E502032805019D47B397E70093C7F7FFDE
:10852000B3F70701B396E600DD8E14C96DBFB147FE
:1085300063E2C702954765163306F6021859FD47F0
:10854000B397C70093C7F7FFF98F3396C5005D8EC9
:1085500010D9828095474D163306F6025855FD47CF
:10856000B397C70093C7F7FFF98FB395C500DD8DAB
:108570004CD582801C4591C537071000D98F1CC58A
:1085800082803707F0FF7D17F98FD5BF6845420518
:10859000418182805841144193D78500F58F99C756
:1085A00013F5F50F798D3335A00082800145828067
:1085B000A18193C5F5FF0CC18280584103280500B5
:1085C0004C4537060140930706403E979346F8FF17
:1085D000B1C583250640F58D2320B640D043F18EEA
:1085E000D4C31443B3E6060114C31841904793461D
:1085F000F7FF758E90C7D047F18ED4C7144541461A
:108600006399C6009447D98E94C7D447558FD8C76D
:108610008280B6979443558F98C382801C43F58F10
:108620001CC38280B70701401387074083A7074018
:10863000584B698F09C77D8D3335A0008280014575
:108640008280B707014023AAA74082809C4513F788
:10865000070113F8F70001C7D8413368E8008E21FD
:1086600013F7F50F39C318418146854E3D4F930FDF
:10867000800293028004214E3396DE00B3F8C500D9
:10868000631116039398260033131F011343F3FF5E
:108690003377E300B318180133E7E800639FF70569
:1086A00050C98506E39AC6FD18C11307F00F63751C
:1086B000B70454412146854E3D4F930F80029302EB
:1086C0008004414EB398CE0033F715016392E8025F
:1086D0001317260001173313EF001343F3FFB3768C
:1086E000D3003317E800D98E639DF701232A1501C3
:1086F0000506E319C6FD54C18280E39457FA10C9F8
:108700004DB7E39757FE23281501DDB708456D8D5A
:108710003335A00082800CC982804CC9828019C286
:108720000CC982804CC98280B7070140635A050496
:10873000DC4F93560501131805013707300013F677
:10874000F60013580801B376E50063500506639BF5
:10875000E602930606010D46B316D60093C6F6FF51
:10876000F58F99C9135755011377F73F1207331740
:10877000E800D98F63570504370701405CCF82803A
:10878000DC4345BF1317B500635607008D46B3960B
:10879000C600E9B7135755011377F73F1207331790
:1087A000E8001347F7FFF98F6DBF6390E6023706C5
:1087B00001405442370700F17D17F98F758F58C279
:1087C000D5F1370701405CC382801317B500635CA5
:1087D00007008D46B396C60093C6F6FFFD8EB70719
:1087E000000FD58FF1BF1357550112073317E8005B
:1087F0001347F7FF7D8FB707000FD98FD1B713F756
:10880000C50F93F73500B7050140BA9594458A071F
:108810003D473317F7001347F7FF758F98C5984505
:108820003315F500598D88C58280EF729DB7B75713
:108830000040938707408545631BF50037052000FE
:10884000212981453705200001296F70DDB73705E3
:1088500040001921814537054000FDB7EF727DB416
:10886000797146212A8468082EC6352C92573747DD
:108870000F001307072433D7E702C204C18093F423
:1088800004FCC2049306C003C180B24563F4E60051
:108890001307C003131607014182D18C46A016208E
:1088A00061651305056AC206C182F99AC206C182D2
:1088B00016A094416369D5048606B3D7D7029146C2
:1088C000139707014183BA876373D7009147050661
:1088D0004206C2074182C18312B05EAC1E20DA217B
:1088E000B62593E717001EA01E20558FC207C1832F
:1088F00093F757BFD98F1EA09A25DE25D98F1EA4C6
:1089000045616F705DACEA2131667D16631DC5025D
:108910000D46B386C602B3D7D702C207C18393966A
:10892000470199E293E71700A166D58F9306C0121D
:108930003307D7029306803E3347D7020507420725
:1089400041831AB059BF6546B386C602B3D7D70272
:108950009166C207C183D58FD9B71E2189C593E718
:1089600017001EA18280C207C183F99BC207C18381
:10897000CDBF1E2189C593E707101EA18280C207C3
:10898000C18393F7F7EFC207C183C5BF1E2189C515
:1089900093E707201EA18280C207C18393F7F7DF08
:1089A000C207C183C5BF1E2189C593E707401EA129
:1089B0008280C207C18393F7F7BFC207C183C5BFD7
:1089C0000EA982800A291375F50F828093F7E50FAF
:1089D00019C293E71500C207C1831EA982801E2118
:1089E00089C52167D98F1EA18280C607C583E5BFCF
:1089F0005E290A2D42055D8D6D8D220521810D8D2B
:108A0000133515008280411102C402C693D7C501F7
:108A10002AC63EC4A247A205A18199CBB247D1077D
:108A20003EC6B247884341016D8D3335A000828038
:108A3000B247C181E107EDB703A7C1A4894710215F
:108A40006311F70214318D4763EDD7003C219A067C
:108A500037E700E09607D58F93F7F70F329723009B
:108A6000F74054410547935756003317C70089CA4A
:108A7000938707048A07B7E600E0B69798C3828019
:108A800093870706B7E600E08A07B69798C30F10EA
:108A900000008280B7160240DC4251777D17F98FC3
:108AA0005D8DC8C28280371702405C439146B18B0E
:108AB0006385D700A1466382D706B7177A009387EC
:108AC00007201CC1371602405C42370700201307FD
:108AD000471A9183BD8BBA9794231C41B3D7D70013
:108AE0005CC15442A1829D8ABA969422B3D6D70023
:108AF00014C55442AD829D8A36971823B3D7E70038
:108B00005CC558423983937637001387C182369704
:108B10001823B3D7E7021CC982805C435843C1665F
:108B2000C983758FB7F6FF1F83A6C670BD8B8907F3
:108B30001396160163480600C54601466392D702A4
:108B4000C94739A88946638FD702BD46638ED702CD
:108B5000C146638ED702C54601466393D700C1471D
:108B60001DEF3747024003270780418B05C73717A2
:108B70007A0013070720B307F7021CC121D61C4156
:108B8000858381B701466DBF0546B547D1BF014614
:108B9000BD47F9B737173D0013070790E9BFB71571
:108BA0000240D8559316F700D85563DF06041183A9
:108BB0003D8B9306170037177A00130707203357AA
:108BC000D70218C1D455A182BD8A8DE295463307DC
:108BD000D702058318C137170240585714413D8BFF
:108BE000050733D7E60218C1184171B7854563946C
:108BF000B600E546E9BFBD456396B600D14633876A
:108C0000E602C9BF8906E5BF3D8B930617003717FB
:108C10007A00130707203357D702F1B799C53717E2
:108C200002401C4F5D8D08CF8280B7170240984FDD
:108C30001345F5FF798D88CF828099C5371702409B
:108C40005C4F5D8D48CF8280B7170240D84F1345E7
:108C5000F5FF798DC8CF828099C5371702401C4B2C
:108C60005D8D08CB8280B7170240984B1345F5FF06
:108C7000798D88CB828037F7FF1F032747701E212D
:108C8000914611833D8BC2077117C18363E6E602EB
:108C900037370140930607C0630ED500130707401E
:108CA000630AE50037570140930607C06304D50007
:108CB000631AE5000967D98F37370140130707C0EA
:108CC0006302E50437070040630EE502130707401F
:108CD000630AE50237170040930607806304D50254
:108CE000130707C06300E502373701401307074049
:108CF000630AE50037570140930607C06304D500B7
:108D00006318E50093F7F7F8BA21C207C183D98F3A
:108D100037170040630CE500130707406308E500C0
:108D200093F7F7CFFA21C207C183D98F1EA1DE21A5
:108D30005EB59E211EB5B7370140138707C0630E8D
:108D4000E50093870740630AF500B7570140138792
:108D500007C06304E5006314F5009C251EB9854730
:108D60005EA982801E2189C593E717001EA182801B
:108D7000C207C183F99BC207C183CDBF5E21C20771
:108D8000C18393F7F7F8C207C1835EA15E21DD8D31
:108D90004EA18280EF72EDE01A29F577FD17F98F69
:108DA000FA2179712A84D98F1EA99A25DE215625A8
:108DB0002EC6D98FBA25D98F7D771307379F758F28
:108DC000D98F5EA55E29DA25C207C18393F7F7CF55
:108DD000D98F5EA96808EFF01FCDB7470140938790
:108DE0000780B2456311F404A2576547B387E702D1
:108DF0009841130640060A07B3D7E702B3D6C70265
:108E0000B3F7C70292061397470093072703130788
:108E1000F063637CF70093870601C207C1831EA439
:108E200045616F704DDA9257C9B7B3D7C702D58F76
:108E3000EDB791C55E250967D98F5EA582805A2559
:108E4000F977FD17F98FD5BF13F7F50F8547158310
:108E5000B395B7006319F7009307C500984301CE97
:108E6000D98D8CC38280894693074501E318D7FECC
:108E700093070501E5B793C5F5FFF98DDDB70A2125
:108E80006D8D3335A000828013F7F50F854615836D
:108E9000B397B6006311D7025A25F98F1A210145FD
:108EA0004207418381CB0545A181B315B5006D8F84
:108EB0003335E000828089466314D7001A29F1BF58
:108EC0005A29E1BFA1818547B397B70093C7F7FF40
:108ED000C207C1831EA18280EF72ADCC2A84AE840A
:108EE000EF50CE9CA6852285EF504E9DA68522850B
:108EF000EF50CE99A6852285EF504E9A6F70ADCC7B
:108F0000EF722DCA014681452A84EFC0DFE1228538
:108F100001468145EFC05FE2228501468145EFC0F1
:108F20005FDE014681452285EFC0DFDE6F70ADC98F
:108F3000EF72ADC4AA840964138541A6EF40DEC672
:108F40001304548CA285138541A6EF502E9A1385E5
:108F500041A69305F00FEF504E9B138541A6A945FE
:108F6000EF502EBD138541A69145EFF0FFF68145E8
:108F7000138541A6EF508EA01385C1A6EF40DEC237
:108F8000A2851385C1A6EF506E961385C1A69305E1
:108F9000F00FEF508E971385C1A6A145EF506EB923
:108FA0001385C1A69945EFF03FF381451385C1A60E
:108FB000EF50CE9C2685EF808FD31306000F9305CC
:108FC0000014AA84EF908FE3268501468145EF9037
:108FD0008FDA856A93854A8626850146EFC0FFD6DB
:108FE000268501469305F00FEFC03FD80146814525
:108FF0002685EFC01FDA2685EFF09FF02685EF80EB
:109000000FCF13060002930500142A84EF900FDFA0
:10901000228501468145EF900FD6938A7A10D68536
:1090200022850146EFC07FD2228501469305F00FCD
:10903000EFC0BFD3228501468145EFC05FDD014609
:1090400081452285EFC0FFD42285EFF07FEB22859A
:10905000EFF0ADCFB7150300938545332A84EFF0C9
:10906000ADD022850146FD55EFC03FD78146014670
:10907000A5452285EF908FE52685EF804FC7130623
:109080004005930560092A8BEF904FD75A85130648
:1090900060029945EF902FCE0146938541A65A85EF
:1090A000EFC04FA05A85EFF04DCAB7150300938566
:1090B0004534657A130A5AC5AA8BEFF0EDCAD285FA
:1090C0005E850146EFC07FD18146014689455E85B8
:1090D000EF90CFDF5A85EFA0DD98138441A71306E8
:1090E000A0039305A00308C0EF904FD108400947A3
:1090F0008146DE853946EFA00FDD08401306C00328
:10910000B155EFB08DB9084081458D6BEFA0BDD151
:1091100008401306E0108145EFA07DCE084093057E
:109120007008938B9B94EFA03DCF08403706020058
:10913000930560B4EFC07FC8084037060200914530
:10914000EFC07FC60840DE850146EFC01FC708405C
:1091500001469145EFC03FC50840370603008145F1
:10916000EFC07FC45A85EFF04DBEB7150300138BD7
:1091700081A7938505352320AB00EFF0EDBE0325D5
:109180000B000146FD55EFC05FC50C4003250B00E9
:10919000214781462546EFA00FD32685EF802FB5C6
:1091A00013064005930560092A8BEF902FC55A8559
:1091B0001306E0079945EF900FBC0146938541A641
:1091C0005A85EFC02F8E5A85EFF02DB8B7150300E2
:1091D00093858535AA89EFF02DB9D2854E85014654
:1091E000EFC0BFBF8146014689454E85EF900FCE47
:1091F0005A85EFA01D87138441A51306A00393058C
:10920000A00308C0EF908FBF084009478146CE8574
:109210003946EFA04FCB0840130640068145EFB01A
:10922000CDA708408145EFA01DC008401306E010FF
:109230008145EFA0DDBC084093057008938981A5A6
:10924000EFA09DBD0840370602009305F06BEFC00C
:10925000DFB60840370602009145EFC0DFB4084092
:10926000DE850146EFC07FB5084001469145EFC05D
:109270009FB30840370603008145EFC0DFB25A852F
:10928000EFF0ADACB71503009385453623A0A900D8
:10929000EFF08DAD03A509000146FD55EFC0FFB30A
:1092A0000C4003A50900214781462546EFA0AFC128
:1092B0002685EF80CFA313068003930560092A84D7
:1092C000EF90CFB32285130660029305200AEF903A
:1092D0008FAA01469385C1A62285EFB0BFFC2285E7
:1092E000EFF0ADA6B71503009385C536AA89EFF058
:1092F000ADA7D2854E850146EFC03FAE89460146F7
:1093000085454E85EF908FBC2285EFF00DA4B715F3
:109310000300138401A59385853708C0EFF0CDA421
:1093200008400146930500EAEFC03FAB0840F956FC
:1093300001469145EF908FB92685EF804F9B13062C
:109340008003930560092A84EF904FAB22851306B2
:1093500020069305200AEF900FA201469385C1A62F
:109360002285EFB03FF42285EFF02D9EB715030064
:109370009385C537AA89EFF02D9FD2854E8501468A
:10938000EFC0BFA58946014685454E85EF900FB4D5
:109390002285EFF08D9BB71503001384C1A7938539
:1093A000C53808C0EFF04D9C08400146930500EA1F
:1093B000EFC0BFA20840F95601469145EF900FB1AA
:1093C0002685EF80CF921306800393056009AA8952
:1093D000EF90CFA24E851306E0099305200AEF9087
:1093E0008F9901469385C1A64E85EFB0BFEB4E85A0
:1093F000EFF0AD95B7150300938545392A84EFF05A
:10940000AD96D28522850146EFC03F9D8946014633
:1094100085452285EF908FAB4E85EF80CE851384F6
:1094200001A64146C14508C0EF904F9D08408946BE
:1094300019469D45EF908FA908409305007EEF8067
:109440006E8508401389C1A5EF802E894E85EFF007
:10945000CD8FB7150300938505B52320A900EFF044
:10946000AD9003250900ED750146938555D5EFC0F4
:10947000DF960C40032509000147A1465146EFA0A5
:109480008FA42685EF80AF864946930500142A8471
:10949000EF90CF9622851306E00D8145EF90AF8DBA
:1094A000D68522850146EFC05F8A22850146930555
:1094B000F00FEFC09F8B228501468145EFC03F959D
:1094C000014681452285EFC0DF8C2285EFF05FA346
:1094D0002285EFF08D87B71503009385053A2A841E
:1094E000EFF08D8899652285014693851533EFC08D
:1094F000DF8E81460146A5452285EF902F9D6F6046
:109500005DEBEF627DE803A441A73971AA8A2E8A38
:10951000B2893689BA841DC0EF10403D9307C0035D
:1095200063D4A7001305C003B1576353F500315549
:1095300093150501C1852285EFA0FD8E138481A7B7
:109540001C4085C35685EF10603AB71503002A8684
:109550009385453C0A85EF10301908408A85EFF065
:10956000AD8003A441A505C05285EF1020389307B4
:10957000400663DCA70A1305400693150501C18563
:109580002285EFA05D8A138481A51C4085C3528586
:10959000EF10C035B71503002A869385C53C0A85B0
:1095A000EF10901408408A85EFE01DFC138401A59C
:1095B0001C4089CFB7050300938505544E860A8564
:1095C000EF10901208408A85EFE01DFA1384C1A7BE
:1095D0001C4089CFB71503009385453D4A860A850F
:1095E000EF10901008408A85EFE01DF803A501A652
:1095F00001C5A1C0EF707EED03A5C1A51384C1A56F
:1096000015C19DE8B7150300938505B5EFE0DDF5BD
:1096100008409305007E81E4AD65938555D50146EC
:10962000EFC0AFFB21616F607DD9E35805F40145C0
:10963000A9B7EF709EEAC9B7B7150300938505B4C3
:10964000F1B7EF621DD64111B7B4002037B4002046
:1096500015466C0013854498EF700DEA1DE1FD5529
:109660001305449BEF706DBE09EDB2478843982BFC
:10967000D4479227CC43EFF0DFE81305449BEF700B
:109680006DC9FD551305449BEF702DBC19E5EF40E6
:10969000BED81305449BEF70EDC75145EF804DFEDA
:1096A00045BFEF621DD0371503001305C53DEF70B0
:1096B000BDE47522371503001305C53FEF70DDE3E8
:1096C000EF70BFDDEFD0FF8A3715030013050541AA
:1096D000EF709DE2B715030037B500200146938572
:1096E00085421305459BEF708DB337B60020B71543
:1096F000030037B500200147930600021306869D3C
:109700009385454313054598EF700DCBEF50FEDE72
:10971000EF60FFE8EFF0DF81371503001305C54365
:10972000EF709DDDB795020037150300A94711477B
:10973000896601469385256413054545EF80ADDDB7
:1097400019C9EF808DF93715030013058547EF70B0
:10975000BDDA6F605DC7371503001305C545EF70AF
:10976000BDD9D5B7FD577D156313F5008280010083
:10977000010001000100C5BFEF621DC1B719014022
:10978000AA842144138909C0A1454A85EFE0FFF866
:1097900093978401E187930500024A8563DC070201
:1097A000EFE07FF71545EFF0FFFBA1454A85EFE0BD
:1097B0009FF67D14860415451374F40F93F4F40F8B
:1097C000EFF05FFA71F0A145138509C0EFE0FFF4F7
:1097D0006F60DDBEEFE07FF4F1B7EF629DBC372430
:1097E0000140AA849305000413050480EFE0FFF212
:1097F000C14513050480EFE01FF22685EFF0DFF787
:109800009305000413050480EFE0FFF06F60BDBB1B
:10981000EF623DB92A842181EFF03FFC1375F40F0C
:10982000EFF0BFFB6F603DBAEF62BDB73724014078
:10983000AA849305000413050480EFE01FEEC145E0
:1098400013050480EFE07FED2685EFF0FFF293052E
:10985000000413050480EFE01FEC6F60DDB6EF62DB
:109860005DB44111854513058004EFF02FBB9307CC
:1098700080027C8237150140C1473EC64C008D47AF
:10988000130505C0372401403EC4EFE03FDC9307D9
:1098900080054C00130504807C82EFE03FDB13055C
:1098A000048093050004EFE01FE713050480C14521
:1098B000EFE07FE6A14513050480EFE0DFE5616599
:1098C0001305056AEFF01FEA0545EFF0FFF5756433
:1098D0001305044CEFF01FE91305F00CEFF0DFF473
:1098E0000145EFF09FEF1305100CEFF01FEF13058C
:1098F0000003EFF09FEE1305D00EEFF0FFF213051B
:109900004006EFF09FED0D45EFF03FED4945EFF0DC
:10991000DFEC13051008EFF05FEC1305800EEFF09D
:10992000BFF013055008EFF05FEB0145EFF0FFEAE1
:1099300013058007EFF07FEA1305B00CEFF0DFEEC0
:1099400013059003EFF07FE91305C002EFF0FFE885
:109950000145EFF09FE813054003EFF01FE80945CC
:10996000EFF0BFE71305700FEFF01FEC13050002D7
:10997000EFF0BFE61305A00EEFF01FEB0145EFF08F
:10998000DFE50145EFF07FE51305000CEFF0DFE9BF
:1099900013053002EFF07FE41305100CEFF0DFE861
:1099A0004145EFF09FE31305500CEFF0FFE713057F
:1099B000E003EFF09FE213058002EFF01FE21305D2
:1099C000700CEFF07FE613056008EFF01FE1130560
:1099D000A003EFF07FE513055005EFF01FE013053E
:1099E0006003EFF07FE413050004EFF01FDF45454F
:1099F000EFF09FE31305044CEFF0DFD61305900260
:109A0000EFF09FE241016F601D9CEF629D99411153
:109A10002A841305A00236C22EC632C4EFF0DFE05E
:109A20002285EFF0FFDE22463285EFF07FDE130560
:109A3000B002EFF07FDFB2452E85EFF07FDD92467A
:109A40003685EFF0FFDC1305C002EFF0FFDD4101CA
:109A50006F607D97EF62FD94372901402A84AE84C0
:109A60001305098093050004EFE03FCBC1451305C2
:109A700009808604EFE03FCAA294631C9400372556
:109A800001409305000413050580EFE0DFC86F6017
:109A90009D9303590400090413558900EFF0DFCDAD
:109AA0001375F90FEFF05FCDC9BF138701831C4316
:109AB000B7B600209386C6A53E95636BD500B786E2
:109AC00001209386068063E5A60008C33E85828058
:109AD000FD57EDBF31C1B307A0407D8DC167637FE6
:109AE000F5009307F00F014763EAA702978700008C
:109AF0009387879A3E9508213A958280B70700019F
:109B00006378F502978700009387079941813E9516
:109B1000082141473A95828001458280978700005D
:109B20009387879721813E95082121473A95828026
:109B3000978700009387479661813E95082161478A
:109B40003A958280C167637CF5029307F00F130793
:109B5000000263EBA700978700009387E793AA971B
:109B600088233305A740828021819787000093874F
:109B7000A792AA97882361473305A7408280B70739
:109B80000001636DF5006181978700009387C7909E
:109B9000AA97882321473305A74082804181978770
:109BA00000009387678FAA97882341473305A74012
:109BB0008280B687B2882A832E88639B061463F856
:109BC000C50A4167636BE61AB70700016360F634A4
:109BD00093568601E147178700001307E78B3697F6
:109BE0001823BA97130700021D8F19CB3398E5008D
:109BF000B357F500B318E60033E807013313E50067
:109C000013D608013355C80293960801C1829357B1
:109C100003013377C802B385A60242073368F70011
:109C2000637AB80046989307F5FF6364180163658B
:109C3000B8303E853308B8403357C8024203135347
:109C400003013378C802B386E6024208336868002D
:109C5000637BD80046989307F7FF6365180179176F
:109C60006363D8003E874205598D8145828001E6B5
:109C70000547B358C702416763E8E80EB70700011C
:109C800063EAF82893D68801E14717870000130795
:109C9000A78036971423BE9693070002958FFDE7A1
:109CA000939E08013387154113DF080193DE0E01EF
:109CB0008545935703013355E7033377E703B3062D
:109CC000D5034207D98F63FAD700C6971307F5FF6C
:109CD00063E4170163E5D7263A85958F33D7E70309
:109CE000420313530301B3F7E703B30ED703C207CD
:109CF000B3E7670063FBD701C6979306F7FF63E5F9
:109D00001701791763E3D70136874205598D8280A1
:109D100063E1D504C16763E1F604B707000163E3BB
:109D2000F61E13D786016148977700009387C776A0
:109D3000BA979823130E00024297330EEE40631A2F
:109D40000E0C63EDB61C3335C50013451500814577
:109D500082808145014582809307F00F63F3D71C11
:109D600013D786002148C9B71307F00FC686E37ED4
:109D700017F193D68800A14709BF1307F00FB286E9
:109D8000E37BC7E493568600A147B1B5B398F800CA
:109D900033D6D50013DF0801335EE6033397F500B1
:109DA000B356D500558F939E080193DE0E013313F1
:109DB000F50093550701B376E603B387CE03C206D9
:109DC000CD8E63FBF600C6961306FEFF63E41617FE
:109DD00063F2F616791EC6969D8E33D6E603931768
:109DE0000701C183B3F6E6033385CE02139706015C
:109DF0005D8F637BA70046979307F6FF6368171391
:109E00006376A7127916469793150E01098FD18DA7
:109E10004DB5B357E600B396C601DD8E33D3E500EA
:109E200013DF0601B357E303939E060193DE0E0191
:109E30003398C5013357E50033680701935808018B
:109E40003316C6013373E303B385FE024203B368DE
:109E5000130163FBB800B6981387F7FF63EAD80CC9
:109E600063F8B80CF917B698B388B84033D7E8034D
:109E7000420813580801B3F8E8033383EE02C2081E
:109E8000B3E5080163FB6500B6951308F7FF63EDC2
:109E9000D50863FB65087917B695C207416FD98F5E
:109EA0001307FFFFB3F6E70093D80701718F4182D4
:109EB000B38EE602B3856540B386C60213D80E01A1
:109EC0003387E802BA96C2963386C80263F3E60087
:109ED0007A9693D80601469663E2C5026385C5006B
:109EE0003E858145828041677D17F98EC206B3FEAB
:109EF000EE003315C501F696E374D5FE1385F7FF22
:109F00008145828013D70601414839BD9356060129
:109F1000C147D1B193D60801C14785BB81450545ED
:109F200082803687014809B5428785BF3E86E9BDF4
:109F3000BA871DBF328E4DB579154698E5B97915AA
:109F4000C69761BBB68732882A832E872E8E63918F
:109F5000061463F0C50A41676376E61A1307F00F2B
:109F6000B2866375C70093568600A1471777000035
:109F7000130787523697182393080002BA97B388BD
:109F8000F840638C0800B3951501B357F5003318FA
:109F9000160133EEB7003313150113560801B357FA
:109FA000CE0213150801418193560301337ECE0280
:109FB000B307F502420E3367DE006378F70042977D
:109FC000636507016373F70042971D8FB356C7029D
:109FD00093170301C1833377C7023305D5024207C4
:109FE000D98F63EBA7083385A74033551501814509
:109FF000828001E605473358C7024167636BE80E6C
:10A00000B70700016364F82A93568801E147177780
:10A010000000130767483697182393080002BA9781
:10A02000B388F840639A081E131E0801B3850541E2
:10A0300013560801135E0E0113570301B3D6C50270
:10A04000B3F5C502B386C603C2054D8F6377D7004B
:10A05000429763640701636AD726158F3355C70299
:10A060004203135303013377C7023305C503420785
:10A07000B367670063F8A700C29763E5070163F35E
:10A08000A700C2973385A7403355150181458280CB
:10A090002A88E3EFD5F4C16763E5F604B70700014A
:10A0A00063E2F62013D38601E14897770000938797
:10A0B000A73E9A9703CE070013030002469E330380
:10A0C000C3416319030463E4B6006369C500330840
:10A0D000C540958D333705013387E5404285BA8504
:10A0E00082809307F00F63FBD71C13D38600A1482F
:10A0F0006DBF1307F00FC286E37B07F1935688000C
:10A10000A14731B7B70700016366F61A9356860177
:10A11000E147A9BDB357C601B3966600DD8EB3D83B
:10A12000C50113D70601B3DEE802139F0601B3573A
:10A13000C501135F0F01B3956500DD8D13D80501CF
:10A140003316660033156500B3F8E802B307DF0382
:10A15000C20833E80801637BF80036989388FEFF55
:10A160006363D8166371F816F91E36983308F84001
:10A17000B357E802C205C1813378E802330FFF020A
:10A18000131708014D8F637BE70136979385F7FF1F
:10A190006369D7126377E713F9173697C20EC16266
:10A1A000B3EEFE001388F2FFB3F80E0193550601DB
:10A1B00093DE0E0133780601B38F08033307E741BE
:10A1C00033880E0393D70F01B388B802C298C6979D
:10A1D000B38EBE0263F30701969E41687D1893D546
:10A1E0000701B3F70701C207B3FF0F01F695FE970A
:10A1F0006362B70A630EB708B307F5403335F5005D
:10A20000B305B740898D339EC50133D567003365EB
:10A21000AE00B3D5650082803318180133D7F5003E
:10A2200013560801B356C702131E0801B357F500B1
:10A23000135E0E01B3951501DD8D93DE0501331319
:10A2400015013377C702B307DE0293160701B3E6A1
:10A25000D60163F8F600C29663E5060163F3F600E3
:10A26000C2969D8E33D7C60293970501C183B3F67C
:10A27000C6023307EE0293950601DD8D63F8E50013
:10A28000C29563E5050163F3E500C295998D6DB351
:10A29000E374F5F63386C740B3B7C700B6979D8D14
:10A2A000B28799BF13D30601C14801B5935608017F
:10A2B000C147B1BB93560601C1474DB936838148AA
:10A2C000EDB3AE87E1BDC68E55B5429779B37971CE
:10A2D00022D4135475014ECE52CC9319950006D654
:10A2E00026D24AD056CA5AC81374F40F93D999008B
:10A2F000135AF50169C49307F00F6308F40E93979E
:10A30000390037070004B3E9E700130414F8814467
:10A31000014B13D77501939A95001377F70F93DAD2
:10A320009A0013D9F50145CF9307F00F630CF7029C
:10A330008E0A130717F8B7070004B3EAFA003A9435
:10A34000014633452A01BD47AA869305140063E2FE
:10A35000971017770000130727248A04BA949C40AB
:10A36000BA9782871304F40F63980A0C93E42400CD
:10A370000946C1BF01451307F00FB7074000B250AF
:10A380002254A6075E07A5837E05D98F92540259F1
:10A39000F249624AD24A424B5D8D45618280CA864B
:10A3A000D689328B89476301FB0A8D47E304FBFCA6
:10A3B000854736856312FB1A01478147C9B7639EFB
:10A3C000090413D77501939A95001377F70F9144F9
:10A3D0000144054B93DA9A0013D9F50131F7639DD7
:10A3E0000A0093E414000546A9BF63930902A1443F
:10A3F0001304F00F094B31BF5685EFF0AFF493070C
:10A40000B5FF098CB39AFA001304A4F8014615BFEE
:10A41000B1441304F00F0D4BEDBD4E852EC6EFF089
:10A420006FF29307B5FF1304A0F8B399F900098CF4
:10A430008144014BB245F1BD93E434000D4611B7A0
:10A440008947D286E313FBF636851307F00F814761
:10A450003DB741639306F3FF13D6090193D80A0170
:10A46000B3F7D900B3FADA0033885703B389F80297
:10A4700013570801B30A5603D6994E9733061603AD
:10A48000637357011A96C167FD17B376F7003378E7
:10A49000F800C206C2969399660093570701B33934
:10A4A0003001E982B2979A07B3E6D900B3E9D70041
:10A4B0009397490063D9070013D7190093F7190040
:10A4C000B369F7002E841307F4076350E00493F791
:10A4D000790099C793F7F90091466383D7009109F2
:10A4E0009397490063D90700B70700F8FD17B3F940
:10A4F000F900130704089307E00F63CBE704939771
:10A500006900A5831377F70F9DBD8547B386E740A4
:10A5100011C76D4601478147E343D6E61307E409B7
:10A520003397E9003337E000B3D7D900D98F13F759
:10A53000770019C713F7F70091466303D700910717
:10A5400013975700634C07009A07A583014705BD81
:10A550001307F00F814725B52E84B5B7054781470E
:10A5600039BD3707800041117D179356750113D807
:10A570007501B377A70093F6F60F935EF501337676
:10A58000B70026C24AC01378F80F06C622C41303C8
:10A59000F00F3E8E3689F684139F3700FD81131528
:10A5A0003600B38806416303681093C51500638DB8
:10A5B000BE106355100D631108106305051EFD18CC
:10A5C000B307AF40638608029307F00F6389F6165E
:10A5D000ED4763C8172913070002330717413317E4
:10A5E000E500B35715013337E000D98FB307FF40BB
:10A5F000139757006352071A370400047D147D8CAB
:10A600002285EFF02FD46D15B317A400634E251BE0
:10A61000330525411304150013070002018F3397FA
:10A62000E7003337E000B3D78700D98F014913F72C
:10A63000770019C713F7F70091466303D700910716
:10A6400013975700635E0714930619001307F00F62
:10A6500093FE14006386E6169A07A58393F6F60F19
:10A66000A607B240224413D59700DE069397FE0159
:10A67000558D924402495D8D410182806392080AA2
:10A68000138716001377E70F631B071463940622E2
:10A6900063020F2071D5B307AF401397570063557E
:10A6A0000722B307E5410149AE8451B7E30F05EE38
:10A6B000638ABE0AE35410FD9307F00F6381F60826
:10A6C000B70700045D8D29B7635E100963010808B0
:10A6D0009307F00F6385F606B70700045D8DED471D
:10A6E00063C0171F13070002330717413317E50034
:10A6F000B35715013337E000D98FFA9713975700F6
:10A70000635C070805091307F00F630BE90AB70636
:10A71000007E13D71700FD16858B758FD98F01BF6B
:10A720003307D84063950610630D0F147D1763033C
:10A73000071A9307F00F6314F810AE84328E630F7C
:10A740000E06814E9306F00FB707400011BF39C9BE
:10A75000FD18B307AF00E38308FA9307F00FE39007
:10A76000F6F8F1BF63990808138916001377E90F0B
:10A7700063160712639B061063030F16E30205EED0
:10A78000B307AF0013975700014963570700370716
:10A7900000FC7D17F98F054913F77700E31C07E8E4
:10A7A00013DE37009307F00FE30BF9F893179E00C1
:10A7B000A5839376F90F93FE14005DB593FE140004
:10A7C0009306F00F814769BD370700FC7D17F98FAD
:10A7D00013F777003309A940E31E07E4D1B7330428
:10A7E000AF409317540063C3070CE31B04E0814E92
:10A7F00081468147B5B53307D840B5C69307F00FFA
:10A80000E30EF8F2B7070004336FFF00ED4763CDA6
:10A81000E70C93070002998FB317FF003357EF003F
:10A82000B337F0005D8FB307A7004289C1BD93071E
:10A83000F00FE304F8F0B7070004336FFF00ED47B3
:10A8400063C2E70893070002998FB317FF003357DD
:10A85000EF00B337F000D98FB307F5404289AE84DB
:10A8600041BB854761B3630E0F067D17B307AF0089
:10A870004289E30507E89307F00FE319F8F8328EF1
:10A880007DBD328E4289AE8431BFE3090FEAE30811
:10A8900005EA45BD0DCDAE8EB287D9B39307F00F53
:10A8A000E300F9F2B307AF008583FDB53304E5415A
:10A8B000AE84B9B3E31D0FFCE30505E8AE84BDBD6E
:10A8C000854725BD854749BF0149E39707EC814E80
:10A8D000814779B3B307E5414289AE8411BBB287A2
:10A8E00041B3328E42897DBD054735BF37068000B2
:10A8F000135775019307F6FF1377F70F9305E007DA
:10A90000B3F6A7009357F50163FCE5009305D00962
:10A9100063FAE500370500801345F5FF3E95828018
:10A920000145828093055009D18E63CDE500130661
:10A9300060093307E64033D7E6003305E040F5F31E
:10A940003A8582801307A7F63397E600FDB74111D9
:10A9500006C622C41DCD2A84EFF0CF9E9307E009DE
:10A960003387A7409307600963C0E704A146937744
:10A97000F70F63D5A60061153314A40026042580C3
:10A98000260413559400B2402244DE075D8D410138
:10A9900082800144260413559400B240224481472A
:10A9A000DE075D8D410182809307900963DDE7003A
:10A9B0009307B5019546B317F400898EB337F000BD
:10A9C0003354D4005D8C954763D6A7009307B5FF39
:10A9D0003314F400B70600FCFD1693777400337649
:10A9E000D40085C39377F4009145638CB7001106BA
:10A9F0009317560063D707009307F009758E3387C6
:10AA0000A740131466002580260413559400B24015
:10AA100022449377F70FDE075D8D41018280014765
:10AA20006314E60001458280B307E5000507B3869D
:10AA3000E5009C2383C6F6FFE384D7FE3385D74029
:10AA40008280B3C7A5008D8B3307C50081E78D4792
:10AA500063EDC700AA87637EE50894218507850515
:10AA6000A38FD7FEE3EBE7FE828093763500AA87BB
:10AA700089CA942185078505A38FD7FE93F63700F1
:10AA8000C5BF9376C7FF138606FE63F0C70683A390
:10AA9000050083A2450083AF850003AFC50083AEE8
:10AAA000050103AE450103A3850183A8C501938574
:10AAB000450223A0770003A8C5FF23A2570023A4C3
:10AAC000F70123A6E70123A8D70123AAC70123ACD6
:10AAD000670023AE17019387470223AE07FF75B7C0
:10AAE00090419107910523AEC7FEE3EBD7FEE3E665
:10AAF000E7F6828063F1A504B386C500637DD502C5
:10AB00009345F6FF8147FD176393F50082803387F5
:10AB1000F600034807003387C7002A972300070180
:10AB2000DDB73387F50014233307F500850714A339
:10AB3000E319F6FE82808147E5BF797156CA9C49C8
:10AB4000BA8A984522D426D24ECE52CC06D64AD0C6
:10AB50005AC85EC6AA892E84B284368A63D3E700B7
:10AB6000BA879CC00347340419C385079CC01C40A6
:10AB700093F7070281C79C4089079CC00329040002
:10AB800013796900631A0900130B9401FD5B5C449F
:10AB90009840998F634CF9041C408346340493F722
:10ABA0000702B336D000A5EB13063404D2854E85D8
:10ABB000829AFD576303F5041C4011469840998B17
:10ABC000544481446397C700B384E64063D30400D0
:10ABD00081441C4418486354F700998FBE9401497E
:10ABE00069047D5B63982405014509A885465A865A
:10ABF000D2854E85829A631E75017D55B2502254CE
:10AC000092540259F249624AD24A424BB24B4561D0
:10AC100082800509ADBF3307D40013060003A301EA
:10AC2000C7040347540493871600A2978906A3819B
:10AC3000E7049DBF85462286D2854E85829AE30E23
:10AC400065FB050945B7797122D426D24AD04ECE8C
:10AC500006D652CC56CA5AC8B689942D9307900688
:10AC60003289AA842E8413863504638DF60263E24A
:10AC7000D706930780056386F61863EDD700638EC9
:10AC8000062093073004638EF60A930A24042301F6
:10AC9000D404C9A0930730066385F60A93074006DB
:10ACA000E395F6FE1C40084393F60708930545001C
:10ACB000C5C61C410CC363D807001307D002B307F5
:10ACC000F040A301E404977600009386E6902947BC
:10ACD00065A8930700076382F61663E5D70293071A
:10ACE000E0066389F6189307F006E390F6FA0C4045
:10ACF0001C4313F80508138547006307080608C3BB
:10AD00009C4385A893075007E383F6FE93078007CB
:10AD10006389F61293073007E399F6F61C43D04196
:10AD200081459386470014C383AA07005685692C82
:10AD300001C53305554148C05C401CC8A30104044B
:10AD400061A81C43930A2404938647009C4314C3C0
:10AD50002301F4048547D5B793F607041C410CC3BF
:10AD6000B9DAC207C18781BF93F5050408C3C9D901
:10AD70009E231307F0066387E60E977600009386FE
:10AD8000A6852947A30104044C400CC463C50500F3
:10AD900008406D9908C099E3B28A89CDB28AB3F5AB
:10ADA000E702FD1AB6958C212380BA00B3D5E702DD
:10ADB00063F0E70CA147631EF7001C40858B91CB25
:10ADC00058401C4863C7E70093070003A38FFAFEAF
:10ADD000FD1A3306564110C84E87CA867000A285F8
:10ADE0002685EFF09FD57D5A631D450B7D55B250EA
:10ADF000225492540259F249624AD24A424B456166
:10AE00008280A382D504976600009386E67C0C407E
:10AE1000084313F805081C411105630D080208C317
:10AE200013F7150001C793E505020CC04147B9FBB4
:10AE30000C4093F5F5FD0CC0B1B79C4193E70702B8
:10AE40009CC193078007A302F404976600009386D1
:10AE5000E67975BF13F8050408C3E30308FCC207CD
:10AE6000C1837DBF9766000093860677214719BF8F
:10AE7000AE8735B794411C43CC4913F806081385B7
:10AE800047006306080008C39C438CC339A008C36D
:10AE900093F606049C43F5DA8EA323280400B28AB5
:10AEA00025BF14485686CA8526858299E30045F554
:10AEB0001C40898B8DE7B2474844E35AF5F23E8542
:10AEC0003DB785465686CA8526858299E30065F397
:10AED000050A5C443247998FE345FAFEE9BF014A0F
:10AEE000930A94017D5BF5B735713ECBB7070080BF
:10AEF00093C7F7FF3ECE3EC8C1779387872032C500
:10AF000036C73AC942CD46CF3ECA938741832AC449
:10AF10002ACC884334012E862C0086DE36C2852E4C
:10AF2000A24723800700F6500D618280AA879823EC
:10AF30009386170009EB850503C7F5FF8507A38FE7
:10AF4000E7FE75FB8280B687DDB7AA879821850763
:10AF50008505A38FE7FE7DFB8280AA87850703C74F
:10AF6000F7FF6DFF3385A7407D15828015C27D16E2
:10AF70000147B307E500B386E5009C23942263965E
:10AF8000D7006304C7000507EDF73385D7408280FB
:10AF90000145828018219C2101E791C301458280EF
:10AFA000814739A01C3113071500EDDB81473A8535
:10AFB0003387F500182365D7B306F5009422E39391
:10AFC000E6FE85072A87E5B793F5F50F2A96631401
:10AFD000C500014582801C21E38EB7FE0505C5BF73
:10AFE000CDC183A7C5FF411122C406C626C2138462
:10AFF000C5FF63D307003E94AA840D2B938701A855
:10B000009C4399EB2322040023A081A82244B24050
:10B0100026859244410121AB637EF400144033073E
:10B02000D4006396E7009843DC43369718C05CC0B1
:10B03000E1BFBA87D84319C3E37DE4FE9443338666
:10B04000D700631F86001040B29694C33386D700A2
:10B05000E31EC7FA10435843B29694C3D8C37DB7D2
:10B060006375C400B1479CC055B71040B306C40017
:10B070006316D70014435843B29614C058C0C0C3D7
:10B0800071B78280011126CA93843500F19806CEEB
:10B0900022CC4AC84EC6A104B14763F1F404B144BE
:10B0A00063E0B4042A895921938701A898433A841C
:10B0B00031E0938741A89C4391E781454A85352932
:10B0C00023A2A1A8A6854A850D29FD596317350736
:10B0D000B1472320F9004A85992929A0E3D204FC2D
:10B0E000B1471CC10145F2406244D2444249B249D1
:10B0F000056182801C40858F63CE0702AD4663F6F2
:10B10000F6001CC03E9404C031A05C40631287026C
:10B1100023A0F1A84A8521291305B4009307440010
:10B1200061993307F54061D33A94898F1CC065BF9C
:10B130005CC3CDB722874040A5BF1304350071988A
:10B14000E30385FCB305A4404A85452EE31D35FB8A
:10B1500041B781E5B2856FF0FFF2011122CC06CE36
:10B1600026CA4AC84EC6328401EEEFF07FE7014995
:10B17000F24062444A85D2444249B2490561828024
:10B18000AE84AA8975262689E37485FEA2854E853C
:10B19000EFF05FEF2A8969DDA6852286EFF07F8ACE
:10B1A000A6854E85EFF0DFE3E1B701114AC803A998
:10B1B000850022CC52C45AC006CE26CA4EC656C2FC
:10B1C0002E84328B368A63E92609DE2513F7074879
:10B1D00051C304408C495848AA8AB389B4408D446D
:10B1E000B384E4020947B3C4E402138716004E9700
:10B1F00063F3E400BA8493F70740BDCFA685568574
:10B20000EFF05FE82A891DE1B14723A0FA005E2430
:10B210007D5593E707045EA4F2406244D24442495C
:10B22000B249224A924A024B056182800C484E86FE
:10B23000EFF03F815E2493F7F7B793E707085EA42A
:10B240002328240144C84E99B38434412320240187
:10B2500004C4528963732A01528908404A86DA85F8
:10B26000EFF05F891C440145B38727411CC41C4093
:10B270003E99232024014DB726865685EFF07FEDB9
:10B280002A895DFD0C485685EFF09FD5B5BFDE25B8
:10B29000717126D34AD14ECF06D722D552CD56CB87
:10B2A0005AC95EC762C566C393F70708AA892E8983
:10B2B000B284B9C39C49A9E39305000436C6EFF0F4
:10B2C0007FDC2320A9002328A900B24615E1B1475D
:10B2D00023A0F9007D55BA502A549A540A59FA49C4
:10B2E0006A4ADA4A4A4BBA4B2A4C9A4C4D618280E0
:10B2F00093070004232AF90093070002A30CF1022C
:10B300009307000302DA230DF10236CE930B5002AD
:10B31000976A0000938ACA34054C294B26841C2066
:10B3200099C363997709B30C9440638E0C00E68649
:10B330002686CA854E85EFF05FE7FD57630BF5184B
:10B34000D256E69636DA1C2063850718FD5793041B
:10B35000140002D002D63ED202D4A301010682DC40
:10B360008C2015465685EFF03FC613841400825793
:10B3700021E513F7070109C713070002A301E1063E
:10B3800013F7870009C71307B002A301E106942051
:10B390001307A002638AE602B25726848146254637
:10B3A000182093051400130707FD6372E6068DC687
:10B3B0003ED61DA00504A5B7330555413315AC0095
:10B3C000C98F3ED0A28469BF7247930647001843D5
:10B3D00036CE634707023AD618209307E002631D72
:10B3E000F70418309307A002631BF702F247090421
:10B3F000138747009C433ACE63C107023ED22DA873
:10B400003307E04093E727003AD63ED0F1B7B38741
:10B41000670385462E84BA9761B7FD57C5B7050403
:10B4200002D2814681472546182093051400130750
:10B4300007FD6376E606F9F20C200D46176500005D
:10B4400013058522EFF05FB811CD97670000938751
:10B45000A7211D8D93070004B397A700025505048B
:10B460005D8D2AD00C2019461765000013050520B4
:10B4700093041400230CB102EFF01FB525C59757B4
:10B48000FDFF938727B895E70257F2471377071018
:10B4900009CF91073ECED257D2973EDA41B5B38756
:10B4A000670385462E84BA9741B79D07E19BA107A4
:10B4B000D5B7780897060000938666CF4A860C10A9
:10B4C0004E8597000000E7000000FD572A8AE3142C
:10B4D000F5FC8357C9007D5593F70704E39D07DE0C
:10B4E0005255D5BB780897060000938646CC4A860D
:10B4F0000C104E85EFF02FF5C9BF411122C42A84EC
:10B500002E8597F7FD1F23AB075406C6EFE0EFD952
:10B51000FD576319F50097F7FD1F938727549C4348
:10B5200091C31CC0B240224441018280828082804B
:10B5300083A7C5FF1385C7FF63D50700AA959C4164
:10B540003E9582802CC0020040C0020050C0020024
:10B5500064C0020070C002007CC0020080C0020013
:10B5600090C00200A0C00200A8C00200BCC002003F
:10B57000CCC00200D4C00200E0C00200ECC0020057
:10B5800000C1020008C1020018C1020028C1020067
:10B5900040C1020000112233445566778899AABB46
:10B5A000CCDDEEFF00112233445566778899AABBA3
:10B5B000CCDDEEFF6D61696E00000000546F206904
:10B5C0006E697469616C697A652064657669636522
:10B5D0003A2573206661696C65642E205468652085
:10B5E0006572726F7220636F6465206973202564D1
:10B5F0000A0000007469646C65000000000001002E
:10B60000020001000300010002000100040001002B
:10B61000020001000300010002000100050001001A
:10B62000020001000300010002000100040001000B
:10B6300002000100030001000200010006000100F9
:10B6400002000100030001000200010004000100EB
:10B6500002000100030001000200010005000100DA
:10B6600002000100030001000200010004000100CB
:10B6700002000100030001000200010007000100B8
:10B6800002000100030001000200010004000100AB
:10B69000020001000300010002000100050001009A
:10B6A000020001000300010002000100040001008B
:10B6B0000200010003000100020001000600010079
:10B6C000020001000300010002000100040001006B
:10B6D000020001000300010002000100050001005A
:10B6E000020001000300010002000100040001004B
:10B6F000020001000300010002000100303132337A
:10B70000343536373839414243444546000000005D
:10B710000A205C207C202F0A000000002D205254BB
:10B72000202D2020202020546872656164204F70F5
:10B7300065726174696E672053797374656D0A0070
:10B740004A756C203134203230323600202F207C74
:10B75000205C202020202025642E25642E256420B6
:10B760006275696C642025730A0000002032303055
:10B7700036202D203230313920436F70797269675D
:10B7800068742062792072742D7468726561642017
:10B790007465616D0A000000284E554C4C2900006C
:10B7A0003031323334353637383961626364656637
:10B7B00000000000746F74616C206D656D6F7279AC
:10B7C0003A2025640A00000075736564206D656D7C
:10B7D0006F7279203A2025640A0000006D61786953
:10B7E0006D756D20616C6C6F6361746564206D654F
:10B7F0006D6F72793A2025640A0000006C697374D9
:10B80000206D656D6F727920757361676520696E53
:10B81000666F726D6174696F6E0000006C6973749D
:10B820005F6D656D00000000746F206672656520B5
:10B830006120626164206461746120626C6F636B7B
:10B840003A0A00006D656D3A203078253038782C42
:10B85000207573656420666C61673A2025642C202E
:10B860006D6167696320636F64653A2030782530C5
:10B8700034780A0068656170000000006D656D2015
:10B88000696E69742C206572726F722062656769D7
:10B890006E206164647265737320307825782C2083
:10B8A000616E6420656E64206164647265737320E8
:10B8B000307825780A00000074696D657200000018
:10B8C0001B5B324A1B5B48002D2D46756E63746905
:10B8D0006F6E204C6973743A0A0000005F5F0000CD
:10B8E000252D313673202D2D2025730A00000000F0
:10B8F0006465766963650000252D2A2E732020205B
:10B9000020202020202074797065202020202020F5
:10B9100020202072656620636F756E740A00000037
:10B92000202D2D2D2D2D2D2D2D2D2D2D2D2D2D2D54
:10B930002D2D2D2D2D202D2D2D2D2D2D2D2D2D2D44
:10B940000A000000252D2A2E2A7320252D3230735F
:10B9500020252D38640A00006576656E74000000AD
:10B96000252D2A2E7320202020202073657420206E
:10B97000202073757370656E6420746872656164ED
:10B980000A00000020202D2D2D2D2D2D2D2D2D2DAB
:10B99000202D2D2D2D2D2D2D2D2D2D2D2D2D2D0A07
:10B9A00000000000252D2A2E2A7320203078253013
:10B9B000387820253033643A00000000252D2A2EE7
:10B9C0002A73202030782530387820300A00000093
:10B9D0006D61696C626F7800252D2A2E7320656E6B
:10B9E0007472792073697A652073757370656E64FB
:10B9F000207468726561640A00000000202D2D2DFE
:10BA00002D20202D2D2D2D202D2D2D2D2D2D2D2D8D
:10BA10002D2D2D2D2D2D0A00252D2A2E2A73202582
:10BA20003034642020253034642025643A0000003E
:10BA3000252D2A2E2A7320253034642020253034E9
:10BA4000642025640A0000006D7367717565756573
:10BA500000000000252D2A2E7320656E7472792057
:10BA600073757370656E64207468726561640A0032
:10BA7000202D2D2D2D20202D2D2D2D2D2D2D2D2D1D
:10BA80002D2D2D2D2D0A0000252D2A2E2A7320253F
:10BA9000303464202025643A00000000252D2A2E31
:10BAA0002A732025303464202025640A0000000019
:10BAB0006D75746578000000252D2A2E73202020D6
:10BAC0006F776E65722020686F6C64207375737079
:10BAD000656E64207468726561640A00202D2D2DE6
:10BAE0002D2D2D2D2D202D2D2D2D202D2D2D2D2DA0
:10BAF0002D2D2D2D2D2D2D2D2D0A0000252D2A2EFD
:10BB00002A7320252D382E2A7320253034642025D1
:10BB1000640A000073656D6170686F7265000000F3
:10BB2000252D2A2E73207620202073757370656E64
:10BB300064207468726561640A000000202D2D2D58
:10BB4000202D2D2D2D2D2D2D2D2D2D2D2D2D2D0A55
:10BB500000000000252D2A2E2A7320253033642072
:10BB600025643A00252D2A2E2A732025303364209F
:10BB700025640A007468726561640000252D2A2E10
:10BB80007320707269202073746174757320202093
:10BB900020202073702020202020737461636B208C
:10BBA00073697A65206D61782075736564206C65B2
:10BBB0006674207469636B20206572726F720A006C
:10BBC000202D2D2D20202D2D2D2D2D2D2D202D2DD9
:10BBD0002D2D2D2D2D2D2D2D202D2D2D2D2D2D2DA2
:10BBE0002D2D2D20202D2D2D2D2D2D20202D2D2DB9
:10BBF0002D2D2D2D2D2D2D202D2D2D0A0000000059
:10BC0000252D2A2E2A732025336420002072656199
:10BC100064792020000000002073757370656E64E5
:10BC20000000000020696E697420202000000000E0
:10BC300020636C6F736520200000000020307825A1
:10BC40003038782030782530387820202020253072
:10BC50003264252520202030782530387820253082
:10BC600033640A00252D2A2E732020706572696FB7
:10BC700064696320202074696D656F7574202020CD
:10BC800020202020666C61670A000000202D2D2DE9
:10BC90002D2D2D2D2D2D2D202D2D2D2D2D2D2D2DE1
:10BCA0002D2D202D2D2D2D2D2D2D2D2D2D2D0A0021
:10BCB000252D2A2E2A7320307825303878203078A8
:10BCC00025303878200000006163746976617465FE
:10BCD000640A000064656163746976617465640A6E
:10BCE0000000000063757272656E74207469636B86
:10BCF0003A3078253038780A000000006C69737497
:10BD000020616C6C2073796D626F6C20696E20739A
:10BD1000797374656D0000006C6973740000000035
:10BD20006C6973742064657669636520696E20733D
:10BD3000797374656D0000005F5F636D645F6C69AB
:10BD400073745F6465766963650000006C69737481
:10BD50002064657669636520696E20737973746504
:10BD60006D0000006C6973745F64657669636500DB
:10BD70006C6973742074696D657220696E207379C3
:10BD80007374656D000000005F5F636D645F6C69D4
:10BD900073745F74696D6572000000006C69737480
:10BDA0002074696D657220696E2073797374656D96
:10BDB000000000006C6973745F74696D6572000047
:10BDC0006C697374206D6573736167652071756547
:10BDD000756520696E2073797374656D00000000CD
:10BDE0005F5F636D645F6C6973745F6D73677175BA
:10BDF000657565006C697374206D65737361676543
:10BE000020717565756520696E2073797374656D31
:10BE1000000000006C6973745F6D73677175657500
:10BE2000650000006C697374206D61696C20626F3D
:10BE30007820696E2073797374656D005F5F636D40
:10BE4000645F6C6973745F6D61696C626F78000028
:10BE50006C697374206D61696C20626F7820696E03
:10BE60002073797374656D006C6973745F6D6169BB
:10BE70006C626F78000000006C697374206D7574DB
:10BE8000657820696E2073797374656D0000000019
:10BE90005F5F636D645F6C6973745F6D7574657803
:10BEA000000000006C697374206D757465782069FA
:10BEB0006E2073797374656D000000006C69737493
:10BEC0005F6D7574657800006C69737420657665C4
:10BED0006E7420696E2073797374656D00000000C4
:10BEE0005F5F636D645F6C6973745F6576656E74C4
:10BEF000000000006C697374206576656E742069BB
:10BF00006E2073797374656D000000006C69737442
:10BF10005F6576656E7400006C6973742073656D7F
:10BF20006170686F726520696E2073797374656DD6
:10BF3000000000005F5F636D645F6C6973745F7322
:10BF4000656D00006C6973742073656D6170686F56
:10BF50006E6520696E2073797374656D0000000052
:10BF60006C6973745F73656D000000006C697374B5
:10BF700020746872656164005F5F636D645F6C6903
:10BF800073745F7468726561640000006C69737437
:10BF900020746872656164006C6973745F746872A0
:10BFA00065616400746865207465726D696E616CAA
:10BFB0002073637265656E005F5F636D645F636CC1
:10BFC00065617200746865207465726D696E616C7C
:10BFD0002073637265656E00636C656172000000BA
:10BFE0007265626F6F742074686520626F6172643D
:10BFF000000000005F5F636D645F7265626F6F7465
:10C00000000000007265626F6F74207468652062C2
:10C010006F617264000000007265626F6F740000EF
:10C020002D000000257300002F000000436861729E
:10C030006163746572204465766963650000000081
:10C04000426C6F636B204465766963650000000095
:10C050004E6574776F726B20496E746572666163AA
:10C06000650000004D544420446576696365000016
:10C0700043414E2044657669636500005254430095
:10C08000536F756E64204465766963650000000037
:10C090004772617068696320446576696365000072
:10C0A000493243204275730055534220536C6176E8
:10C0B00065204465766963650000000055534220A1
:10C0C000486F73742042757300000000535049207C
:10C0D00042757300535049204465766963650000DA
:10C0E0005344494F2042757300000000504D2050CA
:10C0F000736575646F2044657669636500000000B0
:10C100005069706500000000506F7274616C2044CB
:10C11000657669636500000054696D657220446549
:10C1200076696365000000004D697363656C6C613E
:10C130006E656F7573204465766963650000000065
:10C14000556E6B6E6F776E00546F6F206D616E79F8
:10C1500020617267732021205765206F6E6C7920F3
:10C160005573653A0A0000002573200025733A20B4
:10C17000636F6D6D616E64206E6F7420666F756E97
:10C18000642E0A0052542D546872656164207368ED
:10C19000656C6C20636F6D6D616E64733A0A0000AC
:10C1A0005F5F636D645F0000252D313673202D20A5
:10C1B00025730A0052542D546872656164207368B7
:10C1C000656C6C2068656C70000000005F5F636DDB
:10C1D000645F68656C70000053686F7720746865F1
:10C1E000206D656D6F727920757361676520696E6A
:10C1F000207468652073797374656D005F5F636D8B
:10C20000645F6672656500004C69737420746872BF
:10C210006561647320696E20746865207379737436
:10C22000656D00005F5F636D645F70730000000008
:10C230006D7368200000000066696E73682000005E
:10C240003E00000066696E73683A2063616E206E7E
:10C250006F742066696E64206465766963653A2050
:10C2600025730A006E6F206D656D6F727920666FA1
:10C2700072207368656C6C0A000000007473686556
:10C280006C6C000073687278000000000800000009
:10C2900025630000082573202008000008200800FE
:10C2A0001B5B324B0D00000025732573000000005E
:10C2B00072656164207374617475732066726F6D4A
:10C2C0002068617264776172652070696E00000099
:10C2D00070696E5265616400777269746520766179
:10C2E0006C756520746F2068617264776172652077
:10C2F00070696E0070696E577269746500000000A5
:10C300007365742068617264776172652070696E0C
:10C31000206D6F646500000070696E4D6F6465008C
:10C3200075617274310000007C0A0300103800004F
:10C3300000000000000000006A3E00000000000055
:10C34000010400007C0A0300DA4C0000F044000005
:10C3500000000000904B000004010D0000060000EA
:10C360007C0A0300CC4D000000000000000000002B
:10C3700000000000D127D127440200007C0A0300FE
:10C3800090570000064E000000000000CC5900004D
:10C39000040182008503000042746E310000000039
:10C3A00042746E320000000042746E3300000000E0
:10C3B00042746E340000000042746E3500000000CC
:10C3C0007C0A0300845F0000BE5F000000000000E4
:10C3D000DC5F0000D127D127C402000043686563F9
:10C3E0006B20626F780000007C0A0300D6660000B4
:10C3F0005C63000000000000A46C00008200D127F4
:10C4000005040000EF81B8004F7074696F6E203131
:10C410000A4F7074696F6E20320A4F7074696F6EC4
:10C42000203300007C0A0300286300000C63000036
:10C43000000000004A6A00000000000080020000C6
:10C440007C0A030048700000A0700000000000009B
:10C45000E4720000D127D127C00300007C0A03004A
:10C46000E4860000F679000000000000E48100008E
:10C47000D127D127C0040000546578740000000063
:10C480007C0A0300728B0000000000000000000026
:10C49000948B0000D127D127C00200007C0A030042
:10C4A0007C9000000000000000000000EC92000002
:10C4B000D1278200C50200004F7074696F6E203171
:10C4C0000A4F7074696F6E20320A4F7074696F6E14
:10C4D00020330A4F7074696F6E20340A4F7074698C
:10C4E0006F6E2035000000005CC4020000000000F8
:10C4F0000000000000000000269100000000000085
:10C50000C004000044C30200809700000000000047
:10C5100000000000A6980000000000008507000051
:10C520007C0A0300F49F0000E49F0000000000006C
:10C530001CA0000034001E00840200007C0A0300DE
:10C54000A8A400005AA400000000000000AB0000F6
:10C55000D127D127850300007C0A0300DCB200004C
:10C56000B0AD000000000000CAB800000401820065
:10C57000040600002A000000E280A200AAC6000013
:10C58000A6C60000C6C60000D0C60000DAC600007D
:10C5900006F2ECE83699D661963ABE245E05FA05B5
:10C5A000B1046A4D098EE7CE47FF00FEC0FCA4FA35
:10C5B000A97AF163F39C00008AEA8EE3D3EC7AFE59
:10C5C0005DFF0FEA12F376F4DAFD3DFF37AA59BB9F
:10C5D0009BCCFCE53EF7B87AB993FBB43DD63EEF71
:10C5E000585B397C5B9D5DC65EEF3E45BE655F96E0
:10C5F000FFBE9FE7BE2D1E4EBF863FB7BFE73B265F
:10C600009C4EFD865EB7BFE73325B54D5886FBB619
:10C610009EE7CD653086B4A639CFBDEF6C9EB0AE37
:10C6200014C779DFDDF70AD72EDF73E7B8F7DCFF31
:10C630006BFF8EFFB3FFD8FFFCFF45FEA9FE10FF86
:10C6400076FFDCFF24FDA9FD70FE16FF9CFF88FB32
:10C650004CFC52FD77FE5CFF6C8B4FA454BD79D629
:10C660005DEF937C3595F8B5DBCE7EEFF7BD1CE72B
:10C670007DEFBEF7DFFF0000C6E165D145C1E3B045
:10C68000CCD8CBC0AAA869883589F478D368B148DA
:10C69000B65975513441D230553AF331B2290F1998
:10C6A0005C1CBA1B3813340ADC045A04B703B30207
:10C6B0007805B40411040C034F04CD034B03680246
:10C6C0000845673CE62BE41A887DE76C4554433304
:10C6D00046C6A5ADE49CA283C6FE05FE44FDE2F37A
:10C6E00080FD00FD60FC60FB60FCE0F360EB80E23D
:10C6F00083F243E202DAA1B9686A065AA5492439ED
:10C700006F53CC4229328721AE730C630842042157
:10C7100000003C027804B306EE08280B610D990F67
:10C72000D01106143A166C189D1ACB1CF71E212145
:10C7300048236C258E27AC29C72BDF2DF32F03321E
:10C74000103418361C381C3A173C0E3EFF3FEC41A3
:10C75000D443B64593476A493C4B084DCD4E8D5066
:10C760004652F953A5554B57EA58825A135C9C5DC3
:10C770001F5F9A600D627963DD6439668D67D968E1
:10C780001D6A596B8C6CB76DD96EF36F04710C72A6
:10C790000B730174EE74D275AD767F7747780679A6
:10C7A000BB79677A0A7BA27B327CB77C337DA57D1F
:10C7B0000D7E6C7EC07E0B7F4B7F827FAF7FD27FF2
:10C7C000EB7FFA7FFF7F00000004040404040404EC
:10C7D000040402020C0C0E0E0606060606060000F5
:10C7E0000000000000000000000000000000000049
:10C7F000020000000000000000000400000200022F
:10C80000020000000000000002020202000200001C
:10C81000000200000000000002000000000101050D
:10C8200005050105000000000000010101000000F5
:10C830000000040500000000202C2E3B3A2D5F0074
:10C84000200000005F000100000000000000000068
:10C8500000000200B0000000F3F760000CFD0200D1
:10C86000000000003E00030080C8020000EB020050
:10C8700040C80200A0FB020010000228680300204C
:10C880000EA0D90D90C80C80B70A60110B80D91F7B
:10C890000991F0881F0880F088000000000D203CFE
:10C8A00000000F0069002FFFFFFFF7015C11A610C9
:10C8B000006900C300008800D2009FFFFFFFF01254
:10C8C000C523E22000D203C00000F004B000000045
:10C8D000700000000E00000000E0000019EFEA30D8
:10C8E0000CD6E6A702F40E00001F80E000006FEFF8
:10C8F00050000016FFE500000E0AF00100E05F1393
:10C90000F85E6EB005CFFE9100000E0000000070D2
:10C91000000008DD3000A7004B02D004C000770003
:10C92000D01D20004B03D0A7000007DC34C4CC305E
:10C9300000001D2D22D00000A63B00B30005C03A28
:10C9400000A3001D200D00D000A60004CC40004D27
:10C95000FC300000F718C00001F205D00000BB6EEB
:10C960004000005FF3000007E6DB03802F301DBAB4
:10C97000A05F0001DF401FB448FEC003BFFC40B20F
:10C9800000000000001F01F01F00F0000003F10B89
:10C99000900F404F007D009B00AA00AA009B007DE5
:10C9A000004F000F400B9003F15E000E6008C004C2
:10C9B000F001F300F500E600E600F501F304F008ED
:10C9C000C00E605E0000930088A6C209FE404DDDE7
:10C9D000B1429350005200000450000008A0000033
:10C9E00008A0001FFFFFF30339B3300008A00000C8
:10C9F00008A0000103F61E60E12C00000003FFF90F
:10CA00000333100003F52E4000000E400004E00048
:10CA1000009A00000E400004F000009A00000E4052
:10CA20000003F000009A00000E500003F000009A8E
:10CA300000000E500003F00000004CFE70004FB6E6
:10CA40008F900DB0005F32F40000E74F20000CA47F
:10CA5000F20000CA2F40000E70DB0005F204FB68F4
:10CA6000F90004CFE700EFFB44CB00AB00AB00AB19
:10CA700000AB00AB00AB00AB00AB07DFEA108E856C
:10CA80007EC0010006F1000006F000000D900000DD
:10CA9000CC00001CC00001DB00001DE544427FFF0C
:10CAA000FFF97FFFFFF024445F900000BC00000905
:10CAB000E100003FD81000046DD0000002F4100027
:10CAC00002F4BD757DD019DFEA1000000DA0000052
:10CAD00000AC00000007E10000004F40100002F62B
:10CAE00000F5001DA000F5007FFFFFFFF3133333B7
:10CAF000F730000000F500000000F50009FFFFF02E
:10CB00000AB444400C8000000E7000000FFFFC408F
:10CB100003345CF2000000F7100000F78E856CF122
:10CB200008DFFB30002AEFD5003FD657400CC0008D
:10CB30000002F40000004F5BFFA104FE845DD03FC3
:10CB400080003F30E80003F206F845DC0005DFE92D
:10CB5000109FFFFFFD9D4444E99C0004F200000B80
:10CB6000B000002F400000AD000001F6000008E01A
:10CB700000000E8000006F1000019EFE9100BE6359
:10CB80006EC00F60006F00CC202BC002EFFFE200F0
:10CB9000DC424CD05F20001F55F20002F50ED53567
:10CBA000DE001AEFEA1003BFEA202FA44BE18E004B
:10CBB00000E99D0000DD4F7129FF07FFFC9E000288
:10CBC00010AC000002F607658FB00AEFD7002E53B5
:10CBD000F50000000000003F52E42E53F500000075
:10CBE0000000002E52F60D21D0010000000031009F
:10CBF000006CF2018ED6000FC300000AFB4000005B
:10CC000017EE70000005C3000000001FFFFFF303D4
:10CC100033333000000000000000001FFFFFF3036B
:10CC2000333330040000000ED71000005CF9200000
:10CC3000002AF20003AFB106DE82001C6000000093
:10CC400000000007DFEA109E746EC0010006F000CD
:10CC50000009C000008E200006F2000008700000ED
:10CC6000000000000B8000000C900000006CEFDA68
:10CC70004000003DA41016D90001E509EE98CA90C5
:10CC80000A80BD43AFC0D30F13F2000CC0693C064D
:10CC9000D00007C03B4B06D00007C02C3C03F2007D
:10CCA0000CC04A0F10BD439EE3C50A8009EE91CF28
:10CCB0009001E50000000000003DA41028000000E5
:10CCC000007CEFD9100000000CF1000000003FD7FD
:10CCD00000000000B96E00000002F20E50000009D2
:10CCE000A007D000001F3000F400007FFFFFFB0012
:10CCF00000E733334F2005F000000C900C9000004B
:10CD000006F18FFFFEC408E3334BF28E00001F587C
:10CD1000E00018F18FFFFFF808E33337F68E0000CC
:10CD200009C8E000009D8E33347F78FFFFFD70005E
:10CD300007CFFB4000CF966AF50AE20000301F6083
:10CD40000000004F200000004F200000001F600086
:10CD500000000AE200003001CF966AF50007DFFB11
:10CD6000408FFFFEA4008E4446CF708E000007F374
:10CD70008E000000DA8E0000009D8E0000009D8E67
:10CD8000000000DA8E000007F38E4446BF708FFF6C
:10CD9000FEA4008FFFFFF68E4444418E0000008EFB
:10CDA0000000008FFFFFC08E3333208E0000008E06
:10CDB0000000008E4444428FFFFFF98FFFFFF68E84
:10CDC0004444418E0000008E0000008E0000008F61
:10CDD000FFFFC08E3333208E0000008E0000008ED7
:10CDE0000000000007CFFC5000CF966AF60AE20070
:10CDF00000201F600000004F200000004F200000B6
:10CE0000B91F600000B90AE30000B900CF966AF8C4
:10CE10000007DFFC608E000008E8E000008E8E0056
:10CE20000008E8E000008E8FFFFFFFE8E333339E49
:10CE30008E000008E8E000008E8E000008E8E000A8
:10CE4000008E8E8E8E8E8E8E8E8E8E8E02FFFFC008
:10CE50000444BC000009C000009C000009C00000A0
:10CE60009C000009C02000BA0EB58F603CFE808E89
:10CE700000004F508E0004F6008E003F70008E03BD
:10CE8000F800008E2EC000008EECF600008FB07F00
:10CE900030008E000AE1008E0000CC008E00001EE3
:10CEA000A08E0000008E0000008E0000008E0000AA
:10CEB000008E0000008E0000008E0000008E00003A
:10CEC000008E4444408FFFFFF28E00000008E8F718
:10CED000000002FE8FF10000BFE8DCA0004F9E8D35
:10CEE0002F300D87E8D09C06E07E8D01E7E507E84E
:10CEF000D006FC007E8D000A2007E8D00000007EEE
:10CF00008E100008E8FC00008E8FF90008E8E6F6B5
:10CF1000008E8E09F308E8E00CE18E8E001EB8E862
:10CF2000E0003FEE8E00006FE8E00000AE0007CFAB
:10CF3000EB500000CF966BF9000AE200005F601F23
:10CF40006000000AD04F20000006F04F20000006CD
:10CF5000F01F6000000AD00AE200005F6000CF9678
:10CF60006BFA000007DFEB50008FFFFD7008E4450F
:10CF70008FB08E00005F38E00001F58E00003F4862
:10CF8000E0014DD08FFFFFB208E33310008E0000A8
:10CF90000008E00000000007CFEB500000CF966BC8
:10CFA000F9000AE200005F601F6000000AD04F2015
:10CFB000000006F04F20000005F01F6000000AD0BE
:10CFC0000AE200005F6001DF855AFA000008DFFC1A
:10CFD0005000000001EC21940000001BFFC1000084
:10CFE000000012008FFFFD7008E4458FB08E000036
:10CFF0005F38E00001F58E00003F38E0014DD08F32
:10D00000FFFFC208E333DA008E0002F608E00005F5
:10D01000F3019EFDA200CE646B702F40000001F86A
:10D0200000000006FD950000016AEE500000009F20
:10D0300000200005F13FA547EB004BEFE910FFFF93
:10D04000FFFF2444BD44400009C00000009C0000D4
:10D050000009C00000009C00000009C00000009C06
:10D0600000000009C00000009C00009C00000BA90B
:10D07000C00000BA9C00000BA9C00000BA9C0000D0
:10D080000BA9C00000BA8E00000D94F40003F50C4B
:10D09000F868FD0009EFE9100CB000000AC05F203D
:10D0A0000001F500E900008E0008F0000E70001F7E
:10D0B0006005F10000AD00C9000003F43F3000003E
:10D0C0000CBAC00000005FF500000000EE00006F29
:10D0D00010000DB00002F21F60003FF10008D00BFD
:10D0E000B0008BE6000D7006F000E69B002F2001DB
:10D0F000F503F14F108D0000CA09B00E60D8000092
:10D100006F0E6009B2F300001F9F1004F9D00000F9
:10D110000CFB0000EF80000007F600009F30003F8E
:10D1200050000DA008F2009D0000CC04F300002F79
:10D130009E70000006FC00000009FE1000004F4D2C
:10D14000B00001E802F7000BD0007F207F20000B29
:10D15000D00CB000009C002F50002F30009E000C1F
:10D16000900000E805F1000005F3E60000000CFD6A
:10D17000000000003F4000000002F3000000002F0C
:10D180003000000002F300004FFFFFFF9144444ACB
:10D19000F3000003F6000001EA000000CC000000EC
:10D1A0009E1000006F4000003F7000001ED44444F9
:10D1B00036FFFFFFFC8FF68D318D008D008D008DC9
:10D1C000008D008D008D008D008D008D008D318FC4
:10D1D000F65D000000F200000B8000006D00000111
:10D1E000F200000B8000006D000001F200000B70E7
:10D1F00000006D000001F200000B7000006D0000E7
:10D2000001F2BFF325F302F302F302F302F302F398
:10D2100002F302F302F302F302F325F3BFF300ADCE
:10D2200000001EC4000885A000E20E105B00970BF2
:10D230005002E0EEEEEEE00BC00009B004CFEA10C1
:10D240000B745DB0000004F004CEEEF21F8214F205
:10D250004F1004F21F703DF204DFD7F2BA00000055
:10D26000BA000000BA000000BA8EFC30BFD54BF304
:10D27000BE1000CABA00007EBA00007EBE1000CA0E
:10D28000BFD55BF3B98EFC30007DFD6009F748F433
:10D290002F5000205F0000005F0000002F50002092
:10D2A00009F748F4007DFD600000001F4000000108
:10D2B000F40000001F4008EFC4F40AF748FF42F5ED
:10D2C0000007F45F00002F45F00001F42F50006FBD
:10D2D00040AE637EF4008EFC4F40008EFC400AD5C9
:10D2E00038F42F20008C5FEEEEFF5F2111112F70BC
:10D2F000001009F846E4007DFE80009EE305F4413D
:10D3000008C000CFFFF029D32008D00008D00008C3
:10D31000D00008D00008D00008D000007EFC4E608D
:10D32000AF747FF62F50005F65F00000F65F0000DD
:10D330000F62F60006F609F747FF5007EFC4F50045
:10D3400000003F20CB646EB003AEFD8000BA000049
:10D3500000BA000000BA000000BA8EFB20BFC56D05
:10D36000D0BE0003F2BA0000F4BA0000F5BA000023
:10D37000F5BA0000F5BA0000F5BAA800BABABABA10
:10D38000BABABABA000AB0009900000000AB000AAD
:10D39000B000AB000AB000AB000AB000AB000AB0AE
:10D3A00000AA064E71DFA0BA000000BA000000BA61
:10D3B000000000BA001CC0BA01CC00BA1CD100BBEE
:10D3C000CF6000BFDBE100BD11DC00BA003F70BAE6
:10D3D0000007F3BABABABABABABABABABABAB99EFE
:10D3E000FA15DFD40BFB45EDE64AF2BE0006F60067
:10D3F0000E7BA0004F2000C9BA0003F1000C9BA0D7
:10D40000003F1000C9BA0003F1000C9BA0003F10C0
:10D4100000C9B99EFB20BFB45DD0BE0003F2BA00C4
:10D4200000F4BA0000F5BA0000F5BA0000F5BA0041
:10D4300000F5007DFD60009F748F702F50007F0508
:10D44000F00001F35F00002F32F50007F009F74804
:10D45000F70007DFD600B98EFC30BFC43AF3BE1028
:10D4600000CABA00007EBA00007EBE1000CABFD556
:10D470005BF3BA7EFC30BA000000BA000000BA00CC
:10D480000000008EFC3F40AF748EF42F50007F45AB
:10D49000F00001F45F00002F42F50007F40AF7489E
:10D4A000FF4008EFC4F40000001F40000001F4003A
:10D4B00000001F40B98E4BFD71BE100BB000BA00CA
:10D4C0000BA000BA000BA00005DFEA13F735A06F30
:10D4D000000001EE9610016AEF300000D96C646F15
:10D4E00062AEFD7008D00008D000CFFFF029D32035
:10D4F00008D00008D00008D00008D00005F5510081
:10D500009FE3C80002F3C80002F3C80002F3C8009A
:10D5100002F3C90003F3AB0007F35F837EF306DF7A
:10D52000C5F30D90000AA06E0001F300F5007D0028
:10D5300009C00E60003F24F00000C8B9000006FFDB
:10D540003000000FC000C80006F1000D56D000CF1B
:10D550006003F01F302F9C009A00B807B2F10E4014
:10D5600005E0D60C74E0000F6F007C990000AFA0BE
:10D5700001FF400005F4000BE0004F3007E109D047
:10D580002F4000D9D900003FD000004FE10001E753
:10D59000BB000BB01E707E1005F30D90000AA06F4B
:10D5A0000001F300F6007D0009C00D60002F34F08B
:10D5B0000000C9A9000005FF2000000EC000000007
:10D5C000E5000094AD00001BFC2000005FFFFFA100
:10D5D0003337F40001E70000CB00008E10004F400D
:10D5E000001EA33326FFFFFC006EA00F9201F40083
:10D5F0001F4001F4003F303FC0006F3001F4001FB6
:10D600004001F4001F4000FA2005EA8B8B8B8B8BC6
:10D610008B8B8B8B8B8B8B8B8BBE5002AE0005F074
:10D62000005F0005F0004F1000DF104F5005F000C4
:10D630005F0005F0005F002AE00BE40007EC40B457
:10D640001E25DFC00100000004CC302B01C05700B4
:10D65000932B01C005CC3006A10FF60BE2000000B1
:10D66000000000000000000000027BFB000000043E
:10D670009DFFFFD00003AFFFFFFFFD0000AFFFFFE6
:10D68000FFDFD0000AFFFFB610ED0000AF940000EE
:10D690000ED0000AF1000000ED0000AF1000000EF7
:10D6A000D0000AF1000045FD0000AF1001EFFFD0EF
:10D6B000179DF1005FFFFC0EFFFF1000AFFD31FF73
:10D6C000FFE00000010003BDA300000000005018AF
:10D6D0008888888405FABFDDDDDDFDAFE47F1000BA
:10D6E00000CA4EE04F100000C80EFEEF100000CF41
:10D6F000EFE03FEEEEEEF80EF68F766666EB6FF833
:10D70000AF100000CC8FE03F100000C80EFCDF65BA
:10D710005555EECFC25FFFFFFFF92C5775057777A0
:10D720007775FFFF1FFFFFFFFFFFFF2FFFFFFFFFCB
:10D73000EFFF0EFFFFFFFE01100011111110EFFEB1
:10D740000EFFFFFFFEFFFF2FFFFFFFFFFFFF1FFF8B
:10D75000FFFFFF688707888888866887078888882A
:10D7600086FFFF1FFFFFFFFFFFFF2FFFFFFFFFDF12
:10D77000FD0DFFFFFFFD0000000000015000000054
:10D7800000001DF80000000001DFFD000000001D8A
:10D79000FFE22D600001DFFE20DFF7001DFFE20049
:10D7A0008FFF71DFFE200008FFFEFFE20000008F08
:10D7B000FFFE2000000008FFE200000000007D20C6
:10D7C00000000000000000007F60000BE2EFF600A8
:10D7D000BFF84FFF6BFFD104FFFFFD10005FFFE1BB
:10D7E0000000BFFFF6000BFFDFFF60BFFD14FFF579
:10D7F000CFD1004FF61710000360000000110000A9
:10D8000000000000FF000000006F21FF12F700067B
:10D81000FF61FF16FF601FF901FF109FF16FE0012C
:10D82000FF100EF6AF8001FF1008FACF6001FF1065
:10D8300006FCAF8000AA0008FB7FD00000000DF7B7
:10D840001FF80000008FF107FF91002AFF70009F72
:10D85000FFEEFFF9000005CFFFFD5000000002447D
:10D860002000000000000000000000000AFFA000EF
:10D870000000000CFFC0000003D6DFFFFD6D300E7E
:10D88000FFFFFFFFFFE05FFFFFAAFFFFF51AFFF4B6
:10D89000004FFFA103FFD0000DFF3004FFF0000F89
:10D8A000FF404FFFFB22BFFFF42FFFFFFFFFFFF200
:10D8B00009FEFFFFFFEF9000505EFFE5050000004E
:10D8C0000CFFC000000000047740000000000003CF
:10D8D000100341000000009FF50DF50000001BFD46
:10D8E000FF8DF5000002DFB12DFFF500004FF83E7F
:10D8F000C2BFF50007FF55FFFE39FE409FE38FFFD3
:10D90000FFF56FF6AC2AFFFFFFFF73E6005FFFFF36
:10D91000FFFFF100006FFFD77FFFF200006FFF9065
:10D920000DFFF200006FFF900DFFF200004FFF703F
:10D930000BFFE1000000003300000000000BFFB00F
:10D94000000000000CFFC0000000000CFFC0000041
:10D9500000000CFFC0000000000CFFC00000008FA2
:10D96000FFFFFFF800002EFFFFFFE2000002EFFFC5
:10D97000FE200000002DFFE20000799982DE289948
:10D9800097FFFFFB22BFFFFFFFFFFFFFFFFFFFFF30
:10D99000FFFFFFFAB3CFACCCCCCCCCCCCA0006BBDB
:10D9A000BBBBBA3000004FFFFFFFFFE10000EF30CC
:10D9B000000006FB0009F800000000CF504FD00027
:10D9C0000000002FE1DF84420000344BF9FFFFFD2F
:10D9D0000001FFFFFBFFFFFF988BFFFFFCFFFFFF36
:10D9E000FFFFFFFFFCFFFFFFFFFFFFFFFB9FFFFFAE
:10D9F000FFFFFFFFF60000000000003300018DFF75
:10DA0000C600EF004EFFFFFFE4DF04FFB3004CFF52
:10DA1000FF0EF90000008FFF6FC00001FFFFFF8EB7
:10DA2000500001DEEEED0000000000000022222286
:10DA300000000021FFFFFF100008F8FFFBBC1000F2
:10DA40001EF4FFFC100001DFC0FEEFE8448EFE1064
:10DA5000FE1AFFFFFFC100FD0028BB94000000007C
:10DA600002700002EF0002EFFDFFFFFFFFFFFFFF6C
:10DA7000FFFFFFFFFFFFFFFFFFFF3447FFF0000541
:10DA8000FF000005C000000000000270000000025E
:10DA9000EF00000002EFF0000DFFFFFF0220FFFF8C
:10DAA000FFF08E1FFFFFFF00E7FFFFFFF03F5FFF6C
:10DAB000FFFF08903447FFF000000005FF00000062
:10DAC0000005C0000000000000000000000000078A
:10DAD0007000000002700005FA0000002EF00081C6
:10DAE0004F600002EFF001DD07F0DFFFFFF0321EB4
:10DAF00080F6FFFFFFF08E27E0B9FFFFFFF00E7307
:10DB0000F19BFFFFFFF03F54F09AFFFFFFF0890AFF
:10DB1000C0D83447FFF0007F43F300005FF002F607
:10DB20000CB0000005C00000BF100000000000099C
:10DB3000E300000000000002100037888888888811
:10DB400073EFFFFFFFFFFFFEFE32DFFFFFFFFFF976
:10DB5000007FFFFDFFFFFD10CFFFA07FFFFFFFFF56
:10DB6000FA0007FFFFF35FA00000CFFF30030000C3
:10DB700000CFFC0000000000CFFFCCCCCCCCCCFF11
:10DB8000AFFFFFFFFFFFF900002000000001FA00D7
:10DB9000000006FF1000000DFF7000006FFFF10095
:10DBA00001EFFFFA000BFFFFFF605FFFFFFFE0CF19
:10DBB000FFFFFFF6FEBFFFFFF9FD4FFFFFF9BF4973
:10DBC000FFFFF53FE52EFFD006FFFFFD200028BA3E
:10DBD000600004300000311FE00006F91FE0007F04
:10DBE000FA1FE009FFFA1FE0AFFFFA1FEBFFFFFA91
:10DBF0001FFFFFFFFA1FFFFFFFFA1FE6FFFFFA1FDD
:10DC0000E05FFFFA1FE004FFFA1FE0003EFA0FD0CA
:10DC10000002D700000000000200000000000CFB22
:10DC20002000000000FFFF900000000FFFFFE60053
:10DC30000000FFFFFFFC30000FFFFFFFFF9100FF20
:10DC4000FFFFFFFFE60FFFFFFFFFFFF2FFFFFFFFFA
:10DC5000FFFD0FFFFFFFFFF800FFFFFFFFB2000F08
:10DC6000FFFFFD400000FFFFF70000000FFFA100D5
:10DC70000000006A400000000000144420014442FB
:10DC80000DFFFF10DFFFF1FFFFF30FFFFF3FFFFF6F
:10DC900040FFFFF4FFFFF40FFFFF4FFFFF40FFFFC8
:10DCA000F4FFFFF40FFFFF4FFFFF40FFFFF4FFFF04
:10DCB000F40FFFFF4FFFFF40FFFFF4FFFFF40FFFE4
:10DCC000FF4FFFFF30FFFFF39FFFC009FFFC001471
:10DCD00044444444420DFFFFFFFFFFF1FFFFFFFFFD
:10DCE000FFFF3FFFFFFFFFFFF4FFFFFFFFFFFF4FBF
:10DCF000FFFFFFFFFFF4FFFFFFFFFFFF4FFFFFFFEF
:10DD0000FFFFF4FFFFFFFFFFFF4FFFFFFFFFFFF4E9
:10DD1000FFFFFFFFFFFF4FFFFFFFFFFFF39FFFFF2F
:10DD2000FFFFFC0002100000420FE20003FB0FFEA9
:10DD30003004FB0FFFF404FB0FFFFF54FB0FFFFF4A
:10DD4000FAFB0FFFFFFFFB0FFFFFFFFB0FFFFFD6ED
:10DD5000FB0FFFFD14FB0FFFC104FB0FFB0004FBD7
:10DD60000CA00003FA0000000000000000120000F8
:10DD700000000003FF60000000002EFFF50000001F
:10DD800001EFFFFF4000001DFFFFFFF30000CFFF8A
:10DD9000FFFFFE200AFFFFFFFFFFE00EFFFFFFFF78
:10DDA000FFF2039999999999500588888888887015
:10DDB0000FFFFFFFFFFFF30FFFFFFFFFFFF40BFF5E
:10DDC000FFFFFFFFD1000000000000003F900000B7
:10DDD0003FFC00003FFD10003FFD10003FFD100024
:10DDE0001FFD100000CFF4000000CFF4000000CFB2
:10DDF000F4000000CFF4000000CFE0000000A40019
:10DE00000000000000CD1000001FFD1000003FFDCD
:10DE10001000003FFD1000003FFD1000003FFD001E
:10DE20000008FF900008FF900008FF900008FF9096
:10DE30000002FF9000000780000000000004500076
:10DE400000000002FF60000000003FF7000000003B
:10DE500003FF70000000003FF7000006999AFFC919
:10DE60009980FFFFFFFFFFFF3DFFFFFFFFFFF20174
:10DE7000113FF71110000003FF70000000003FF792
:10DE80000000000003FF70000000000CD300000041
:10DE90006999999999980FFFFFFFFFFFF3DFFFFF43
:10DEA000FFFFFF200000000000000000015664009A
:10DEB00000000003BFFEEFF91000007FFA1003DF3F
:10DEC000E40008FFA009B41EFF504FFF200BFF26FF
:10DED000FFE1EFFF09CFFF63FFFABFFF09FFFF5428
:10DEE000FFF61EFF51DFFB09FFB003EFE204305FD6
:10DEF000FC10002CFF956AFF9000000049DFFD92A6
:10DF00000000000000000000000000CD2000000024
:10DF1000000000008FF50014664000000004EFAC24
:10DF2000FFEFFF910000001CFFA1004DFE3000003C
:10DF3000009FF5AB31EFF40007B105FFFFE17FFE75
:10DF4000100FFE302DFFF54FFF900CFFE000AFF6F5
:10DF50005FFF6002FFF40006FFEFFB00004FFD10C3
:10DF6000003EFFC0000002DFE85401BFE3000000F4
:10DF700005AEFF6007FF60000000000000004EF6E5
:10DF80000000000000000001A100000000000000EF
:10DF900000000000003ED00000000000000CFF80E8
:10DFA000000000000006FFFF200000000000EFFF5F
:10DFB000FB00000000008FFCCFF4000000002FFBEE
:10DFC00000FFD00000000BFFC00FFF70000004FF37
:10DFD000FD01FFFF100000DFFFE02FFFFA00007FD0
:10DFE000FFFF9BFFFFF3001FFFFFB00EFFFFC00A04
:10DFF000FFFFFE24FFFFFF60FFFFFFFFFFFFFFFAB1
:10E0000006CCCCCCCCCCCCCB300000000000360011
:10E0100000000000007F80DDDB00008DEFF8FFFFD7
:10E02000B007FFFFFD556FF46FF8AFE2000574FF16
:10E03000907E2000003FFA0000000002EFB2504A3C
:10E0400000012EFD1DF48FB0FFFFD10BFFFFFBFF82
:10E05000FE2000CFFFFB12210000029FC000000045
:10E0600000005B00000007A00000000008FFB000F7
:10E07000000008FFFFB0000008FF95FFB00008FF98
:10E080009005FFB007FF900005FFB09F90000005CE
:10E09000FD004000000003104C20000000B60BFE05
:10E0A000200000CFF02EFE2000CFF4002EFE20CF67
:10E0B000F400002EFECFF40000002EFFF40000005C
:10E0C000002EF400000000001300000000083000E3
:10E0D000000000000000BFF308BBBBBB90000BFFBB
:10E0E000FF39FFFFFFF1008FCFCFF000000AF100F2
:10E0F000382F948000000AF100002F900000000AE1
:10E10000F100002F900000030AF130002F90000072
:10E110001FCBF8F8002FEBBBBB39FFFFE2001FFF5E
:10E12000FFFFB09FFD2000000000000008D1003775
:10E13000888700000000EFFFFFA0000000FFFFFF46
:10E14000FDCCCCB6FFFFFFFFFFFFFFFFFFFFFFFF90
:10E15000FFFFFFFFFFFFFFFFFFFFFFFFFFFFFFFFCF
:10E16000FFFFFFFFFFFFFFFFFFFFFFFFFFFFFFFFBF
:10E17000FFFFFFFFFFAFFFFFFFFFFFF90000000001
:10E18000000000000001DD10000000001DFFD100B4
:10E19000000001DFFFFD1000001DFFFFFFD10000A8
:10E1A0009FFFFFFFF90000011CFFC1100000000CE1
:10E1B000FFC0000000000CFFC0000000000CFFC00A
:10E1C000000079993BFFB39997FFFFB2442BFFFF03
:10E1D000FFFFFEDDEFFFFFFFFFFFFFFAB3CFACCC89
:10E1E000CCCCCCCCCA000000000002000000000033
:10E1F0000004FFC70000000000AFFFF000000000B7
:10E200001FFFFD0000000006FFFFC0000000000827
:10E21000FFF700000000000CFF300000000004FFCA
:10E22000C00000000001EFF300004A3002DFF800F8
:10E2300005DFFE15EFFB0000EFFFFFFFFA00000B0C
:10E24000FFFFFFF70000007FFFFFA200000002BAFF
:10E2500085000000000004860000001006FFFA00A0
:10E2600002DFD1EF3CF101DFFA0EE0AF21DFFA006F
:10E270009FEFF6DFFA00008DFFFFFB00000006FFB6
:10E28000FD00000048EFFFF600006FFFFBFFF60007
:10E290000EF3CF23FFF600EE0AF204FFF609FEFCB0
:10E2A0000004FFF108DA1000026200000000000024
:10E2B0000000006FFFF987000008FFFF98F708A62D
:10E2C0008FFFF95990FFA8FFFFFCCC0FFA8FFFFFDB
:10E2D000FFF1FFA8FFFFFFFF1FFA8FFFFFFFF1FF16
:10E2E000A8FFFFFFFF1FFA8FFFFFFFF1FFA8FFFF4F
:10E2F000FFFF1FFA7FFFFFFFF0FFE3122222210F33
:10E30000FFFFFFF90000ACCCCCCB5000004999993D
:10E310009995000EFFFFFFFFF600FD2222224FF627
:10E320000FC0000001FFF3FC0000001FFF6FC000E2
:10E330000002FFF6FFFFFFFFFFFF6FFFFFDCFFFFA5
:10E34000F6FFFFB005FFFF6FFFF6000FFFF6FFFFC0
:10E35000C006FFFF6FFFFFEDFFFFF69FFFFFFFFF10
:10E36000FD10CDDDDDDDDDDD2FFFFFFFFFFFF31253
:10E3700022222222220000000000000000000000F3
:10E3800000000FFFFFFFFFFFF3DEEEEEEEEEEE20EC
:10E390000000000000000000000000000DEEEEEEA6
:10E3A000EEEEE2FFFFFFFFFFFF3000000000000085
:10E3B00037888888888873EFFFFFFFFFFFFEEFFF35
:10E3C000FFFFFFFFFE1CFFFFFFFFFFC1D28FFFFF1C
:10E3D000FFF82DFF64EFFFFE45FFFFFA2BFFB2AF02
:10E3E000FFFFFFD3553DFFFFFFFFFFBBFFFFFFFF19
:10E3F000FFFFFFFFFFFFAFFFFFFFFFFFF900000080
:10E40000000001FFFFF00004FFFFD00006FFFF80C7
:10E410000008FFFF30000AFFFFAAA60CFFFFFFF86D
:10E420000EFFFFFFE10BDDDFFF6000004FFD00008E
:10E43000007FF3000000BFA0000000FF10000003F9
:10E44000F800000003C00000000020000000045598
:10E45000EFB5520000FFFD1FFFB0000FFFFFFFFCF4
:10E460000000FFFF533320000FFF97FFFB5700FF13
:10E47000F8AFFFC6F80FFF8AFFFC4AA1FFF8AFFF15
:10E48000E3220FFF8AFFFFFFF4FFF8AFFFFFFF4F0C
:10E49000FF8AFFFFFFF43552AFFFFFFF40000AFF86
:10E4A000FFFFF400007FFFFFFE20000001100000CE
:10E4B000000000AF00000000018FFA30000002EF02
:10E4C000FFFF500000BFFFFFFF10001FFFFFFFF521
:10E4D0000003FFFFFFFF70005FFFFFFFF90008FF71
:10E4E000FFFFFFC000DFFFFFFFFF209FFFFFFFFFD9
:10E4F000FD0EFFFFFFFFFFF2022222222221000079
:10E5000008FFC00000000009A20000005BBBBBBB0D
:10E51000BBBBBBA3FFFFFFFFFFFFFFFBFC0C30E11A
:10E520001D0D11FCFC0B30E01D0D10FCFFFEFFEF7C
:10E53000FEFEEFFCFFF15A0870A05FFCFFF37B29A1
:10E5400092C27FFCFFBFCBBBBBBFCBFCFC0B200050
:10E55000000D00FCFFCFCCCCCCCFCCFB9FFFFFFF4E
:10E56000FFFFFFF6000000000000020000000000B6
:10E570000005DFB00000000007EFFFD0000000182A
:10E58000FFFFFF70000029FFFFFFFF00003BFFFFC0
:10E59000FFFFF8000AFFFFFFFFFFF1000FFFFFFF83
:10E5A000FFFFA000049AAAAFFFFF20000000000EAA
:10E5B000FFFB00000000000EFFF400000000000E52
:10E5C000FFC000000000000EFF5000000000000D22
:10E5D000FD00000000000004B300000035555502A6
:10E5E000000FFFFFF2F400FFFFFF2FF40FFFFFF219
:10E5F000FFF3FFFFFF32221FFFFFFFFFF7FFFFFFC9
:10E60000FFFF8FFFFFFFFFF8FFFFFFFFFF8FFFFF01
:10E61000FFFFF8FFFFFFFFFF8FFFFFFFFFF8FFFF88
:10E62000FFFFFF8FFFFFFFFFF88AAAAAAAAA300008
:10E6300000002455310000000003AFFFFFFFC700BA
:10E640000002BFFFFEDEFFFFF6005FFFB510000314
:10E650008EFFB0DFD300000000008FF5180005AE7C
:10E66000FEC81004600002DFFFFFFFF80000000C8E
:10E67000FF95347DFF40000002A2000000770000FB
:10E680000000000296000000000000000DFF500096
:10E6900000000000000EFF6000000000000005DA2E
:10E6A000000000005BBBBBBBBBBBBBBA20FFFFFFD6
:10E6B000FFFFFFFFFF90FC1222222222220FF7FC15
:10E6C0005FFFFFFFFFFF2CFAFC5FFFFFFFFFFF2153
:10E6D000FAFC5FFFFFFFFFFF27FAFC26666666660F
:10E6E000661FFAFEBBBBBBBBBBBBBFB1AFFFFFFF2F
:10E6F000FFFFFFFF500000000000000000005BBBB8
:10E70000BBBBBBBBBBBA20FFFFFFFFFFFFFFFF9000
:10E71000FC1222222221000FF7FC5FFFFFFFF8000E
:10E720000CFAFC5FFFFFFFF80001FAFC5FFFFFFF40
:10E73000F80007FAFC2666666663000FFAFEBBBBAC
:10E74000BBBBBBBBBFB1AFFFFFFFFFFFFFFF500075
:10E7500000000000000000005BBBBBBBBBBBBBBA42
:10E7600020FFFFFFFFFFFFFFFF90FC12222210009F
:10E77000000FF7FC5FFFFFD000000CFAFC5FFFFF0B
:10E78000D0000001FAFC5FFFFFD0000007FAFC2672
:10E7900066665000000FFAFEBBBBBBBBBBBBBFB184
:10E7A000AFFFFFFFFFFFFFFF500000000000000071
:10E7B00000005BBBBBBBBBBBBBBA20FFFFFFFFFFC7
:10E7C000FFFFFF90FC1222000000000FF7FC5FFF2C
:10E7D000300000000CFAFC5FFF3000000001FAFC82
:10E7E0005FFF3000000007FAFC2666100000000FF3
:10E7F000FAFEBBBBBBBBBBBBBFB1AFFFFFFFFFFFA5
:10E80000FFFF500000000000000000005BBBBBBB2E
:10E81000BBBBBBBA20FFFFFFFFFFFFFFFF90FC0069
:10E8200000000000000FF7FC0000000000000CFAE0
:10E83000FC00000000000001FAFC000000000000E5
:10E8400007FAFC0000000000000FFAFEBBBBBBBBD8
:10E85000BBBBBFB1AFFFFFFFFFFFFFFF50000000DA
:10E860000000000000000000000007B200000000EF
:10E8700000000ADFFA000000000000A93DF50000DA
:10E8800000044002E00010000000AFF80B60000040
:10E89000006C30FFFFFFFFFFFFFFFFF4AFF9000C3C
:10E8A0005000006D4005500004C000001000000042
:10E8B0000000C43EE80000000000002EEFFA000057
:10E8C00000000000004FFA000000000000000000FF
:10E8D00000000000011000000007EFFFB30000AFD0
:10E8E000FD8FFF2004FFFD09FFB00AFEFD12AFF00F
:10E8F0000EF55D2C0EF30FFF33129FF50FFFF3079C
:10E90000FFF60FFFE206FFF60FFE24137FF50DF56D
:10E910007D2C0DF30AFFFD11BFF003FFFE0BFFA0DE
:10E92000007FFEBFFE100003ACDC8100000034431A
:10E93000000005667FFFF96650FFFFFFFFFFFF3510
:10E940006666666666501CCCCCCCCCC402FFFFFF6A
:10E95000FFFF602FF3FB7F6DF602FF2FB7F5DF603F
:10E960002FF2FB7F5DF602FF2FB7F5DF602FF2FB82
:10E970007F5DF602FF2FB7F5DF602FF3FB7F6DF6AB
:10E9800001FFFFFFFFFF5007BCCCCCCC9000000084
:10E990000000000120000000000004FF5000000003
:10E9A0000002FFFF500000000439FFFE00000004D9
:10E9B000FF39FFA0000004FFFF39B0000004FFFF93
:10E9C000FF20000004FFFFFFB0000004FFFFFFB0C6
:10E9D000000004FFFFFFB0000004FFFFFFB00000D5
:10E9E00000BFFFFFB00000000DFFFFB000000000FF
:10E9F000FFFFB00000000009A86000000000000058
:10EA000000178888888887400002EFFFFFFFFFFF1C
:10EA1000F4003EFFFFCFFFCFFFF703EFFFF908F849
:10EA200009FFF83EFFFFFE20402EFFF8DFFFFFFF4B
:10EA3000E101EFFFF89FFFFFFF80008FFFF809FF64
:10EA4000FFF902C209FFF8009FFFFE4EFE4EFFF8DD
:10EA50000009FFFFFFFFFFFFF700008FFFFFFFFF31
:10EA6000FFC100000000000003EFFFFFE203FBFB1B
:10EA7000CEBFA4FF1D03A1FAFFF1D03A1FAFFFFFE5
:10EA8000FFFFFAFFFFFFFFFFAFFFFFFFFFFAFFFFF0
:10EA9000FFFFFFAFFFFFFFFFFAFFFFFFFFFFAFFF2B
:10EAA000FFFFFFFAFFFFFFFFFFADFFFFFFFFF829AA
:10EAB000AAAAAAA8000000000000000300000000AD
:10EAC000000004F1000820000001FF100BF7000017
:10EAD000002FF10CFF94444445FF1BFFFFFFFFFF95
:10EAE000FFF18FFFFFFFFFFFFD007FF70000000039
:10EAF00000006F6000000000000030000000000017
:10EB000000000000000000000000C0030000000042
:10EB10000000C003030A00000F0080050505000582
:10EB20001C00D0090A0A00004E00B008090F00FEC0
:10EB30009200D00B0C0A0000CE00A0090A0B00FFC7
:10EB40000501F002030500050D01B004040E01FDEE
:10EB50002901C004040E00FD4501A00506060005BC
:10EB6000570120080807000273013003030500FE67
:10EB70007B016005050300038301300303030000EC
:10EB80008801F004070EFFFFB9015009090A0000CF
:10EB9000E6013005040A0000FA011008080A000026
:10EBA00022020008080A00004A0260090A0A00005E
:10EBB0007C021008080A0000A402A008090A00004C
:10EBC000D1026008080A0000F9020009090A0000E1
:10EBD0002603A008080A00004E03300303080000C3
:10EBE0005A033003030B00FD6B03200808080001E3
:10EBF0008B03200808060002A30320080808000170
:10EC0000C3030008080A0000EB03800E0E0D00FD90
:10EC10004604400A0C0AFF008204A00A090A010007
:10EC2000AF04200A0A0A0000E104900B0A0A01005E
:10EC300013056009080A01003B05E008080A010005
:10EC40006305D00A0A0A00009505600B090A010055
:10EC5000C2055004020A0100CC053007070AFF0074
:10EC6000EF05100A0A0A010021065008080A0100EF
:10EC70004906600D0B0A01008006600B090A0100BD
:10EC8000AD06C00B0C0A0000E906200A090A0100C3
:10EC90001607C00B0C0D00FD6407300A090A0100BD
:10ECA0009107B008090A0000BE073008090A0000F1
:10ECB000EB07100B090A01001808F0090B0AFF0006
:10ECC0004F08C00F100A00009F0870090A0A0000D0
:10ECD000D10810090B0AFF0008093009090A0000D1
:10ECE0003509B004040E01FD5109F004070EFFFFC1
:10ECF0008209B004040E00FD9E09300807060102D7
:10ED0000B3090007070100FFB70960080502010900
:10ED1000BC09600808080000DC099009080B010024
:10ED2000080A000808080000280A9009090B0000DA
:10ED30005A0A9008080800007A0AF004060B00003E
:10ED40009B0AB009090B00FDCD0A9009080B0100D0
:10ED5000F90AE003020B0100040B0004050EFEFD9E
:10ED6000270BA008080B0100530BE003020B010066
:10ED70005E0BD00E0D080100920B900908080100EF
:10ED8000B20BE00809080000D60B9009080B01FD42
:10ED9000020C9009090B00FD340CC00505080100A8
:10EDA000480C000707080000640CD005060A0000A4
:10EDB000820C800908080100A20CD0070908FF0096
:10EDC000C60C900C0D080000FA0CC00708080000E3
:10EDD0001A0DD007090BFFFD4C0D50070708000066
:10EDE000680DF004050E00FD8B0D3004020E01FDD0
:10EDF000990DF004050E00FDBC0D2008080300036A
:10EE0000C80DE00506050006D70D600404030003E5
:10EE1000DD0D000E0F0FFFFE4E0E000E0E0B00005C
:10EE20009B0E000E0E0D00FFF60E000E0E0B0000E6
:10EE3000430FA0090A0B00007A0F000E0E0F00FE10
:10EE4000E30F000E0E0F00FE4C10C00F100D00FF60
:10EE5000B410000E0E0F00FE1D11C00F100B0000AD
:10EE60007511000E0E0F00FEDE110007070C00FFEB
:10EE70000812800A0B0C00FF4A12C00F100E00FE91
:10EE8000BA12000E0E0B00000713A0090A0F00FEB5
:10EE90005213400C0A0E01FE9813400C0D0F00FE99
:10EEA000FA13400C0D0D00FF4F14400C0D0D00FF28
:10EEB000A414400C0A0E01FEEA14400C0E0DFFFFD4
:10EEC0004515C008090D00FF8015C008090D00FF99
:10EED000BB15400C0D0D00FF1016400C0D04000377
:10EEE0002A16C00F100B000082168011120F00FEB0
:10EEF0000917C00F110FFFFE8917000E0E0D00FF3E
:10EF0000E417400C0D0800011818400C0D08000112
:10EF10004C188011120B0000AF18000E0E0B0000F1
:10EF2000FC18000E0E0F00FE6519000E0F0FFFFEFD
:10EF3000D619400C0D0D00FF2B1A400C0D0F00FED2
:10EF40008D1A400C0D0D00FFE21A400C0D0C00FF55
:10EF5000301B000E0E0B00007D1BC0080A0FFFFEC9
:10EF6000C81B400C0D0F00FE2A1C400C0D0F00FEAC
:10EF70008C1CC00F100B0000E41C000E100FFFFED5
:10EF80005C1D800A0B0F00FEAF1D8011120D00FFEB
:10EF9000241E8011120A00007E1E8011120A000039
:10EFA000D81E8011120A0000321F8011120A0000C0
:10EFB0008C1F8011120A0000E61F8011120C00FF46
:10EFC0005220400C0C0F00FEAC20400C0D0F00FE38
:10EFD0000E21000E0F0FFFFE7F218011120B00008B
:10EFE000E221800A0B0F00FE3522100E0F0A0000EE
:10EFF000000100000000000000010000020000000D
:10F0000000020000000000000000000000000000FE
:10F0100000000100000000000000000000000000EF
:10F0200000010A0006FB00000000F4F3020B0504D7
:10F03000F7020B01090207000000000000000000B9
:10F0400000000D02FE0000000000000000000000B3
:10F05000000400F90000000000FC04040000FE00B1
:10F06000FE0200FE00FEFFFC00000000FE0000FDAE
:10F07000FD0000FE00FC000000000000000000FE9B
:10F08000FE00FD00FA00E50000FC0004070000FCA3
:10F0900002020704FC040000F3000000000000006E
:10F0A00000000000F8000000000000000000000068
:10F0B000000000FAFDF500F7FE0000000000090066
:10F0C000F9FEFF0100FC0000FEEF00000000000060
:10F0D0000000000000EEFE0900000000000000003B
:10F0E00000000000F7000000000000000000000722
:10F0F00000020000FC000000000000000000000012
:10F1000000000000000009020100000000000000F3
:10F1100000000000000000000000000000000000EF
:10F1200000000000000000000000000000000000DF
:10F13000F8000000000000000000000000000000D7
:10F140000000000000000002040207FE000004FEB0
:10F15000F9E102060400FD00080007000700EB00CB
:10F16000FD070007FE0402000001FE0000FC120083
:10F170001200070009030407000000F80000000067
:10F1800001FE0002FCFDFC0200FE000000F7000092
:10F19000000000000000000000F10000000000007E
:10F1A00000000000000000000001F400F200000078
:10F1B00000FE0016FDFD0202FE00FD020000F4004C
:10F1C00000000000000000000000EA000200000053
:10F1D000000000000000000000F2000D0000F80038
:10F1E0000700F1EAF1FC070000F10003FB00FD005D
:10F1F00000000000000000000000000607E500001D
:10F20000000000000000000000000B0002000000F1
:10F2100000000202FDFC00FFFFFE0000FE000000F7
:10F22000FC00FE00FBFC00FAF9F9FC00FC00FC000D
:10F23000000000FE0000020002FE000100000002CB
:10F24000FE000000FE0202FF000000FC00FF0000C4
:10F25000000000010003FE00FD00FC0000FE0007AE
:10F260000000FE0000000000FF01FEFE0000FE00A6
:10F27000FE000000000000000000FFFF00FEFD0097
:10F2800000000000010000FE00FEFEFE0000000085
:10F290000000000000FF00000000FEFD00FD00F97E
:10F2A000FEF9040000FC02040600FAFFFD00FFF571
:10F2B00002FE02F402000001F400F4FEEDFE00F58F
:10F2C0000004060003000000000000FCFD00F9003F
:10F2D0000000FE000000FE0000000000FFFF00FF35
:10F2E000FD00000000000000FEFE00FEFDFE00002C
:10F2F000FE0000000000000000000000FEFE00FD17
:10F3000000FE00FC020000FD0102020000000000FF
:10F3100000FE0000000000020000FE00FEFEFD00F6
:10F320000000000000000200FE00000000FEFD00E2
:10F33000FC0007FE01F9000006F5F4F7FC0200FEF0
:10F34000F1FC00FC00FC03FCF200FA000001FF02EB
:10F35000FE000200F9F700F5FBFBFBF9FDFA00FCEB
:10F36000FA01000100FE000000020002000000009F
:10F3700000000000000000FE00FF00FFFE00FCFB9C
:10F38000FBFF00F9000000000000FE00000000018B
:10F39000FF0000000200000000000000000B000061
:10F3A0000000000002000000FE000000000000005D
:10F3B00000000000FC00020000000000000000004F
:10F3C00000000000FE000000FC00000000F5F90055
:10F3D0000000FDF50000FE0200FA00000000000041
:10F3E00000000000FC0000FC000000000000000025
:10F3F000000000000200FC00000000030002FCFC12
:10F4000000FEFEFD000000000000F900FE00FDFE11
:10F4100000FBFAF9FE00FC00F900000000120000F9
:10F42000010000FD000200F60000000000EBFC07F8
:10F4300007FEF70002FD00F5FFFD02F0FE030003EA
:10F44000F8FDF8F9F70000F3000D0000FF000000E0
:10F45000FFFFFEFAF900EB000000000000000000D2
:10F46000010000000000000000000000000000009B
:10F4700000FE00FFFEFD0000FC00FE00000000009A
:10F4800000000000000000000000FF00FC0000047D
:10F49000FF0300FB02FEFFFAFE00FDFEFE00FDFC86
:10F4A0000000FEFFFEFCFD0000FE0002FE00FB006F
:10F4B0000000FC00FC00FCFC02000000000000005A
:10F4C00000FC0200FD00FEFDF9FEFEFEFFFEFDFF5A
:10F4D0000000000000FEFEFE0000000003FE00FE33
:10F4E000000000FEFDFEFEFDFE000209FF00FA0026
:10F4F000FE0400FEF7FD030000F5FC02FC0200FE26
:10F50000FEF900FD010000FC0000000202FCFC000E
:10F51000FCFEFDFEFE00FC01FCFC070000000000FC
:10F5200000000000020000000000000000000000D9
:10F53000000000000000000000000000FC000000CF
:10F5400000000000000000000000000000000000BB
:10F5500000000000000000000000000000000000AB
:10F560000000000000000000FE000000000000009D
:10F57000000000000000000000000000000000008B
:10F58000000000000000FEFE00000000000000007F
:10F5900000000000FD0000FD0000FEFE0000000075
:10F5A000FE00000000FF0000000000FE0000000060
:10F5B000FD00FC000000F90002FB0400FEF5000065
:10F5C000FBFE00F7FAFA0000F6FEF7F7F500FA0086
:10F5D000020FFD00FBFEFFFEFCFAFCF8F7FBFE004D
:10F5E00000FE00010000F0FE0705FBF80001F90035
:10F5F000F5FEFE04EBFD010000F1FDF4FEF000005D
:10F60000F0000D0100FE00000000FFFEF7FE00F11B
:10F6100000000000F900FE00FFFAF50000FFFDF910
:10F62000FE00FE00000000F6FEF9F9FEFCFAFEFC0A
:10F6300000FCFEF9FD00FDFCFEFC000100FEF900EF
:10F640000400FC00000000030002FC0900FEFEFDB7
:10F65000000000000000F900FE00FDFE00FBFAF9CA
:10F66000FE00FC020900000000120000010000FD85
:10F670000002000000000000000000000000000088
:10F68000FEFC0000000000FF000000FEFE0000FC89
:10F69000FE0000FC0004FF0000000000000100006C
:10F6A0000000030402FE00F9FC0007F9F9FCFC0964
:10F6B0000402EDFE04FE00FE02FEF800FE02FDFE66
:10F6C000F9FE0000070400FA00F4FD06FDF701FD55
:10F6D000F9F9FE090200FD00FA000207FBF8F7FA4B
:10F6E000070001F0FE02FCFEFB00FBF8FDFDFE0042
:10F6F00000FBFBFE000705FEF400F4FD00F8F3FF3D
:10F70000F9FCF9FA060000FD00FCFE00FEFC000416
:10F71000F9020000F400FEFBFCFEF9FAF9FB00F927
:10F72000FEFBFCF9FE0000010BFC00F9FE00FEFCF4
:10F73000FBFAFAF7FDFC0400FD00F5FD0104F9F801
:10F74000FCF907FE01EBFC04FBFCF800F9F7FDFEF9
:10F75000FEFEFBF9FF00000706FEF100F3FB05F7D4
:10F76000F1FCF8F7F5F90400000000FD000002FDCF
:10F770000402FC040000F9FF00FF000101FE00008C
:10F7800000000000FE0000000002070000FD000075
:10F790000000FEFEFD00000001020000000002006B
:10F7A000FE000900040101FD000400000002000049
:10F7B000000000000000000000070006000000003C
:10F7C00000000000000000000000F300FE0400073D
:10F7D00000001603FCFC0202FE01F500000BF30022
:10F7E00000000000000000000000F1091F00000000
:10F7F000000000000000000000F300000000000016
:10F8000000000000000000000000000000000000F8
:10F8100000000000FC0000FCFE00000000000000F2
:10F82000000000000000000000000000FE00FA00E0
:10F8300000010000021DFCFE0706FA0200000202A1
:10F84000FD0000000000000000000000E3060000D2
:10F85000000000000000000000000000000000FAAE
:10F86000000000FA00000000FBFF000000FB00FDAC
:10F8700000F50000000000000000000000F10000A2
:10F88000000001000000000000FE0000FC00FD0080
:10F89000FA000000FC02FD0000FAFEFB0000FA0086
:10F8A000FE00F500FE0000EEFCF7FEF80000F1009F
:10F8B000FAFF0000000000000000FDFCFEFC00005C
:10F8C0000000FB00FB03FE0400FEFBFEFCFC00FD51
:10F8D000FFFE02FAFF000000ECFEFD00FB00FEF55B
:10F8E000FE0000FEFE000000000200FEFCFE040020
:10F8F0000000000000000000000000000000000008
:10F9000000000000000000000000000000000000F7
:10F9100000000000000000000000030000000000E4
:10F9200000FB00FE000000FC02000000FAFEFC00EC
:10F9300000FA00FE00F500000000EA00FCF8F50007
:10F9400000F100FEFD0000000000000000FEFDFFD1
:10F95000FD01000004FD00070BFEFEF9030B04058A
:10F96000FA0309030605060000000000000000007D
:10F9700000000E0BFCFE00FE120A12000000020046
:10F9800000080000FC000000000000000000FE0075
:10F99000000000000000000300000000EDFDFEF785
:10F9A000F50000F100000000000000000000000071
:10F9B0000000000000FC000000000000000000FE4D
:10F9C00000000000000000000300000000EDFDFE4C
:10F9D000F7F50000F7000000000000000000000044
:10F9E0000000000000000000FE000000FB0200FE1E
:10F9F000020402F90000FE02000200000000FA000A
:10FA0000FEFEFC00FEF7000EFE00FBFE00FEFC000A
:10FA1000FEFAFCFD000000FC0000000000000000F9
:10FA200000FE00000000000000000300000000EDE8
:10FA3000FDFEF7F50000F10000000000000B0000E3
:10FA40000000000000000000FC00F9FDFE07FEFEC3
:10FA5000F701FF01FEFA000500020102FBF7FD00BD
:10FA6000F7FCFAF7F700FCFCFDFDFEFEFDFE00FED4
:10FA7000FF030003FE00070000000000000000007C
:10FA8000000000FEFEFE0000FA00FF00FC00000087
:10FA90000000000000000000F30000000000000073
:10FAA00000000000FEFE00FD00000000FE0000FC63
:10FAB000FE0200FCFCFE00FAFEFBFEFD00FC000066
:10FAC000000000000000000000F100070000FC0042
:10FAD000000000FD00FE0000FF0000FE00FB000033
:10FAE00009FDF9F902020200FA020302070207FE09
:10FAF000FA0000F70000F9FA0000FC00FDFC00FD30
:10FB000000FD00FE0300FEF9FE080000FE00FC0000
:10FB10000003FB0002FE020000F900FEFF00FE02EF
:10FB2000FE000000F7FDFB00F90000F50008FE00F4
:10FB3000FC000100FE00FEF900FE0200000000FED5
:10FB4000000002FD010000FDFE00FD0000000000BD
:10FB5000000000000000000000000000F2000500AE
:10FB600000FE000000000000FEFE00000004000592
:10FB70000000000000F2F3010A0704F70209000880
:10FB8000000400000000000000000000000C000065
:10FB90000000000000000000000000000000000065
:10FBA000F0EF0200B0FB020050FC02003D3100000B
:10FBB000000001020003040502060708090A090AF9
:10FBC0000B0C000D0E0F101112130C14140000007A
:10FBD0001516171819161A1B1C1D1D1E1F201D1D7A
:10FBE0001621222303241E2525262728292A2B0017
:10FBF0002C002D2E2F303132332D343435302D2D35
:10FC00002E2E36373839333A3A3B3A3C2900000930
:10FC10003D0900000000000000000000000000009E
:10FC200000000000000000000000000000000000D4
:10FC300000000000000000000000000000000000C4
:10FC400000000000000000000000000000000000B4
:10FC5000000001020003040502060708090A090A58
:10FC60000B0C0D0E0F10110C1213141515000000C3
:10FC700016171819171919191719191A19191919FD
:10FC800017191719031B1C1D1D1E1F2021222300DD
:10FC900024002526272727002726282926262A2A42
:10FCA000272A272A2B2C2D2E2E2F2E300000230919
:10FCB000310900000000000000000000000000000A
:10FCC0000000000000000000000000000000000034
:10FCD0000000000000000000000000000000000024
:10FCE0000000000000000000000000000000000014
:10FCF0000CF80000CEF700001000030000FF010028
:10FD000068C8020000000000000000000000721F30
:10FD100051EF58EF5BEF5CEF5DEF61EF63EF65EF85
:10FD200069EF6CEF71EF76EF77EF78EF8EEF93EF8F
:10FD300098EF9BEF9CEF9DEFA1EFA2EFA3EFA4EF55
:10FD4000B7EFB8EFBEEFC0EFC1EFC4EFC7EFC8EF3A
:10FD5000C9EFCBEFE3EFE5EF14F015F017F019F072
:10FD600030F037F03AF043F06CF074F0ABF03BF168
:10FD700090F191F192F193F194F1D7F1E3F13DF229
:10FD800054F2AAF412F7F2F77C0A030084F9000097
:10FD9000000000000000000000000000642064205B
:10FDA000400200007C0A0300FAF900000000000095
:10FDB00000000000000000000000000080020000C1
:10FDC0007C0A0300F8FA00000000000000000000B8
:10FDD0000000000000000000800200007C0A030018
:10FDE000DAFB00006EFB00000000000014FE0000C3
:10FDF000642064200003000028C3020044FF0000C8
:10FE000000000000000000000000000000000000F2
:10FE10000000000058C502000601010000000000BB
:10FE200000000000200201008200000041070000E5
:10FE3000256C64007C0A0300000000000000000044
:10FE40000000000000000000642064204002000068
:10FE50007C0A030000000000000000000000000019
:10FE6000000000000401D127800300007C0A030089
:10FE7000C8030100A803010000000000E80301001E
:10FE800000000000C00300007C0A0300780D0100A0
:10FE9000280D01000000000000000000C300040164
:10FEA00040060000EF8193007C0A0300520D010020
:10FEB0000000000000000000000000006420D127C6
:10FEC000000000007C0A03000000000000000000A9
:10FED0000000000000000000000000000000000022
:10FEE0007C0A030000000000000000000000000089
:10FEF0000000000000000000000000007C0A030079
:10FF0000240F01000C0F01000000000000000000A1
:10FF10006420D127800200007C0A0300380D010014
:10FF20000000000000000000000000006420D12755
:10FF3000000000007C0A0300000000000000000038
:10FF40000000000000000000D127D12700000000C1
:10FF50007C0A030000000000000000000000000018
:10FF60000000000000000000000000007C0A030008
:10FF70000000000000000000000000000000000081
:10FF8000000000000000000060C30200000000004C
:10FF90000000000000000000000000000000000061
:10FFA000000000007C0A03000000000000000000C8
:10FFB0000000000000000000C30004010000000079
:10FFC0005CC402000000000000000000000000000F
:10FFD0000000000000000000000000007C0A030098
:10FFE000581401000000000000000000F41101009E
:10FFF0001A001A00800200009501040204020402A3
:020000023000CC
:10000000040204020402040204020402040287003F
:100010009601030203020302030203020302030226
:100020000302030287008102810201020102010230
:100030000102010201020102810281028102920198
:10004000820006008200920101000100010092017D
:100050000100010001009201010001000100020005
:100060000100010001000100010000000102010285
:100070000102010201020102010201020102010268
:100080008200920101020102010201020102010249
:100090000102010201020102010201020102010248
:1000A0000102010201020102010201020102010238
:1000B0000102920182000600820092019501040271
:1000C0000402040204020402040204020402040200
:1000D00004028700960103020302030203020302E3
:1000E000030203020302030287008102810201026C
:1000F00001020102010201020102010281028102E8
:1001000081029201820006008200920194030300A2
:10011000840403008804030060C00200F4050300A7
:100120005CB902008C0403009004030094040300F3
:10013000980403009C040300B4030300101303009D
:1001400090030300A00403001C060300A4040300A2
:10015000A8040300AC040300C4050300B0040300BA
:10016000B4040300CC050300AC0303001013030028
:100170006804030020C00200B8040300B4BA0200FF
:10018000BC040300C0040300C4040300C80403004B
:10019000CC040300D8030300800403002CBA02003F
:1001A000101303009C030300A4FE0200601603006A
:1001B000B0030300A00303003013030024C30200B4
:1001C000100B0300BC0303009C0303001013030087
:1001D000C0030300C4030300C8030300A00303001B
:1001E00010130300CC030300D0030300D403030067
:1001F000B403030010130300B8030300BC0B030097
:10020000D8030300A4FE0200B00303003013030070
:1002100024C30200100B0300BC030300C00303004F
:10022000C4030300C8030300CC030300D00303008E
:10023000D4030300BC0B0300B4030300101303003A
:100240008C030300DC03030020C0020028C002006E
:1002500074C50200E003030068130300E403030015
:10026000E8030300EC030300F003030040C20200B4
:1002700010130300F4030300F8030300FC0303005E
:100280000004030004040300080403000C0403003A
:100290001004030014040300180403001C040300EA
:1002A00020040300101303009C030300A4FE0200BB
:1002B00060160300B0030300A00303003013030023
:1002C000940303002404030028040300881303009C
:1002D0002C04030030040300401303003404030023
:1002E000380403003C04030040040300B40303008B
:1002F000101303008C0303004404030048040300AC
:100300004C04030050040300540403005804030089
:100310005C0403006004030064040300AC030300F6
:10032000101303006804030020C002006C040300E3
:10033000700403007413030090130300740403009B
:10034000780403007C040300D80303008004030046
:100350002CBA0200101303009C030300A4FE020049
:1003600060160300B0030300A00303003013030072
:100370007CC30200841501000000000000000000A2
:10038000000000006420322001040000616263006C
:100390004142430031230000EF808D00EF849C0038
:1003A000EF808C00456E746572000000EFA2A20021
:1003B000EF819400EF959A002B2F2D003300000061
:1003C0003400000035000000360000003700000057
:1003D00038000000390000002E0000002B00000053
:1003E0003D000000210000003F000000230000004D
:1003F0003C0000005C000000400000002400000001
:1004000028000000290000007B0000007D000000A3
:100410005B0000005D0000003B00000022000000C7
:1004200027000000510000005700000052000000AB
:100430005400000055000000490000004F0000007B
:100440005000000041000000530000004400000084
:100450004600000047000000480000004A0000007D
:100460004B0000004C0000005F0000005A0000003C
:1004700058000000420000004E0000004D00000047
:100480002C000000710000007700000079000000DF
:1004900075000000690000006F000000700000009F
:1004A00061000000640000006600000067000000BA
:1004B0006A0000006B0000007A000000630000008A
:1004C00076000000620000006E0000006D00000079
:1004D0007C0A0300C81901000000000000000000B1
:1004E000A61A010004010401010400007C0A0300B3
:1004F000BA2201005C22010000000000E02C010093
:1005000064200401C00800004405030048050300FE
:100510004C05030050050300540503005805030073
:100520005C0503007C0A03005C420100000000003F
:100530000000000000000000C300C300041C000015
:1005400025640000537500004D6F000054750000D5
:1005500057650000546800004672000053610000B7
:100560007C0A03006A430100000000000000000054
:100570000000000064202B0000000000AC05030018
:10058000B4050300C0050300C8050300D00503003F
:10059000D4050300DC050300E4050300EC050300BB
:1005A000F8050300000603000C0603004A616E759F
:1005B00061727900466562727561727900000000AF
:1005C0004D61726368000000417072696C00000048
:1005D0004D6179004A756E65000000004A756C79BE
:1005E00000000000417567757374000053657074F6
:1005F000656D6265720000004F63746F6265720022
:100600004E6F76656D62657200000000446563653B
:100610006D626572000000002564202573000000F3
:100620007C0A0300224501000000000000000000D9
:10063000000000006420D127000000003230323377
:100640000A323032320A323032310A323032300A33
:10065000323031390A323031380A323031370A32E9
:100660003031360A323031350A323031340A3230E4
:1006700031330A323031320A323031310A323031DC
:10068000300A323030390A323030380A32303037BE
:100690000A323030360A323030350A323030340ADD
:1006A000323030330A323030320A323030310A32AE
:1006B0003030300A313939390A313939380A31396B
:1006C00039370A313939360A313939350A31393948
:1006D000340A313939330A313939320A3139393149
:1006E0000A313939300A313938390A313938380A5A
:1006F000313938370A313938360A313938350A3123
:100700003938340A313938330A313938320A313913
:1007100038310A313938300A313937390A31393705
:10072000380A313937370A313937360A31393735EE
:100730000A313937340A313937330A313937320A15
:10074000313937310A313937300A313936390A31DE
:100750003936380A313936370A313936360A3139BD
:1007600036350A313936340A313936330A313936B9
:10077000320A313936310A313936300A31393539B0
:100780000A313935380A313935370A313935360ABF
:10079000313935350A313935340A313935330A3191
:1007A0003935320A313935310A313935300A313982
:1007B00034390A313934380A313934370A31393465
:1007C000360A313934350A313934340A313934335F
:1007D0000A313934320A313934310A313934300A84
:1007E000313933390A313933380A313933370A313B
:1007F0003933360A313933350A313933340A31392C
:1008000033330A313933320A313933310A3139332A
:10081000300A313932390A313932380A313932370E
:100820000A313932360A313932350A313932340A2D
:10083000313932330A313932320A313932310A31FF
:100840003932300A313931390A313931380A3139DE
:1008500031370A313931360A313931350A313931D6
:10086000340A313931330A313931320A31393131CF
:100870000A313931300A313930390A313930380AE0
:10088000313930370A313930360A313930350A31A9
:100890003930340A313930330A313930320A31399A
:1008A0003031000030310A30320A30330A30340A35
:1008B00030350A30360A30370A30380A30390A31D2
:1008C000300A31310A3132002100000020000000DE
:1008D0000A0000000B0000000D0000000C000000EA
:1008E0000E0000000F000000640000006300000024
:1008F00000000000747001000A7101002271010003
:1009000078700100727101004C7101002A710100C0
:10091000B67B0100A27B0100F87B0100D87B0100BF
:10092000C27B01009292010020930100AE9301006E
:1009300000112233445566778899AABBCCDDEEFFBF
:10094000000102030405060708090A0B0C0D0E0F2F
:10095000101112131415161718191A1B1C1D1E1F1F
:10096000202122232425262728292A2B2C2D2E2F0F
:10097000303132333435363738393A3B3C3D3E3FFF
:10098000404142434445464748494A4B4C4D4E4FEF
:10099000505152535455565758595A5B5C5D5E5FDF
:1009A000606162636465666768696A6B6C6D6E6FCF
:1009B000707172737475767778797A7B7C7D7E7FBF
:1009C000808182838485868788898A8B8C8D8E8FAF
:1009D000909192939495969798999A9B9C9D9E9F9F
:1009E000A0A1A2A3A4A5A6A7A8A9AAABACADAEAF8F
:1009F000B0B1B2B3B4B5B6B7B8B9BABBBCBDBEBF7F
:100A0000C0C1C2C3C4C5C6C7C8C9CACBCCCDCECF6E
:100A1000D0D1D2D3D4D5D6D7D8D9DADBDCDDDEDF5E
:100A2000E0E1E2E3E4E5E6E7E8E9EAEBECEDEEEF4E
:100A3000F0F1F2F3F4F5F6F7F8F9FAFBFCFDFEFF3E
:100A4000808080818182828384858687898A8C8D5B
:100A50008F91939597999B9EA0A2A5A7AAADAFB29F
:100A6000B50000001018100102040801020408007B
:100A70004E6F0A646174610062696E0000000000DC
:100A8000700D0200AE1902000000000054160200B2
:100A9000820082004A020000662E02007C2E0200C4
:100AA000982E0200842E0200A62E0200BA2E02000A
:100AB000AE2E0200CA2E020000380200DA37020011
:100AC00060370200903802006A380200B038020035
:100AD000C4380200E63802009237020014390200DE
:100AE0002C390200683902007A3902008639020086
:100AF000C0390200D2390200E4390200223A020071
:100B0000423A02004E3A02005A3A0200756172748B
:100B10003200000075617274322066696E6420666E
:100B200061696C65640D0A00554152543220736549
:100B300072766963652072656164790D0A00000050
:100B40004F4E00004C4544204F4E0D0A000000005F
:100B50004F4646004C4544204F46460D0A000000D3
:100B600055415254322052583A25730D0A00000064
:100B70002425642C25642C25642C25642C256423D1
:100B80000D0A000054583A257300000073656E7317
:100B90005F6D74780000000053656E736F7220699A
:100BA0006E69740D0A00000053656E736F722072D7
:100BB000656164790D0A00006468743230000000D9
:100BC0000000C84200008035000048430000484251
:100BD0009A7902005A7902007C790200187A0200A0
:100BE000AA7A0200047B0200010000001600000047
:100BF00002000000170000000400000018000000C0
:100C00000800000019000000100000001A00000099
:100C10002000000027000000400000002700000026
:100C200080000000270000000001000027000000F5
:100C3000000200002700000000040000380000004F
:100C4000000800003800000000100000380000001C
:100C500000200000380000000040000038000000C4
:100C60000080000038000000FFFFFFFF00000000D0
:100C700000000000000000000100000008790200F0
:100C80000018014004000000020000000879020082
:100C9000001801400800000003000000087902006D
:100CA0000018014010000000040000000879020054
:100CB0000018014020000000050000000879020033
:100CC0000018014040000000FFFFFFFF000000008F
:100CD000000000000000000007000000F87802009B
:100CE000001001400020000008000000F878020019
:100CF000001001400040000009000000F8780200E8
:100D00000010014000800000FFFFFFFF0000000016
:100D10000000000000000000FFFFFFFF00000000D7
:100D20000000000000000000FFFFFFFF00000000C7
:100D30000000000000000000FFFFFFFF00000000B7
:100D40000000000000000000FFFFFFFF00000000A7
:100D500000000000000000000F000000F878020012
:100D6000001001400100000010000000F8780200AF
:100D7000001001400200000011000000F87802009D
:100D8000001001400400000012000000F87802008A
:100D90000010014008000000FFFFFFFF00000000FE
:100DA0000000000000000000FFFFFFFF0000000047
:100DB0000000000000000000FFFFFFFF0000000037
:100DC0000000000000000000FFFFFFFF0000000027
:100DD000000000000000000017000000E87802009A
:100DE000000801400100000018000000E87802003F
:100DF000000801400200000019000000E87802002D
:100E000000080140040000001A000000E878020019
:100E10000008014008000000FFFFFFFF0000000085
:100E20000000000000000000FFFFFFFF00000000C6
:100E300000000000000000001D000000E878020033
:100E400000080140100000001E000000E8780200C9
:100E500000080140200000001F000000E8780200A8
:100E6000000801404000000020000000E878020077
:100E7000000801408000000021000000F878020016
:100E8000001001401000000022000000F87802006D
:100E9000001001402000000023000000D87802006C
:100EA000000C01400100000024000000D87802007E
:100EB000000C01400200000025000000D87802006C
:100EC000000C014004000000260000000879020028
:100ED000001801408000000027000000087902008F
:100EE00000180140000100002800000008790200FD
:100EF00000180140000200002900000008790200EB
:100F000000180140000400002A00000008790200D7
:100F100000180140000800002B00000008790200C2
:100F200000180140001000002C00000008790200A9
:100F300000180140002000002D0000000879020088
:100F400000180140004000002E0000000879020057
:100F500000180140008000002F000000D878020037
:100F6000000C01400004000030000000D8780200AE
:100F7000000C014000080000FFFFFFFF0000000020
:100F80000000000000000000FFFFFFFF0000000065
:100F9000000000000000000033000000D8780200CC
:100FA000000C01400010000034000000D87802005E
:100FB000000C01400020000035000000D87802003D
:100FC000000C01400040000036000000D87802000C
:100FD000000C01400080000037000000C6780200CD
:100FE000001401400001000038000000C678020033
:100FF000001401400002000039000000C678020021
:1010000000140140000400003A000000C67802000D
:1010100000140140000800003B000000C6780200F8
:1010200000140140001000003C000000C6780200DF
:1010300000140140002000003D000000C6780200BE
:1010400000140140004000003E000000C67802008D
:1010500000140140008000003F000000F87802000A
:10106000001001404000000040000000F87802003D
:10107000001001408000000041000000F8780200EC
:10108000001001400001000042000000F87802005A
:10109000001001400002000043000000E878020058
:1010A000000801400001000044000000E878020050
:1010B000000801400002000045000000E87802003E
:1010C000000801400004000046000000E87802002B
:1010D000000801400008000047000000E878020016
:1010E000000801400010000048000000E8780200FD
:1010F0000008014000200000FFFFFFFF000000008B
:101100000000000000000000FFFFFFFF00000000E3
:101110000000000000000000FFFFFFFF00000000D3
:1011200000000000000000004C000000E878020011
:1011300000080140004000004D000000E878020077
:1011400000080140008000004E000000F878020016
:1011500000100140000400004F000000F878020079
:10116000001001400008000050000000F878020064
:10117000001001400010000051000000C67802007D
:10118000001401400100000052000000C678020077
:10119000001401400200000053000000C678020065
:1011A000001401400400000054000000C678020052
:1011B000001401400800000055000000C67802003D
:1011C000001401401000000056000000C678020024
:1011D000001401402000000057000000C678020003
:1011E000001401404000000058000000C6780200D2
:1011F000001401408000000059000000D87802006F
:10120000000C0140080000005A000000D8780200DD
:10121000000C0140100000005B000000D8780200C4
:10122000000C0140200000005C000000D8780200A3
:10123000000C0140400000005D000000D878020072
:10124000000C014080000000FFFFFFFF00000000D5
:1012500000000000000000005F000000D8780200DD
:10126000000C01400001000060000000D87802007E
:10127000000C01400002000061000000087902003B
:10128000001801400100000062000000087902001F
:101290000018014002000000FFFFFFFF00000000F7
:1012A0000000000000000000FFFFFFFF0000000042
:1012B000000000000000000070696E00E27F020084
:1012C0002C8102000A810200E88002004C7E0200AC
:1012D000206861726466756C740D0A00204E4D4979
:1012E0002048616E646C65720D0A000073656E7350
:1012F0006F72000053454E534F522054485245419F
:101300004420435245415445204641494C45440DF3
:101310000A0000005541525432205448524541447D
:1013200020435245415445204641494C45440D0A0D
:1013300000000000534D415254204741544557414D
:101340005900000054454D504552415455524500F6
:101350002D2D20430000000048554D494449545963
:10136000000000002D2D2025250000004C49474895
:1013700054204144430000002D2D00004C494748B3
:101380005420564F4C544147450000002D2D206DF0
:10139000560000004C45442053544154555300001E
:1013A00052542D546872656164207C204C56474C21
:1013B0002076382E33207C20434833325633303762
:1013C0000000000025642043000000002564202563
:1013D000250000002564206D560000000D0A3D3DEB
:1013E0003D3D3D2047554920494E495420535441E5
:1013F0005254203D3D3D3D3D0D0A0000494C4939C8
:1014000033343120494E4954204F4B0D0A0000001F
:101410004C56474C20444953504C415920494E4961
:1014200054204F4B0D0A00006C765F6D7574657823
:10143000000000006775695F6D6200004755492034
:1014400044415348424F41524420494E4954204F51
:101450004B0D0A006C76676C000000004C56474C40
:10146000205448524541442043524541544520466A
:1014700041494C45440D0A003D3D3D3D3D20475509
:101480004920494E495420444F4E45203D3D3D3D65
:101490003D0D0A00000102020303030304040404D7
:1014A00004040404050505050505050505050505F0
:1014B00005050505060606060606060606060606D0
:1014C00006060606060606060606060606060606BC
:1014D00006060606070707070707070707070707A0
:1014E000070707070707070707070707070707078C
:1014F000070707070707070707070707070707077C
:10150000070707070707070707070707070707076B
:10151000070707070808080808080808080808084F
:10152000080808080808080808080808080808083B
:10153000080808080808080808080808080808082B
:10154000080808080808080808080808080808081B
:10155000080808080808080808080808080808080B
:1015600008080808080808080808080808080808FB
:1015700008080808080808080808080808080808EB
:1015800008080808080808080808080808080808DB
:1015900008080808BE8EFFFF0C8EFFFF0C8EFFFFB1
:1015A0000A8EFFFF108EFFFF108EFFFFE08DFFFF02
:1015B0000A8EFFFF108EFFFFE08DFFFF108EFFFFF2
:1015C0000A8EFFFFAC8EFFFFAC8EFFFFAC8EFFFFDD
:1015D000E08DFFFF30313233343536373839414210
:1015E000434445460000000030313233343536374D
:1015F0003839616263646566000000000000000025
:1016000000000000000000000000000000000000DA
:1016100000000000000000000000000000000000CA
:1016200000000000000000000000000000000000BA
:1016300000000000000000000000000000000000AA
:10164000000000000000000000000000000000009A
:10165000000000000000000000000000232D302BDF
:1016600020000000686C4C00656667454647000036
:101670001CB80200FCB702004616000018BD0200AC
:10168000FCBC02007429000038BD020020BD02002D
:101690004428000064BD02004CBD02004428000044
:1016A00088BD020070BD0200DA280000B4BD02004F
:1016B0009CBD0200DA280000E0BD0200C0BD0200AF
:1016C0008E27000014BE0200F4BD02008E27000029
:1016D0003CBE020024BE0200D026000068BE02000C
:1016E00050BE0200D026000090BE020078BE02006C
:1016F0004E260000BCBE0200A4BE02004E26000022
:10170000E0BE0200C8BE0200A22500000CBF02001D
:10171000F4BE0200A225000034BF020018BF020080
:10172000EC24000060BF020044BF0200EC24000073
:1017300078BF02006CBF02000824000098BF0200BE
:101740008CBF020008240000B8BF0200A4BF020042
:101750005E230000D8BF0200C4BF02005E23000069
:10176000F4BF0200E0BF02004C23000018C00200DA
:1017700004C002004C230000CCC10200B4C102002E
:10178000BE290000FCC10200D8C10200742C000078
:1017900024C2020008C20200662C0000D0C202006F
:1017A000B0C20200C4350000F4C20200D8C2020078
:1017B000AA35000018C3020000C3020090350000E3
:1017C000EA050000F20500001A7902007A7E0200A4
:0C17D000F6050000942C0000EE0500005F
:1017DC000100000004000020040000208000000034
:1017EC000200000014000020140000202000000063
:1017FC00030000002400002024000020240000002E
:10180C000400000034000020340000202000000000
:10181C0005000000440000204400002030000000BF
:10182C00060000005400002054000020340000008A
:10183C000900000064000020640000204400000047
:10184C000A00000074000020740000202C0000002E
:10185C0098C30200A0C30200A8C302001013030027
:10186C00B0C30200B8C3020030130300F8FF02003B
:10187C00BC0003006C00030048000300F8FF0200EA
:10188C00F8FF0200F8FF0200F8FF02000000000061
:10189C000C010300C002030010020300BC01030092
:1018AC000C0103000C0103000C0103000C010300EC
:1018BC0000000000FFFF000000000000000000001E
:1018CC00FFFF00000000000000000000FFFF000010
:1018DC000000000000000000FFFF000000000000FE
:1018EC0000000000FFFF00000000000000000000EE
:1018FC00FFFF00000000000000000000FFFF0000E0
:10190C000000000000000000FFFF000000000000CD
:10191C0000000000FFFF00000000000000000000BD
:10192C00FFFF00000000000000000000FFFF0000AF
:10193C000000000000000000FFFF0000000000009D
:10194C0000000000FFFF000000000000000000008D
:10195C00FFFF00000000000000000000FFFF00007F
:10196C000000000000000000FFFF0000000000006D
:10197C000000000000000000010203040102030447
:10198C0006070809000000001C1603003C160300A3
:10199C00FC15030000000000000000000000000027
:1019AC00000000000000000000000000000000002B
:1019BC00000000000000000000000000000000001B
:1019CC00000000000000000000000000000000000B
:1019DC0000000000000000000000000000000000FB
:1019EC000000000000000000D4C3B2A16F00000092
:1019FC00BCEC0000F2EC000094EB0000E6ED000003
:101A0C005AEB00001CED000048ED0000FF01000047
:101A1C0000D8B805020406085CAA0020B401002016
:101A2C0000FF00000055AAFF0A0B0C0D0E0F000062
:0C1A3C00FF1FFF1F01E001E0AC330000C1
:00000001FF
