:040000006F800210FB
:1000040000000000000000001E7F02003E7F02008E
:1000140000000000FE80020000000000000000005C
:10002400FE800200FE8002000000000000000000CC
:10003400963500000000000090020000000000005F
:10004400FE800200FE800200FE800200FE800200AC
:10005400FE800200FE800200E0790200087A0200BD
:10006400307A0200587A0200807A0200FE80020090
:10007400FE800200FE800200FE800200FE8002007C
:10008400FE800200FE800200FE800200FE8002006C
:10009400FE800200FE800200FE800200A87A0200B8
:1000A400FE800200FE800200FE800200FE8002004C
:1000B400FE800200FE800200FE800200FE8002003C
:1000C400FE800200FE800200FE800200FE8002002C
:1000D400FE800200DE7E0200FE7E0200FE80020040
:1000E400207B0200FE800200FE800200FE800200EF
:1000F400FE800200FE800200FE800200FE800200FC
:1001040000000000FE800200FE800200FE8002006B
:10011400FE800200FE800200FE800200FE800200DB
:10012400FE800200FE800200FE800200FE800200CB
:10013400FE800200FE800200FE800200FE800200BB
:10014400FE800200FE800200FE800200FE800200AB
:10015400FE800200FE800200FE800200FE8002009B
:10016400FE800200FE800200FE800200FE8002008B
:10017400FE800200FE800200FE800200FE8002007B
:10018400FE800200FE800200FE800200FE8002006B
:10019400FE800200FE800200FE800200FE8002005B
:1001A400000000000000000000000000000000004B
:0C01B4000000000000000000000000003F
:1001C00097820120938202E4938202E073900234CA
:1001D00003210500224573100530B1A819712320B1
:1001E000250006C006C216CAF322003093F2820030
:1001F000638402009302000816C412C81ACC1ECEF3
:1002000022D026D22AD42ED632D836DA3ADC3EDEB6
:10021000C2C0C6C2CAC4CEC6D2C8D6CADACCDECE26
:10022000E2D0E6D2EAD4EED6F2D8F6DAFADCFEDE96
:1002300003A1050009A002457310153492403785CB
:10024000000013050580732005302245732005301A
:100250004242D2426243F243025492542255B25572
:100260004256D2566257F257064896482649B64932
:10027000464AD64A664BF64B065C965C265DB65DF2
:10028000465ED65E665FF65F09617300203000004F
:10029000197116CA9302000816C49302000273A0D3
:1002A000428006C212C81ACC1ECE22D026D22AD430
:1002B0002ED632D836DA3ADC3EDEC2C0C6C2CAC456
:1002C000CEC6D2C8D6CADACCDECEE2D0E6D2EAD4E6
:1002D000EED6F2D8F6DAFADCFEDE73110134EF0066
:1002E000F033EF10B069EF0050367311013413840E
:1002F000018E0329040063040902232004007325EE
:1003000010342AC01384818D044023A02400138458
:10031000C18D044003A104000245731015349240BE
:10032000B78200009382028073A00230A24273A0C1
:1003300002304242D2426243F24302549254225566
:10034000B2554256D2566257F25706489648264949
:10035000B649464AD64A664BF64B065C965C265D25
:10036000B65D465ED65E665FF65F0961730020305B
:100370000000397101436EC619A0397141536AC832
:1003800066CA62CC5ECE19A0397101535AD056D2DA
:1003900052D44ED64AD826DA22DC06DE330161403A
:1003A000828241114AC026C222C406C68282B24D50
:1003B0004101024D924C224CB24B4101024B924AF8
:1003C000224AB2494101024992442244B2404101C9
:1003D00082803D432A876373C3029377F700BDEFA2
:1003E000ADE5937606FF3D8ABA960CC34CC30CC7A5
:1003F0004CC74107E36BD7FE11E28280B306C340CE
:100400008A069702000096966780A6002307B70029
:10041000A306B7002306B700A305B7002305B7005E
:10042000A304B7002304B700A303B7002303B70056
:10043000A302B7002302B700A301B7002301B7004E
:10044000A300B7002300B700828093F5F50F9396C1
:100450008500D58D93960501D58D61B793962700BC
:100460009702000096968682E78086FA9680C117EA
:100470001D8F3E96E374C3F8A5B73367B500FD53EF
:100480000D8B79E7B7877F7F9387F7F7104194410A
:10049000B372F6003363F600BE92B3E26200639576
:1004A000720C6318D6065041D441B372F600336320
:1004B000F600BE92B3E262006396720A631BD60432
:1004C00010459445B372F6003363F600BE92B3E272
:1004D0006200639F7208631ED6025045D445B37212
:1004E000F6003363F600BE92B3E2620063987208CE
:1004F0006311D60210499449B372F6003363F600D3
:10050000BE92B3E26200639172085105D105E30F18
:10051000D6F61317060193970601631CF7001357CD
:10052000060193D706013305F7409375F50F91E95E
:1005300082804183C1833305F7409375F50F91E1C4
:1005400082801377F70F93F7F70F3305F740828018
:1005500010219421050585056313D60075FA33052E
:10056000D640828011059105E314D6FE01458280B4
:100570002105A105E31ED6FC014582803105B105A8
:10058000E318D6FC014582804105C105E312D6FC83
:100590000145828003A501858280EFF29FE0938769
:1005A00001859843050798C3EF1020763C45FD1759
:1005B0003CC589E77C413CC5EF10C07DEF10702F32
:1005C00019B5634205029307803E3347F502336550
:1005D000F5023305F5021305753E3345F502330781
:1005E000F7023A9582807D558280014582800145DF
:1005F00082800145828001458280EFF29FDA3714C4
:100600000300B71403001304843D9384443E6363E2
:10061000940055BB1C4011048297D5BFEFF27FD8E0
:1006200037140300B71403001304443E9384C43EFC
:100630006363940049BB1C4011048297D5BFEFF25D
:100640005FD6E93FEF70B211BDBBEFF29FD5B705A2
:10065000000037B50200D1471547896601469385EA
:10066000E56313050516EF10A06AEF101006A1BB95
:10067000EFF23FD3EF107031EF20D06AEF00506EF1
:10068000EF10B02AEF10003BC937EF10B02A192C39
:10069000EF10203D014505BBEFF2BFD0D13F014532
:1006A0001DB3EFF27FCEAA89EF10206619C1EF10BB
:1006B000804D2545EF10A023444113044500639667
:1006C0008400EF108064014919A8138944FF214672
:1006D000CE854A85EF00502401E9EF10006319C16F
:1006E000EF10004C4A85D9B98440D1BF09E57D554A
:1006F00082807D55C9B9EFF2DFCA2A842E853289FE
:10070000AE8445377DF522852686A545EF10C020AD
:100710000145231C2401230E0400231D0400D9BF1E
:10072000EFF23FC81E2D41112A84C18B9DE71C5555
:100730008DC32EC68297AA84B24501CD2A8637B5CD
:100740000200A28513058516EF00105B2685410186
:100750009DB91E2C93E707011EAC1E2CA18B89C7E7
:100760003E2CE554A18BFDF35C5489CF2285829702
:10077000AA8405E13E2C93E787003EAC5C2C8507FC
:100780005CACE9B785679387F7F0FD8D2EAC8144AB
:10079000D5B7E957E31CF5FAF1BF5C2D85CBEFF235
:1007A0005FC0FD1793F7F70F5CAD2A84014789EF0F
:1007B0001C5989E70147231D040039A082972A8725
:1007C00075D9E957E309F5FE3A85F5BE7D573A85B7
:1007D0008280EFF21FBD582D11E77D55EF005002CA
:1007E000014521A05C5999C38297F1BE6955FDB7B7
:1007F000EFF23FBB582D11E77D55EF00700001452A
:1008000021A01C5D99C382977DBE6955FDB70CD1AF
:1008100001458280EFF25FB79389C18A854A83A739
:10082000C18A63863705EF10501683A7C18A2A8ACA
:10083000638D370303A4C18A5C4018401309C4FECA
:100840005CC398C340C000C0EF10E0337C5099C334
:100850004A8582974A85EF10601D631B55014A85C2
:10086000EF106011EF10C0335285EF10D012B9B6FF
:10087000EF1000335285EF1010124848EF00907CC3
:100880004A85EF10801761BFEFF2BFB1138401AE4C
:10089000130904011C4091C382971104E31C24FF37
:1008A000953FEDB7EFF2FFAF37160000B7B5020086
:1008B000930800023D4893070020138701AF81464B
:1008C000130686889385051A138501A6EF10C0408C
:1008D000138501A6EF10605FFDB4EFF29FAC4111EC
:1008E0002A842E8532C62EC4EF10E04F3246A24530
:1008F00019C68547630DF60001454101E9B458402A
:10090000938745011CC398CD5CC0C0C9F5B71C4096
:100910006388870083C6550303C7170263FAE6009E
:10092000D4431387450198C294CDD8C3DCC9E9B735
:100930009C43F9BFEFF2FFA64111B2842E86894590
:100940002A8436C6EF00507DB246930744011CCC82
:100950005CC846AC14B401454101B5B4EFF2DFA266
:1009600083A7818941112EC62A8491C38297EF10F3
:10097000D0015E2CAA8989CFFD175EACEF10B001C3
:1009800083A74189014591CB22858297014531A0FA
:10099000B24791E7EF1030007955410105B4EF10EF
:1009A000C036232805021034AA85AA841305440101
:1009B0002D37B247635CF0001389C4047000814591
:1009C0004A85EF10806B4A85EF10E05F4E85EF108F
:1009D000807CEF10C00B885845D5C1B7EFF27F9CE3
:1009E00083A701892A8491C38297EF10007AAA8491
:1009F000484893074401630FF5003115EF10204874
:100A000005442685EF10207919C0EF1040080145F4
:100A10006FF07F9B5E2C85075EAC0144DDB7EFF283
:100A20005F98B2842E868D452A84EF00F06E93077E
:100A300044011CCC5CC8B707FF0085075CCC2320B1
:100A4000040204B401456FF01F98EFF2FF934111C7
:100A50002EC62A84EF10602BAA84EF10007383A7A0
:100A600081892A8999C3228582971C5023A8040270
:100A700063819702938A5403130B44019389C4043E
:100A80005D5A5E2C8DC7FD175EAC04D083C754033E
:100A90007CAC7C3C85077CBC4A85EF10C06F83A78B
:100AA0004189014589CF22858297014509A8B2472E
:100AB00091EBF9574A859CD8EF10E06D79554101CB
:100AC0006FF0DF8F085003C75403834755036376E5
:100AD000F70056868945EF1000421034A6855A85E6
:100AE000ED3BB247635AF000700081454E85EF1030
:100AF000C0584E85EF10204D4A85EF10C069EF00B9
:100B00001079885801C5E30E45F755BFEF10E0672F
:100B10002A8959B7EFF25F8741112A84EF10E01E4E
:100B2000AA84EF10806683A70189AA8999C32285C8
:100B300082971C50638B9700FD574E859CD8EF1011
:100B400080657D5541016FF07F877C3C0149FD1731
:100B500093F7F70F7CBC8DEF782C83C754036308A1
:100B6000F7001306E40189452685EF10C0385C487C
:100B7000130744016389E7021385C7FE08D083C7C2
:100B8000170205497CAC7C3C85077CBCEF10202F0C
:100B90004E85EF1040600145E30609FA2AC6EF00D2
:100BA000106F324545B75E2C2320040201498507AA
:100BB0005EACFD577CACE9BFEFF2AFFE4111B284F1
:100BC0002E8695452A8436C63AC4EF00F054224753
:100BD000B246930744011CCC5CC89307840218B446
:100BE00044CC16B023110402232204025CD41CD48A
:100BF000014541016FF02FFDEFF22FF841112A84DA
:100C00002E8A32C6EF10601083A70189AA8999C382
:100C100022858297EF1060573A301E30AA8401492E
:100C20006310F70CB247CDEFEF10E0567555410158
:100C30006FF02FF8B24723A8090299E32685EDB794
:100C40001034CE855A855139B247635DF000EFF01C
:100C50007F942A89700081455685EF1000425685A1
:100C6000EF1060362685EF100053EF00506203A5A9
:100C7000090355FDEF106051B247AA84CA8B635D2A
:100C8000F000EFF03F91B247B30B2541CA9733858F
:100C9000A740634505042AC65E893A301230E30B4B
:100CA000C7F85E30544C939527008507AE96C2076F
:100CB00023A04601C18363FAC7025EB04848050716
:100CC0003AB05104630685023115EF10401B2685AA
:100CD000EF10604CEF00B05B014591BF02C66DBFE5
:100CE000130B8402938AC9044DBF23120402F9B77F
:100CF0002685EF10404ACDB7EFF22FE841112A8444
:100D00002E8A32C6EF10600083A78189AA8999C311
:100D100022858297EF1060473E30AA84639F070CBC
:100D2000B2470149639C070CEF10E0467955410139
:100D30006FF02FE8B24723A8090281EB2685EF1058
:100D40008045F95723A8F902D5B71034CE855A85C6
:100D50006936B247635DF000EFF0DF832A897000E7
:100D600081455685EF1060315685EF10C0252685E8
:100D7000EF106042EF00B05103A509034DF9EF10E9
:100D8000C040B247AA84CA8B635DF000EFF09F8039
:100D9000B247B30B2541CA973385A740634D05047D
:100DA0002AC65E893A3059D77E30544C13962700B4
:100DB000B29694428507C2072320DA001630C18319
:100DC0007EB063E4D7002313040208547D173AB0C1
:100DD000930784026309F5023115EF10400A268556
:100DE000EF10603B83A7418999C322858297EF006A
:100DF000104A01452DBF02C66DB70149130B4401CE
:100E0000938AC90445B72685EF10E03883A7418946
:100E10000145E38E07F022858297E1BFEFF26FD89C
:100E20004111EF1080361387C1851C23850793F786
:100E3000F70F1CA383A7418581C72AC68297324535
:100E4000EF10603541016FF00FD8EFF28FD54111EF
:100E5000EF10A0331387C1851C23FD1793F7F70FFD
:100E60001CA383A7818581C72AC682973245EF10CC
:100E7000803241016FF02FD503C5C1858280937800
:100E800008044111639F0800B7B802009388C83472
:100E900093730801638C03001378E8FF930E00023C
:100EA00021A8B7B802009388882ADDB71373180009
:100EB000930E0003E30403FE13732800630E03067E
:100EC000635806023306C0409302D0020A8E814F57
:100ED000294F6395E6073373D6023356D6024693FD
:100EE00003430300850F050EA30F6EFE7DF20DA0D8
:100EF000137348009302B0026317030093728800D3
:100F0000B3325000960279F2930600035480854F65
:100F1000FE8663D3FF00BE8613781801158F631316
:100F20000804638502006353E0007D172A86B30836
:100F3000E5001303000221A88142F1B71373F60004
:100F4000118271BF6374B600230066000506338802
:100F5000C840E34900FF3A866353070001467D1706
:100F60003295118F638802006374B5002300550029
:100F70007D17050563870302AA96130800031DA8C1
:100F80006374B6002300D60105063388C840E349E0
:100F900000FF3A866353070001467D173295118F93
:100FA000E1BF2A86B308E500CDB76374B50023001E
:100FB000050105053386A640E3C9CFFEFD56FD1F9A
:100FC0006383DF0099E7AA873306E5001308000270
:100FD00031A86376B5003306F101102210A1050592
:100FE000F9BF63F4B700238007018507B306F64015
:100FF000E349D0FE6353070001473A9541018280DF
:10100000EFF22FBA2A848D3D09C523A081866FF0A7
:101010008FBBEF00904F75D900D9D5BF0D47AA8778
:101020006376C7009377350091C7AA873E9663978A
:10103000C706828093F7F50F13978700D98F139710
:1010400007015D8FB308C500AA87BD463388F84005
:1010500063EB060393574600C156B386D702920747
:10106000AA970D4836963383C700BE86B308D3408F
:101070006362180313572600F156B306D7020A0716
:10108000BA97369665B798C3D8C398C7C10723AE39
:10109000E7FE6DBF910623AEE6FEC9BF8507A38FAD
:1010A000B7FE71B763F2A504B386C500637ED502AF
:1010B0009345F6FF8147FD176393F50082803387E0
:1010C000F600030807003387C7002A9723000701AB
:1010D000DDB73387F500830607003307F500850782
:1010E00014A3E318F6FE82808147E5BF0DC6AA87E8
:1010F00085050387F5FF85079306F6FFA38FE7FEB7
:1011000009EB3E9685076393C7008280A38F07FE95
:10111000D5BF3686F1FE828001476314E600814721
:1011200039A8B307E50083860700B387E5009C2351
:10113000B387F640E207E18799E30507F9FE3E85AC
:101140008280AA870387070001E73385A740828052
:101150008507CDBFEFF26FA22E89B30B2501411198
:101160002A8CB68563F5AB001349F5FFFD5BC169B9
:1011700037BA02006284930AB002130B0002FD1911
:10118000130A4A3431A8130750026389E7026373D4
:1011900074011CA013051400B284138614002A8461
:1011A00083070600EDF363060900637C742F2300B8
:1011B00004003305844141016FF0AF9F01481307DC
:1011C000D002930630021305000331A0639E57013D
:1011D0001368480026868307160093041600E397D9
:1011E000E7FE13680801FDB763956701136888007F
:1011F000D5B76395D70013680802E9BF6395A700C8
:1012000013681800C1BF138707FDA54663E6E6040F
:101210000147A546294539A03307A70285043E9713
:10122000130707FD83870400138607FDE3F6C6FE58
:10123000038604009306E002FD57631FD6048387EC
:101240001400254693861400138507FD6365A60ADE
:101250008147254529433DA09306A0027D57E39988
:10126000D7FC9841930426009105E35307FC33070C
:10127000E040136808016DBFB38767028506B29727
:10128000938707FD03860600930806FDE37615FFA6
:1012900063D307008147B684838604001306800663
:1012A000014593F8B6FF6395C80013F5F60F850462
:1012B00003860400930690066303D60663C5C6063C
:1012C000930680056304D61C63C3C60493075002CB
:1012D0006308F61A63757401930750021CA0838794
:1012E0000400130514006387071A637375011CB0AB
:1012F000130524005DB51306A0026397C7009C4147
:1013000093862400910569B7B684814771B7930627
:1013100030066303D60893064006E31DD6FA136829
:101320002800A94699A0930630076304D60C63C52C
:10133000C6029306F0066301D61693060007E31B68
:10134000D6F8FD566315D700136818002147938C13
:101350004500C14690411DA893065007E303D6FC03
:1013600093088007C146E31716F71306C006938C4F
:101370004500E301C5FE13068006E31DC5FC904150
:1013800093752800639C051033763601DE8522852F
:10139000EFF0FFAEE68511B513780801631508027A
:1013A000BA879306000229A06373740114A0050490
:1013B000FD17E34BF0FE9307F7FF6343E00005479B
:1013C0003387E740050793874500637474019441B0
:1013D00014A013051400229713060002B306A740B9
:1013E0006344D000BE8555BB6373750110A105052C
:1013F000F5B783AC0500138D450063930C00D28CC8
:1014000066853EC63AC442C22D3BB247AA86124800
:1014100022476355F00063D3A700BE861378080106
:10142000631E0800BA871306000231A063737401BB
:1014300010A00504BA877D17E3CAF6FE814763C191
:10144000D702B68763D3060081473305F4002A9795
:1014500013060002B307A74063CFF600EA8535BB49
:101460003306F40063777601B385FC0083850500BD
:101470000CA28507E9B76373750110A10505D9BFF3
:101480006373740110A01305140001BB13680804F2
:10149000C146E1BDFD1411B3A146C1BD420641865E
:1014A000F5B5A38F0BFE31B3397136D6741006CE65
:1014B0003AD83EDA42DC46DE36C66939F24021616E
:1014C000828003A541868280EFE2BFED03A94186B9
:1014D000EFF02F9D11CD13844186AA84084019C1D5
:1014E000EFF0AFAB930530042685EFF06FA304C097
:1014F0004A856FE05FED8280397126CA2ED232D4E0
:1015000036D62A8654109305F007138501CF3EDAAC
:1015100036C606CE22CC3AD842DC46DE2539AA862B
:1015200003A5418609E9138501CFF137F2406244F2
:10153000D244216182802686262D1384418693E73A
:1015400004043EAD9307F00763F4D7009306F00759
:10155000138601CF8145EFF0AFA91C40A6AFF9B7C4
:10156000EFE23FE437B502001305C52B713737B5FD
:1015700002001305852C493737B7020037B5020042
:101580001307C72E8D4605468D451305852FAD37AC
:1015900037B502001305853185376FE0DFE239C5C5
:1015A000B7B602001377F50F9386861A09C7BA9665
:1015B000882205058280C167938707F0E98F81CB78
:1015C00021851377F50F3697082325058280B70705
:1015D000FF00E98F81CB41859377F50FB69788237C
:1015E000450582806181369508216505828003A7C3
:1015F000C1865C41BA976305F502B62395E283A6DE
:101600008186638FF6009386018790426313F6000C
:1016100088C2D44354C1DC43B306E540BA9794C7AB
:101620001045B307C700630FF500B62381EE93861C
:1016300001878C426393A5009CC25441D4C35C4192
:101640003E9710C78280EFE2DFD583A5818737B54B
:101650000200130505364D3583A5418837B50200D4
:1016600013054537513D83A5418737B50200130562
:10167000853859356FE03FD5EFE2BFD213F7C5FF8C
:10168000E1462E8663F1E60693073500F19B93064B
:1016900087FE63EAF6041D8F130687FE23ACC1861E
:1016A000896651171384C186938606EAD8C394C30A
:1016B00023A407001CC0BA9723A4F186C9669386A9
:1016C00006EAB7B5020094C3D8C398C78146054659
:1016D00093850542138501D7EFF0CFA5184023A8C5
:1016E000E1866FE05FCEAA8537B50200130585421B
:1016F0002135C5BFEFE2FFCA39C503A781871304AF
:10170000350071981389818781446366870EB147DC
:101710006373F4003144FD55138501D7EFF00FA436
:1017200083A7018783A5C186832809002685338680
:10173000B740B3868840138801876368D600138555
:1017400001D7EFF0AFA981447DA0B384C500BA20D2
:1017500003AE440061E73307CE40930F47FF63EFCA
:101760008F0A138F4188938E418713038401832648
:101770000F0083A30E00138941889382418763EF92
:101780006F061307C4003297896E3383E500938E8A
:101790000EEA2322C3012324C3002320D3010546DC
:1017A000D8C0B2A003264300B108630416012E96E8
:1017B00018C61387C60022972320E90063F4E300CC
:1017C00023A0E2000967130707EA9AA0639A97002B
:1017D00083A681860147B22305EE19C32320F800B2
:1017E000138501D7EFF08F9F83A70188B10481C7CC
:1017F000A2852685829726856FE0FFBC0546369731
:10180000B2A02320EF00E3FFE3FA23A0EE005DBFC8
:10181000E385D7FCDC430547AE9775BF728631BFC1
:10182000EFE23FB83306B5024111328532C6D935F1
:101830002A8409C532468145EFF04FFE22854101D9
:101840006FE07FB845C5EFE23FB483A7C1872A8424
:1018500091C3829783A7C1861389C1866366F40802
:1018600083A781866372F408FD55138501D7EFF0D5
:10187000EF8E835764FF930944FF81CB035744FFE6
:101880008967938707EA6301F70237B502001305FA
:10189000453D9D31835644FF035664FF37B5020032
:1018A000CE851305053F89398967938707EA231A8F
:1018B000F4FE938701879843231B04FE63F4E90039
:1018C00023A03701138741881C43832684FF4E855C
:1018D000958F83260900B386D940B6971CC3013B78
:1018E000138501D7EFF08F8F6FE05FAD8280B70770
:1018F00000209386070001479387070021468C420A
:101900006396A500131547003E9582800507C10622
:10191000E317C7FE01458280EFE21FA72A842E85C8
:10192000AE89328AE9372A89B92C83244900930782
:1019300049006390F404AD2493E909F823043401C9
:101940002146D2852285EFF06FFA83A7818899C35B
:1019500022858297EF007003032749009307C40094
:101960005CC358C42322F90004C8EF00D0026FE022
:10197000FFA484407DBFEFE2DFA283A7C1882A8451
:1019800091C3829723040400EF00300054441848A8
:101990009307C400D8C214C31CC85CC4EF00A07F66
:1019A0006FE07FA2EFE25F9E2E89AA898937AA8421
:1019B000484589332A841DCDD0448145EFF00FE698
:1019C000214623043401A3040400CA852285EFF0D4
:1019D000EFF183A7818899C322858297EF00E07A8F
:1019E000D8409307C40091045CC358C49CC004C889
:1019F000EF00607A22856FE07F9CEFE29F9A83A7D9
:101A0000C1882A8491C3829723040400EF00E07701
:101A1000544418489307C400D8C214C31CC85CC4FB
:101A2000EF0060772285393D6FE0FF99030585005F
:101A30007D8182802394018A938701D913870708C7
:101A4000DCC39CC3A107E39DE7FE3D47238EE188ED
:101A500023A0018A23AA018A9387C18ADCC39CC37D
:101A60008280EFE21F9403A5418BEFF05FB37D15F9
:101A700093173500138501D93E9508411307C5FE1C
:101A8000210523A0E18AEFE0AFF36FE0DF93EFE2FF
:101A90005F91EF00806F8397818A2A89B1E703A560
:101AA000418BEFF0DFAF7D1513173500938701D918
:101AB000BA9784439387018A80439385C4FE630564
:101AC000B4028CC383A7418A238EA18899C322853F
:101AD000829783C7C1851305C4019385840093F75A
:101AE000F70F81EBEFE08FEF4A85EF00C06A6FE000
:101AF0009F8DEF00A06ACDBFEFE2BF8A2A84EF007E
:101B0000C0688347440393064401C19B93E71700D1
:101B1000230AF4028347540313973700938701D9AC
:101B2000BA97D84314C318CCD4C35CC89387418BED
:101B30009443185C558F98C3EF00E0656FE0BF8851
:101B4000EFE23F862A84EF004064184C5448930724
:101B50004401D8C214C35CC81CCC834754031397F8
:101B60003700938701D9BA979843631AF700138710
:101B7000418B1C5C144393C7F7FFF58F1CC3EF0028
:101B800080616FE05F84EFE2DF81EF0000609387A8
:101B9000818A9A2305079AA3EF00E05F6FE0BF8276
:101BA000EFE23F80EF00605E1387818A1E23FD17FE
:101BB000C207C1871EA3634CF00023100700EF008B
:101BC000805D83A7018A91C3D9356FE0CFFFEF0015
:101BD000805CE5BFEFE2EFFC03A4018A7D23AA84C9
:101BE0002285B93F9147230AF4021305C4046D2EE0
:101BF00022852D3D8547631CF5003C5C89EB2285E1
:101C0000EFF07FD72685412B59356FE0CFFB83A6B8
:101C1000C18A1307440123A6E18AD8C29387C18AE7
:101C200054C81CCCC5B7EFE2CFF72A845105411147
:101C300008CC48C80CD050D014D43A8658D4930558
:101C4000300236853EC642C4EFF04FBD58541054A2
:101C50004C5008507117B72600003A96938646BD3F
:101C6000D929B24722483726000048CC230BF4027A
:101C7000A30AF402232C040281472322040523240F
:101C8000040523280402230A0402232C0406232E1D
:101C900004060147A286130646CBA2851305C40499
:101CA000F92483A7818B99C322858297014541013D
:101CB0006FE06FF1EFE2EFEE5049144D795718D90C
:101CC00054C21307450190C218CD58C9EFF0DFE2A6
:101CD000EFF0FFDB6FE02FEFEFE2AFEC4111B284EA
:101CE0002E8685452A84368946C03AC63EC442C2FD
:101CF000EFF09FC2024892472247B2464A86A68525
:101D00002285153741016FE00FEC03A5018A82801F
:101D1000EFE28FE741112E89AA85054532C6B684C8
:101D2000BA893E8AEFF01FC82A8411C92685EFF0D0
:101D30007F9C324609E92285EFF03FCC01442285A1
:101D400041016FE0AFE7AA865288CE872687CA8511
:101D50002285D13DEDB7EFE2CFE4834745032A84E6
:101D6000BD8B99C3EFF0DFDD1305C404352C91471B
:101D7000230AF402192983A6C18A1307440123A662
:101D8000E18AD8C29387C18A54C81CCC2921014555
:101D90006FE06FE3EFE2EFE0CD2E83A7018A054607
:101DA000AA8603C747033D8B631CC702D04B984FDD
:101DB0006308E60258C210C303C65703938647015F
:101DC0000E06138701D994CF3297504314C290CF97
:101DD00054C3D8CBC926EFF09FCB01456FE0AFDEEF
:101DE0003685552EDDBF834745030547BD8B639F71
:101DF000E702EFE20FDB2A84492E83474403AA84DB
:101E00002285C19B93E72700230AF402EFF05FD3FA
:101E10001305C404152C2685BD2E83A7018C01450E
:101E200081C72285829701456FE0EFD97D55828079
:101E3000EFE22FD741112AC6892E03A4018A2A89ED
:101E4000228555379304C4047000814526853524C6
:101E50002685952A4A858126EFF07FC31858F957C1
:101E60006314F70023280402014541016FE0AFD558
:101E7000EFE22FD3EFE0EFF4653F6FE0CFD483477D
:101E800045030947BD8B6390E704EFE28FD12A84B5
:101E9000ED2C5448184C93074401AA84D8C214C3AB
:101EA0001CCC5CC81305C40445222685ED2422857C
:101EB000EFF09FC483A7C18B014581C7228582971C
:101EC00001456FE04FD07D558280EFE28FCD834694
:101ED000650305473317D70018DD0947A30AD50264
:101EE000230AE502693F83A7018A99C3EFF03FBA4D
:101EF00001456FE04FCDEFE22FC90549638D250500
:101F000089476386F500B1C501456FE02FCB2A8470
:101F1000B289A52C834444032A8ABD886392240392
:101F20002285EFF0FFC183C709002285B394F40036
:101F3000A30AF40204DCEFF03FBC5285A92CE9B7F8
:101F400083C709003319F900A30AF402232C2403E0
:101F5000EDB7A53F5DBFEFF01FE045BF5449184DF9
:101F600093074501D8C214C31CCD5CC98280EFE23F
:101F70004FC34111B2842E86A9452A8436C63AC47D
:101F80003EC2EFF07F999247B2462247F99B1CB4BC
:101F90009307440144CC14D02324040258D01CCC11
:101FA0005CC841016FE02FC2EFE2AFBF2A84F12A83
:101FB000AA84228565372685F92A2285EFF0BF9B02
:101FC00001456FE04FC0EFE2CFBD2A847D2AAA848D
:101FD0002285EFF0BFF81C342685F99B1CB4652AD6
:101FE00083A7418999C322858297EFE0AFDA5C50DD
:101FF0003E9508D4592A1387018D032847003706D8
:1020000000809387018D1346E6FF98436315F8021D
:102010009386418C9042050690C29306440154C3B6
:1020200058C894C31CCC1C3493E717001CB4A522D9
:1020300001456FE04FB9544B0C546385B6008D8E4B
:10204000E378D6FCBA87D1B71C35858B8DC7EFE214
:102050004FB583A701892A8491C382973D22AA8420
:102060002285EFF0BFEF26853D221C340145F99B08
:102070001CB46FE04FB57D55828085476381F502C2
:1020800063C5B70085C1014582808947638FF5002C
:102090008D47E39AF5FE1C3593E7270009A85C51AC
:1020A0001CC2D5B71C425CD1F9BF1C35F59B1CB5D1
:1020B000D9BFEFE28FACEFE0EFCD2A8CF920B70962
:1020C00000802A8A9384018D93C9E9FF8D4B80405B
:1020D000631694005285C1206FE0AFAD48481309E4
:1020E000C4FE3305AC40E3E7A9FE83A7818C99C306
:1020F0004A8582974A85EFF07FE61C4448448297E0
:10210000EFE04FC983A7C18C2A8C99C34A85829777
:10211000834754FF13F7E70FA30AE4FE8D8BE39880
:1021200077FB4A85EFF03FEA5DB79387018DDCC30B
:102130009CC3828082801106719A2A8837C7ADDEDF
:10214000130506F8AA871307F7EE631EF600A167CA
:10215000938707882322D6F82324B6FA232006F98A
:102160002324F6F8828098C39107C5B737F700E0BB
:102170001C43B7060080D58F1CC3828037F700E070
:102180001C43860785831CC3828021651305058057
:10219000731505308280731005308280EFE26FA0E6
:1021A0001387018E18439387018E19E323ACA18C0A
:1021B00023AEB18C054798C3EFF05FFB6FE0AFA093
:1021C0002A87814718436314A7003E8582808507CC
:1021D000D5BFB707EFBE37E700E0938707083CC7D6
:1021E00001458280EFE2EF9B37B5020013054546BB
:1021F000EFF08FB001456FE00F9DEFE28F9A2A84D8
:10220000FD5437C902007D14631494006FE0AF9B46
:102210001305C9BCEFF04FAEFDB7EFE2EF960041FA
:10222000AA8437C90200B7C90200631494006FE0A2
:10223000EF989305C4FE130509BDEFF0EFAB1C400A
:1022400063869700138549BDEFF00FAB0040F1BFE7
:10225000EFE22F952E89EFE0DFEE2A84EFF0BF92B8
:1022600083240900639C2401EFF09F93A14763C37B
:10227000870011E0214422856FE0EF94138544FF2D
:10228000EFE03FEC6353A4002A848440E1BFEFE217
:10229000CF8E0545EFF0AFE5B7B902001309450051
:1022A0002A84CA8513858971EFF09FFAAA85AA84CA
:1022B00037B502001386897113050572EFF0CFA3BD
:1022C0002685EFF09FF337B5020013054576EFF052
:1022D000AFA24040B7B90200054A894A37BB0200A5
:1022E000B7BB020037BC0200B7BC020037BD02001A
:1022F0006315890001456FE0CF8B03479402138576
:10230000497A930644FF2146A685EFF0EF9E834766
:10231000840213850C7BBD8B638E47011305CC7B38
:10232000638A570113858B7C91C711476396E70039
:1023300013054B7DEFF04F9C4C4C93073002AE865B
:1023400098226306F7021050930740060848B2959A
:10235000B386D540B386F602585C5C50898D130570
:102360000D7EB3D6C602EFF02F99004051B7850617
:10237000C1BFEFE26F8141110945EFF04FD79309DB
:10238000450037B902002A84CE851305896BEFF02A
:102390003FECAA85AA8437B502001306896B1305A2
:1023A000456CEFF06F952685EFF03FE537B50200FD
:1023B0001305056EEFF04F94404037BA0200B7BAEC
:1023C0000200370B030063968900014541016FD07D
:1023D000FFFE1A281C44930644FF1309840036C6E6
:1023E0003AC44A856306F902EFF09FDD2247B24600
:1023F000AA872146A68513858A6FEFF0EF8F4A855D
:10240000EFF0BFE11305CB70EFF00F8F004065BF19
:10241000EFF01FDB2247B246AA872146A6851305A7
:102420008A70EFF06F8DDDB7EFD21FF641111145C5
:10243000EFF0EFCB9309450037B902002A84CE852F
:102440001305C94FEFF0DFE0AA85AA8437B5020073
:102450001306C94F13054550EFF00F8A2685EFF09C
:10246000DFD937B5020013058552EFF0EF88404001
:1024700037BA0200B7BA0200370B0300639689002F
:10248000014541016FD09FF31C441309840093065A
:1024900044FF18486309F9024A8536C63AC4EFF08A
:1024A0003FD22247B246AA872146A68513858A5481
:1024B000EFF08F844A85EFF05FD61305CB70EFF015
:1024C000AF83004065BF2146A68513050A56EFF08D
:1024D000AF82C5BFEFD25FEB41110D45EFF02FC1C9
:1024E000B7B90200130945002A84CA8513854965D6
:1024F000EFF01FD6AA85AA8437B502001386496576
:102500001305C565EFE05FFF2685EFF01FCF37B5F8
:10251000020013050568EFE03FFE4040B7B9020036
:1025200063168900014541016FD05FE9930644FFBE
:102530001305840036C6EFF0BFC8034834015C4879
:10254000B246AA8821472146A6851385096AEFE08D
:10255000BFFA0040F1B7EFD23FE341111545EFF06C
:102560000FB99309450037B902002A84CE851305B7
:102570004957EFF0FFCDAA85AA8437B502001306AC
:1025800049571305C557EFE03FF72685EFF0FFC623
:1025900037B502001305055AEFE01FF6404037BA81
:1025A0000200B7BA0200370B0300639689000145A9
:1025B00041016FD0BFE07A285E281044930644FFA3
:1025C0001309840036C63AC43EC24A856307C9026D
:1025D000EFF01FBF92472247B2462A882146A685C0
:1025E0001385CA5BEFE05FF14A85EFF01FC3130567
:1025F000CB70EFE07FF000404DBFEFF07FBC924723
:102600002247B2462A882146A68513054A5DEFE097
:10261000BFEED5B7EFD25FD741111945EFF02FAD1F
:102620009309450037B902002A84CE851305C95E97
:10263000EFF01FC2AA85AA8437B502001306C95E4F
:102640001305855FEFE05FEB2685EFF01FBB37B525
:10265000020013054561EFE03FEA404037BA02004F
:10266000B7BA0200370B03006396890001454101A8
:102670006FD0DFD41A2C1C44930644FF1309840046
:1026800036C63AC44A856306F902EFF07FB32247A3
:10269000B246AA872146A6851385CA62EFE0DFE528
:1026A0004A85EFF09FB71305CB70EFE0FFE40040E1
:1026B00065BFEFF0FFB02247B246AA872146A68544
:1026C00013050A64EFE05FE3DDB7EFD2FFCB5D7186
:1026D0002545EFF0CFA1B7B50200130600052A8407
:1026E000130945009385050F0A85EF703270B7B95D
:1026F0000200CA8513854949EFF09FB5AA85AA84CF
:1027000037B50200138649491305C549EFE0DFDEFE
:102710002685EFF09FAE37B502001305454CEFE07C
:10272000BFDD4040D14937BA020063168900014538
:1027300061616FD0BFC81C44930644FF63E0F90297
:1027400098088A07BA9703A707FB1C282146A68585
:1027500013058A4EEFE05FDA0040C1BF4647F5B788
:10276000EFD29FC22945EFF08F98B7C90200130935
:1027700045002A84CA8513858980EFF07FADAA853C
:10278000AA8437C502001386898013050581EFE00E
:10279000BFD62685EFF07FA637C5020013058583D7
:1027A000EFE09FD54040B7C9020037CA0200B7CA60
:1027B0000200631E8900EFD0FFDDAA8537C5020045
:1027C00013050589EFE05FD301456FD03FBF5C4C37
:1027D000184C1385C985930644FF2146A685EFE072
:1027E000BFD18347D4FF13854A87858B99E31305AF
:1027F0000A88EFE07FD000406DBFEFD2FFB837B559
:1028000002001305C546EFE03FCF03A4818EB7B9A0
:10281000020037BA020083A7C18E6365F400014548
:102820006FD0DFB904400946938509482685EF80BB
:10283000822E19C55040A68513054A48EFE0DFCB2C
:102840003104D1BFEFD25FB437C50200130505D301
:10285000EFE09FCA03A4818EB7C9020037CA020005
:1028600083A7C18E636BF400370503001305C570A1
:10287000EFE09FC801456FD07FB4044019469385AF
:10288000C9D42685EF80222901E950409385640050
:1028900013054AD5EFE05FC63104D9B705458280FC
:1028A000EFD29FAE79712A84AA959306000225473C
:1028B00083070400B38485406385D70A6383E70AEE
:1028C0000145638B0410014913070002A546B307B5
:1028D000240183870700638AE7086388D7086314A5
:1028E000990883A9818E83AAC18E37CB020063F039
:1028F000590903AA090019469305CBD45285EF80E4
:10290000822159E54A86A28513056A00EF80A2203C
:1029100041E14A9A83076A00A5EF83A98900638889
:1029200009041306800281452800EFD09FAA1309ED
:102930008100CA86A2870145014713080002A54805
:10294000294313062002130EC00583850700638404
:10295000050163961505631F9702A9476303F504F4
:1029600069A80504B1B705099DB7E31C09F6A2875C
:10297000038707001377F7FD79E737C502001305D2
:1029800085D123800700A285EFE01FB77D55A9A060
:10299000B109B1BF23800700050785077DB7631024
:1029A000650437C50200130545CFEFE0FFB40018FA
:1029B000B7C4020083250900138544D11109EFE053
:1029C000BFB3E31989FE370503001305C570EFE0B7
:1029D000BFB229452C00829945616FD03F9E637E2E
:1029E000970005056392C504850705079CC283858A
:1029F00007006381C5026364970069FD8DBF838E04
:102A000017006396C5016394CE0085070507850707
:102A10000507F1BFE37397FE2380070005078507CD
:102A20009106E36497F2D1BF9CC283850700638956
:102A3000050163871501E30297FC85070507F5B7D4
:102A4000E36097FE5DBF850725B7EFD21F9383072D
:102A5000050099E781450145EFF0DFDE6FD07F95F6
:102A600003AA818EAA898144014937CB0200B7CBE2
:102A7000020083A7C18E6369FA00EDD04A86A6855D
:102A80004E85EFE0AFE6D9BF03240A00194693054F
:102A9000CBD42285EF80220821E14E85EF8082068B
:102AA00019042A86A2854E85EF80E20615E5631794
:102AB00009002285EF8002052A89A284A687228741
:102AC0000386070001EE858F63D327013E89A28527
:102AD0001385CBD5EFE05FA2310A61BF8306070003
:102AE000FDD2E312D6FE85070507D9BFEFD27F8B53
:102AF000EFF0EFF901456FD01F8DEFD29F8AEFE025
:102B00009FB401456FD03F8CEFD2BF8903A5418EA2
:102B1000EFD0DFEC01456FD01F8BEFD29F88B71746
:102B200003009387472823A4F18EB71703009387E8
:102B3000473D23A6F18EB71703009387473D23A88F
:102B4000F18EB71703009387473D93050021054594
:102B500023AAF18E1384418EEFE09FCC08C019E9BF
:102B600037C50200130505E1EFE01F997D5422856A
:102B70006FD07F85B735000037C50200A9472D47C4
:102B80009306004001469385A5C9130585E2EFF041
:102B90002F98AA840840B7C5020081460146938554
:102BA00005E3EFD03FD90144F9D02685EFF0EFB12E
:102BB0007DBFEFD20FFFEFF07FCE0DC5B7C502008E
:102BC0009385C5DD138501E1EF70D272B7C50200B0
:102BD0009385C5DE138501E1EF70F26F138501E186
:102BE0006FD06FFEB7C50200938545DEE1BFEFD21F
:102BF0004FFB2A8437C502001305C5E4EFE0DF8FE1
:102C0000EFF03FFBAA8537C502001306A41B13058E
:102C100045E5EFE07F8E01456FD0EFFAEFD26FF818
:102C200041112AC6EFD0FFA7B24511E937C502000E
:102C3000130505DFEFE05F8C41016FD0CFF883A76C
:102C4000418EAA841384418E83A7C720E386A7FE02
:102C500093053014EFD0DFAC65F11C4003A5C7200D
:102C600009C9EFD09FB31C40814503A5C720EFD011
:102C70001FBA00401306000581451305A41BEFD0C1
:102C80004FF5B735000023150420232694209385A3
:102C900085B02685EFD0BFB745B7EFD28FED83A7BC
:102CA000418E41119384418E03C747021367170079
:102CB0002382E70283A7C72091E7EFE09F8019C135
:102CC000EFF0DFF5EFF0FFEEEFE01F8337CB020010
:102CD000B7CB0200B7C90200370A0300B7CA020027
:102CE00037CC0200B7CC02009C4085461306F100A9
:102CF00003A5C720FD55EFD0DFAD8547631AF5006A
:102D00000309F100ED4780406319F90008D0E9BFDD
:102D10008840FD55EFD09FC4C1BF1C506392A702ED
:102D20009307B0056315F90089471CD075BF2320B0
:102D30000402E30B09FAA5476314F9120149D1A86B
:102D40000947E398E7FE2320040293071004631267
:102D5000F9046E30D1D9FD15C205C1816EB093075B
:102D6000A41B13070005B385E502130600053E8585
:102D70009385A502A295EF707207EF70B258137594
:102D8000F50F2305A420A305A4202285EFF03FE63C
:102D9000A1BF930720046311F90216347E30138714
:102DA000F6FF63D8E70085077EB09307A41B6E305B
:102DB0004DBF9DDA7AB0D5BF930740046310F90286
:102DC0008347B42095D3138589E3EFE0EFF2984071
:102DD0008347B720FD17A305F72039B793073004C1
:102DE000E319F9F48347B4200347A420E3FEE7EE98
:102DF0003E948305A41B1385CAE3EFE0EFEF9840F0
:102E00008347B7208507C1BF138589E3EFE0CFEE85
:102E1000050980408347B420E348F9FE1305CA70D2
:102E2000EFE08FEDEFF09FA785471304A41B631518
:102E3000F5002285EFF07FC1EFF0BFD72286AA858B
:102E400013854CE5EFE04FEB80401305A41BEF70BA
:102E5000724B1375F50F2305A420A305A42069B5B3
:102E60009307F0076305F900A1476315F908834745
:102E7000B420E38B07E60346A420FD1793F7F70F72
:102E80007D161376F60F2305C420A305F42063F8FE
:102E9000C7049385B71B1385A71B1D8EA29522958A
:102EA000EFE04FA09C4013850BE403C7A7203E979B
:102EB000230D071A83C5B7209385A51BBE95EFE0A8
:102EC000AFE39C4003C4B7209C4083C7A720E3CD59
:102ED00087E0138589E3EFE02FE20504F5B71305DA
:102EE0008BE4EFE06FE19C4003C7A720BA97238DE6
:102EF000071ADDBB35478347A4206305E90029474E
:102F0000631EE90EB9CB035984029147130DA41B2C
:102F100063FB2709930DA41613060005EA856E8549
:102F2000EF70826A1DC91309A4024A8513090905B5
:102F300013060005CA85EF70626BE3982DFF130638
:102F4000000581456E85EFD0CFC80346A420EA85F1
:102F50006E85EF70A26995471EB41E347EB0EFF007
:102F6000FF9385476312F5029C4083C74702858B18
:102F700089C71305CA70EFE02FD888408345A52084
:102F80001305A51BEFF0DF91EFF0BFC2EFE0CFD646
:102F900080401306000581451305A41BEFD06FC3C5
:102FA0002315042091B3630109021305F9FF930768
:102FB00000053305F50213060005EA851305A50291
:102FC0002295EF70626051D9930D00053305B90366
:102FD0001306000581451305A5022295EFD06FBFAA
:102FE0000A340346A420EA853305B5031305A50278
:102FF0002295EF70A25F1E348507B9BF1307F00456
:103000006374F700230504200346B4208347A420FB
:103010006370F6089305A61B1305B61BA2953386AD
:10302000C7402295EFE00F888C4083C7B5203387D7
:10303000F500230D271B03C74502058B01CB9387A2
:10304000A71BBE9513050CBDEFE00FCB9C4003C43E
:10305000B7209C4083C7A7206346F402984083476B
:10306000A7208346B7208507850693F7F70FA305AA
:10307000D7202305F7209306F004E3F7F6C62315BF
:1030800007209DB1138589E3EFE00FC70504D1B791
:10309000A297238D271B83474402858BE1D3CA85E2
:1030A0001385CAE3EFE04FC555BF7C4123280504D3
:1030B000232A05049C4381CBEFD2AFAE9305850450
:1030C00082976FD04FB001458280EFD2EFAB368947
:1030D0009DCAAA843284B309D600294A1C20639B66
:1030E0004701BE2C93F7070491C7FC40B5452685E0
:1030F0009C478297FC408305040026859C47050475
:103100008297E31D34FD4A856FD04FABEFD26FA994
:1031100093F705102A8491C71A2D6155137707106C
:1031200035CF13F7054011C71A2C615513770740A7
:1031300035C713F705049304000401E7262C93F424
:103140000404384893F5F50F2EAC39EBA1C7684459
:103150002981420541813105EFE0CFD970442A89A8
:10316000310529824206418281452320A900EFD002
:10317000FFEA232209003E2C2324090023282405EA
:1031800093E707103EAC7C4013060010C145DC43BA
:10319000228582973E2C0145DD8C26AC6FD0AFA2F4
:1031A000F5DB93E505102EACF5B70948AA876381D6
:1031B0000503EFD20F9F0D4863820503054763990E
:1031C000E5041A2D1377F7FD1AAD01456FD0AF9FB7
:1031D0001A2D136707021AAD01458280328775D612
:1031E000504274454C2D2982A9824206C206418272
:1031F000C1826304D6001D45F1F91443B4C754439A
:10320000F4C7E1D5F443BA853E859442829675BFF2
:103210007C41DC4382975DBFEFD20F973684B1CA01
:103220003E2DAA89328993F70710B6849DE37D5A13
:10323000A94A83A749044E85DC4782976309450163
:103240002300A900FD14050963035501FDF0058C59
:103250000DA02449368A854AEFE03FF3FE20DA20AC
:103260002A869444631AF70081EAEFE0DFF2330420
:10327000444122856FD08F9498403E97034B0700BE
:1032800003A7C9048507C2072983C1834207FEA09B
:10329000418363E4E700239304006394560123A46D
:1032A00004003285EFE03FEF7D1A23006901050934
:1032B000E3140AFA6DBF582D854763ECE7023E2DF3
:1032C00093F707109DC7EFD2CF8D2A842849EFE0EE
:1032D0006FD73E2C232804041306001093F7F7EF52
:1032E0003EAC7C40C5452285DC43829701456FD0CA
:1032F0008F8D01458280EFD2CF8A373700001307C8
:10330000A70A18D5373700001307C71058D5373725
:1033100000001307672B18D93737000013078721E0
:1033200058D9373700001307A70C18DD37370000CE
:103330001307A71A420658DD34C14182232A05002B
:103340002320050223220502EFD04FBA6FD0AF87AA
:1033500093F5F50F85476391F50AEFD2EF82204987
:103360004111AA847D598549FC402685DC47829716
:103370002A8A63072505EFE05FE15A201C40BA97CF
:10338000238047015E20F8448507C2072983C18353
:1033900042075EA0418363E4E70023120400762025
:1033A0005E20639CD7008507C207C1837EA02324CB
:1033B000340163E4E70023130400EFE0DFDD6DB7C1
:1033C0009C5085C3EFE07FDC5A206E20636EB7000F
:1033D000B305B7402EC6EFE01FDC9C50B2452685F2
:1033E000829741016FC09FFDFC44998DA983C2075C
:1033F000C183B385B740F9BF828001CEEFC27FFAA7
:103400007841B2878E2318433222029701456FC05C
:103410009FFB7D558280EFC2DFF8138741E9784337
:103420002E86AA851843138541E902976FC0BFF91C
:10343000EFC23FF7138741E978432E86AA855843A8
:10344000138541E902976FC01FF8EFC29FF51387FC
:1034500041E97843AA85138541E9184702976FC06F
:103460009FF605C611476392E602EFC29FF37C41C7
:103470000E2241119C4736C632C482972246B2467C
:103480002AA2368541016FC01FF4814636858280AD
:103490001DC2B28711466390C602EFC29FF0784109
:1034A000B2238E235843411136C60297B2464101DA
:1034B00036856FC05FF1814636858280EFC27FEE30
:1034C000938741E94947D8CB373700001307274690
:1034D000D8DB373700001307074998DF373700007C
:1034E0001307A73FECC3B0C3AA850D46138541E976
:1034F00023A0070223A2070223A4070223A6070290
:1035000023A80702D8DFEFD06F9E01456FC0BFEB45
:10351000371500201305458F82803775002013056D
:10352000458F8280EFC2FFE703A781829307803E29
:10353000C1563357F702B7E700E02386D740238709
:10354000D740856623A0D710916623A0D710B7F780
:1035500000E023A0070023A20700014690C7814690
:10356000D4C781461306F7FF90CBD4CB3D4798C311
:10357000EFD0AF88EFF0DFF92A84EFF01FFAAA85C9
:103580002285EFE06F8F37C502001305C5ECEFD041
:10359000BFF36FC05FE373110134EFD03F88B7F71B
:1035A00000E023A20700EFC05FFF0545EFB0106EFB
:1035B000EFD0BF897311013473002030EFC27FDE7A
:1035C0004946EF10521A420541856FC0DFDFEFC256
:1035D0005FDD4D46EF103219420541856FC0BFDEF9
:1035E000EFC23FDC4146EF101218420541856FC023
:1035F0009FDDEFC21FDB4546EF10F2164205418505
:103600006FC07FDCEFC27FD7AE8981452A84328AC2
:10361000EFF0DFFAAA8481452285EFF05FFBAA8BE9
:1036200081452285EFF0DFFB81452A892285EFF075
:103630005FFC2A8B2285EFF0610A058DB30A754184
:103640002285EFF0A10A330525413305654163DF8B
:10365000AA022285EFF08108B3079540B38777412E
:103660000945B3C7A7025628B69476283699C207EB
:10367000C187139707014183BA943A99239099001F
:10368000239129012310FA006FC0BFD22285EFF0E9
:10369000E105B3072541B3876741D9B7EFC27FD0B2
:1036A000B7078700DCD19387E7109CD5B707008068
:1036B0009387D702DCD5B70764009CD983C745033D
:1036C0002E84C19B93E78700238AF5029307002D80
:1036D000FEB9EFB0B05C1E3408DC89455EBC2285C3
:1036E000EFD05155228593050030EFD0F15BB54501
:1036F0002285EFF041756FC01FCDEFC29FCA011147
:103700002A842EC432C2B684EFF0217045C9124615
:10371000A2456385C50A9307801663F6B7009385B3
:1037200085E9C205C1819307801663F7C7001307B7
:1037300086E91316070141825A3093078016BA951D
:103740009396050132974207C182418363F6D70001
:10375000938686E9C206C1829307801663F6E70066
:10376000130787E942074183130621014C0822858C
:103770003AC636C4EFF01FE913060005A685228578
:10378000EF10627E93170501C18713061005A68509
:1037900022853EC2EF10227D3338A00083156101DF
:1037A0000315410192473247A246B0819308810137
:1037B000EF90511A2C082285EFF0211D05616FC092
:1037C0009FC0EFC29FBBB28AAE8913060005B70542
:1037D0000200AA84368BEF100279131A0501135ADE
:1037E0000A410947334AEA0283C74403C230998B2E
:1037F000420A135A0A01B38A4A41C20A93DA0A41B9
:1038000099E39E3429A09146639ED708FE303E94EA
:10381000420441801305A40542054185EF90C0266E
:103820002A89131504014185EF9000262A84B705E3
:1038300003002685EFF09FD82A8CB7050300268564
:10384000EFF0FFD8AA8CB70503002685EFF05FD90B
:10385000AA8BB70503002685EFF0BFD933075903BC
:1038600003D90900529CD29CD29B5295B3075403B2
:1038700003D429003D874A9742074183330C87418F
:10388000669723108B012312EB00BD87A297C20716
:10389000C183B38B7741AA9723117B012313FB00CC
:1038A0006FC03FB1E398E7F6039704030396240340
:1038B0008396E4023297B347F702E3D4F6F4B9B73C
:1038C000EFC23FAE4111130621004C002A84EFF0F5
:1038D0007FD30316210034004C002285EFF07FEEE9
:1038E0002C002285EFF0610A41016FC0DFADEFC20D
:1038F0005FABAA8537C50200130545EDEFE0010C6B
:103900002A84EFE0E11F22856FC0FFABEFC27FA9E1
:1039100093078016AA842E8463F6B700138485E982
:10392000420441809E34EE303387B7404207818F96
:103930004183C20713160701C1839396070141868D
:10394000C1866357060013078716131607014186C1
:1039500063D706009387871693960701C18633873E
:10396000C6409357F7413D8F1D8F9307400B63DE91
:10397000E7002685EFF081042685EFF07FF42685A9
:10398000E2B0EFF0FFF36FC01FA463D9C600B70623
:10399000020022862685EFF05FD6F9BFE35ED6FCF3
:1039A0002E86B7060200A285F5B7EFC29F9F930748
:1039B0008016AA842E8463F6B700138485E9420436
:1039C0004180FE308E343387F5404207B307F44020
:1039D0004183C20713160701C183939607014186ED
:1039E000C186635706001307871613160701418621
:1039F00063D706009387871693960701C18633879E
:103A0000C6409357F7413D8F1D8F9307400B63DEF0
:103A1000E7002685EFE0917A2685EFF07FEA26859C
:103A200082B4EFF0FFE96FC01F9A63DAC6002E86FA
:103A3000B7060200A2852685EFF03FCCF1BFE35D1B
:103A4000D6FCB70602002286FDB7EFC29F95AE8472
:103A5000B2852A84EFF07FF5A6852285EFF01FEB73
:103A60006FC07F96EFC25F922A840315E502E1776B
:103A70006306F5025A3436346376D7001307871687
:103A8000420741835C584207054685838D8B4187F9
:103A90006388C700DDC709466383C7086FC01F92EC
:103AA00083150403031624030948B384E600B3878F
:103AB000C500B3C70703B3C404039398070193D8A1
:103AC000084113980401C20413580841C180635788
:103AD000150342873E86EF90801893150501131950
:103AE0000501C1812285EFF07FE213590941A685C6
:103AF0002285EFF09FEB231E24034DB7BE85C286BF
:103B0000EF90E015AA8913190501A6852285EFF02B
:103B1000FFDF9395090113590941C181D1BF0316F4
:103B2000240383150403EF90801352341319050105
:103B30009315050113590941C1812285EFF0FFF06A
:103B40005DBF0316240383150403EF90401113197E
:103B50000501131605011359094141822E34F1BFA5
:103B6000EFC23F8493078016AA842E8463F6B700C1
:103B7000138485E942044180DE34AE343387B74094
:103B80004207818F4183C20713160701C1839396B1
:103B900007014186C186635706001307871613166F
:103BA0000701418663D7060093878716939607011E
:103BB000C1863387C6409357F7413D8F1D8F9307CA
:103BC000400B63DBE7002685EFE0515FA2B426855A
:103BD000EFF05FE96FC02FFF63D8C60081462286F1
:103BE0002685EFF09FB1DDB7E352D6FE2E868146E3
:103BF000A285FDB7EFC2EFFA93078016AA842E8440
:103C000063F6B700138485E942044180BE34CE34A4
:103C10003387F5404207B307F4404183C2071316C8
:103C20000701C183939607014186C1866357060049
:103C30001307871613160701418663D7060093877B
:103C4000871693960701C1863387C6409357F7417D
:103C50003D8F1D8F9307400B63DBE7002685EFE068
:103C6000F155C2B42685EFF0FFDF6FC0CFF563D901
:103C7000C6002E868146A2852685EFF01FA8D5B7FF
:103C8000E351D6FE81462286C5BFEFC28FF1AE84D6
:103C9000B2852A84EFF01FF6A6852285EFF05FEC4F
:103CA0006FC06FF2EFC2EFEF4EB1EFE031516FC076
:103CB0008FF18316E502638FB6023A399317070135
:103CC000C18763D3F5002E871E391316070141867D
:103CD00093950701C18563D3C500BA871397070180
:103CE00041876389E600EFC2CFEB7EB5EFF09FD747
:103CF0006FC06FED8280EFC22FE937CA02003571C5
:103D000013054AED2E89EFC0B1038547631CF50604
:103D1000AA8A4A85EFC0D11EAA894A85EFC0D11D63
:103D2000AA844A85EFC0511D89472A846396F924E5
:103D3000EFC0B15B2A8939C5EFC0915B63145505AB
:103D40000C104A85EFC071671008AC082685EFF0AB
:103D50007F8B8357010203578105998F2310F1024E
:103D60000357A10583572102998F2311F10283473D
:103D70004403858B99CB8315010203152102B3E718
:103D8000A500D1EF0D616FC06FE3B7050200130608
:103D900000052685EF10221DB8809319050193D9DF
:103DA00009012A8933073741C1652685F880EFD09C
:103DB000A17A31C5BC80B3873741C207C187635E32
:103DC000F004FC808316210283170102031701010E
:103DD000B386D602B387F7023307E702B697635B71
:103DE000F7008347440393E71700230AF402EFB078
:103DF000E06A08DC83474403858BC9D7ADBF8317CE
:103E0000010111471316090133C7E7024186BA863B
:103E10006353C700CA86958F4DB785475DB78359F1
:103E2000C4023E3463F7F90093898916C20993D915
:103E30000901EF8090523E345A30139A0901135A07
:103E40000A413E97198D4205418113190501135905
:103E50000941635809001305851613190501135903
:103E600009415A3CB389F940C209B30AF740998F16
:103E7000C207C18333872701420741879356F74121
:103E8000358FC20A158F9306801193D9094193DAB1
:103E90000A0163DEE608034744030149218B11E36D
:103EA0004E89085CCA9713990701EFB080607E388D
:103EB000135909413385A7029307803E3355F50214
:103EC00093170501C18763CC27013307F040CA87E8
:103ED0006357E9003305A04093170501C1872E34CD
:103EE00003172403831604033305BA400E05330673
:103EF000D7403345C502AE9A52868319E4021105B4
:103F0000118556953E9542054185EF805055839722
:103F1000E402131905011359094163982703831714
:103F2000040363962705EFB0605708DCA1BD09477D
:103F3000B3C9E90203474403635739011367870094
:103F4000230AE402B9BF5D9BE5BFEFB0205508DC52
:103F5000CA852685EFF0FFD5E38329FD0146F145AB
:103F60002685EFC0C1758547E31EF5E04DBF831779
:103F70002403E39927E145BFA1476385F9008D47F5
:103F8000639CF902834744032685F99B230AF402C4
:103F9000EFD0215E2A84EFC07134AA84EFC0F134DF
:103FA000EFC011359147E31FF5DCE38D04DC81455B
:103FB0002285EFC0D12DF9B3B5476397F9044A853F
:103FC000EFC081748307050045470319E40293F6A7
:103FD000D7FF6393E602EE348505C205C1852685C9
:103FE000EFF03FCD8317E402E38E27D90146F14578
:103FF0002685EFC0C16C79B3B91793F7D70FE39358
:1040000007D8EE34FD15D1BFC5476398F90A4A8534
:10401000EFC0816F2A8910080C102685EFF08FDE23
:104020009C44014499C3039447011306000581454C
:1040300026854204EF0032734180BC8022959314A0
:104040000501C1808355010203562102B3869740C2
:10405000B387F440C206C207C182C1833387C6005A
:10406000F4803E96AE96BE954207C2064206C20551
:104070004186C185A8084187C186EF7050758325A8
:104080000900A1691386F9FFA808EF80000C01C59B
:1040900023020900C5B93306940042064186B28561
:1040A000A808EF709076832509001386F9FFA80809
:1040B000EF80A0092302A900F1B1CD47639FF90A5F
:1040C00081452685EFF08FCF2A8A81452685EFF03E
:1040D0000FD08145AA892685EFF08FD02A848145AB
:1040E0002685EFF00FD1D28763533A01CE8713971D
:1040F0000701418763538700A28713970701418710
:104100006353A700AA87B705030026851394070108
:10411000EFF0CFCAAA8AB70503002685EFF02FCBB0
:10412000B70503002A8A2685EFF08FCBB705030079
:10413000AA892685EFF0EFCBAA844A85EFC0C15C3F
:104140004184568763D34A01528793170701C18779
:1041500063D337014E8793170701C18763D3970055
:10416000268793072700C20703170500C187818FA1
:1041700063D3E700BA871EA131B1D547E394F9C0F4
:104180004A85EFC061572A844A85EFC0C1602A89F9
:10419000130621004C002285EFF0CFC6CA85A8087F
:1041A000EFE0E11983172100130A4AED635EF00482
:1041B00004082685EF803176268681452285EFD05A
:1041C000D17A5C00BEDE3C81B008E9452285231A25
:1041D000F10802C7D2CE82D0A6DCEFC0414E5A30E1
:1041E00036345E345000A685BA9736978356410917
:1041F000C20742074A85C1834183EF805173B008EB
:10420000ED452285EFC0A14BB70502002285EFF0F6
:10421000EFBAAA8AB70502002285EFF04FBBB705B7
:104220000200AA892285EFF0AFBBAA84B70502007D
:104230002285EFF00FBCD68763D33A01CE87139760
:104240000701418763539700A687139707014187AA
:104250006353A700AA872481B387F440939407018E
:10426000C18463599006930901014E85EF80B16ABC
:104270004E86B70502002285EFD0316FB7070200E6
:104280003EC78547BED0B0085C00E9452285BEDE4A
:10429000D2CE231A9108CEDCEFC0614283164109C9
:1042A0008317210163D3F600F4815A3072301E3433
:1042B000C206CE85BA973297C207420750004A8598
:1042C000C1834183C182EF809166B008ED452285AC
:1042D000EFC0E13E0316210093098100CE864C0019
:1042E0002285EFF00FCE04102685EFA0716626869A
:1042F000B70503002285EFD0710EB70703003EC754
:10430000B0088947E9452285BED0D2CECED2A6D408
:10431000EFC0E13A4E86A6854A85EFA0B168B008A5
:10432000ED452285F9B1831705036396B70083171E
:1043300025036384C702EFC2CF868317E5020EB957
:1043400032B963D3B7006EB58317E5026353F60045
:1043500072B5EFF02FF16FC00F8782805E210A21C6
:1043600085073385A7404205418582807E212A2129
:1043700085073385A740420541858280EFC26F8261
:104380002E841305C4038145EF7030248145130545
:10439000C404EF7090236FC00F83EFC28F801C4165
:1043A0007D578843D8C71307C5036398E7009C4728
:1043B0005CD1EFE0A1606FC00F811307C504E39AE1
:1043C000E7FE9C471CD9F5B7EFB2BFFD4CC50841CD
:1043D000EFE0C15E6FB03FFFEFB2BFFC5D712A84BA
:1043E0000CC23685814536C6EF70301E0808EF7066
:1043F000101AB74700009387873CB2463ECA93071E
:1044000000103EDAB74700009387A739130660060D
:104410008145228536C83ECE02D602D8EF00B2349E
:104420002ADC0808EF70102061616FB0DFF9EFB28D
:104430005FF451712A84EFC0212CAA8C2285EFC031
:1044400081352AC22C106685EFE0211D2946814561
:104450006685EF005231AA842D4681456685EF00BE
:104460009230835581020356A102C204C1804205E5
:104470003387954041812314E1023307A6408356D8
:10448000C1022315E1020357E102A696C2062A974C
:104490004207C1824183850413041500B6943A94FF
:1044A0002316D10283C6CC05118C2317E10203A683
:1044B000CC0203A78C028D8CC20442048D8A8545F0
:1044C000C18441843303E640814A639CB600635A49
:1044D00007006358C00083AA0C03B38AEA4093BA6A
:1044E0001A004946814566851AC4EF00D2272A8BF7
:1044F0004D4681456685EF001227AA8B41468145CE
:104500006685EF0052262A8C454681456685EF0078
:1045100092258315A1020317C1028316E1020356F7
:104520008102420BC20B420C931D0501135B0B0170
:1045300093DB0B01135C0C0193DD0D015A963307DD
:104540007741E295B386B64142064207C205C206EC
:1045500041824183C181C182239ACC02239CEC0217
:10456000239BBC02239DDC02138A4C03224363C8B5
:10457000840685068D8EC206C1860D476341D7022B
:1045800009473347E40283D66C01369742074183DB
:104590009306E7FF0907239BDC02239DEC0283D9E6
:1045A0008C0303D74C0303D9AC038509B389E940D5
:1045B00003D76C030509C2093309E940420993D9BD
:1045C00009411359094163D38412374E00001388FF
:1045D0006C039386AC03CA88130ECE3605A205077A
:1045E000118F420741878D46E3CBE6FA094733C76F
:1045F000E40283D64C013697420741839306E7FFD6
:104600000907239ADC02239CEC0251BF03AD0C0383
:10461000330DCD40330D1D03334D6D022DA203A785
:104620004C02118F330717033347670285A223100B
:10463000B8009AA201A43386654005064206418669
:10464000635CE60092A2039606000317080063531A
:10465000E61E2310C800F1BF9AA22310C800E5B7D8
:1046600083D6AC0303D66C038506A9AC850BB38B4C
:104670006B41C20B93DB0B410D476346773509470E
:10468000B3C4E40203D74C01BA94C204C1801387B7
:10469000E4FF8904231CE102231E91022DA652850A
:1046A000029E05476348A71892452811EFD031496B
:1046B000370702003011E9456685BACF6AD702D9BB
:1046C00052DBEFB0D17F3011ED456685EFB0317F21
:1046D0006D616FB0DFCD9A2205070D8F2310E800C2
:1046E00003DD06003306CD4092A239A2374E00000A
:1046F00093868C03CE885288130ECE3583A58C0505
:104700007D5703A68C02E383E5F003A70C05118F08
:10471000330D170333476D0203AD4C05330DCD4008
:10472000330D1D03131507014185334D6D02420DF5
:10473000135D0D41330DAD40330DBD0293050010E7
:10474000334DBD023A9D03A58C04420D7D57135D88
:104750000D41E306E5EC03A70C04118F33071703A3
:10476000B345670203A74C04118F33071703139651
:10477000050141863347670242074187118F33079E
:10478000A702130600103347C7022E97420741873E
:104790001306B0068145668546CE1ACC72CA36C865
:1047A00042C63AC4EF00227C224713160D01418213
:1047B00093150701C1813248C246524E6243F24806
:1047C000E3CB84F01375F50F854E631ED501330DD1
:1047D000C0403307B04042864207420D36884187C9
:1047E000135D0D41B2860356080032979AA2035713
:1047F00008003A9D2310A80137CD0200130D0DEFDC
:10480000E38F0AE803A68C028395060003170800CD
:104810003306C040B308160333C368024203135380
:104820000301E3CA84E01A9742074187E351B7E0E6
:104830002310E800930A01075685EFA071115686F0
:10484000B70502006685EFD0613992452811EFD097
:10485000112F370702003011E9456685BACF6AD7B4
:1048600002D956DD52DBEFB0916513060006814593
:104870006685EF00426F42054185228763D384003D
:1048800026874207418705873A8D6353E5002A8DC5
:10489000420D135D0D4103160107CA8663D329013A
:1048A000CE86C206C186858636876353D600328798
:1048B000420741870607E3C584DA83D68C0303D613
:1048C0004C038506918EC206C186635BD7020347FF
:1048D000310712455286D6858349A108034921092B
:1048E0003AC4A30901062305010823090108EFA022
:1048F000710B22472305310923092109A309E10688
:1049000003D74C0181466A865A972318E10203D7E0
:104910008C010C18880033077741231AE10203D772
:104920006C0162972319E10203D7AC013307B74149
:10493000231BE102EFA0213881458800EF90517BD5
:104940008315A1020317C1028316E10203568102F7
:104950002E9CB30B7741329BB38DB641420B420C78
:10496000C20BC20D135B0B01135C0C0193DB0B013B
:1049700093DD0D01834921092303010A230901085D
:10498000231C6103231D8103231E7103231FB10315
:104990002A89E3CD84CC850DB38D8D41C20D93DD85
:1049A0000D410D476341B70309473344E40203D780
:1049B0006C013A94420441801307E4FF0904231D6B
:1049C000E102231F8102031601078146D285A80850
:1049D000EFA0612E8145A808EF9091712A841245BD
:1049E0003018D685EFA0017C12455286D685230962
:1049F0003109A3090106230501082303010AEFA0D9
:104A0000617AA808EF90917B8800EF90317B228536
:104A1000EF9051754A85EF90F17475B1EFB2DF9662
:104A200037C50200130505EFAE84EFB0713185473D
:104A3000631DF50AAA892685EFB0914C2A8926853F
:104A4000EFB0914BCD472A846313F90AB7050200F2
:104A5000EFD0A17C2A892685EFB0114B1E21AA84B4
:104A600013970701418763532701CA879EA04946D0
:104A700081452285EF00224F931905014D4681455E
:104A80002285EF00424E131A0501414681452285D9
:104A9000EF00624D13190501454681452285EF005F
:104AA000824C135A0A41420593D9094113590941CD
:104AB0004185D28763D34901CE8713970701418788
:104AC0006353E900CA871397070141876353E500E1
:104AD000AA87C207C18763DA070003970400B307F8
:104AE000F04063D3E700BA879EA06FB03F8D6305A7
:104AF0003901A1476318F900930544032285EFD0DB
:104B0000D168E5B7D547E312F9FE2685EFF03F926D
:104B1000E9BF58516308B7045C5563D3F500AE870D
:104B200014590C5563D3D500B68563D3F500BE8503
:104B3000630AB702EFB2FF8611E64CD1EFD01168DD
:104B40006FB07F883445FD57639BF60038C16CC158
:104B50009306C50313064502EFF01F88D5B77C41C5
:104B60003CC1F5B78280EFB2DF8393074006DCD506
:104B700083C7C5052E8423A20502F19B238EF5046D
:104B800023A4050223A8050223AA050223AC0502DB
:104B90004CDCFD57BCC523A0050423A205046CC44E
:104BA000BCCD228523A8050423AA0504A145EFC096
:104BB000B10F2285C145EFC0310F014681452285E5
:104BC000EFF03FF56FB03F808347C50509478D8BF8
:104BD0006398E704585563D3E5002E871C5563D3CB
:104BE000E700BA874C5163D3B700BE851C5963896F
:104BF000B702EFB20FFB11E60CD9EFD0315C6FB00A
:104C00008FFC344D7D57639BE6003CC96CC993060D
:104C1000C50413060503EFF02FFCD5B77C49F5B7A3
:104C200082803845FD576304F7006841828048510F
:104C300082808347C50509478D8B6384E70008554B
:104C40008280384DFD576304F70068498280085917
:104C50008280684D0D898280EFB2AFF42E84228568
:104C6000C145EFC07104930500402285EFC0817CEF
:104C70006FB06FF5EFB2EFF2AA8537C502001305EA
:104C8000C5F0EFC0B1532A84EFC0916722856FB0A1
:104C90008FF3EFB20FF188552E84EF80E002485475
:104CA000EF80800223240402232604026FB0AFF1B8
:104CB000EFB22FEC29712A84EFB011241E39638FD3
:104CC00007402A8C2285EFB0112D83572C022C1817
:104CD0002A8B93E747002311FC026285EFD0F11382
:104CE00003270C02B707FBFF83540C02F98F370729
:104CF0000400D98F2320FC028801EFA06145A81091
:104D0000EF8071469001B70505006285EFC0116D17
:104D1000B010B70505006285EFD0012283572C0241
:104D200041468145ED9B2311FC0223109C026285C4
:104D3000EF006223931D0501454681456285EF0022
:104D4000822293170501C1874946814562853EC885
:104D5000EF00622193170501C1874D4681456285A9
:104D60003EC6EF00422093170501C187DA85A819D6
:104D70003EC4EFD0C15CB70705002326F112B7C7C8
:104D80000200938787F2BEDF93F704023ECA93F7CF
:104D900024003ECC93F7440093098108130A810450
:104DA0003ECE93F7840093DD0D4123200110232490
:104DB000311123264111014901443ED083570C0390
:104DC0006379F43083274C02B70A0300931B290050
:104DD0003387770108439385CA7005093ED242099B
:104DE000EFB0AFE91359090192576DD18327CC0277
:104DF000931A1400D6979A2393778700639F07240A
:104E0000935777401377070213FD1700630B0724AE
:104E1000136D0D0883268C021317340036970E236A
:104E20000316270003184700031567008356810304
:104E30000357A103B6953A96C2962A972310B10458
:104E40002311C1042312D1042313E10463110D249F
:104E5000130680038C014E85EF70B06F13060002BD
:104E6000AC105285EF70F06E0327CC0283465106DA
:104E70005697122313F7E60F9317360163D40700F2
:104E800013E71600930C0104B019E9456285A302EB
:104E9000E1062322911123288112EFB051022A57F3
:104EA0009317270063DA07080347B10AB2470316CE
:104EB0000104137717FC1367E701A305E10A8316C2
:104EC0004C01BE966318D600137717FC1367670171
:104ED000A305E10A03178C01A247831641041D8F25
:104EE000639BE6000347B10A9376E702137717FC4A
:104EF000558FA305E10A03176C01831621046E97F1
:104F0000639BE6000347B10A9376A703137717FC68
:104F1000558FA305E10A0317AC01C247831661044C
:104F20001D8F639BE6000347B10A9376C70313778F
:104F300017FC558FA305E10A035E610413730D028C
:104F4000035F2104050E420E135E0E01630F030082
:104F50008327CC02D6979E2393F7072099C79317F0
:104F60001F00B387C7412311F1046686CE855A8599
:104F70001AD27AD672D4EFA0E12283274C020357CB
:104F800081038316C105BE9B8357C10383AB0B000E
:104F900026468507998F034851060317A105C207C6
:104FA000C187DE854818EFA0A016835741048355BA
:104FB00001040315410385078D8FC207C187094688
:104FC000898FB3C7C70203572104831661031253A5
:104FD000BE9583576104C205C1818507998FC207B9
:104FE000C187958FB3C7C7022310B104AA952312B6
:104FF000B104BA97C207C183BE96C206C18223110B
:10500000F1042313D104630E03020327CC02BA9ADE
:1050100003D70A00137707200DC7225E325F330ED5
:10502000EE41420E135E0E41334ECE02420E135E2F
:105030000E01B387C741B386C6412311F104231380
:10504000D1046686D2855A850147DE86EF80F11548
:10505000B019ED456285EFB08166050442044180D8
:10506000B1BB03574C03E31787DAD24799C3136DDB
:105070000D02E24799C3136D2D00F24799C3136DDA
:105080004D008257E38807D8136D8D0061B3035735
:105090002C024E852310AC03136747002311EC024A
:1050A000EFA0010B5285EF80110C4E86B70505006D
:1050B0006285EFC0B1325286B70505006285EFC048
:1050C000B16703572C0223109C026D9B2311EC0245
:1050D00061BB83572C02ED9B2311FC0231616FB041
:1050E0000FADEFB20FAC55468145EFF0D1674205E9
:1050F00041856FB04FADC167FD17638BF50CEFB203
:10510000AFA81E3941112A8463F1F50C1C55139781
:105110003500AE84BA97039707002C007880039778
:1051200027007881039747008397670078827C8304
:10513000EFD0A14E814551462285EFF0D1629319FF
:1051400005012285EFF0FFF92A892285EF005244FC
:10515000EFA0402DA9473345F50293D909412C848E
:1051600042054185AA8663533501CE863C80C2063E
:10517000C182AE97958F7C8030854A876353A900A2
:105180002A8728823C814207AA95AE96748234838E
:105190004183B2973696998F3297C20742075638A5
:1051A000C18341837C817883639D96004C5486043F
:1051B000AE94962093F6062089C68607FD17998F30
:1051C0007C818A852285EFD0417C41016FB00F9FA1
:1051D0008280EFB20F9A01112E890C08AA84EFD0B9
:1051E000C1432685EFD0814FAA8C2685EFD0015090
:1051F000494681452A8D2685EFF0F156931B05011E
:105200004D4681452685EFF011569319050141461B
:1052100081452685EFF03155131C05014546814532
:105220002685EFF05154931D050151468145268591
:10523000EFF071532A842685EFF0BFEA137714004C
:105240004204894741843344F4020507B54693DBA1
:105250000B4193D90941135C0C4193DD0D41354A53
:10526000B347F5020589229742074187AA97850728
:10527000C207C18763C3E6003A8A420A3547135A18
:105280000A41BE8A6353F700B54AC20AB54793DAAA
:105290000A414E8B63D33701354B420BB547135B45
:1052A0000B41E28963D38701B549C209B54793D958
:1052B00009416E8C63D3B701354C420C135C0C4131
:1052C000B38C6C41330D8D4101445E88B54DF91CA2
:1052D000791D9E38637CF408985493173400A88095
:1052E000BA97039707000393270083984700839595
:1052F000670093170701C18363C3EB08428763D339
:105300007D0135473307E540BA97C207B081C187B1
:10531000FC8493160301C182B307464163C8690048
:10532000CE8763D33D01B547B307F640BE96C206AC
:10533000C18613970801F485418363C598055A9582
:105340002A974207418793970501F886C18363CD69
:10535000A5036296B297C207C1870146CA8528088D
:1053600042C6FC87EF60705E32480DC19E38639480
:10537000870041647D14228505616FB04F83330738
:10538000554159B756956DBF5296E9B70504420489
:10539000418081B7EFA2FFFD854779712A84AE8AEB
:1053A0003EB901498144B709030093172900D697F4
:1053B000884301C5830705009DE71E38638597066E
:1053C000085409C5EF70501023240402485409C53D
:1053D000EF70900F2326040213953400EF70904174
:1053E00008D41DE101A09385C970EFB00F8909C9E8
:1053F0008504C204C180050942091359090175B722
:105400003E3885073EB8C5BF13951400EF70903E37
:1054100048D411E101A01C5491E3814493951400F8
:10542000EF70B04E06B81306B00681452322540330
:105430002285EFF051339377F50F49468145228558
:105440003ECAEFF051322A8B414681452285EFF06A
:105450009131514681452A8D2285EFF0D130AA84C1
:105460002285EFF01FC8AA8B2285EFD02129AA8DB3
:105470002285EFD0012C03592403420DC20D7D1962
:1054800033099902420B135D0D018149014C814C96
:1054900093DD0D01135B0B013309254193170901BE
:1054A000C1873EC893970401C1833EC693970B0101
:1054B000C1833ECC035A2403636F4C072285EFC09F
:1054C000516A2285EFD0814F45616FA05FEE545441
:1054D000338794010607369718231D8B11E3054780
:1054E000330FE900850413190F01C2041359090190
:1054F000C180139724005697184311CFB7070300B4
:105500009385C7703A853ACEEFA03FF709C5724739
:10551000030707004DFFC247050CB383370199EC21
:10552000910A6688B2479E89C28CEA97139D07014B
:10553000135D0D0141B78144014965BFB3D94903EA
:105540001307FDFF33DA4303EA99C20993D90941EE
:105550003A9A1387F4FF33077703420A135A0A4132
:105560003387ED4042074187BA8E63530700814E6F
:10557000C20E93DE0E4166888148814F58549316BF
:105580001800369710231D8A11E205463387FE0363
:10559000B29FD2471386F8FFB386FE033357270323
:1055A000B3D62603469742074183B296C206054604
:1055B000C182638DC70493150701C185C2061C54BF
:1055C000C186DA95DA9613153800C206C2055287ED
:1055D0003E95C1864E86C1851ED646D476D27ED0F3
:1055E00042CEEF60D01E7248E247A258050833074A
:1055F0009841BE98C20893D80801825F925EB25368
:10560000E36E97F685048A04A69A29BFB386DD4027
:1056100093950601C185B386ED404DB7EFA27FD8C3
:10562000FD57DEB983C765032E8523A20502F99BCA
:10563000238BF50223A4050223A6050223A8050255
:10564000B705002093850508EFF0DFD46FA0BFD722
:10565000EFA23FD5AA8537C50200130585F2EFC03A
:10566000E1352A84EFC0C14922856FA0DFD599C5F5
:10567000EFA23FD3EFF01FD26FA0FFD48280EFA242
:105680005FD212392A8448550606EF70806C4C5060
:105690002285EFF0DFFD6FA01FD31E3963E6F50012
:1056A000C167FD176390F502EFA2BFCFAE844E39FC
:1056B0002A84EFF05FA4A68546B82285EFF0BFA349
:1056C0006FA07FD08280163963F9D502EFA27FCD1B
:1056D0005855939715003284BA9796231347F6FFCF
:1056E00013740420758F9AA3AA84EFF0DFA001C47D
:1056F0002685EFC011476FA01FCD8280EFA27FCA21
:10570000AA842E8901449E386364F4006FA0BFCB45
:10571000A28505044A8626854204EFF0DFFA41801F
:10572000DDB71E3963F5F504EFA2BFC783476503F4
:105730002A84B284858B2E8981CB9377060889C70A
:1057400093050008EFF09FFB5C5413171900CA85FE
:10575000BA979A232285458F9AA393F40420EFF0F9
:105760009F9981C42285EFC0D13F6FA0DFC58280A1
:10577000EFA23FC3AA842E8901449E386364F400DB
:105780006FA07FC4A28505044A8626854204EFF0F7
:105790005FF94180DDB74A398280C167FD176385B3
:1057A000F506EFA27FBE835A05032A89014563E10E
:1057B000BA02AE8981440144370B0300639C340173
:1057C000014563879A00832749020A043E940840F2
:1057D0006FA0DFBE130A1400420A83274902135A3E
:1057E0000A0113172A00BA9788438504C204930557
:1057F000CB70C180EFA07FC811E50904131A040122
:10580000135A0A0152845DBF014582801E3963FB31
:10581000F5005C558605BE958A21718D118D133575
:105820001500828001458280EFA2BFB713060008F1
:105830002A84AE84EFF09FFD2A8993050008228513
:10584000EFF0DFEB6308090013060008A685228548
:10585000EFF03FED6FA03FB7EFA21FB337C50200D7
:105860004111130585F22E89EFA0914D8547631BE9
:10587000F504AA894A85EFA0B168AA844A85EFA0F9
:10588000B167CD472A84639FF4044A85EFA0D167AE
:105890003E38AA8995C7032A44028144B70A030007
:1058A00093972400D29703A90700630B09009385FF
:1058B000CA704A85EFA07FBC01C58307090091E744
:1058C0002390090041016FA07FAF5C54139714002F
:1058D000BA979E2393F70720639B07488504C20469
:1058E000C1807DBF9307A0026396F4004C50EFF097
:1058F0001FD8C9BF93079002E38AF4FE639A340964
:105900004A85EFA071604E382A892285EFF0AFFEFC
:10591000EFB0A11DEFB0C11D7599631E95022C005B
:105920004A85EFB081292C002285EFF09F8AC1675C
:10593000FD17AA856301F5025C5413171500BA9789
:105940009A23935757400D87D98F858B89E74AB89B
:105950002285EFF04FFA5638C167FD17E384F6F65B
:105960005C5413971600BA979A231356974093578F
:105970008740D18F13563740D18F1587D98F858BAC
:10598000B1F336C67000F1452285EFA051531DBF1B
:105990008947639CF4084A85EFA011572A89EFB024
:1059A000C114AA84EFB0C11479157599E30C05F000
:1059B00026852C00EFB061202C002285EFF07F813E
:1059C0004E38AA84E380A5F0C167FD176385F50012
:1059D0002285EFF04FF246B84A85EFB0411CC1670F
:1059E000FD17E381F4EE5C5413991400CA979A23CF
:1059F000935737401587D98F858BE39507ECA6859C
:105A00002285EFF04FEF58543A9983570900A18748
:105A1000858BE39907EA5E3886073E971E23A587A4
:105A2000858BE39107EA26C6B1BFA147639DF408C1
:105A30005A39C167FD176300F708931717005855C7
:105A40003E971E2393D66740858A95CA93D65740C2
:105A5000858A95E693D67740858ABDC283466503DD
:105A6000858AB9EE93F7F7F7C207C1831EA3834770
:105A70006403858B89C74E382285EFF0FFDA5638EC
:105A80005C5413971600BA979E2313D7874013D6FA
:105A90009740518F058B05C313D757408D87D98FFA
:105AA000858B91EB7000F145228536C6EFA0314120
:105AB0008547E319F5E04E382285EFF0CFE319B5BD
:105AC00093E7070865B799476398F4025A39C167A5
:105AD000FD17E309F7DE5C5593161700B6979E2372
:105AE00093D6474013D65740D18E8D87D58F858B5F
:105AF000E39A07DC3AC679B58D476397F4004E39CF
:105B0000EFF06FDFFD5769A0B947639BF4264A8524
:105B1000EFA0913F2A89EFA0B17DAA846318090004
:105B20000145EF90D014EFA0B17CAA842285EFB09C
:105B30005124EFA0B17A5A38C167FD17E314F7D8A2
:105B400089476387F4009147E39EF4D6E30C05D6BA
:105B5000834764035054858B95EF13971700329752
:105B6000162313D736409586558F058B15C38507A9
:105B7000EDB785071397170032971A2393565740AE
:105B800093553740CD8E858AEDF61377070875D388
:105B90005EB80DBB8147F9BF4E38C167FD17E3837F
:105BA000F5F62285B1BF51476395E7045A38C167BE
:105BB000FD176314F700231A04025E3891E31E38C0
:105BC000FD17C2075054C1835EB85E3813971700A3
:105BD0003297162313D736409586558F058BE30CE5
:105BE00007EC91C7FD17C207C1835EB8F9BF1E3825
:105BF000D5BF49476399E70A2285EFF08FCE5E381B
:105C000041677D17639BE7025054231A04025E38F4
:105C1000139717003297162313D756408D86558F4A
:105C2000058BE30A07E88507C2071A38C1835EB807
:105C3000E3EFE7FC231A0402D9BF18541396370088
:105C4000035304033A965A22162293981700050725
:105C5000158F420741870587369742074187B286ED
:105C6000E3FB67E4039826008315260063D705034A
:105C7000839506006343B70283954600AA9563CED9
:105C8000E5004C54C69503D8050093555840135869
:105C90003840B3E505018589E9C98507C207C18395
:105CA000A106890875BF4547E397E7E02285EFF035
:105CB0004FC35E3841677D17639BE7025054231A38
:105CC00004025E38139717003297162313D75640F5
:105CD0008D86558F058BE30007DE8507C2071A38CE
:105CE000C1835EB8E3EFE7FC231A0402D9BF145462
:105CF00093953700C207B695DA219221C18705072F
:105D0000118F420741870587329742071396370064
:105D10004187B29613960701E34F06D803982600F1
:105D2000039625006359C80203960600098E634452
:105D3000C702039646006340E602505413981700CA
:105D4000429603580600135638401358584033669D
:105D50000601058A19CAFD17E1166DBFD547E39301
:105D6000F4B64A85EFE0DFF4B1BE5EB8A9B3228590
:105D7000EFC0311C3E383345F5022390A90099B697
:105D8000938714FF0547E379F7E0B547E398F4FC00
:105D90004E382285EFF02FB64A85EFA0F116830723
:105DA00005004D47E391E7E05E38C166FD16014707
:105DB0006386D700850713970701418312385AB8C5
:105DC0006364C700231A04024C545E38139717000B
:105DD0002E97162313D756408D86558F058BE30CCF
:105DE00007CC8507C207C1835EB8E3E0C7FE231A6C
:105DF0000402E1BFEFA2EFDA834765038589F99BCF
:105E0000CD8F230BF5028145EFF01FA26FA0AFDB12
:105E1000EFA22FD9B7C70200938787F8DCD183C7D9
:105E200085022E84228593E717002384F502894595
:105E3000EFB041602285A145EFB0C15F93050040FE
:105E40002285EFB0215F6FA00FD883C78502858BB5
:105E500099EBEFA20FD5C8512E84EF60F066232294
:105E600004026FA04FD68280EFA2AFD037C50200E8
:105E70005571930AC5F61305C5F6AE84EFA0416CC3
:105E800085476312F50E2685EFA091072A8926859E
:105E9000EFA091069307C0022A846319F90C2685A6
:105EA000EFA091062A8A1306700581452285EFF03E
:105EB000810B2A898314850013069005814522856C
:105EC000EFF0610A1317050141871306800581452C
:105ED00022853AC2EFF0210912474C509316050172
:105EE0008967FD17C18601484A862801EF90402244
:105EF000554681452285EFF00107AA8A4946B70534
:105F000002002285EFF021062A894D46B7050200DE
:105F10002285EFF041052A8B4146B7050200228514
:105F2000EFF06104AA894546B70502002285EFF02B
:105F30008103035781085A99939704013A9983562C
:105F4000A108C18356994E953E99AA973E8713960C
:105F50000601C20723102A01C187418663D3C70007
:105F600036872311EA0069616FA06FC4CD476314BF
:105F7000F9022685EFA04179AA84B705020022859F
:105F8000EFC0A1299E201397070141876353A70003
:105F9000AA879EA0C9BFD547E317F9FC2685EFA0C5
:105FA000A1752A842685EFA0017F2A891306700532
:105FB00081452285EFE0317B031A85002A8C130688
:105FC000200381452285EFE0117AAA84414681456C
:105FD0002285C204EFE03179C1802695931905012D
:105FE000494681452285EFE01178AA9455468145BE
:105FF0002285EFE05177AA8C4946B7050200228539
:10600000EFE071762A8B4D46B70502002285EFE05E
:1060100091752AC64146B70502002285EFE0B174AA
:106020002AC44546B70502002285EFE0D1732AC293
:106030002946B70502002285EFE0F172AA8D2D46B0
:10604000B70502002285EFE01172930B01052A8D3E
:106050005E85EF90E10F5E862285B7050200EFB006
:10606000F137B2465A28C204C1801248A247269787
:1060700013160A01B304DB0041824207FD14B294F7
:106080004183338507017628BA949307F5FFC2044C
:1060900013950D0193D90901C1804181098FB297F0
:1060A0002695CE962312A102139B070113150D010D
:1060B000C206135B0B01C1824181B387A6405A958A
:1060C000AA96CA8528012313D1022310E1022311C5
:1060D000F102EFC0C126B707020056C73001930A8C
:1060E0000102E94522853EDF5ECD02C956CBEFA015
:1060F000015D5686DE854A85EF90C10A3001ED4587
:106100002285EFA0C15B1306900581452285EFE053
:106110009165131705014187130680058145228586
:106120003AC2EFE0516412474C509316050189675B
:106130000148FD17C18662866808EF80707D0818E7
:10614000EF707102101822858145EFB0F15EBC86B8
:10615000E694C204C18023149102BE9493071B00ED
:10616000C207C187B38747410945B3C7A7026A2859
:10617000B887545030100C1823169102CE97AA9766
:10618000C207C1832315F1024A85BA970147231735
:10619000F102EF709101C1BBDC5123A207028280A2
:1061A000485101C9EFA2EF9F8145EFF071436FA005
:1061B0008FA18280EFA2EF9E2E842285930500405E
:1061C000EFB0812E22859145EFB0012E2285B705D3
:1061D0000200EFB0212685452285EFB0A12522855A
:1061E000EF20601F6FA02F9EEFA2AF9BC8512E849F
:1061F00009C5EFF0F154232204028347C403C18B85
:1062000091E70858EF60502C232804026FA0AF9B41
:10621000EFA28F972A892E8AEFF09FF829CD1306D7
:1062200070058145AA8483596501EFE0D1530314B9
:1062300085001306900581452685EFE0D15293171E
:106240000501C1870947B3C7E70222954205418589
:10625000D297B3873741C207C18733C5A702835797
:106260004903420541816366F5001385F7FF420546
:1062700041816FA0AF940145EDBFC167FD17630574
:10628000F60CEFA26F904451797183D904026387B1
:10629000D900BE3096B093E74700BEB02A8A0808FE
:1062A00032842E89EF70216C1008B7050400268512
:1062B000EFB0914813069005B70504002685EFE07E
:1062C000914A2311A1025285EFF09FED2A8A35C928
:1062D000C247031721028325890083968700B3876D
:1062E000E6003306F40289476229B347F7027D17B7
:1062F0003697B307F640A297C207C1837C81BA974D
:106300007C83DE2820000A867C809E2C22857C826D
:10631000EF50F05315C1832A890052852324890048
:10632000EF20202CAA86014713064A010C084A8553
:10633000EF70A16723245901BE3023903403ED9BF5
:10634000BEB045616FA08F878280C167FD17630A69
:10635000F60AEFA28F824451397103DB040263070E
:10636000DB00BE3096B093E74700BEB0AA89328406
:10637000AE8A13067005B70504002685EFE0B13E2E
:10638000B705040013069005AA8B2685EFE0B13D02
:10639000839B8B002A89131A05014E85EFF05FE07D
:1063A000135A0A4133864B013306C40209447E293D
:1063B0007D195E99280033448A02330486403E9456
:1063C00093170401C1837C81CA977C8383A7490208
:1063D000DA2B9E2F78807C82EF80915730002685C3
:1063E000B7050400EFB0817F0A862C005685EF8048
:1063F000715BBE3023906403ED9BBEB021616F9052
:106400005FFB8280EF92FFF9AA84EFF07FD929C564
:106410002A89EFC0A12D2A842685EFC08131635DD2
:1064200085021306700581454A85EFE0D1330314D8
:1064300085001306900581454A85EFE0D132EE389C
:1064400022950146B305B502C850C205C185EFD0FB
:10645000B17EC850EFC081566F90FFF6EF927FF487
:10646000AA8537C50200130545F9EFB021552A84E6
:10647000EFB0016922856F901FF591E101A0EF92C5
:106480005FF2231A05022E8729465E39830607002C
:106490008507C207C1838DEE2A845EB9231B0502DE
:1064A000231C05022E85AE84EF40C265130915003A
:1064B000085809C98347C403C18B89E7EF60D0003E
:1064C000232804024A85EF60F03208D819E501A0BC
:1064D0006393C6005EB905074DBFA685EF40826194
:1064E0008347C4032285BD9B230EF402EFC0014DF8
:1064F000485019C1EFC0814C6F90FFEC91E101A0B1
:10650000EF923FEA231A05022E8729465E39830659
:1065100007008507C207C183A1E25EB98347C503AF
:10652000231B0502231C0502C18BAE842A8489E744
:10653000085919C1EF6040798347C403228504D804
:1065400093E70701230EF402EFC04147485019C1F9
:10655000EFC0C1466F903FE76393C6005EB9050781
:1065600075B7EF921FE4B7C70200938707FBDCD52E
:10657000C1779CDD83C7C5032E84228593F707FC72
:1065800093E78703238EF50223A2050223A40502C5
:1065900023A8050223AA050293050040EFA09169F4
:1065A000B7C50200938545FB2285EFF03FF52285B4
:1065B000EFF0417DAA8537C50200130505FDEFB058
:1065C000E13FAA84EFB0C15344D0C0D06F90BFDF89
:1065D0007E396381B702EF92DFDC5E3963E6F50056
:1065E0009385F7FFC205C1816EB90EBDEFC0013DB5
:1065F0006F907FDD82806A398280EF92FFD8832995
:10660000050363800906AA844E852E843289EF40F3
:10661000624F81470147A945630EA704B386E9008D
:1066200003860600963C6392F6048147294693054B
:10663000F9FF9458BA96BE9683860600638FC6000B
:106640006304090063FBB7003308F40085072300E7
:10665000D800B306F700E3EEA6FCA297238007005C
:1066600019A0238005006F907FD56313B6008507BE
:1066700005075DB78147D5B7EF921FD12A848545BD
:10668000EFA0916A44502285EFF0C16FAA8526855C
:10669000EFF051124850FD55EFF01121485085455B
:1066A000EFA091600146FD452285EFA041012285C2
:1066B000EFF01FAF0C58AA89EF10F06048508965C1
:1066C0009385157DEFB0B15F4E85EFC0316F4850B7
:1066D000EFC0C100AA842285EFC04100634195024A
:1066E0008347C403BD8BF11793F7B70F89EB445071
:1066F0002285EFB0B17EAA852685EFB0515C4E852C
:10670000EFB0D17EAA844850130620038145EFE004
:1067100091052A89485041468145EFE0D1042A8AF3
:10672000485045468145EFE01104060952952A99E3
:106730008347C403CA940329C403C204BD8B214701
:10674000C1841379F900639CE70E031AA401269A09
:10675000EF807047EF80504A63594503031A640184
:10676000EF807046EF8050498317A4011D8D635D53
:10677000450B6A2811497D1542054185AA8763D3D7
:10678000A400A68793940701C1844850A685EFB062
:1067900051562285EFF01FC7A14748506310F90EEC
:1067A000014781463546A285EFC091644850EFC04D
:1067B000F1608347C4030547BD8BFD1793F7F70FBF
:1067C0006360F7044850EFB0516BAA844850EFB0B3
:1067D000316F2A89EF80303FEF8010426342A90277
:1067E000032A4402EF80303EEF8010419385F4FF8E
:1067F000B3852541AA95C205C1855285EFB01147E1
:10680000105881454E85EFF0013A8947630DF50830
:106810008D478146014685456313F5008D454E85BC
:10682000EFB0715D6F909FB9EF80F039EF80D03C91
:106830003E2C93C7F7FF3E954205418581B711472E
:10684000E395E7F4031A6401B3079A40E3DF07F224
:10685000EF807037EF80503A8317A4011D8D635C81
:10686000AA00EF805036EF8030393E2C21491D8D33
:106870004205418521B70315640109B791476316A5
:10688000F90001478146294639BF85476316F9005B
:1068900001478146414601BF8947E319F9F00147A5
:1068A00081464D4609B781460146A5458DBFEF9209
:1068B0005FAF85452A84EFA091484850FD573EBC04
:1068C0008545EFA031370146930500022285EF9000
:1068D000115F6F905FAFEF923FAB41112E852E8914
:1068E000EF901162E1472A846316F5084A85EF901C
:1068F000B160A147AA896313F40AEFA0011FEFA0BA
:10690000213059E103A44902EFA0211EAA84EFA07F
:10691000211E9147631FF5007E3822851EBCEFA023
:1069200051452A89EFA0811B09C581454A85EFA001
:1069300001162685EFA0C11B8547631AF5042C00BC
:106940002685EFA081278315A1002285EFF05F8CBB
:106950006AB80ABC2285EFF09FF51C5481E72285B6
:10696000EFC0C1057E383000F14522853EC4EF906E
:10697000115519A837C50200CA85130505FDEF900A
:10698000313C8547E304F5F641016F903FA326852E
:10699000EFA001168D47E31FF5FA55B7854744511F
:1069A000631FF402EFA061142A8979DDEFA041147E
:1069B000631085022C004A85EFA021208315A100D9
:1069C0002685EFF0FF84AABC4E85EFB0317F6DBF06
:1069D0004A85EFA0E1118D47E318F5FAE1BFA5471D
:1069E0006315F400FD57BEBCCDB7E147E31EF4F8D4
:1069F0004A85EF90715040514A85EF90D1595050DF
:106A00000C4593098100AA8451064E85EF502064FD
:106A100025C58347C40303AA840023A4340193F744
:106A20000702323CB5C37E38639DC700930610024F
:106A30003E86A6852285EFF05F9193061002323CD8
:106A400035A093060002A6852285EFF01F90323C08
:106A500093060002A6852285EFF03F8272388546B4
:106A6000A6852285EFF07F8E72388546A685228521
:106A7000EFF0BF8023A4440137C50200CA85130587
:106A800005FDEF90F12B09B793060002A68522853C
:106A9000EFF0BF8B930600025DB7EF929F904851D5
:106AA0008545EFA0712B134515001375F50F6F90F9
:106AB0009F91EF921F8F41112A84EFA001032A8931
:106AC000EFA0011425E12285EFF03FFD39C52285B5
:106AD000EFF0FFDD7E381A3C6300F7021EBC700049
:106AE000F14522853EC6EF90913D8547AA84631209
:106AF000F5022285EFB0916C4A85EF90717F914746
:106B000085446318F5002285EFA0B1268145EF90FA
:106B10001178268541016F901F8B2285EFF0DFB53C
:106B20008544C5BF1E3C22857EB8EFB03169CDBF1C
:106B3000EF923F8437C502001D71130545F92E8978
:106B4000EF90112085476312F506AA894A85EF90D8
:106B5000313BAA844A85EF90313AB9472A8463933E
:106B6000F402EFA01121EF907177AA84EF90F177F2
:106B7000EF9011789147631AF502D5CC2285EFF09A
:106B8000BFAF25A0938714FF63E5F900EFF03FD274
:106B900029A8A1476395F400EFF0BFF139A093074E
:106BA000A0026397F400EFB0F14625616F903F803B
:106BB00093079002E389F4FE9307C0026390F40206
:106BC0004A85EF907134AA841306700581452285A9
:106BD000EFE0613983178500BEA0C1BFB547639957
:106BE000F4064A85EF905132830705001387E7FECC
:106BF0001377F70F63E0E9022285EFF01FEA3DDD2E
:106C00007E385A388507E3D2E7FA7EB82285EFF05E
:106C10006FFF61BF51476385E7004547639AE7000F
:106C20002285EFF09FE739D97E38C1D3FD17F1BF38
:106C30006D476396E7001E3C22857EB881BF2947D9
:106C4000E395E7F6EFA04100E301A4F62285A9B79A
:106C5000D547E39CF4F44A85EF90112A2A844A85AB
:106C6000EF9071331306200381452A8B2285EFE0D4
:106C7000812FAA84494681452285C204EFE0A12ED6
:106C8000C1802695931905014D4681452285EFE087
:106C9000812D269541468145931A05012285EFE015
:106CA000812CAA940810EF60114C1010B705020057
:106CB0002285EFB06128032A8402C20493D9090116
:106CC00093DA0A01C180631D0A0013050008EF6012
:106CD00080382A8AAA85130600082285EFF0FF91E2
:106CE0001306B006814522850349C403EFE0A127BE
:106CF0001375F50F8547854B6307F500937BF90006
:106D0000FD1B93BB1B00485451C1EF60711E2AC686
:106D10003247894748546318F70E0348D1030317D5
:106D200021038316410302568967AA85FD1788004F
:106D3000EF80003E831C0104031C210413970C0107
:106D4000418363830B0E5E28CE97C207C183FC8408
:106D5000FD17BA97FC86B247931D0C01094D0359E4
:106D6000640193DD0D01639BA70D26994209135918
:106D700009015454231D21017D196E9901473008E2
:106D80000C105A85231F2101EF6031428800EF600B
:106D9000913D900081452285EFB0011A0348D1054D
:106DA000031721058316410506468967FD17480824
:106DB000D285EF80E0356A28BC83AA94C204C180E2
:106DC000E485BE945C54E487F9EB22854628EFB055
:106DD000F1108317410109471D8D3345E5022695C2
:106DE00042054181E8843E95E8860147D286300815
:106DF0008C005A85EF60713B1C54E39807DA52858A
:106E0000EF50B06E5DB38C00EF90014D8547631A73
:106E1000F500064C935CAC0093FCFC7F135C5C01BA
:106E200031BF7D5CFD5C19BF1E2CB3875741C20783
:106E3000C1833387E740F884FD1729BF2285EFB06F
:106E4000F10A330585413345A503FD1D2A99420901
:106E500013590901231D210188006E99231F210167
:106E6000EF60D10190002285B7050200EFB0411814
:106E7000B3CCAC033D46B70502002285334CAC03CE
:106E80002312910523138105EFE0E10D54542310E3
:106E9000A10430088C005A85EF60B108C5BDBC82E2
:106EA000638F0B000A2CB30A5541C20A93DA0A0118
:106EB000B389FA40231C3101231E51013DB74A28F2
:106EC000AA99C20993D90901231C3101BE99231E35
:106ED000310121BFEF92EFCC83C7850323A20502C6
:106EE0002E8593F707F893E73700238CF5022E845D
:106EF000EFB0C17E4AB42285EFB0417FB7070001F1
:106F00005CD81E3C6AB42324040293F7F7C793E7C6
:106F100007081EBC2285232804028945EFA0C1581A
:106F2000C1652285EFA001516F90EFC99E3D0547D5
:106F30008D8BFD17C207C1836360F702EF926FC6A6
:106F4000C8512E84EF5050581E3C2322040293E770
:106F500037001EBC6F902FC78280EF928FC43D46D2
:106F60008145EFE04100420541856F90CFC5EF922A
:106F70004FC339468145EFD0117F420541856F905F
:106F80008FC4EF920FC241112A84EFF05FFE7A386E
:106F9000B304A7022285EFF05FFC16380316E40263
:106FA0008315C402AA96C20693072403280013D7A8
:106FB000844042074183C186EF80415E28863C873A
:106FC000348438850505158D8507998F4205C207DC
:106FD00041815D8D41016F900FBFEF928FBCAA85FB
:106FE00037C502001305C5FEEFA0511D2A84EFA08E
:106FF000313122856F902FBDEF920FB901112E898B
:107000002A84EFB0B11B4A85EF60816E8D4763160D
:10701000F5021E3C05478D8BFD17C207C1836365D2
:10702000F7004850EF50504A1E3C2322040293E7D9
:1070300037001EBC05616F906FB8AA842C084A8582
:10704000EF908129B5E41E3C05478D8BFD17C207E3
:10705000C1836365F7004850EF5010472322240393
:107060001E3C62478D88F19B135657019356A7002B
:10707000C58F7D8B93F6F67F0A0793F737F8D98F84
:1070800056B472B4858605861EBC36B852B82285C1
:10709000EFB041781E3891E77A3893070010630506
:1070A000F7002285EFB0E12B2285EFB0311159B7FF
:1070B0009387F4FF93F7F70F05476361F70483297C
:1070C0004402638D29031E3C8D8BFD17C207C183CB
:1070D0006373F70081494A85EF30D2220505EF50EE
:1070E00070712A8A11E101A0CA85EF30B2202322F3
:1070F0004403638509004E85EF50103D8947E391B5
:10710000F4F61306700581452285EFD0D165AA8972
:107110001306800581452285EFD0F16493160501A1
:10712000C186130690058145228536C6EFD0B1632E
:10713000B246131705018967FD17418701484E863E
:10714000CA856808EF70D07CB886E247B706E0FFD2
:107150009386F63F1377F77FF58F2A075D8FBC87FD
:10716000939657019317B700AD83D58F3ECCCDBD15
:10717000EF922FA05D712E852E8BEF906158D54731
:10718000AA846313F5025A85EF9001579307A00272
:107190002A84639EF4021E3D09478D8B6396E702A5
:1071A0004C51EFF07FE531A8E147E30EF5FC37C520
:1071B0000200DA851305C5FEEF9081388547E304A8
:1071C000F5FC61616F90AF9EEFB0A119DDBFCD47B7
:1071D0006390F40C5A85EF902153AA892285EFF031
:1071E0001FD9035964033309A9022285EFF0FFD6A2
:1071F0001638AA96C206C1861359894081EA9317A8
:107200000901C18713070010E38DE7FA228536C212
:10721000EFB0C14CAA842285EFB0414D92461317BE
:10722000090141832A862A8A93072403A685081820
:10723000EF80C13683960900031701033387E640C8
:107240006353D7003687420741872390E9008317AD
:107250002103B387F64063D3E700BA87C207C1872B
:107260002390F90083154103B695858D63D3F5000E
:10727000BE85C205C1852390B9000315610336950B
:10728000330545416353B5002E852390A90015BFF2
:10729000C5476397F40E5A85EF900147AA89228566
:1072A000EFF0FFCC2A892285835A6403EFF0FFCAEE
:1072B000031BC4022A8A22850638EFB02142631CD0
:1072C000AB0A031BE4022285EFB041426315AB0A0F
:1072D00033095903B3864401C20693070010C186DF
:1072E000135989401317090141876314F70295E286
:1072F0000317C4020946831724033347C702639A5E
:10730000E7008317E40203174403B3C7C70263040B
:10731000F706228536C4EFB0613C2AC22285EFB061
:10732000E13CA246924513170901930724034183C8
:107330002A860818EF8081265A288357010383562E
:107340002103BA972318F1027E28BE962319D10291
:10735000835641033697231AE10203576103BA9714
:10736000231BF10283A5090001460818EF40F05DD8
:107370002382A900B9B50C182285EFB0712EDDB7B4
:107380009307C0026399F4025A85EF90E1371E3CDF
:1073900013070010AA8493F707306399E70022854A
:1073A000EFF03FBE8AA04181AAA021BD5E341EA19C
:1073B0007E343EA139B5B9149947E3E497E09307C9
:1073C0009004B3D497008588E38D04DE5A85EF904E
:1073D0002133AA8B5A85EF902132C9472A846390C2
:1073E000FB0E5A85EF90413218418947AA84E30A7F
:1073F000F7DC1E3C13F7270001C785479CC0D1B3BB
:1074000093F7C70741476385E7001147E397E7FE16
:107410001306600481452285EFD0F1341375F50F12
:107420009307F00FE31BF5FC2285EFF01FB31E3826
:107430003E9561F52285EFF09FB30359640333094C
:10744000A9025A85EF90412C93070010AA8913597D
:107450008940631AF900014693054401EF40B06783
:10746000E31105D659BF2285EFB041272AC22285F4
:10747000EFB0C1279245131709012A869307240309
:10748000418381460818EF8061115A288357010310
:10749000835621030146BA972318F1027E280C185F
:1074A0004E85BE962319D102835641033697231A7F
:1074B000E10203576103BA97231BF10245B7D54791
:1074C0006385FB00E147E39EFBCE2285EFF03FAAF8
:1074D000835A6403B38AAA022285EFF01FA8835C53
:1074E0000403AA9C2285EFB0611FAA8D2285EFB00C
:1074F000E11F130620038145AA842285EFD0B1261F
:10750000AA89494681452285C209EFD0D12593D960
:1075100009014E95131A05014D4681452285EFD08C
:107520009124414681452A8C2285EFD0D1234E9566
:1075300013190501454681452285EFD0D1223E38F9
:10754000135A0A0113590901D297FC805E382AC2E6
:1075500013070010CA97FC811E3C93DA8A4093F708
:1075600007306390E7202C082285EFB0010BB4842C
:1075700003174401031D640156A8B485831D8401CB
:1075800037C5020076A8B4868314A401DA8516AC48
:10759000B4871305C5FE3AC436ACEF80717A8546D0
:1075A0002247E310D5C25AA8231BA401231CB4010F
:1075B00026ACD547E397FBC08317E402E38307C0FB
:1075C0008317C402E38F07BEE38D0ABE5A85EF908E
:1075D000811C831784012A8B22853EC4831D4401AC
:1075E000031D64018314A401EFF0BF99123C13182A
:1075F00005012ACA93750630130700101358084175
:10760000935B0541A2476399E5180317C4028945B6
:107610003307074105073347B7023307E040420706
:107620004183BA9D3E978317E402C20D4207B38798
:1076300077418507B3C7B70293DD0D414187B30793
:10764000F040C207C183B386A701139D0601A69728
:10765000135D0D419394070193772600C184639FC6
:10766000071A924708183AC642C44E9CBE99EF606A
:10767000E100101881452285EFA091173E38420C99
:10768000135C0C01231AF1025E3823195103832A7B
:107690008B00231BF1021C5CC20993D909019D8355
:1076A00013F617008347410423189103930C01023A
:1076B000F99BD18F2302F104BC846686D685D297CC
:1076C0002310F102BC856685CA972311F102BC869E
:1076D000B38787412312F102BC87B3873741231355
:1076E000F102EF40D016E30E05AC6A993E34420930
:1076F00013590901CA97C207C1831396070141862E
:10770000420923249B012315C102135909417634F0
:10771000224832476355C900958F2315F1028357DC
:10772000A1026E9A420AB3843441135A0A01FD172A
:10773000330C8741BE96C20413190A01420C9319F7
:1077400008012317D102C18413590941135C0C416C
:1077500093D909018317A10263CC970423245B0109
:107760008DB413970A0193960C011C084183C186BE
:107770002686EE852808EF7071625A28BC84B4858D
:10778000BA97FC847E28BE96F485B4863697F88630
:10779000B887BA97FC87E1BBBC84B886A4871D8FE5
:1077A000BC856E9742079D8CEA944187C2046DB5F3
:1077B00016345E34D296C206C18213970601418701
:1077C0002314E1026355E9009D8E2314D10203576F
:1077D00081027D17BA972316F1028317810263C0D5
:1077E00087030357A10293970B01C1833E9723158B
:1077F000E1020357E102BA972317F102A1BF5450E7
:1078000030100C185A85EF50D17183578102CE97F2
:107810002314F1028357C102CE9775BF0D8A8947A1
:10782000930444016312F6020818EF60C1131018A4
:1078300022858145EFA041705450014726860C18DF
:107840005A85EF608116B5BA8146268681455A85EC
:10785000EF50316DBDB2EF82DFB4834785042A84D7
:1078600093F7070489C7085519C1EF50E0458347CE
:1078700084042324040293F7F7FB2304F4046F80A9
:107880009FB4EF821FB22E852E84EFF0DFFC83477A
:107890008404A18B81E74850EF5000432322040267
:1078A0006F807FB2EF82FFAF2313B504EFB00111F9
:1078B0006F807FB1EF82FFAE2312B504EFB00110ED
:1078C0006F807FB08347850405479D8B639EE704E7
:1078D0004C55FD57638AF504EF82BFAC2A8483A719
:1078E00081804851F51582978347840413068402EA
:1078F00093F7070491C31054814754503307F500A0
:107900003697B306F600838606008305070014A3A6
:1079100081E92285EFF03FF4FD575CD46F80BFAA68
:10792000850793F7F70FD1BF8280EF829FA70546A7
:107930008145EFD04163420541856F80DFA8EF822A
:107940005FA6130680058145EFD0E16142054185C0
:107950006F807FA7EF82FFA4130690058145EFD0CB
:107960008160420541856F801FA6EF829FA31306A9
:1079700070058145EFD0215F6F80FFA4EF827F9F6C
:1079800079712E84039B0500494681452A89EFD0F1
:10799000815D035D240041462AC281454A85EFD0BE
:1079A000815C2C10330DAD404A85EFA0F15B035490
:1079B000C102835781024A8505041D8C832B49022D
:1079C000EFF0BFFAAA8A4A85EFF0DFF8AA894A8564
:1079D000EFF0FFF683478904420D420493D4470039
:1079E00093F70702135D0D4141842A8C839D8A0021
:1079F000858899C393E424004A85EFF01FF38967D3
:107A00009387177D6319F5008357290293F7074081
:107A100099E393E44400032649024A858145EFE057
:107A200081182A8A01480149B3883D01B3892B0195
:107A30008387090099E3CA8C91A00147A687A28693
:107A40006286D6854E8546C642C4EF70002F224816
:107A5000B30C2501B2483307B801634FA70703A74A
:107A6000418166D24C105E85029729476308E50084
:107A700033879B010307070011E3850C0947631354
:107A8000EA062687E2865686B3852C414E85EF703E
:107A900080600354C1020357810233454503050446
:107AA000198C4204418433444403098C42044184C8
:107AB000A30D010002CE639B0C0A83A7C180F2458F
:107AC0004E85829783A7C180AA84CA855E858297E6
:107AD000269545616F80BF8D46984208135808412E
:107AE0006689A9B70D470144E314EAFC2687E286BC
:107AF0005686B3852C414E85EF70E0590354C10280
:107B0000035781020504198C4DB762942295131412
:107B1000050141843A8A72474A97E37097FB7408DB
:107B200050100C104E85EF70A05391C8724713058A
:107B3000B1014E9783050700EF70C01B69FD125617
:107B400082555685EF70F023131705014187229760
:107B5000634CEB007247B306E9006387DC00B38631
:107B6000490183860600D5F252CE81BF9247014A71
:107B70008588330BFB40420B135B0B4169BF5C51A3
:107B80006387074EEF826FFF1D71FD572C081CD9CC
:107B90002A84EFA0713D0359C101BC8422850509E7
:107BA0003309F940EFF07FDCAA842285EFF09FDAF9
:107BB000AA892285EFF0BFD883478404420913596C
:107BC000094113D8470093F70702AA8A13781800CF
:107BD00099C313682800228542C6EFF01FD5896734
:107BE0009387177D32486318F5003E3093F70740BE
:107BF00099E3136848004C50CA874E87D68626867C
:107C00000808EF70E0502285EFA0D140034A8404B9
:107C10008947137A7A00631BFA16130670068145AA
:107C20002285EFD041341319050113590901631D51
:107C300009002285EFE0C115EF70C07E0D49334980
:107C400025034209135909010810EF404014FD575C
:107C5000231EF1049307C012BEC8BECCBC86B484F8
:107C6000031701018507958FC20722D0C187B78509
:107C7000000063DCE70E998FBEC222859387458B97
:107C80009385458B02DE82C03ED2EF40402279C907
:107C9000585D5C554583058BA64663D1D702BEC6A9
:107CA0008347E105F2561646F99B230FF10419C7E5
:107CB00093E72700230FF10432DEB6C21646F255D1
:107CC0004A858549EF40E021AAC4AACA0810EF40BE
:107CD0006015BC87B485031721018507958FC207FE
:107CE000C187B785000063DBE70863990908998FAE
:107CF00003978400228502DE998FBEC29387458A4E
:107D00009385458A3ED282C0EF40601A814701C9FF
:107D10008329C5035C5593D9190193F919002647A6
:107D200063D2E702BEC68347E10572579646F99BC8
:107D3000230FF1046388090093E72700230FF10460
:107D400036DEBAC21646F2554A85EF408019AAC4FB
:107D5000AACA0810EF40000D2285EFA03146256128
:107D60006F802FE50147814705BF9385458B2285AD
:107D7000EF40A005814923120404A1BF9385458AE1
:107D80002285EF40800423130404F9B70D49631ED4
:107D90002A151306500681452285EFD0C11C2A8979
:107DA0001306700681452285EFD0E11B931905016A
:107DB00093D90901639D09002285EFD0717DEF7091
:107DC0006066334545039319050193D909010810ED
:107DD000EF30F07BFD57231EF104BC86B88422D01F
:107DE0008507998F03170101C207C187378A0000F1
:107DF00063D7E70C13060002930500022685EF7097
:107E0000407813162500118D0316010193074A8B44
:107E100081453306C5404E853ED2B2C202DE82C0E5
:107E2000EF40200CAAC493054A8B2285EF4020081E
:107E3000814711C15C55630A09068327C902BEC682
:107E400083278903BECC0810EF30D07D0547BC875F
:107E5000B485031621018507958FC207C187378A2C
:107E6000000063D1C7083DEF839784003306C0400C
:107E700081451D8E4E8593074A8A3ED2B2C202DEEC
:107E800082C0EF400006AAC493054A8A2285EF40CB
:107E90000002814711C15C55630C09028327C902A6
:107EA000BEC683278903BECC6DB52647E3DDE7F860
:107EB000BEC68347E105F99B230FF10469B793051B
:107EC0004A8B2285EF30707001472312040441B7BA
:107ED0002647E3D0E7E8BEC68347E105F99B230FB9
:107EE000F10485BD93054A8A61BD8547E316FAE62C
:107EF000BC87B485031721018507958FC207C18709
:107F000063C5E700FD575CD481BD83978400E3DB44
:107F1000E7FE83A7C18148508297E375A9FE035904
:107F2000C101BC841306E00205099305E002268521
:107F30003309F940EF70E06456954209931A250021
:107F400033055541135909012A99A887BC85039720
:107F5000840005051D8D4205418193170501B30677
:107F60003701C187B3E7D702231A2101939607018E
:107F7000C18663C9E60C3A951D8D420541854C08C2
:107F8000E8832285EFF09F9F44502A892685EF20C1
:107F9000723783A781802A8BCA85268582972AD04B
:107FA00082594850138A390063614B0B914A8144CE
:107FB0008D4C4850025783A781813A958297AA94A5
:107FC00083A70181485093F4F40F0C10829763E863
:107FD0009C0082576365FB00FD1AE39C0AFC4C5031
:107FE0002285CE952EC6EFF01F879147B24563F4E8
:107FF000970613851400EF40F07F08D4E30E05D4F4
:10800000B2452686EF40F0540854AA942380040019
:108010008347840493E707042304F4045C501307A4
:10802000E0020D09CE9798A35C50CE9798B35C50B0
:10803000BE992381E9005C50D29723800700232654
:10804000240319BB3305354105BF83A741810C10BB
:108050007D198297B1B7834784042686130584026D
:1080600093F7F7FB2304F404EF40B04E45BF828042
:10807000EF828FB137C50200397113058500AE84D8
:10808000EF80014C85476311F5042685EF80416739
:108090002A892685EF8041669307A0022A84631807
:1080A000F900EFF03F822285EFF07FAD31A8CD4798
:1080B000631FF900EFF07F8B8315850091472685BC
:1080C000B3C5F502EF80416E21616F802FAF93073A
:1080D0009002E308F9FC9307C0026312F90AEFF07B
:1080E000DF88AA892285EFF09F852A8A2285EFF012
:1080F0007F8683478404AA8A13D9470093F707022F
:108100001379190099C3136929002285EFA0015F33
:108110002285EFF09F8189671387177D6317E5003C
:108120003630FD1793F6064089C62285EFA0015D23
:10813000AA874C505687D2864E864A880810EF6030
:10814000307D2685EF80415C1A218357010293160A
:108150000701139607014186C1866353D600BA878B
:108160001EA13A2183572102931607011396070196
:108170004186C1866353D600BA873EA1B1B7D547C1
:10818000E314F9F42685EF8021572A842685EF80B1
:108190008160AA840C082285EFA0015D83478404D6
:1081A00013D9470093F707021379190099C313698C
:1081B00029002285EFF06FF789679387177D631891
:1081C000F5003E3093F7074099E313694900081022
:1081D000EF5061798357440410108145231BF1024D
:1081E000835764042285A30E2103231CF102EF9020
:1081F000B1548347C10381E78547230EF102545CE4
:108200003840C16736D23AD4FD17638CF602630A50
:10821000F70213065005B70504002285EFC0B154DC
:108220002A86B70504002285EFD0A1722317A10288
:1082300013060002B70504002285EFC0D1522318AF
:10824000A102834784040947998B6392E70483471B
:10825000C1038549F91793F7F70F63EAF90203178A
:1082600021038316410302564C508967FD174A8843
:108270002808EF60F069BC82B8808507998F0317E2
:108280008101C207C18763D4E700230E310383470E
:1082900084040D4781499D8B638EE700BC83B881C0
:1082A0008507998FC207C1871307F03F6354F70012
:1082B0009309040390440C082808EF305059E30553
:1082C00005E0834784049D8B91EF2285EFB0710A0E
:1082D0003306A0404206418681450808EF3010551C
:1082E0003E2CFC838347840409475450998B639D3B
:1082F000E70C03AA84003C089CC44E8710080C10AD
:108300002685EF50816A23A444013C0803AA840017
:108310009CC4834784040D479D8B6394E70A03172D
:1083200021038316410302564C508967FD174A8882
:108330006800EF60F05DB882B4808317C100050764
:10834000158F420741876351F704035944040255CE
:1083500013060002CA979305000213990701EF70F4
:1083600040228D473305F502545083576404135956
:1083700009014E8710080C10231CF1022A9926854A
:10838000231B2103EF506162BC83B4810317E1001A
:108390008507958FC207C18763D5E70283574404D9
:1083A00054501008231BF10282570C1026859E277B
:1083B0003E97835764043E97231CE1024E87EF509B
:1083C000C15E23A4440109B34E8710080C10268512
:1083D000EF50A15D1DBFEF72DFFCAA8537C502001B
:1083E00013058500EF90815D2A84EF9061712285ED
:1083F0006F707FFDEF72FFFA2A842E89EFA0015C77
:108400004450631309002689639624038347840438
:10841000A18B9DEB2685EF20E26E93051500268546
:10842000EF40304019C548D02285EFF04FF56F700E
:108430009FF901A091C883478404A18B91E7268509
:10844000EF409008232204024A85EF20A26B050525
:10845000EF40503A48D011E101A0CA85EF2082696F
:1084600083478404DD9B2304F4047DBF397106CE69
:1084700022CC26CA32D436D63AD83EDA42DC46DEA0
:1084800091E101A02A84AE84EFA04153485009C96C
:1084900083478404A18B89E7EF4010032322040261
:1084A0002C1026852EC6EF6090378347840448D071
:1084B0002285DD9B2304F404EFF06FECF24062446C
:1084C000D24421618280EF72DFED83478504411140
:1084D0002A84A18B89EB485119C52EC6EF40C07E76
:1084E000B2452322040281C9834784044CD093E718
:1084F00087002304F4042285EFF06FE841016F70D8
:108500009FECEF721FEAAE84B78500009385458B20
:108510002A84EF30900BB78500009385458A228529
:10852000EF30B00A9387E4FF93B7370013975700F3
:10853000834784042322040493F7F7FDD98F23048F
:10854000F40405479D8B6399E7005854FD57630574
:10855000F7002285EFF00FB7834584049D882285BC
:10856000E199C58D2304B404EFF06FE16F70BFE5AE
:10857000EF723FE3FD57DCD59CD9C167FD17DCDD09
:10858000BCC183C785042E84228593F707FA238410
:10859000F50423A2050223A4050223AA050223ACA5
:1085A000050223A205048945EF80117022858145CB
:1085B000EFF03FF5B7C50200938545022285EFF045
:1085C0007FE36F705FE0EF72DFDD4CDDEFA0013F16
:1085D0006F707FDFEF72FFDC2CC1EFA0213E6F7068
:1085E0009FDE4851828011E201A0EF729FD883295B
:1085F000450201113289AE8C4E868145AA84EFD0A6
:10860000815A838709002A848DEF23110900894745
:108610006303F5028D47630AF50085476314F5008F
:108620002310090005616F709FD82685EFA0010D0A
:108630002310A900C5BF2685EFA0410C3345850254
:10864000C5BF2C082685EFA02112835AC101BC8426
:108650002685850AB38AFA40EFF02FB1AA8B2685CA
:10866000EFF04FAF2A8D2685EFF06FAD83C78404FE
:10867000C20A93DA0A4193DD470093F707022A8C76
:10868000039B8B0093FD1D0099C393ED2D00268560
:10869000EFF0AFA989679387177D6318F500BE30A7
:1086A00093F7074099E393ED4D0083A78180E6851A
:1086B0004E858297AA888144014A3303AB013385F2
:1086C000490183070500D1EF528863840802B3870C
:1086D00019010387F7FFA9466305D700B546631A5A
:1086E000D7008387070091E76A9BDA94C204C184AC
:1086F000468AD2996E87E2865E86B38548414E856A
:1087000042C4EF605019AA8A224863089A01B3074D
:108710008501939A070193DA0A418947631CF4069D
:108720006E87E2865E86B30548414E85EF60B016DF
:10873000BC86B884334585028507998FC207C187F7
:10874000B3C7870242054185C207C187898FD69783
:10875000939A070193DA0A412310590123119900D2
:10876000D1B5EE870147D6866286DE8546C41AC635
:10877000EF60A05CA2483308AA00E3E808F5B387DD
:10878000090183870700B1D33243428A9A94C20415
:10879000C18435B78D47E311F4FC6E87E2865E86AF
:1087A000B30548414E85EF60100FB886BC840507BD
:1087B0001D8F420741873305A740B307550149BFC5
:1087C00091E101A0EF72FFBDEFF04F9B6F70BFBF53
:1087D00091E101A0EF72FFB97971AE892C102A8462
:1087E000EF909178835CC102835781022285850CCA
:1087F000B38CFC40832A4402EFF02F972A8A22850B
:10880000EFF04F952A8C2285EFF06F9350502A8914
:1088100081452285031D8A00EFD0E1388347840417
:10882000C20C93DC0C4193DB470093F707022A8BC1
:1088300093FB1B0099C393EB2B002285EFF0EF8E87
:1088400089679387177D6318F5003E3093F70740DB
:1088500099E393EB4B000144814433088D013DA023
:10886000DE870147E6864A86D2856E8542C6EF607E
:10887000C04C03972900B307A401338CA40063DD27
:10888000E7003248E284429442044184B38D9A0066
:1088900083870D00F1F7268C89476318FB065E87F6
:1088A000CA865286B3059C406E85EF60C07E035435
:1088B000C102835781023345650305041D8C4204C0
:1088C000418433446403098C42044184A30D0100B4
:1088D00026CE02D002D2014B63190C0A12568255E1
:1088E0005285EF60104A03970900B3062B41AA870F
:1088F00001456349D7003E9905095A993329E90092
:108900001345190045616F709FAA8D470144E31F0D
:10891000FBFA5E87CA865286B3059C406E85EF607F
:1089200080770354C1028357810205041D8C61BF07
:10893000F2471305B101D69783850700EF60803BAE
:1089400001CDF247E36CFCF8740850100C1056850A
:10895000EF600071E39E0BFC125682555285EF606A
:108960005042229542054181039709009317050162
:10897000C1876355F70026CE228B8DB74A95228B8F
:1089800013140501F24441846DBF7D1C93FB1B0051
:108990004DBF485D82802841828011E201A0EF72C4
:1089A000BF9E834785042A84A18BA1EB3289AE84C4
:1089B000EFA0C100032A44025285EF20A214AA8925
:1089C0004A85EF202214B385A90085055285EF4022
:1089D000406548D011E101A0C167FD176396F4001E
:1089E00083A7C1818297AA844850A6854A86EF60F2
:1089F000A05781452285EFF0FF9F6F703F9CEF727B
:108A00005F9A83C7A5022E8523940502F99B2385CF
:108A1000F50223A205028945EF8011296F70BF9AE4
:108A2000EF729F9637C5020001111305C502AE848F
:108A3000EF7011318547631DF5022685EF70514CAB
:108A40002A892685EF70514BCD472A846315F90298
:108A5000130690048145EFC00151131405012685CA
:108A6000EF70914A83170500418463D3870002A108
:108A700005616F70BF949307C002631DF9061E3530
:108A8000E5DB5C51F5D72685EF7011481234AA89D1
:108A90008147014981441397070141836361C702FC
:108AA0001306900481452285EFC0E14B42054181C8
:108AB000AA944A95239099002391A90055BF545038
:108AC000139727003697162393950601C18563D324
:108AD0009500A6863A2393940601C1849316070154
:108AE000C18663D326014A87131907011359094127
:108AF000850755B7D547E31DF9F62685EF70B149CF
:108B00001E34AA8AB5D75C50A5D76C002285EF9099
:108B1000D1308359C1002285EFA0917E2487B3898B
:108B2000A9402285EFB04101898C2285EF90113C4C
:108B3000C2042A8AC1804808EF50413D269AC209E2
:108B4000500881452285420A93D90901EF90415589
:108B50000149135A0A011E34FD17E35BF9F05C501A
:108B6000131729003386E70016221107BA97CE960D
:108B700074829A238346A4024E977884858A3A2287
:108B800095E626977883BE23A697340050004C08BC
:108B900056857C85EF5041398347D101050942094B
:108BA000ED9BA30EF1001359090175B73307EA4095
:108BB0007883BE23B307FA40C9BFEF728FFEC205A8
:108BC000C185EF90B10A6F701F80EF728FFD1306A1
:108BD0007005EFC041396F700FFFEF728FFC814558
:108BE000EFD001206F702FFEEF72AFFB13069005E0
:108BF0008145EFC04137420541856F70CFFCEF7270
:108C0000AFF84111AE8981452A89EFF01FFCB70505
:108C100004002A844A85EFF05FFB83148400031468
:108C20008500094A4A852694EFF01FFC334444032B
:108C3000835469012A944A85EF90512B33454503AB
:108C4000420441802C00269593140401C184B3C4CE
:108C50004403058D420541812A942391A900239361
:108C600089004A85EF90711B3C842390F9003C8673
:108C70002392F90041016F706FF48347A502858B41
:108C8000A5CFEF726FF05E311D467A3133D6C70241
:108C90008D4681452A843377C702B306D602C206C1
:108CA000C182369793170701C1837EB1B3F7C7021C
:108CB000B6971EB5EFF07FF1AA842285EFF0DFF2C0
:108CC000AA89228503998400EF90B126AA8422857F
:108CD000EFF0BFF08947B3C5F4026630B347F9023D
:108CE0004E99330999029D8DB3852541C205C185F1
:108CF000EF90C1776F708FEC8280EF728FEA08413E
:108D0000EFD0610DEFF07FF76F70EFEBEF72EFE6F2
:108D100039712A892E8AEFF05FEC61C52A84EFF061
:108D20005F8C2A8681452285EFC0F1678947AA8931
:108D3000630AF5008D476309F50A85476314F50258
:108D4000814531A84A85EF90711BAA842285EF9056
:108D5000F1183385A440B3453503C205C18522858A
:108D6000EF90816D81454A85EFF03FE6AA844A8500
:108D7000EFF09FE7AA8B4A8583998400EF90711BDF
:108D8000AA841306600681454A85EFC0C11D131BE6
:108D90000501AA8A135B0B0163040A0063150B002B
:108DA0004A85EFF09FED8947B3C4F402B3C7F902D7
:108DB000DE999D8C8357690237990000B389F902C7
:108DC000B3843441C204C18463040A0063180B02F3
:108DD0009305A9BB2285EF20507FA6852285EF90C1
:108DE000E16821616F70EFDC4A85EF903111AA8450
:108DF0002285EF90B10EB385A44085B70A85EF2098
:108E000010791309A9BB228522C04AC2EF90F1064E
:108E1000B79700009387A7CF3EC6C20AB7C7000026
:108E20002ACE2AD093DA0A01938747F00A8526D200
:108E300056D43ECCEF20107F6DB7EF720FD44111A6
:108E40002A842E8A32C6EFF05FD93246AA892322BD
:108E50000402231404025287A9455E3083060700EA
:108E60008507C207C18385E65EB08347A4020DE68D
:108E7000F99B2305F402D2854E85EFF0AFD77E3003
:108E80004E851EB4EF90E14D41016F708FD2639318
:108E9000B6005EB00507D1B793E717002305F402CB
:108EA0005285EF103246930B15009D44B3849B020C
:108EB0001D49294C2685EF40001AAA8A330B7501FB
:108EC00033057B41D2857D19EF10D2421379F90F1A
:108ED000A30F8BFF5E9BE31509FED694D6854E85C6
:108EE000A38F04FEEFF00FD15685EF3010605E3097
:108EF0000D4722853387E7027AB01D47B387E70223
:108F00005EB0EFF09FD7A5BFEF72AFC983C7A502D0
:108F10002E842285F99B2385F50223A20502239442
:108F20000502C145EF804158228593050020EF805E
:108F3000A15737C50200A28513054509EF80112806
:108F4000EF80113CB7C50200014693854506228596
:108F5000EFF0BFEE6F702FC7EF72AFC40111AA849C
:108F6000EFF0BFC729C52A84B70504002685EFF0B6
:108F7000DFC513068005B70504002A892685EFB0F2
:108F8000917E93160501C186228536C6EFF06FE506
:108F9000B2468967AA8501486808FD1701474A86D5
:108FA000EF6000170315C10105616F70CFC1014566
:108FB000E5BFEF726FBD39712E852E84EF7041745D
:108FC000D547AA84631FF5022285EF70E172CD4771
:108FD0002A896395F4042285EF700173AA844A8577
:108FE000EFC0715FEFF05FF72A844A85EF90016F61
:108FF000839704003305A4406353F5003E858AA09F
:1090000019A837C50200A28513054509EF70415321
:109010008547E30BF5FA21616F704FBA9307900211
:109020006398F400EFC0315B8145EFF03FCEE5B7C8
:10903000D547E392F4FE2285EF70016CAA84EFC05D
:1090400091592A890810EF401112101081454A8564
:10905000EF80916E2285EF70017483298500130AD9
:1090600081002A8413064901CE855285EF20307E87
:109070005DD10C084A8523244401EFF05FB8839743
:109080008401D8480C44FC86BC81300832853ACC37
:10909000FC87EF20D07B15C13C080329840026857E
:1090A0001CC4EFF00FD4AA860147138644010C10AC
:1090B0002285EF40910F23242401DE280C44300840
:1090C000FC84BC833285FC859C4C3ECEEF203078FE
:1090D00011CD3C081CC42685EFF0AFD0AA8601470D
:1090E000138644010C102285EF40310C23243401F7
:1090F0001DB7EF720FAB0347A502AE8703534502BE
:10910000058B31CF9D46B356D3028358650263F871
:10911000D50433D7D8022E8E3387E6024207418327
:10912000B388E840C20893D808011398080113587F
:1091300008413308B840935EF84133C80E01330844
:10914000D84193D5160063F80501338ED74063F4F8
:109150001701338ED700B307C701C207C18363E687
:1091600067009307F3FFC207C1837EB11EB5B285C6
:10917000EFF0DFB96F702FA5EF722FA037C5020097
:109180005971130585042E89EF70813B854763175C
:10919000F502AA894A85EF70A156AA844A85EF7024
:1091A000A1559307C0022A84639DF4004A85EF709D
:1091B000A155AA842285EFF03FDA8AA065616F701D
:1091C0004F9F9307A0026390F402EFF01FA111C517
:1091D00001469305A002EF70814E2285EF908163D6
:1091E0008145228531A0930790026396F400814562
:1091F000EFF0DFB1E1B7639034038347A502F59B3D
:109200002305F502EFF07F9DB79500009385A5BB80
:10921000EF20B03B65B78947639FF402EF70F10C14
:109220002C18EF70711F8317A103C9DB2285EFF0A3
:10923000DF9AAA84EF9061448355A103AA95C205E1
:10924000C1852685EF9081228347A40293E72700FA
:109250002305F402A5B7A1476385F4008D47639603
:10926000F4142285EFF07F97AA8929D9EF70F107CE
:10927000AA8AEF70F1079307E5FFF59B8DE37E3037
:109280001EB49147631DF5002285EF80812EAA84CC
:10929000EF70D10409C581452685EF70417F568561
:1092A000EF70110585476319F5068347A402898B82
:1092B000D1C381452285EFF05F91AA842285EFF02A
:1092C000BF9286240319A4018947AA94139A040122
:1092D00083146401B1455685330999403349F90235
:1092E000135A0A41269983D46901EF705116420935
:1092F000AA94C20413590941C184B3049940B3C468
:10930000440363D3040081445E3063C4F400938457
:10931000F7FFC204C1848DA05685EF70617D8D4733
:10932000E305F5F87E303018F14522853EDCEF701C
:10933000013969B556850C18EF70310803D76901FA
:10934000835721030C184E85998F2319F10203D7F7
:1093500049018357010301498144998F2318F10280
:10936000EFF00FC62A8A4E85EFF0AFA7AA8A02DC7B
:109370008149A94B631C2A01E3C604FA93950401B1
:109380000546C1812285EFF0DFD669BF83A7018141
:109390002C18568582976317750163053A01850479
:1093A000C204C184E2590509F1B7B9476399F402CF
:1093B000EF80211CEF708172AA84EF700173EF704F
:1093C00021739147631AF5007E3081E81A34E30770
:1093D000F7DE7AB0854531B57E301EB4C5B3BD47E2
:1093E0006398F4001E357A31E30AF7DC7EB1DDB70D
:1093F000B5476398F4044A85EF700131830705008F
:1094000085461387E7FE1377F70F63E0E6026E30B9
:109410005E308505E3D4F5DA0634C2050546C18120
:109420002285EFF01FCD06B451BB51476385E7009D
:109430004547E395E7D86E30E38205D80634FD153D
:10944000E9BFCD476397F400EFF02FF9EF8071711A
:10945000B5B3D5476385F400E147E391F4D64A8577
:10946000EF70012A2A844A85EF700129D547AA8422
:109470006319F4024A85EF7001320C182A8426859C
:10948000EFF0EFF72818EF50B14C30182685B705EC
:109490000400EF80A17410182C182285EF50915011
:1094A00031BBE147E31CF4D04A85EF70C12E2A8915
:1094B0002818EF40414B3018B70504002685EF808F
:1094C000B1270C102685EFF08FF3832589009309CF
:1094D000810210104E85EF209037E30105CE2685DE
:1094E000EFF0AFEFAA8AEFF0CF8F62568316C10478
:1094F0000317A1042AC6268532C436C23AC0EF90AB
:10950000E11D924602472246B2450948AA876808EB
:10951000EF5010402685EF90611D094B33456503E0
:109520008397640103946A01131A0501135A0A41CF
:10953000D2971D8C5685EF90611B3A043344A402E8
:1095400081452685EFF06FE8E25703178500039504
:10955000640183978700130620032A9A998F814517
:10956000268533C76703BC87998FC207C1873384B9
:109570008702FC8739845294198CEFB0D11E2A8A55
:10958000494681452685EFB0111E4D4681452A8BFF
:109590002685EFB0511D93170A01C1833E953E9B6E
:1095A0009E2CDA2823198102898F231AF102BC87A5
:1095B0003A9B231861033E9483475105231B810284
:1095C000568593E72700A30AF10403248900232486
:1095D0003901EFF00F81AA86014710182C184A852F
:1095E000EF40A13C23248900D1BEEF629FDBEFB0A6
:1095F0004FE68547630AF500094789476303E5009D
:1096000081473E856F603FDC8547E5BFEF627FD9CC
:1096100083C745072E8423A80506F19B238AF506F8
:10962000228593050030EF703168C1452285EF70C7
:10963000B1670145EF50105FF547854563DCA70032
:109640000145EF50305E9305A5005145B3C5A50215
:10965000C205C1852285EF90017F6F60DFD6EF6282
:10966000BFD2935716407D162E844206939507016C
:10967000AA84C1814182C5C21A20831765010D8F5A
:1096800042073EA08317A50141831AA032975AA032
:109690007EA04946B70503002685EFB0D10C2A8A83
:1096A0004D46B70503002685EFB0F10B2A8B4146E6
:1096B000B70503002685EFB0110BAA894546B7050B
:1096C00003002685EFB0310AAA8A2946B7050300B0
:1096D0002685EFB051092A892D46B7050300268556
:1096E000EFB071081A2093170901C1833E9A33071E
:1096F00047411AA05A20DA974205BA975EA03E2049
:109700004181AA99B38737413EA07E2056953E9568
:109710006AA06F60BFCA3E208D8FC207C1833EA082
:10972000B2977EA0831745011EA0831785015EA016
:109730008DB7EF629FC437CA0200317113050A0B5F
:10974000AE89EF60F15F85476318F50AAA8A4E85F6
:10975000EF60117B2A894E85EF60117A2A84EFF041
:10976000DFE8C547AA84631CF9084E85EF60D1790C
:109770001C442A89814999C38399470183578406E8
:109780004E86CE85231CF1068357A406A818231DF8
:10979000F1068357C406231EF1068357E406231FF0
:1097A000F106EF209006832509000146A818EF2056
:1097B000D0192302A90029E18947639FF402835746
:1097C00004064E86CE85231CF10683572406A8186E
:1097D000231DF10683574406231EF10683576406B2
:1097E000231FF106EF207002832509000146A81807
:1097F000EF20B0152302A90029616F609FBB631899
:1098000059152285EF90811B8347440793E7170082
:10981000230AF40663659900930744025DA889470B
:10982000E39CF4FCEF70612CAC18EF7001392285D9
:10983000EF80D16A2A8A2285EF80516BAA891306AC
:10984000B00681452285EFB00172634C3A09137569
:10985000F50F83168107630425078317C406E3CD3C
:10986000D7FA8317040663C4F606831704060317A2
:1098700044068945031684061D8F3347B7023E9779
:10988000158F9357F7413D8F1D8F8317C4064207ED
:109890004187918FB3C7B702B297958F93D6F7419F
:1098A000B58F958FC207C1878346440763D5E7020A
:1098B000930744023CD8F59A230AD40635BF831790
:1098C0008406E3CBF6F483174406E3D0D7FA930774
:1098D00004033CD815B7930704033CD893E626004D
:1098E000E1BF8316A1070316A406E3C7C6F2031758
:1098F0006406E34ED7FC831524060315E406B3077C
:10990000B740B3C79702118D33459502AE97958F37
:1099100013D7F741B98F998FC207C1873295158D3B
:109920001357F541398D198D420541850347440789
:109930006359F500930744023CD8759B230AE4065B
:1099400065BD930704033CD813672700C5BF89474B
:109950006315F9123C58E38107EAEF700119AA84F4
:10996000EF7001192A8BE31955E92685AC18EF70C1
:10997000C12448541C543309F5402285EF80115608
:10998000AA842285EF80915663C5A40A4946814581
:109990002285EFB0415D4D468145AA892285EFB011
:1099A000815C2A8A2285EF807153B3844901B30414
:1099B00095401306B00681452285EFB0C15AC20416
:1099C0001375F50FC18483178107631B65050315A4
:1099D0008401420A135A0A41330A4541B307FA4047
:1099E0003305F902334595021C54130704033E95D1
:1099F0003C586391E7081854545063D3A600368549
:109A00006353E5003A859843E308E5DE88C3228581
:109A1000EF80D17A0146F1452285EF60514AE9BBDA
:109A200003154401C20993D90941AA99B387374163
:109A300045BF414681452285EFB0E152AA8945469E
:109A400081452285EFB02152AA842285EF80114AF8
:109A50008317A401139704014187BA970317A1073D
:109A6000CE94058D998FB38727034205418533C571
:109A7000A7029DBF5454185849B7A1476305F90080
:109A80008D476314F906834744072285232804067B
:109A9000F99B230AF406EF8071722285EF70712D15
:109AA000AA84EF70A1032A89EF702104EF704104AA
:109AB0009147E313F5D4E30109D42285EFF0FFB217
:109AC0008947631FF5008347440713F7270011E711
:109AD00093E72700230AF40605B3F59B230AF4064F
:109AE00081452685EF60B17A01BBB947631EF90055
:109AF000EF60B17FEF60D17F79157599E31E05CED8
:109B000083474407F59BF9B7930790026316F90062
:109B10002285EF801105CDB1CD47631EF91049466E
:109B2000B70503002285EFB00144931B05014D46A4
:109B3000B70503002285EFB00143131C0501414620
:109B4000B70503002285EFB00142131B050145460E
:109B5000B70503002285EFB00141931A050139468C
:109B6000B70503002285EFB00140131A050129460D
:109B7000B70503002285EFB0013F2D46B70503006E
:109B8000931405012285EFB0013E13190501C1842C
:109B90002285EF80B134860413590941B30C950036
:109BA0002285EF80B13406094A9593DB0B41135CA3
:109BB0000C41135B0B4193DA0A41135A0A4163D4F7
:109BC000AC062285EF809131AA948584C204B70542
:109BD00003002285EF8061642A844E85EF60D132D4
:109BE000C184E28763537C01DE87139707014187B5
:109BF00063536701DA87139707014187635357015E
:109C0000D687B384440389071621A29713960601C9
:109C10004186A184A6973E87C207C18763D3C70048
:109C200036871AA1D1BE2285EF80512C4A95058531
:109C30009314050169BFB5476319F9064E85EF60B6
:109C4000B12C83070500454793F6D7FF6399E602D9
:109C5000834744072285898B91EBEFA09FFC054643
:109C6000930515002285EFA0DFEA6DB3EFA07FFC1E
:109C70000546930515002285EFA01FF561BBB917B6
:109C800093F7D70FE39A07B6834744072285898B5A
:109C900099E7EFA01FF905469305F5FFE1B7EFA09F
:109CA0005FF905469305F5FFF9B7D547E316F9B413
:109CB0004E85EF6071242A844E85EF60D12D130606
:109CC000B0068145AA842285EFB0E129137CF50F07
:109CD0002285EF80B120AA8B2285EF80312133A924
:109CE000AB002A8B1349190063CEAB082285EF80A5
:109CF000F11F8547AA8A6314FC08831744037C80FC
:109D00002800EF50E1443000B70503002285EF70D2
:109D1000F16CCA8656868A852285EFF05F943C8076
:109D2000A685A8182314F4063C8193098406130A17
:109D30000A0B2315F4063C822316F4063C832317F2
:109D4000F406EF80C15FB70703003ED722853C00D1
:109D50003EC5D2DE02C102D94EC3EFF01F8989474A
:109D6000630EF504B018E9452285EF6051154E8663
:109D70002C002685EF500143B018ED4571B98317CB
:109D80008403B5BF8347C405054781498D8B63991B
:109D9000E7001C5463D607008329C402B3293001AD
:109DA0002285EF80B113AA8A638809005C5063D5CD
:109DB00007003E3C7C81A9B77E38EDBF13068003C7
:109DC0002C008800EF20F078B018E9452285EF607C
:109DD000110F4E862C002685EF50C13CB018ED4582
:109DE0002285EF60D10D63C26B078547631CFC04BD
:109DF000831744037C80CA8656868A852285EFF0C5
:109E00001F863C80130680038C002310F4063C81DF
:109E10002800130904062311F4063C822312F406D9
:109E20003C832313F406EF20D07285473800B01826
:109E3000E94522853EC14AC33AC53ED9EF603108A3
:109E40004A863DB78317840375B73E3C7C8165B76E
:109E5000EF622FD50841FD575CD1EF8031366F603E
:109E60008FD6EF620FD44CD1EF8051356F60AFD5F4
:109E7000EF622FD32E858145EF1030756F60AFD420
:109E8000EF622FD22E84FD57DCD12285C145EF70C1
:109E9000A1612285A145EF70E1599305004022851B
:109EA000EF7041596F602FD2EF620FCE37C50200BD
:109EB00075711305C50C2E89EF6081688547631C99
:109EC000F50C4A85EF60D1032A844A85EF60D10200
:109ED000CD47AA84631AF40C4946B7050300EFB0D6
:109EE0008108931A05014D46B70503002685EFB09A
:109EF0008107131B05014146B70503002685EFB016
:109F00008106131A05014546B70503002685EFB003
:109F1000810593190501B70503002685135B0B41E5
:109F2000EF80A12F93DA0A41135A0A4193D90941CC
:109F3000DA8763535B01D687139707014187635321
:109F40004701D28713970701418763533701CE87B3
:109F50008907AA974A8513940701EF60E17A1E21C9
:109F600041801317040193960701C18641872A890E
:109F700063D3E600A287139407012310F900B70505
:109F8000020026854184EF8041296359850003152D
:109F900009002310A90049616F604FC2B705020094
:109FA0002685EF808127F5B7F1476311F408130682
:109FB00060068145EFA0317BAA892DC12685EF700F
:109FC000015BC0500589FD57131985006316F40025
:109FD00031C913090010014481452685EF10F05E58
:109FE0008808EF10D05AB7A70000938727E6BECAAB
:109FF000B7A70000938707E5A2D6A2D8330424416F
:10A00000BECE9357F4413D8C1D8C33043403880835
:10A01000A6C8CADA2180A2DCEF10D0602685EF80C6
:10A02000F11995BF0149130400107DB7D547E3141A
:10A03000F4F64A85EF60416C2A844A85EF60A17589
:10A040002A8A494681452285EFA0F171AA844D46AE
:10A0500081452285EFA03171AA894146814522853B
:10A06000EFA071702A89814545462285EFA0B16F26
:10A070008317A401522803176401831684013385D2
:10A08000A7404A97B3863641B294688728087885F6
:10A0900074866484EF50C10B3008B7050200228536
:10A0A000EF70D13330002C085285EF50A10F22857C
:10A0B000EF80C163062C931905010359440193D91C
:10A0C0000901B38434418504B38424411399040104
:10A0D0005C5013590901931409017D57C184638CA5
:10A0E000E70AB384F40293070010B3C4F402C20475
:10A0F000C1841306B00681452285EFA0D166137591
:10A10000F50F85476316F500B3049940C204C18476
:10A110005E284946B7050300BE947E28C204C1806C
:10A12000FC813E2CE4802285CE94FC83E482EFA067
:10A130009163AA894D46B70503002285EFA0B1625D
:10A14000AA844146B70503002285EFA0D1612A8980
:10A150004546B70503002285EFA0F160BC82B880B8
:10A16000BE94BC8133073741F880B3872741FC8117
:10A17000BC83E4823E95E8838808EF40717D9008B7
:10A180002285B7050300EF70712510088C085285F1
:10A19000EF50410109B52285EF70613D058931F924
:10A1A000814481BFEF62EF9F4946EFA0D15B42053A
:10A1B00041856F604FA1EF62CF9E4D46EFA0B15A2F
:10A1C000420541856F602FA0EF62AF9D4146EFA031
:10A1D0009159420541856F600F9FEF628F998359B6
:10A1E00045020111831B0106B38935030226B38A98
:10A1F0007801C20A93DA0A0156944204BA8C2A8A78
:10A20000328BC20993D90901368C4184CE8401472F
:10A21000338D070183564A02B387D90063C6F40021
:10A22000228505616F60AF9803258A029397240009
:10A23000AA978C438DCD03280A0393171700814DED
:10A24000C297839707001386F6FF3309B701634768
:10A25000C9029421898AA9CA83178B00B386170182
:10A26000DE966356D4003384FA00420441848504A8
:10A270000507C2044207C180418369BFB3869D00C0
:10A280008A06AA969442F1D69422858AF9D20509C3
:10A290000609429983560900850DC20DB697C2077B
:10A2A000C18793DD0D0155B7B387A741C207C187A9
:10A2B00001486687E2865A868505680846C6EF40EB
:10A2C00030658317E101B248C697DE9763D38700F4
:10A2D000A287EE9413940701C20413170901418465
:10A2E000C180418369B7EF62CF8B2E8481445E3099
:10A2F0007A300854B387E70263CFF40019C1EF2026
:10A30000B01C485419C1EF20301C085819C1EF2067
:10A31000B01B6F604F8B139924004A95084119C5F3
:10A32000EF20901A1C54CA9723A007008504C2048A
:10A33000C18075BFEF62EF86C1678507DCD1094533
:10A340002E84EF20304B08D86A300605EF20904A63
:10A35000185848D4930720081EA31EA16E305E3003
:10A360000854B385F5028A05EF20B04B08D42320AA
:10A3700005006F604F85EF52DFFF0D712A84EF609B
:10A38000A137AA8C2285EF60014110452A8493856C
:10A390004C018800EF10B04B630805141C441306F1
:10A3A000200381453ECC9C001CC46685EFA0B13BD8
:10A3B0002A8981456685EFF03FE145462AC28145FD
:10A3C0006685EFA0513A93170501C18781456685DF
:10A3D0003ECEEFF03FDD81452A8D6685EFF0BFDD93
:10A3E00083D70C0203A70C02AA8D3EC4B707FBFF5C
:10A3F000F98F37070400D98F23A0FC022811EF4002
:10A4000031553011B70505006685EF70217DA81024
:10A41000EF306155B010B70505006685EF70D1319A
:10A42000A247668542092390FC0283D72C0283D47D
:10A430006C0113590901ED9B2391FC02EF90C16F50
:10A440009307F9FFC207C1833EC6BE949247930AA1
:10A45000010E130B8108BE94898C66852317910425
:10A46000EF90016AAA891306B00681456685EFA0C0
:10A47000912F137CF50FA285280AEF70516CB70756
:10A4800005002326F114B7C702009387870E232EF9
:10A49000F11093970901C1833EC89347F9FF232028
:10A4A00001122324511323266113014A81443ED013
:10A4B00083D76C0263F8F40283A7CC0213971400CD
:10A4C000BA97839607000357E1049307170036975E
:10A4D000C2072317E10403176104C1872315F104A0
:10A4E0006357F700E2471CC435616F505FEC854746
:10A4F000631BFC02025783D78C01BA974247B3878C
:10A50000B741998F2314F1048947B3C7F602014973
:10A51000C207C1833ECA83D64C026360D902850458
:10A52000C204C18071B7324783D74C01BA97424702
:10A53000EA97998F2316F104C1BF03A68C02931BDF
:10A540002A0002C0B30776019C4399C39C233EC0F6
:10A5500083A50C03931719000547AE97631EEC16ED
:10A56000035781041305F7FF2316A1049E231D8FB3
:10A570002314E104FD1681473387270193891700CF
:10A580006347D716C20993D909010316E10483175B
:10A5900021044E9A420A135A0A016344F62EAE472A
:10A5A000831581048316A1040315C104E583FD8B83
:10A5B0002318B1042319D104231AA104231BC104B5
:10A5C00013F7470011CF03974C016A97635AB700FE
:10A5D0000317810C094833470703998D2318B104E9
:10A5E00013F7270019CF03976C0192452E97635AF2
:10A5F000D7000317810C89453347B702998E231979
:10A60000D10413F7870015C383968C01B386B64136
:10A61000FD16635CD5008316810C094733C7E6023B
:10A62000858A36972A97231AE104858B95C3039769
:10A63000AC01F2471D8F7D17635CE6000317810CA8
:10A640008947B347F702058BBA97B297231BF104EA
:10A6500083D76C03639F970C83D74C03639B270DB1
:10A6600003D70C0293060002930700021376070635
:10A670006303D60081479376270099C293E72700AA
:10A680009376470099C293E74700218B55C393E720
:10A6900087002390FC0283D72C02568593E747005E
:10A6A0002391FC02EF40D12A5A85EF30C12B568608
:10A6B000B70505006685EF7061525A86B70505003B
:10A6C0006685EF707107A2472390FC0283D72C02A6
:10A6D000ED9B2391FC0295A80357C10413051700B5
:10A6E0002314A1049E233E972316E10461B5D2975B
:10A6F0008A07B2979C43E38707E89C23858BE38313
:10A7000007E8050706072E971E230547631CEC0084
:10A7100003578104B307F7402314F1049397090109
:10A72000C18399BD0357C104BA972316F104FDB73D
:10A73000ADF3130680032C115685EF2080611306BC
:10A740000002AC105A85EF20C0609C082322F11251
:10A7500083D74C02300AE945B38797026685CA97CA
:10A760002328F114EF50B1759008D6852285EF406B
:10A77000712383A78C02DE979C43638F070EB70576
:10A7800005006685EFF01FA22AD6B705050066858D
:10A79000EFF07FA22AD4B70505006685EFF0DFA2AF
:10A7A0002AD24546B70505006685EFA0C17B035751
:10A7B0008104B25722580356A104BA970357C10423
:10A7C0009256C207330707414207B2964183C183BD
:10A7D000231EE104231DD10405078356E104231C35
:10A7E000F104B307F74003A78C023385A6408246E5
:10A7F0005E970C4313D316400317A1098316C109B2
:10A80000265613731300C207231FA1041318130045
:10A81000C187850568181AC0EF40900F0243631680
:10A82000030252478357A1048946BA970317E103ED
:10A83000C207C1833347D70242074183B386E7404B
:10A84000BA97231DD104231FF1049C103E85B0004C
:10A850008C00EF10C07F9C1005C11CC483A78C0224
:10A860000147B008BE9B83A60B00DA8522858506CA
:10A87000EF30A1139C001CC4300AED456685EF50F3
:10A8800011644E9942091359090171B1EF527FAE1B
:10A890000111B70505002A84EFF0DF90B705050028
:10A8A000AA892285EFF03F91B70505002A8A228503
:10A8B000EFF09F914546B7050500AA8A2285EFA0D3
:10A8C000816A931C050113068005B70505002285E2
:10A8D000EFA06169131C050113069005B70505007B
:10A8E0002285EFA04168931B050113067005B7058B
:10A8F00005002285EFA021671546B70505002A8BC4
:10A900002285EFA04166131905011946B705050018
:10A910002285EFA04165131D050113590941135DFF
:10A920000D4193DC0C41135C0C4193DB0B418144E2
:10A93000EA8D4A837E3063EBF4002285EF70916DDF
:10A940002285EF80A10705616F507FA693950401D2
:10A95000CE875E8766C0D6885288E2865A86C181D5
:10A9600022851ACEEFF07F875854939714007243D4
:10A970003E97AA876353AD00EE8793960701C18681
:10A9800063D326019A871EA385046DB7EF52DF9F1C
:10A9900037C5020041111305850E2E89EF50513A3B
:10A9A00085476311F502AA894A85EF507155AA843B
:10A9B0004A85EF5071549307A0022A846397F400EC
:10A9C000EFF0DFEC41016F507F9F9307C002639C63
:10A9D000F4044A85EF5051535230014781474207F2
:10A9E000418363EEC7006E3081478146C207C18351
:10A9F00063E1B6027D17FD171AA13EA1E1B7145815
:10AA0000939517008507AE969622369742074187A1
:10AA1000F9B7505413981600850642961222B29741
:10AA2000C207C187E1B79387F4FF63E8F90EEF60CF
:10AA3000C10BEF60E10B1379D5FFE31539F9EF6036
:10AA4000C10A6C00EF60611724862285EF90410BEC
:10AA5000AA941306B00681452285EFA0C150C20416
:10AA60001375F50FC1806311250B035984018145CE
:10AA70002285EFF04FF4B30499403385A44052305F
:10AA800042054185014781471319070113590901FF
:10AA9000637DC9001458931517000507AE969622DA
:10AAA000B697C207C187E351F5FE22852487EF9050
:10AAB000A1087E2881459D8CAA94C2042285EFF0CE
:10AAC000AFF0C1803385A4406E3042054185014717
:10AAD000814793160701C18263FDB60050541318D5
:10AAE0001700050742961222B297C207C187E352A8
:10AAF000F5FE5E38639527017E38E385D7EC231A8F
:10AB0000240376B8228595A04A288145898CC20401
:10AB10002285C180EFF00FE98DB7A1476394F4045B
:10AB2000EF70D169EF50717CEF60810D5A38C167C9
:10AB3000FD17631DF700EF50517BEF50717B759946
:10AB40008547E311F5E8FD575CD8ADBD7A38E304DD
:10AB5000F7FE75F10146F1452285EF505136E313BA
:10AB600035E7D1BFB9476395F400EF70316599BD02
:10AB7000B547639DF40A4A85EF5011394E38C167D5
:10AB8000FD17035864036384F5006315F800232A56
:10AB900004028DBF52302E8763E3C5000147763033
:10ABA000C2876363D80081470841D148631E1501FD
:10ABB0007D176341C7061387F6FF63D8E702850751
:10ABC000014763D8D70205A8CD48631615010507CC
:10ABD000E353C7FE29A8C54863141501FD17CDBF6F
:10ABE000C9488507E30615FFF1BB1307F6FF63CBE2
:10ABF000D7029387F6FF6394E500E305F8DC22852E
:10AC00005AB87EB8EF70915B0146F1452285EF504E
:10AC1000112B4DBB7D55E31CA7FCDDD31307F6FFBD
:10AC2000FD17F1B7E3D907FC8147F1B7D547E39B9F
:10AC3000F4D84A85EFF02FF471B38280EF526FF6AB
:10AC4000C8552E8409C5EF20200823260402085485
:10AC500009C5EF206007232404026F50CFF6EF529E
:10AC60004FF4397113066006B7050700AA84EFA0F8
:10AC7000812F37B4000019ED9305A4CD2685EF1080
:10AC8000C01483C7040593E717002388F4042161E7
:10AC90006F506FF32A890A85EF10600F85473ECE0B
:10ACA0003ED0B7C70000938787F71304A4CD3ECCEE
:10ACB0000A85FD5726C022C24AD44ADA02D2231E90
:10ACC000F102EF102016E1B7EF52AFED1306700559
:10ACD0008145EFA041296F500FEF3849058B63067E
:10ACE000B704EF520FEC03470505B335B0008316E8
:10ACF0006504799BD98D2308B5044C5183188504CC
:10AD00000318A504DA29FE29035645044111BE960D
:10AD10003A96C29746972C007084748578867C8713
:10AD2000EF70B14641016F500FEA8280EF52EFE4BD
:10AD300041112A84EFF05FF91306900581452A8AB4
:10AD40002285EFA041222A8C4850832C0404EFD0A6
:10AD50005F8983A78180E6852A8B829783A70181FB
:10AD6000B30BAB008145AA895E858297B5472A8DD2
:10AD700083148A00AA8563ECA7008967938717402C
:10AD8000B3D7A700858B9305000291E3AA850146FE
:10AD90005285EF40007F131905014850E6855000A9
:10ADA000EFD07F84832C440213590941C204668585
:10ADB000EFD03F832A8681456685EFA0D15E5C5047
:10ADC00003174100C1808396470183978701369717
:10ADD0004A9763D4E7068347C405A18BB9EF8D4733
:10ADE000630DF5043C8323120100930500023E9C91
:10ADF000269C23138101630A0D0283A781815E854E
:10AE0000829783A70181AA99814533053B018297E7
:10AE1000B547AA8563EBA700896793871740B3D727
:10AE2000A700858B99C39305000201465285EF4028
:10AE300040751319050113590941232634051306DA
:10AE40002003B70507002285EFA0E1112A8B4146B8
:10AE5000B70507002285420BEFA0E110135B0B0141
:10AE6000330AAB004546B70507002285EFA0A10FC6
:10AE7000B309AB004946B70507002285EFA0A10E34
:10AE8000B30AAB004D46B70507002285EFA0A10D20
:10AE90003C8238834C505A95C209420A93D9090121
:10AEA000C20A7D153E95135A0A0193DA0A01FD196B
:10AEB00003188404BA998316640403564404B38ABD
:10AEC0005741330A4741FE29DA292A990315A40478
:10AED0003A96BE964297AA972C0022857084748574
:10AEE00078867C87EF70712A5C50C20A420A93DA36
:10AEF0000A01135A0A012312540523134405DA2BBD
:10AF0000CE94FE2B4209C20413590901C1802314B7
:10AF1000240523159404BA9A3E9A3A99BE942C00BB
:10AF20002285231451012315410123162101648731
:10AF3000EF70B12541016F50CFC7EF528FC6AA8481
:10AF4000EF50017C2A842685EF50017B2A89EFA0EF
:10AF50009168130474FD854763ED8700AA848145D9
:10AF60004A85EFD02FC92685EFF05FDC2685EFF00C
:10AF70001FCF6F504FC58347C505918BC1CBEF5293
:10AF8000CFBF2A8448514111EFD0AFE583A7C181DB
:10AF900082972A8A31CD2285EFF01FD30966814638
:10AFA000130626028A85EF40C05231C5B7C402009D
:10AFB000938444122685EFF0F134B309AA02AA8BD8
:10AFC000814A13851900EF2000092A892A8B5A85A6
:10AFD0005E9B63974A03CA99238009004850CA853B
:10AFE000EFD04FC14A85EF1050502285EFF01FD4AB
:10AFF00041016F500FBCB7C40200938404125DBFBF
:10B000005E86A685EF10F054850AD1B78280EF5294
:10B010004FB91E3D397191E7EFF0FFF521616F5097
:10B020008FBA2A840A85EF009056B7B7000093873D
:10B03000A7C33EC21E3C0A8522C03ED485473ED2ED
:10B04000B7C70000938787F73ECCB7B70000938758
:10B05000E70502CE02D03EC6EF00D05CC1B7EF528A
:10B060004FB40841EFF03FF16F50EFB5EF52CFB161
:10B070003C4101112EC66386B70E2A84485183A431
:10B08000C181EFD00FD68294B24563D30500AA9553
:10B09000AA846347B500A167FD176383F500AE84FA
:10B0A00024C02285EF8081512285EFF0FFC12A89DB
:10B0B0004850A6857008EFD00FD383148900031978
:10B0C000E1012285EF80F12A6358A9008315E1018F
:10B0D00005462285EF9041362285EF708165031980
:10B0E000E101AA8922852699EF80B1283305A9407C
:10B0F00063DCA900AC8705462285A695B38535415A
:10B10000C205C185EF9041330319C1012285EF804B
:10B11000B1336358A9008315C10105462285EF901C
:10B12000412E2285EF70815D0319C101AA89228514
:10B130002699EF8071313305A94063DCA900AC8604
:10B1400005462285AE94B3853441C205C185EF9092
:10B15000412BBC8622855EBCEFF07FB02285EFF0EC
:10B16000FFBC05616F508FA5EF52AFA39307C05D81
:10B170009EBD8547BCC183C7050523A6050223A83C
:10B180000502F19B93E737002388F50483C7C505C3
:10B1900023AA0502239E0502C59B238EF50423A244
:10B1A000050223A405022E852E84EFD0CFA2896547
:10B1B00048D093854506EF7081304850B71503009D
:10B1C000938545F4EFD00FA34850B7B500008146F2
:10B1D00001469385A5F3EF50A155228593050040C4
:10B1E000EF60412581452285EFF05FE82285EFF091
:10B1F0001FA76F504F9D85899397150083450505BF
:10B20000F599DD8D2308B5048280784D0D83058B7B
:10B210006305B706EF52EF9813F715009316370042
:10B220000347C505AE8489655D9B558F230EE504F4
:10B23000138945069385157D99E0CA8501492A84BD
:10B240004851EF70C12748500146CA85EFA07119D7
:10B2500099CC89659385157D2285EF70812981467A
:10B26000014681452285EF9081206F50CF950146A0
:10B2700091452285EFA06154DDB782808347C505E3
:10B28000918B81EBEF52EF914851EFD08FB56F501A
:10B290008F9348558280284182800345C5050D81E2
:10B2A00005898280EF52EF8F2A844851EFD06FEEEC
:10B2B000C167FD17630FF5004850C1649385F4FF23
:10B2C000EFD06FB048509385F4FFEFD0AFB06F5020
:10B2D0008F8FAA844850EFD00FECE31F95FCC5BFB9
:10B2E00091E101A0EF524F8A8347C50541112A849D
:10B2F000918BAE8499C3EFF01FC81C5899E35C583A
:10B3000095C702C6B247A6978387070081E7410128
:10B310006F50CF8A83A701816C002685829783A70F
:10B3200001828297AA852285D128E9BFA685228538
:10B3300069208547E31DF5FC1C5491CB4850EFD0A4
:10B340004FAA8307050081E72285EF7021672C4013
:10B3500048502686EFD06FE42285EFF0BFF4834794
:10B36000C405918B95CB8329C4024E85EFF081797A
:10B370002A892685EFF00179B305A90085054E8558
:10B38000EF10304A48D411E101A02C402686EF305E
:10B39000B03D2285EFF0BFC783A7C1810329040414
:10B3A00026858297B30525012285EFF03FCC014623
:10B3B000F1452285EF50A13099BFEF429FFE1384E3
:10B3C000818F2E86AE84F545232004002A89EF5014
:10B3D000012F0040854705C003070400814701CFC6
:10B3E000A6852285EF506F89854711C5A2854A85BC
:10B3F000EFF01FEF81473E856F40FFFCEF42DFF823
:10B400008347C50501112EC6A18B99C7A947638B38
:10B41000F50AB5476388F50A2ECC2C082A8402CE9B
:10B42000EFF0BFF98547631FF50883A701818145C8
:10B43000680082975C582A8991CB83A9C1812285B3
:10B44000EFF0DFE382995C58637EF5061C58ADE3AC
:10B450008347C405918B81C72285EFF0DFB11C546F
:10B4600091CB4850EFD0EF978307050081E7228505
:10B47000EF70C1542C4048503008EFD00FD22285D5
:10B48000EFF05FE28347C405918BB1CF0329C4027B
:10B490004A85EFF02167AA842808EFF0A166B385FA
:10B4A000A40085054A85EF10D03748D415E501A0E2
:10B4B00083870700D1DF02CA0858D247AA9783873B
:10B4C000070081E705616F407FEF83A701814C088A
:10B4D0008297E313A9FEADBF2C403008EF30D0288F
:10B4E0002285EFF0DFB22C4022858505EFF01FB8F2
:10B4F0000146F1452285EF50811CE9B73C41C1CF9F
:10B50000EF423FEA41119307F0076C007C862A84E2
:10B51000EFF0BFEA8547631CF5064850EFD06F8C0B
:10B520002C400546AA84FD15EF30502A4850A685C8
:10B53000EFC05FEC2285EFF0FFD61C5491CB485052
:10B54000EFD02F8A8307050081E72285EF7001473E
:10B550008347C405918B95C32C4048540546FD157F
:10B56000EF30D02644542685EFF0C15993051500DD
:10B570002685EF10102B19CD48D42C402285FD15BF
:10B58000EFF0DFAE0146F1452285EF504113410156
:10B590006F407FE301A08280EF42BFE024412A8414
:10B5A00093851400EFF09FAC3C406385F400228546
:10B5B000EFF0DFF46F403FE191E101A0EF42DFDC0B
:10B5C00041112A84AE84EFF0FFCD1C58485099E316
:10B5D0005C58C1C3B7150300938545F4EFC09FE1E4
:10B5E000A165FD152285EFF07FA88347C405918BE7
:10B5F00081C75C542380070002C6B247A6978387A1
:10B6000007009DEB1C5491CB4850EFC09FFD830772
:10B61000050081E72285EF70613A8347C405918B6D
:10B62000A1CB2685EFF0014E930515004854EF108D
:10B63000501F48D405E901A083A701816C0026852D
:10B64000829783A701828297AA852285EFF01FDB6C
:10B650006DB7A685EFC01FDAA165FD152285EFF055
:10B66000FFA04DB7A685EFF0E1482285EFF03F9AA5
:10B670000146F1452285EF50810441016F401FD4FE
:10B68000EF423FD22C418505EFF05F9E6F40BFD364
:10B690002C4181C9EF42FFD0FD15EFF03F9D6F4077
:10B6A0009FD28280EF42FFCF2A842C414851411122
:10B6B0007000EFC05FF31306900581452285EF907F
:10B6C000910AAA842285EFF02FE03C87BE941E25C4
:10B6D00085044850BE945E3CC204C18464877C8665
:10B6E000EF70C10063DDA40048506C00EFD04F8DB7
:10B6F0008314C403AA852285EFF05F9746BC4101FD
:10B700006F407FCCEF42FFC92A842C414851411140
:10B710007000EFC05FED1306900581452285EF9024
:10B720009104AA842285EFF02FDA3C871A2548502D
:10B730008507858F998F7C875E3C6C007C86EFD077
:10B740002F888314C403AA852285EFF03F9246BC5C
:10B7500041016F405FC7EF423FC337C50200197117
:10B7600013054510AE84EF40B15D8547631FF500BA
:10B770002685EF40F1782A892685EF40F177B94791
:10B780002A846317F900EFF08FCD09616F401FC362
:10B79000B5476310F90A2685EF4011770C41CD4774
:10B7A0006396F5002285EFF0BFEDC5B7D1476396EC
:10B7B000F5002285EFF0DFEDC9BFC5476396F500C0
:10B7C0002285EFF03FF4D1B7C9476396F500228593
:10B7D000EFF05FED5DBFA1476396F5002285EFF0C6
:10B7E000FFD165B79307F0076396F5002285EFF068
:10B7F000BFDA61BF89476397F50081452285EFF085
:10B80000FF8661B78D476395F500A165FD15FDB70E
:10B81000A947639CF5008347C405A18B99C70146DE
:10B82000FD452285EF40B1698DB72285EFF01FBD40
:10B83000A9BF9307F9FF894963F5F900A147631987
:10B84000F918EF50812A2A8929D12685EF40D16A3B
:10B85000834705052A84898BE38907F24A85EF50DF
:10B8600021298947E303F5F24A85EF506128914782
:10B87000E30DF5F04850AC00EF60315A2C084A85D2
:10B88000EF50A1330C104A85EF50013903178101A5
:10B89000E34D07EE8317A101E3C907EE8356810448
:10B8A0002685158F2314E1020357A104998F2315D0
:10B8B000F102EF40F164AA894850EF6031628317CA
:10B8C0008102445063C4070863D5A7082C1026855D
:10B8D000EFC01FEF1319050148502C10135909012F
:10B8E000EFC01FEF134515001375F50F8347C4050F
:10B8F00013F7270041C713F7170051E739CD8547E4
:10B90000E395F9E8CA852285EFF04FF68347C40531
:10B91000858BE38C07E678483C4CD45C63F7E708FA
:10B920006395D700B4406307D700DCDCB8C022853C
:10B93000EF70C1088D476385F900A147E397F9E4EB
:10B940008347C405F99B230EF40481B505450149DD
:10B9500071BF216905457D1951BF0547E397E9E2AC
:10B9600041677D1793E71700232A240538CC230E5F
:10B97000F404930500302285EF5011338347C4054A
:10B98000858BB5DF41B789476395F900232C2405E2
:10B9900095BF8D476385F900A147E395F9F69305B7
:10B9A00000302285EF501129D1BF637AF70063156B
:10B9B000D700B440E380D7F8D8DCBCC08DBFC167E6
:10B9C000FD176395F600B840E306F7F6DCDCF5B743
:10B9D000D547631DF90A2685EF4011522A84268532
:10B9E000EF40715B2A894850EFC0BFBF8307050055
:10B9F000E39D07D81C54E38A07D883870700E386B2
:10BA000007D8A800EF103176B000B70508002285EE
:10BA1000EF6081528347C405A18B99C783475106C4
:10BA200093E72700A302F106494681452285EF905E
:10BA30008153AA89414681452285EF90C152AA844B
:10BA40001306200381452285EF90E1515E284205CF
:10BA500041812314F1027E2833069500B305350198
:10BA60002315F1021E2C4206C2052316F1023E2CBC
:10BA70004186C18528102317F1024D2B145401472C
:10BA80003010AC004A85EF10517201B3E147E31E5C
:10BA9000F9CE2685EF4051462A842685EF40B14FE6
:10BAA0002A8A4850EFC0FFB383470405AA8A858BD2
:10BAB000E38D07CCA800EF30A169B000B7050700FF
:10BAC0002285EF60A1114C500356440403188404EE
:10BAD000DA290315A404FE29831664043A96F08437
:10BAE000BE964297AA973008AC005285F485F88636
:10BAF000FC87EF30216B13062003B7050700228572
:10BB0000EF906146AA844946B70507002285C20422
:10BB1000EF906145C1802695414613190501B7058F
:10BB200007002285EF90214402D002D26C4483A703
:10BB30008181D695AA942E852EC68297B2452A86F3
:10BB40000810EF100021A88413590901C2042A9992
:10BB5000A885C18013065005AA9448508145E48504
:10BB6000231C2101EF902140931405012810EF10B0
:10BB7000915F3010B70507002285EF60E13B8347F6
:10BB8000B104C18063E6F90083574103E38F97BE98
:10BB90000147141030082C105285F5B5EF427F8014
:10BBA0002A84105548551307004081468145EF10FF
:10BBB000000B584C5C50998F3385A70229853A9524
:10BBC0006F407F80EF42EFFD37750020054713057A
:10BBD000458F2380E190EF0030669387C18F11E598
:10BBE0008843EF2070086F400FFE8843EF207008F5
:10BBF000DDBFEF428FF803A54190B7740020EF300E
:10BC0000500B138711901C23AA8A1385448F93C766
:10BC100017001CA3416AEF0030622A841389419007
:10BC2000938911907D1A19E4EF3050072320A90061
:10BC30006F402FF8585C83C7090023800190498327
:10BC4000058B938B01906304F710858B1397270066
:10BC50008347E403ED9BD98F230FF40213F787008A
:10BC60000DEF5854634BE002569763480702858BEB
:10BC700099EB1C4889CB22858297584C5C502A97B7
:10BC8000AA9758CC5CD01C4499C3228582978347DD
:10BC9000E40393E78700230FF4025C54D6975CD447
:10BCA00063CC070418546353F70058D41C4C228506
:10BCB00082971C50AA856387A7005C4008D099C36F
:10BCC0000840829710545C5463C8C7028347E4035A
:10BCD0005458898B9DEF5A3C0DEBA5EAA28513853C
:10BCE000448FEF00504DEFF0FFED5C4499C3228587
:10BCF00082972285EF00507D83C70B00A9CB138567
:10BD0000448FEF0070532A8439BF630647017D17C3
:10BD10005ABC5A3C79D3185C3307E04058D4E9DE6A
:10BD200089E718583307E04058D40347E40393B732
:10BD300017008607759BD98F230FF40258505C4C6F
:10BD400014D458CC5CD050D845BFF1D741BFA285A0
:10BD50001385448FEF00904F7DB7EF428FE4377526
:10BD60000020930500041305458FEF00103C37C5F4
:10BD700000000146F945130525BFEF20804F23AE93
:10BD8000A18EEFF03FE4238001906F40CFE3EF42BC
:10BD90004FE1930500042A84EF1020379307401FDA
:10BDA0001CD4930740065CD085475EBCB7C7000033
:10BDB0009387C7B91CCC8347E403232E040093E781
:10BDC0001700230FF4026F400FE0EF42EFDBB77470
:10BDD0000020AA891385448F2E8AEF00F0452A841B
:10BDE000014901E44A856F406FDDA2851385448FC8
:10BDF000EF00D0451C40AA8A638437016392090290
:10BE00005C4063844701631D0A00A2851385448F4B
:10BE1000EF00703A2285EF00306B0549EFF09FDAB2
:10BE20005684C1B7EF42EFD74C41AA8481C508417F
:10BE3000EFF0BFF9377400201305448FEF009043F3
:10BE400009C5EF30A06523A2A1901305448FEF0030
:10BE5000D02E2A8411E101A013060004A685EF006C
:10BE6000506F9C406393970000C083C71190858BEF
:10BE7000139727008347E403ED9BD98F230FF40228
:10BE8000858B8DC31C4889CB22858297584C5C508A
:10BE90002A97AA9758CC5CD05C4089C7084019C142
:10BEA0004C4C8297EFF01FD222856F40CFD1EF42EA
:10BEB0004FCF377400202A891305448FAE84EF00DA
:10BEC000B03719E16F402FD01C41639627015C41C8
:10BED000E38A97FEE5D8AA851305448FEF00103753
:10BEE000CDB73386C5409357F6413D8E1D8E9307DF
:10BEF000803E3306F602B357A6026373A600850799
:10BF00003E858280EF42EFC92A84105548551307B9
:10BF1000004081468145EF0090541307004093068E
:10BF2000603B130640388145EF00F03D584C5C50B3
:10BF3000998F3385A70229853A956F40CFC8EF4284
:10BF40004FC62A8410554855130700408146814545
:10BF5000EF00F050130700409306803B13062003C8
:10BF60008145EF00503A584C5C50998F3385A702B9
:10BF700029853A956F402FC558551C556344F700E5
:10BF800048518280484D8280831605000317450082
:10BF900089472A21158F3347F7029E21958FB621B5
:10BFA0003385A640131607014182918F118DC20778
:10BFB0004205C18741853305A502B387F7023307E0
:10BFC000E702AA97B337F70013C5170082800EA1C6
:10BFD00032A156A17AA182801E21FD15BE954EA1E7
:10BFE00082803E21FD15BE956EA1828083170500DB
:10BFF000031745001D8F83176500031525000507EE
:10C00000898F85073305F70282801E21C205C18111
:10C010008D8F1EA15E2142064182BE953E214EA11A
:10C02000918F3EA17E213E9672A182801E21C20583
:10C03000C181AE971EA15E2142064182BE953E217E
:10C040004EA1B2973EA17E213E9672A182809A2196
:10C050001E22931607011398070113580841C18641
:10C060006353D800BA87939807011EA1BA213E22D4
:10C0700093D80841931607011398070113580841F4
:10C08000C1866353D800BA87139707013EA1D62112
:10C090005E2241871398060113930701135303414E
:10C0A0001358084163536800B68713980701F621B7
:10C0B0005EA17E2213960601418693950701C185F4
:10C0C000135808416353B600B687939607017EA1C3
:10C0D000C18601456346180133A7E60013451700E2
:10C0E00082809A211E229316070113980701135884
:10C0F0000841C18663D30601BA871EA1BA213E2238
:10C10000931607011398070113580841C18663D39A
:10C110000601BA873EA1DA215E2293160701139821
:10C12000070113580841C1866353D800BA875EA13E
:10C13000FA217E2293160701139607014186C186D4
:10C140006353D600BA877EA18280839605000317C9
:10C15000050063C1E614EF424FA2031C4500AA8705
:10C1600041110145634FDC0083962500839A270027
:10C1700063C95601839C670063C5DC006346C00049
:10C18000054541016F40EFA213190C0193990C0171
:10C19000131A07011359090193D90901139B0A01C5
:10C1A000135A0A01135B0B01788493871900130754
:10C1B000190033074741B38767414207C2078946E1
:10C1C0004187C1873347D702B3C7D7023A8463D3C5
:10C1D000E7003E8493170401C1876353F60032845D
:10C1E00042044180229B420B229A135B0B01420ABC
:10C1F000931B0B01135A0A0193DB0B4101462800E4
:10C20000AE84231641012315510123177101353FD7
:10C2100019C5229A231641015A9460872DA0B3892B
:10C220008940C20993D909010146A6852800231532
:10C23000310123179101113F01CD229A23164101AB
:10C24000338489406085A6852800EFF0FFD315BFB1
:10C25000330989404209135909010146A68528007E
:10C260002314210123168101CD3511C533098940DD
:10C2700023142101F1B70146A68528002315510199
:10C2800023177101D935E30D05EE330989402314D5
:10C29000210159B7014582800317050083974500A6
:10C2A00063C9E7028316450003970500814763C011
:10C2B000E6028316250003976500634AD7008317BB
:10C2C000650003952500B3A7A70093C717003E8517
:10C2D00082808147EDBFEF422F8B83190500839742
:10C2E0000500411163D6F900014541016F400F8DF2
:10C2F0008317250003972500E3C8E7FE03194500CF
:10C3000003974500E34227FF031A65000397650082
:10C31000E34C47FDB284054569DA2E8422856C0022
:10C32000231631017C87EFF05FE25DDD26866C002D
:10C33000228523162101EFF05FE15DD526866C0092
:10C3400022852316310123174101EFF01FE049DD5B
:10C3500026866C00228523162101EFF01FDF71B7BE
:10C36000EF428F8203194500039705004111634393
:10C37000E908031A650003972500AA87054563416C
:10C38000EA028399070003974500634B37018397BF
:10C390002700039765006345F700B28409E601456D
:10C3A00041016F40AF812E8422856C00231631013C
:10C3B0007C87EFF09FD965F526866C0022852316D1
:10C3C0002101EFF09FD861FD26866C00228523169F
:10C3D000310123174101EFF05FD771F126866C0020
:10C3E000228523162101EFF05FD613451500137542
:10C3F000F50F7DB705456DB7C2054205C181418185
:10C400009397050113170501B706E1079386F68197
:10C41000CD8F598DB3F5D700758D930746000D8DDF
:10C420008D87B307F5029583AE97F58F13D5070176
:10C430005D8D82801397050193773500418381C715
:10C440000EA17D16090593170701BA97C14663E748
:10C45000C60006062A96631FC50082801CC15CC107
:10C460001CC55CC51CC95CC91CCD5CCD411613053F
:10C470000502F1BF1AA10905F9BFEF329FF22E861E
:10C48000AA850145EFF05FF76F30FFF39307F00FD8
:10C49000B385F502130740063306F602B3D6E5026C
:10C4A0003356E60293F5F60F1376F60F99E9135516
:10C4B00026009357360016051397B7005D8D598DEA
:10C4C00082801307F00F3305E50293068016930769
:10C4D000B0023355D502930650FD131805011358C9
:10C4E00008013358F802B307B7401378F80FB306C2
:10C4F000D802AA961945B386A60293F6F60F33859D
:10C50000D502B306D740B386B60221853305A740CE
:10C51000A186158FB387C70291463305C502A1874F
:10C5200093F7F70F3307C70221851375F50F21879E
:10C530001377F70F63E90605B7C6020093868612E4
:10C540000A08369883260800828632872A8613D501
:10C5500037000E070D827D891377077E1376F60F5D
:10C560002E06498F3365C7008280B2863E86BA8721
:10C570003687F1BFB2862A873E86B687C9BFB286A4
:10C580003A863E87DDBF3E87AA87D1B7C94763F4A5
:10C59000A700014582809317150037C502001305D7
:10C5A000C5133E950A218280C94763F4A70001455F
:10C5B0008280FD1593F5F50F9147E3EAB7FE9547A5
:10C5C0003305F502B7C70200938747162E95060577
:10C5D0003E950A218280C94763F4A7000145828005
:10C5E000FD1593F5F50F8D47E3EAB7FE0A052E9585
:10C5F000B7C702009387472206053E950A2182802D
:10C60000EF323FDA3775002091451305C59F312E73
:10C610006F307FDBEF32FFD82A844841AD441DC51F
:10C620005C45A54485C70C4082975C40AA84BE2324
:10C6300081CB1C4491C7C84711C17925084469259D
:10C6400023200400232204002324040026856F30C5
:10C650009FD7EF329FD241112A8499C223A00600AE
:10C660004840630E051203280501630C0812835A23
:10C67000250002C4B689B2842E8A638B0A10032B6C
:10C68000840003298B0083270B00832BCB00636A74
:10C69000F90A03274B006376E90AC207C183338690
:10C6A000FA004209131B060113590901135B0B0120
:10C6B000330C2B41B307F940420CC207C183135C12
:10C6C0000C01B385FB00636C9C00268652855125C6
:10C6D0001C4426C4814A9047B29484C715A0528551
:10C6E0006286852D629A48400C4063F49A021C4988
:10C6F0003800B386844152868297AA8AE38A0AFC6C
:10C7000063850900A24723A0F900568541016F30D7
:10C710005FCA1C49D68678005E8602C68297184496
:10C720002699330669415C434206AA8A85071CC3E1
:10C73000B2464182B6975CC3DE855285EFD0116B5D
:10C7400075BF63F89A000C403800A686528602989E
:10C750006DB7639D0B005685EF00D0091C4423265E
:10C76000AB0083ABC70063930B0001A048400C40B3
:10C7700078001C49D6865E8602C682971844AA8A2B
:10C78000268623202701B2473E99232227016DB731
:10C79000B2862E860C4038000298AA8A95B7AD4A18
:10C7A000ADB7A54A9DB75C41BDC7EF329FBF984F5B
:10C7B0002A844111254509CFB2862E86AE238DC528
:10C7C00085456387B60281CA89456387B6020145FC
:10C7D00041016F305FBF14448C4290C66365B60060
:10C7E000D442E3F6C6FE81460C403E850297CDB7A3
:10C7F00014448C462E96CDB70C4089463E85029750
:10C8000061F948400C4070005C4D829771F11C4406
:10C81000324798C775BF2D458280EF329FB8377475
:10C820000020AA841305C49F012CAA8501E50145B7
:10C830006F307FB9884183070500E38B97FE1305AE
:10C84000C49F2924DDB7EF323FB4BDCDAA84038550
:10C850000500B2892E84EFF05FFC2A8925C95C416E
:10C8600091E78327890089EB254421A0829775F9F8
:10C87000054422856F309FB4830614001307A0037C
:10C88000930524006384E600930514004E864A85D0
:10C8900082971307F5FFF55763ECE70283572900EA
:10C8A00023A2240188C00144E9D74145EF008074E8
:10C8B00088C411E101A0C145EF0030059C447D57BB
:10C8C00098C37957D8C375B72D4465B70D4455B78C
:10C8D000314445B7EF32FFAC2A84EFE0A1221307C1
:10C8E000E0029306F0021306C00511E537150300B8
:10C8F000130545F409A8B307A400838707006396CE
:10C90000E700050522956F301FACE381D7FEE38F6A
:10C91000C7FC7D15D9BF81C51C41BE9590C18280E1
:10C9200081C51C41BE95D0C182808D05F19923221D
:10C930000500232405000CC18280EF329FA62A84C3
:10C9400008412105452DAA840DC5AA8501462285E9
:10C95000EFF07FFC5040A6852285EFF07FFC4C4035
:10C9600089C526862285EFF01FFB1C4444C091E355
:10C9700004C426856F303FA5EF32BFA22A84084148
:10C9800021058D2DAA840DC5AA8501462285EFF0CB
:10C990003FF91044A6852285EFF0FFF70C4489C5C6
:10C9A00026862285EFF0DFF75C4004C491E344C0A3
:10C9B00026856F305FA139C9EF32BF9E1C415841B7
:10C9C0002A84AE97639AE500CC4301464CC185EDBD
:10C9D000232405006F303F9F18458443639CE50086
:10C9E00004C581E423220500F5B70146A685EFF0D2
:10C9F0003FF3CDB703A94700A6854A86EFF05FF263
:10CA00002686CA852285EFF01FF1E9B7828005C529
:10CA1000EF323F9944412A8499E06F30DF9A1C40FD
:10CA2000A6852285A69703A94700EFF0DFF82685A3
:10CA3000612CCA84D5B7828019C1484182800145E2
:10CA4000828019C108458280014582801C41BE95C3
:10CA5000C84182801C41BE9588418280014701C542
:10CA60005C41014799E33A85828014410507B697F6
:10CA7000DC43CDBF854719C55841814701E71C45B7
:10CA800093B717003E858280930780163365F502C1
:10CA90006354050013058516B7C702009306900579
:10CAA0009387C72B63C7A60006053E9503150500AF
:10CAB000828042054181130765FA4207418363ED95
:10CAC000E6001307400B3305A740420541810605E8
:10CAD000AA970395070082801307C5F44207418394
:10CAE00063EAE6000607BA978A233305A0404205A9
:10CAF00041858280130780163305A7404205418196
:10CB00000605AA97D5B793070040898FB308A502F9
:10CB10000D433388F70293D8A8003306C502135893
:10CB2000A800330515033306060329813306660280
:10CB30003305E5025182298132953386D702B387C6
:10CB4000070333061603A98333066602B387B702C9
:10CB500051823295A9833E958280814763550500B5
:10CB60003305A040854763D70500890793F7F70F82
:10CB7000B305B0401307D00263F4A504B385E50202
:10CB8000C10793F7F70FB3D5A50213F7F50FD946F1
:10CB900063FDE602930690021335D70263E3E600D5
:10CBA00005059306500263E5E60005051375F50FCC
:10CBB0009306000263ECE60205051375F50F3DA030
:10CBC0003305E502B355B502C9B7133527009546BD
:10CBD0001345150063F3E6000505A54663F5E60079
:10CBE00005051375F50FB946E3E8E6FC13F70701F1
:10CBF0002E9509C71307A0053305A74013F71700A3
:10CC0000898B81CF11C71305450B42054181828075
:10CC10009307400B3385A740CDBF65DB9307801694
:10CC2000D5BFAA870147054519E2BA858280937668
:10CC3000160099CA3307F702B386A502BA963337AE
:10CC4000F5023305F50236970586B385F50293960E
:10CC50001500B3B5F702B387F702B695F1B763488D
:10CC6000B6006354C50263C8A50036858280635E42
:10CC7000A600E35CB5FE158FB307B540B387E702A6
:10CC80000D8EB3C7C702BE96CDB7BA86F9BF09C627
:10CC90009C4A85079CCA8280DC428507DCC29C4690
:10CCA000AE979CC6DC4663F3B700CCC68280EF32F9
:10CCB0004FEF37750020A165130505AFEF10B038B1
:10CCC00023AEA1906F302FF0B70700209387872104
:10CCD000630CF50011C9EF32CFECAA8503A5C19111
:10CCE000EF10903E6F302FEE8280B7770020938652
:10CCF00007A70147938707A741468C426398A50081
:10CD00000E07BA97F823799BF8A382800507A1063E
:10CD1000E315C7FE8280EF322FE7B7770020138438
:10CD200007A78144138907A7C149084009CDEFF03F
:10CD3000BFF99397340023200400CA97F823799B06
:10CD4000F8A32312040085042104E39034FF6F301C
:10CD5000EFE69377350013F73500639AE712639691
:10CD60000714AA87130700026360C716114763629E
:10CD7000C71A01476316E61A828094219387070237
:10CD8000938505022380D7FE83C615FE0116A38076
:10CD9000D7FE83C625FE2381D7FE83C635FEA38139
:10CDA000D7FE83C645FE2382D7FE83C655FEA382E7
:10CDB000D7FE83C665FE2383D7FE83C675FEA38395
:10CDC000D7FE83C685FE2384D7FE83C695FEA38443
:10CDD000D7FE83C6A5FE2385D7FE83C6B5FEA385F1
:10CDE000D7FE83C6C5FE2386D7FE83C6D5FEA3869F
:10CDF000D7FE83C6E5FE2387D7FE83C6F5FEA3874D
:10CE0000D7FE83C605FF2388D7FE83C615FFA388F8
:10CE1000D7FE83C625FF2389D7FE83C635FFA389A6
:10CE2000D7FE83C645FF238AD7FE83C655FFA38A54
:10CE3000D7FE83C665FF238BD7FE83C675FFA38B02
:10CE4000D7FE83C685FF238CD7FE83C695FFA38CB0
:10CE5000D7FE83C6A5FF238DD7FE83C6B5FFA38D5E
:10CE6000D7FE83C6C5FF238ED7FE83C6D5FFA38E0C
:10CE7000D7FE83C6E5FF238FD7FE83C6F5FFA38FBA
:10CE8000D7FEE36CC7EE01476317E6008280AA87EE
:10CE900013070002FDB7B386E50003C80600B3869A
:10CEA000E700050723800601C5B7B307F5409107E2
:10CEB0002A8711E28280942105078505A30FD7FEFA
:10CEC0007D16E318F7FE79BD944193870702938599
:10CED000050223A0D7FE83A645FE011623A2D7FE96
:10CEE00083A685FE23A4D7FE83A6C5FE23A6D7FE70
:10CEF00083A605FF23A8D7FE83A645FF23AAD7FE56
:10CF000083A685FF23ACD7FE83A6C5FF23AED7FE3D
:10CF1000A1BD94419107910523AED7FE711681BD45
:10CF2000B386E50003C80600B386E7000507238043
:10CF3000060189B59377350091CBB307F54091078A
:10CF400011C60CA105057D16E39CA7FE13970501EC
:10CF500093978500BA97AE9713978501BA971307F1
:10CF600000026369C70011476362C7022A96631310
:10CF7000C50282801CC15CC11CC55CC51CC95CC9E2
:10CF80001CCD5CCD011613050502E1BF1CC1711655
:10CF90001105D9BF0CA10505D9BFEF328FC071466D
:10CFA00081452A84EFF01FF903A5C191EF10100C01
:10CFB000B7D5000022869385E5C8EF10207D104488
:10CFC000A1671CC0930740063307F602930640068C
:10CFD0003D833387E64018AC014711CA5844B387F4
:10CFE000E702B3D7C702B387F64013F7F70F18BCB1
:10CFF0006F306FBDEF32EFBA011119CDAA8503A5CD
:10D00000C191EF1010072A8401E54800EFF0FFF806
:10D01000228505616F302FBB370400201304842163
:10D02000C5BFEF320FB83704002099E5EFF0DFC934
:10D03000130584216F302FB9130784212E866316C0
:10D04000E5002E85EFF01FFBF5B7AA8503A5C1917A
:10D05000EF10900FC5B749C9B7770020938507A790
:10D0600081467D57938707A77D53C14813963600A5
:10D070003E960358660013781800631A080203D816
:10D0800045006366A8026318A8007C22084293E763
:10D0900017007CA282806316670013978601618760
:10D0A00039A0131637003E965222E368C8FE850663
:10D0B000A105E39D16FBFD55814641466308B70275
:10D0C0000E07BA97F823884313671700F8A38280E6
:10D0D0007C2046A008C093E717007CA06F30AFAE5D
:10D0E00085066397C60001A001458280EF326FABD1
:10D0F000139436003E947A20058B7DF3AA84AA858A
:10D100000840EFF01FF269F501A09377350089EF31
:10D110009307000263E7B702914763FBB700232040
:10D120000500F1151105D5BFB307F540910799E149
:10D13000AA953DA8230005000505FD15E319F5FE98
:10D14000C1BF232005002322050023240500232638
:10D15000050023280500232A0500232C0500232E83
:10D16000050081151305050275B7230005000505A7
:10D17000E31DB5FE82809377350091EF130700021F
:10D18000FD576368B70291477D5763FBB70018C12D
:10D19000F1151105DDBFB307F54091077D5781E516
:10D1A000AA95FD572DA018A10505FD15E319F5FE5B
:10D1B000F1B71CC15CC11CC55CC51CC95CC91CCDD8
:10D1C0005CCD8115130505026DBF1CA10505E31E8D
:10D1D000B5FE82806374D600B29588A18280828079
:10D1E000EF32AF994111B68BA6463A89AA8A13FC51
:10D1F00026002E8B328A0647964963140C0413F6D8
:10D2000016006389090019C66315080093F5C60066
:10D2100091C1FD19930500021305000331A03303EA
:10D22000F9002300A300850763F4E700E399B7FE44
:10D23000930500021305000309C663F437016399DF
:10D24000B70213F6060125C613F606400DEA85CB94
:10D250006384E700639537031387F7FF05C34146EF
:10D26000F9176381C80289476387F80ABA873DA026
:10D270003303F9002300A30085077DBF81474147A1
:10D280006390E80813F7060225E77D47636DF70210
:10D290003307F9001306800710A385077D476364F1
:10D2A000F7023307F9001306000310A385071307DD
:10D2B0000002638AE700630208063307F9001306D9
:10D2C000D00210A385078D8A5286D1C6BE843384CE
:10D2D000C700228533069440D1E063080C00330474
:10D2E000444133058A006364340941016F306F8C17
:10D2F0007D47E36AF7FC3307F9001306800569BF31
:10D300000947E39DE8F87D47E36FF7FA3307F90033
:10D310001306200651B7BA87D5BF13F6460011C6CB
:10D320003307F9001306B00269BF13F6860041DE29
:10D330003306F90018A279B7DE86DA8513050002F4
:10D340003EC693041600829AB24726863307C4006D
:10D35000E36437FFA5BF33844741CDBFFD14B30756
:10D36000990003850700DE86DA85829A9DB72A86B2
:10D37000DE86DA8513050002829A05049DB7EF3236
:10D380004F827971BE82964E19E393FEFEFE13F32F
:10D390000E4063040300814731C713FE0E021303DE
:10D3A000100663040E0013031004130F01018147DC
:10D3B000A540130E63FF93030002B37F070313F32B
:10D3C000FF0F63EFF003130303036203135383415F
:10D3D00023006F0085073353070363650701050FBB
:10D3E000639E7700064776C446C03AC2C2881808D2
:10D3F0001688EFF0FFDE45616F20FFFC1A8775BFCE
:10D400007293E1B77571A6DACED6D2D4D6D2E6CA77
:10D41000EAC8EEC63A8D86DEA2DCCAD8DAD0DECE05
:10D42000E2CC2ACA46C75D8FAE89328AB68ABE84EC
:10D43000CA4DFA4C19E393FCFCFE93F70C4099C3D8
:10D44000014C2DCB93F70C021304100699C313045F
:10D45000100413090102014CA54B5914130B0002CF
:10D460004686EE866A85A68542CE46CCEFC0216808
:10D470009376F50F62056185E248724863CBAB068F
:10D4800093860603E206E1862300D9004686EE86EF
:10D490006A85A68542CE46CCEFC0412C050CE248F9
:10D4A000724863E9B40163949D0063651D01050939
:10D4B000631E6C03EA47524566C43EC2DA47181041
:10D4C000D6863EC05286E287CE85EFF07FD1F650F9
:10D4D0006654D6544659B659265A965A065BF64BA8
:10D4E000664CD64C464DB64D496182802A8DAE843D
:10D4F00085BFA29641BFEF22DFE70111AE8A328AD3
:10D50000368C3A89AA8989E5B7D900009389E91D43
:10D51000416B81447D1BA94BD1AE13075002050C12
:10D520006308E50013841400D2862686D685DDA123
:10D5300081461306B002130500021308300221A829
:10D540009307D002630FF702930700036311F702FA
:10D5500093E616002E8C03070C0093051C00630550
:10D56000C702E34FE6FC6304A70263050703130643
:10D5700007FD1376F60F25456367C506814DA54562
:10D580001DA093E62600F9B793E64600E1B793E6BF
:10D590008600C9B793E6060175BFB38D7D032A8C5B
:10D5A000938D0DFDB29D03060C0013051C0013079F
:10D5B00006FD1377F70FE3F2E5FE03060C001307F1
:10D5C000E002631FE61083051C00254513071C00BD
:10D5D000138605FD1376F60F93E606406362C50ECB
:10D5E0008148A5450DA81306A002814DE317C7FC8D
:10D5F000832D09009307490063D60D0093E62600AA
:10D60000B30DB0413E892E8C4DBFB38878032A8775
:10D61000938808FDB29803060700130517009307C7
:10D6200006FD93F7F70FE3F2F5FE830707001306F5
:10D63000C006130417006383C70C6346F60A13067B
:10D6400080066386C70C1306A006638CC70C3A8459
:10D650000305040013074006130C14006302E502DF
:10D66000634AA71013078005630CE500634EA70A01
:10D67000130750026309E53813070005E314E5EAD0
:10D680001377F5FD130680054148630FC7001306A5
:10D690000005631AC714030614001307600593E618
:10D6A00006116313E6006284830704001307000574
:10D6B00013F677FF6316E61493E60602CD9A89AA5D
:10D6C0001306A0028148E392C5F6832809001306D9
:10D6D000490063D30800814813072C003289B1B791
:10D6E0006287814899B7130640076386C70013060F
:10D6F000A007E39EC7F493E6061099BF0306170040
:10D70000E31BF6FE93E606301304270091B70306E9
:10D7100017006305F60093E606081DBF93E6060CA6
:10D72000E5B793E606202DB713072006E30AE5F4D4
:10D7300013073006E318E5DE13F426006302042421
:10D740002686854C03050900D286D685130D49002F
:10D75000930416008299630A041863F8BC1926869C
:10D7600013841400D286D685130500028299850C95
:10D77000A284E5B7130700076349A7001307F00663
:10D78000E350E5F013079006D5BD13075007E309F2
:10D79000E5EE13078007E305E5EE13073007E31313
:10D7A000E5D8930749003ECA032D090046876393D5
:10D7B00008007D573306ED006A878305070099C18D
:10D7C0006312E61C13F906403307A74163050900FD
:10D7D00063F3E800468713F42600BA8C6317041C31
:10D7E000338EE4406DAA9307F0062148E30EF5EA74
:10D7F000930720060948E309F5EABD9A29486DB563
:10D80000130790066386E70013074006E398E7EAEC
:10D8100013F7064011C3F99A130790066386E700D1
:10D8200013074006639FE70893F70620B1C71D0959
:10D83000137989FF0325490083270900130D890007
:10D840001356F541B18F3387C740B345A600B3B730
:10D85000E7003386C54046C236C6C2886EC402C0E1
:10D860001358F501B307F640D2862686D6854E8535
:10D87000EFF05FB9AA8485A893F70610130D49004D
:10D880009DC38327090013D7F7413346F70036C2FB
:10D890006EC0FD833307E640D2862686D6854E8548
:10D8A000EFF0FFADC1BF13F706048327090001C7DE
:10D8B000E207E187C9BF13F7060871D7C207C1871E
:10D8C000D9B7130760056394E7048327090033067B
:10D8D0009A40B3859A00D84394434E851843130D5C
:10D8E00049001139AA94130C14006A8903050C002D
:10D8F000E31505C2268663E444011306FAFFD286C7
:10D90000D68501458299268505616F205FAA93F728
:10D9100006208DC31D09137989FF0327090083277A
:10D920004900130D890046C236C6C2886EC402C0C3
:10D9300001481DBF93F70610130D490099C703272F
:10D94000090036C26EC0814781BF93F706040327E2
:10D95000090081C71377F70FEDB793F70608F5D3E2
:10D9600033776701F9BFD286D68513050002829905
:10D9700033069D00930C2D00050DE366BDFFD9B362
:10D98000014DFDB7050715BD72CE46CCD286268661
:10D99000D685130500028299E248724E6687B30469
:10D9A000EE00930C1700E361B7FF268621A8BA8822
:10D9B0001307160046CE3ACCD286D68582996247A6
:10D9C000F2483A86330796406A970305070019C55F
:10D9D000E30009FE1387F8FFE39B08FCB2840DE027
:10D9E000524929B7268613891400D286D685130595
:10D9F00000028299CA8433878400E365B7FFCDB7FC
:10DA00003384CC40CDBF13841400D2862686D685BD
:10DA1000130550028299A284D1BD397136D6B286DF
:10DA20002E86AA8537D500003AD81305451D7810F3
:10DA300006CE3EDA42DC46DE3AC6EFF0DFABF2401D
:10DA400021618280EF22FF953687B2862E86AA85D5
:10DA500037D500001305451DEFF0FFA96F20BF96D5
:10DA6000EF223F94A145EFF04FEA6F20DF95831737
:10DA7000450063C20702EF22DF92783185472A848E
:10DA800063F5E7000841EFF02FA4A1452285EFF0F0
:10DA9000CFE76F205F938280EF221F8F03C4418006
:10DAA0001389019203270900930724F993F7F70FCD
:10DAB0002A8A938441806370F702130414FB03A540
:10DAC00001911374040EA285EFF0AFD51DC123A8F8
:10DAD000A190232089008A2083A701910505420592
:10DAE00041818AA091E301A0AA97238847F96F207A
:10DAF000FF8C0145EDBF8317450063C1070E7C31E4
:10DB0000F1CF0547639FE7005C41C607C583639774
:10DB1000B70C5E216177A3030500F98F5EA105456F
:10DB20008280EF227F860329050093942700014716
:10DB3000CA9493161700A6969622639CB608894647
:10DB4000AE892A84639FD70285477CB1A167FD1700
:10DB500005E7B620F58F5620C6076176C583F18E9E
:10DB6000D58F5EA001EF832749001CC04A85EFF0E6
:10DB7000AF9505456F209F849620E9BF8327090054
:10DB8000EDB7FD1719453385A702EFF0AFC629C5DC
:10DB90007C3008C08146FD1793F7F70F7CB0014633
:10DBA0008A079A206301370393952600CA958C4112
:10DBB000131726002A970CC38E20131716002A97D6
:10DBC0003E970EA30506783085068904E37BD7FCD3
:10DBD00071BF0507E36FF7F4014569BF0145828016
:10DBE0008317450063D007021C41984301E7814732
:10DBF0003E8582806396E500DC431CC28547CDBF2D
:10DC0000A107E5B774318147E5D6854763F4D702AC
:10DC100008411397260081472A9703580700639607
:10DC200005018A07AA979C43C9BF85070907E3E650
:10DC3000D7FE75BF5841814746074583E39AE5FA09
:10DC40001C4165BFEF22EFF54111AE84D1452A8416
:10DC500032C636C43AC23EC0EFF02FCB324604C0C3
:10DC600082471247A24609E637C600001306C6B926
:10DC700010C454C418C85CC041016F20CFF413070E
:10DC800070036300E50C6368A70613075002630A7C
:10DC9000E50A636DA7023947930700106306E502A2
:10DCA000636AA7008D476302F50C9947630FF50A75
:10DCB000814719A8130700026301E50A1307200230
:10DCC000E318E5FE4177F98F3E8582801307100344
:10DCD0006309E5066369A700130790026303E5067D
:10DCE00013070003F1BF13073003BD47E30EE5FC44
:10DCF00013076003F1B71307E0046304E5046364EA
:10DD0000A702130760046369A70013075004637A2E
:10DD1000E502130740046DB713077004E304E5FA46
:10DD20001307D00471BF13075005E30DE5F8636DC9
:10DD3000A70013072005E307E5F893073005E3196B
:10DD4000F5F69307F00F49B793077005630AF500DE
:10DD5000E369F5FE93072006DDB7C167FD17ADB790
:10DD6000B70703009387C78985B78967C5BF68313F
:10DD70001335150082801181420541819377850119
:10DD800099E37D8982801D4582808317450063C9A0
:10DD90000710EF226FDFAE846C31854732892A8409
:10DDA00063F0B70A0841139625009387F5FFFD56E7
:10DDB0001397170032972A971A23631897008A0738
:10DDC000AA9723A027016F206FDFFD17E392D7FEEC
:10DDD00085059947B385F502EFF0AFA46DD578308E
:10DDE000795608C093162700931517003307C7020A
:10DDF000AA96B387B600639DF6027C30850793F739
:10DE0000F70F139717007CB079178A07BA97AA976C
:10DE100086A37C308A073E95232E25FF2685EFF0CA
:10DE20009FF585473395A7007C205D8D68A061BF75
:10DE30003306F7002E960356E6FFF917D2A365BF07
:10DE4000A169FD196392F5045C41B3F73701C2077C
:10DE5000C1836394970010C0BDB73145EFF08F992F
:10DE60003DD17C30144008C0850793F7F70F7CB094
:10DE700058408A07AA97B379370123903701A6A3A0
:10DE800014C12322250159BF7CB15E216177B3F90A
:10DE90003401F98FB3E937012312350110C0BDBF3A
:10DEA000828041677D17AA87630CE502014595CB07
:10DEB0001307F0066369F70037C5020013054537FD
:10DEC0003E950821828003A70191014519CB83A6C5
:10DED0000192938707F963F6D700BA978823828067
:10DEE0003D458280EF22EFCB2E868545EFF0FFE99E
:10DEF0006F206FCDEF22EFCA2E868D45EFF0FFE841
:10DF00006F206FCCEF22EFC92E869145EFF0FFE72F
:10DF10006F206FCBEF22EFC82E869945EFF0FFE61A
:10DF20006F206FCAEF22EFC72E86A945EFF0FFE5FD
:10DF30006F206FC9EF22EFC62E86AD45EFF0FFE4EC
:10DF40006F206FC8EF22EFC52E86C145EFF0FFE3CB
:10DF50006F206FC7EF22EFC42E86C545EFF0FFE2BA
:10DF60006F206FC6EF22EFC32E86C945EFF0FFE1A9
:10DF70006F206FC5EF22EFC22E86CD45EFF0FFE098
:10DF80006F206FC4EF22EFC12E86D145EFF0FFDF87
:10DF90006F206FC3EF22EFC02E86D545EFF0FFDE76
:10DFA0006F206FC2EF22EFBF13960501411141822E
:10DFB0009305000223100100EFF03FDD41016F20C7
:10DFC0008FC0EF220FBE2E8693051002EFF0FFDB0D
:10DFD0006F206FBFEF22EFBC139605014111418204
:10DFE0009305200223100100EFF03FDA41016F207A
:10DFF0008FBDEF220FBB2E8693058002EFF0FFD876
:10E000006F206FBCEF22EFB91396050141114182D9
:10E010009305000323100100EFF03FD741016F206B
:10E020008FBAEF220FB82E8693051003EFF0FFD5BD
:10E030006F206FB9EF22EFB62E8693052003EFF025
:10E04000DFD46F204FB8EF22CFB52E869305300373
:10E05000EFF0BFD36F202FB7EF22AFB42E8693051A
:10E060004003EFF09FD26F200FB6EF228FB32E86C2
:10E0700093055003EFF07FD16F20EFB4EF226FB222
:10E08000139605014111418293056003231001009D
:10E09000EFF0BFCF41016F200FB3EF228FB02E867C
:10E0A00093057003EFF07FCE6F20EFB1EF226FAFDB
:10E0B0002E8693058003EFF05FCD6F20CFB0EF2267
:10E0C0004FAE2E8693050004EFF03FCC6F20AFAF2C
:10E0D000EF222FAD2E8693052004EFF01FCB6F208B
:10E0E0008FAEEF220FAC2E8693053004EFF0FFC900
:10E0F0006F206FADEF22EFAA139605014111418207
:10E100009305400423100100EFF03FC841016F2048
:10E110008FABEF220FA92E8693055004EFF0FFC6B8
:10E120006F206FAAEF22EFA72E8693059004EFF0E1
:10E13000DFC56F204FA9EF22CFA61396050141112D
:10E1400041829305D00423100100EFF01FC4410168
:10E150006F206FA7EF22EFA42E8693050005EFF046
:10E16000DFC26F204FA6EF22CFA32E8693051005A6
:10E17000EFF0BFC16F202FA5EF22AFA213960501CC
:10E18000411141829305200523100100EFF0FFBFEC
:10E1900041016F204FA3EF22CFA01396050141113B
:10E1A00041829305500523100100EFF01FBE41018D
:10E1B0006F206FA1EF22EF9E2E8693057005EFF082
:10E1C000DFBC6F204FA0EF22CF9D2E8693059005D8
:10E1D000EFF0BFBB6F202F9FEF22AF9C2E869305E1
:10E1E000B005EFF09FBA6F200F9EEF228F9B2E8617
:10E1F00093050006EFF07FB96F20EF9CEF226F9A36
:10E200002E8693051006EFF05FB86F20CF9BEF22AC
:10E210004F992E8693053006EFF03FB76F20AF9AE7
:10E22000EF222F982E8693054006EFF01FB66F2041
:10E230008F99EF220F972E8693056006EFF0FFB4BB
:10E240006F206F98EF22EF952E8693058006EFF0F2
:10E25000DFB36F204F97EF22CF9437750020E14551
:10E26000130545A6EFE06FEC0547238AE1926F2086
:10E270008F95EF220F932A893775002041111305DE
:10E2800045A62EC6B284EFE04FEBB24511E101A0E6
:10E29000FD571CC95C290CC123242501F99B5CA9ED
:10E2A0002A84EF10A01F054748C044C4238EE19282
:10E2B000228541016F202F91EF22AF8E2A84AA85FB
:10E2C00037750020130545A6EFE0EFEE05472285E0
:10E2D000A38EE192EFE05F9F6F20EF8EEF226F89B8
:10E2E0009387419298234111054409EB054798A370
:10E2F00083C9419363980900238007002285410167
:10E300006F20EF8AEF10801913894192AA8A11E9D0
:10E3100093878193984393064006050763E0E60AD6
:10E3200098C3377C0020628A13054CA6A38E019205
:10E33000238E0192EFE04FF023ACA190938CD19308
:10E34000138DC19383A58191ADED13054AA6EFE02E
:10E35000AFEEAA857D546392050E5685EF106015C9
:10E36000138781921C43938481923E9508C303A531
:10E37000019393890193EF10C0139307301F63FC3F
:10E38000A7029C4013074006B307F70233D5A70244
:10E3900081471375F50F6368A7009307400633851F
:10E3A000A7409377F50F2386F19223A00400EF1086
:10E3B000E00E23A0A9002300090089B723A00700CD
:10E3C0008DB713054AA6EFE06FE803A48191AA8DEB
:10E3D0005C28858B81C723ACB191ADB74840EF1065
:10E3E000400D184081476364E50218486355E0001A
:10E3F0009307F7FF1CC83AC6EF10400A144448C000
:10E40000CE8791C6324701C722858296CE8703C741
:10E410000C0001EB184811E722853EC6EFF0DFE95A
:10E42000B247D5DB83470D0081E783C70C00C5D712
:10E4300083A78191E39A07EE09BFDC29858B99EFC9
:10E44000C8412EC6EF10E006B2458147984163747B
:10E45000E500B307A74063F387003E8413054AA68F
:10E46000EFE0CFDEAA85C5BD5C2993E717005CA964
:10E4700082805C29F99B5CA98280EF129FF22A843A
:10E48000EF10C0011C4093C7F7FF3E9548C06F10C6
:10E490009FF35C41F19B91E301A03E9511058280C1
:10E4A000EF123FF02A84EFF0DFFE00C16F10BFF1E2
:10E4B000EF123FEF2A84EFF0DFFD5C41F59B5CC17A
:10E4C0005C40F99B5CC06F101FF0EF129FED3304AE
:10E4D000B50011049307B40013078400F19B630394
:10E4E000F70001A05841719BB306B7401386C6FFE1
:10E4F000AE966383E60001A05C402D478D8BD18FE3
:10E500005CC0F19B6363F70001A05C418D8BDD8DE6
:10E510004CC12285EFF0DFF85C4193E727005CC136
:10E520005C40228593E717005CC06F10DFE98280B2
:10E53000DC4591E301A0984511E301A05CC798C7B1
:10E5400093175600B6978A07AA9703A887036318FC
:10E55000B80298DF6315E502131726002A974C4B83
:10E560008547B396D70093C6F6FFED8E54CB81EA6C
:10E57000B397C700104993C7F7FFF18F1CC982807A
:10E58000EF123FE29307F00741112A8463EAA700E4
:10E5900013542540014588C100C241016F10BFE2FC
:10E5A00032C62EC4EFB0A114E947898F3354F4006A
:10E5B000E547134404023385A7403246A245E1BF34
:10E5C000EF123FDE2A84C8414111AE8470002C0056
:10E5D0007199EFF0FFFA2247B24593175700AE97B3
:10E5E0008A07A297945F91E201A094C4C0C4C4C6F4
:10E5F0009386B40013868400F19A6303D60001A0C9
:10E6000084DF144885473396E700D18E0A0714C883
:10E610003A945848B397B700D98F5CC841016F103E
:10E620009FDADC4113F7170011E301A0F19B1307F8
:10E63000060163EAE702EF12DFD62E844111B285AC
:10E64000AA842285EFF07FE82AC62285EFF05FE5F5
:10E65000B2452685DC4193E72700DCC1EFF05FF689
:10E6600041016F105FD68280EF12BFD3AA84C841E8
:10E6700041112E8470002C007199EFF07FF0B246AA
:10E680002246A2852685EFF0BFEA41016F10BFD375
:10E69000EF123FD12A892E852E84EFF09FDF11E102
:10E6A00001A05C41AA84858B95C75C40F19B91E3F6
:10E6B00001A0AA854A85EFF03FFB58409377C7FF3A
:10E6C00091E301A0DC4011072285F19BBA975CC061
:10E6D000EFF01FDD22856F101FCFEF129FCC41118D
:10E6E00002C402C691E50144228541016F10BFCDED
:10E6F0009307F0072A89AE842E8563FCB700EFA04C
:10E70000117FE9473385A74085473395A7007D15DD
:10E71000269570002C00EFF0BFE62244A147E3C429
:10E7200087FC930644008A06B247CA96C8427D57C2
:10E73000B317F7007D8D1DE103250901050433148E
:10E740008700618D4DD1EFA091731304F5FF0D0586
:10E750000A054A95484122C411E101A0EFA0317297
:10E760009306F5FF93175400B697B1078A07CA9727
:10E77000804736C62DD85C40F19B63F3970001A01B
:10E780002246A2854A85EFF0BFDAB9BFEF127FC1FA
:10E790003289AE8489E5B7E400009384E45213041F
:10E7A000C5FF09C450409375C6FF99E16F10BFC102
:10E7B0001346F6FF13058400CA86058A82942285D3
:10E7C000EFF03FCD2A84F1BFEF12BFBD93F73500C4
:10E7D00095EB6116719AA167130746FFD11763E3A2
:10E7E000E702136616009384C5FF90C12E84A685A8
:10E7F000EFF01FDD2685EFF0BFCA89475CC1228597
:10E800006F107FBC0144E5BF937735002A8795EBF5
:10E8100008C548C5232805009307450193058503CE
:10E820001308000223A007003A86814608DE850609
:10E830001106E39D06FF910713070708E394B7FE4F
:10E84000828001458280EF12DFB54111AA842EC675
:10E85000EFF09FFBB2452A84138685B49385844BE1
:10E86000EFF09FF6228541016F10FFB51305854B30
:10E870008280EF121FB34111AA842E8691CD138698
:10E8800035009377C6FF2167014663F7E7003E86B0
:10E89000B1476373F6003146B285268532C6EFF084
:10E8A000DFE32A8405C1324611E201A0AA8526854C
:10E8B000EFF03FD72285EFF0BFBF13058400410181
:10E8C0006F107FB00145E5BFBDCD83A7C5FF858B28
:10E8D00091C301A0EF12FFAC138485FF2A89228522
:10E8E000AE84EFF0FFBB5C4193E727005CC183A7D8
:10E8F000C4FF93E7170023AEF4FE898B9DCB03A4DE
:10E9000084FF11E001A05C40858B91E301A0A2850A
:10E910004A85EFF07FD558409377C7FF91E301A078
:10E9200083A7C4FF2285F19BBA9791075CC0EFF0E3
:10E930003FB7A2854A85EFF0BFD5AA854A85EFF09B
:10E940003FC86F105FA88280EF121FA4328481C974
:10E9500001EEEFF07FF7014A52856F103FA6B285B6
:10E96000EFF03FF12A8ACDBF138B85FFAA8A5A8523
:10E970002E89EFF01FB293073400F19B21678329A2
:10E98000C9FF814463F7E700BE84B14763F3F40035
:10E99000B14493F7190091C301A093F9C9FF63F63D
:10E9A00099045C4113F7170019C7F19B13874900BD
:10E9B000BA9763F59702A2855685EFF09FEB2A8AF6
:10E9C00041DD228663F389004E86CA855285EFE0D9
:10E9D0004FB8CA855685EFF03FEFBDBFDA85568543
:10E9E000EFF01FCB5A85EFF0BFAC8327C9FF13F7B9
:10E9F000170011C301A0F19B138704014A8AE3EDBC
:10EA0000E7F4A6855A85EFF05FAC5C41AA85F59BDB
:10EA10005CC15685EFF0DFC7AA855685EFF05FBA77
:10EA200025BF8307050063D9070213F7070E930676
:10EA3000000C09456303D70213F7070F9306000E76
:10EA40000D45630CD70093F7870F1307000F01459F
:10EA50006395E7001145828005458280411102C619
:10EA600091E16C0003A80500B30705018387070047
:10EA70001307180063C6070098C13E8541018280D4
:10EA800093F6070E1306000C6397C60298C12A97E7
:10EA900003070700930600081376070C6304D600EB
:10EAA0008147E1BF9A071377F70393F7077CBA977B
:10EAB00013072800D1B793F6070F1306000E6397CC
:10EAC000C60498C12A97830607001307000813F6A7
:10EAD000060CE317E6FC1307280098C12A970307E2
:10EAE00007001375070CE31DC5FA3D65B207E98FF2
:10EAF00013F5F60F85661377F7031A05938606FC60
:10EB0000BA97758DAA9713073800BDB793F6870F8C
:10EB10001306000F98C1E395C6F82A97030607006D
:10EB2000130700081373060CE31CE3F61307280011
:10EB300098C12A978306070093F8060CE39268F6BB
:10EB4000130738003A9598C1030705001375070CA1
:10EB5000E31815F537051C00CA07E98F1315C60021
:10EB600037F60300718D5D8D93F7F60F85669A0772
:10EB7000938606FC1377F703F58FBA97AA971307C6
:10EB80004800DDBDEF125F8041112A8901448144B4
:10EB90006387B400330589008307050089E7228570
:10EBA00041016F10BF8183A781812EC68297B24534
:10EBB00011E105452A948504E1BFEF12EFFC4111F4
:10EBC0002A89AE8402C60144B24763E697002285D3
:10EBD00041016F10AFFE83A701816C004A858297C7
:10EBE0000504DDB7EF12EFFB4111AA8402C6014410
:10EBF000B247A6978387070089E7228541016F10F6
:10EC00008FFC83A701816C00268582970504CDB710
:10EC10009307F00763FCA7089307F07F411163E1B6
:10EC2000A702935765001375F50393E707FC136577
:10EC300005F85C86C88623170100324541018280B1
:10EC4000C1676376F5029357C50093E707FE5C86BC
:10EC50009357650093F7F7031375F50393E707F8E8
:10EC6000136505F8DC864887A3070100F9B7B707E5
:10EC70001100637BF5029357250193E707FF5C863C
:10EC80009357C50093F7F70393E707F8DC8693578C
:10EC9000650093F7F7031375F50393E707F813651A
:10ECA00005F85C87C88751BF014549BF8280EF12D4
:10ECB0004FEF9C410111AA84FD179CC1114488416A
:10ECC00083A781812EC626958297B2459C4101ED8E
:10ECD00099C7FD177D149CC11374F40F6DF00145A5
:10ECE00005616F104FEE3ECE83A701816C0826852B
:10ECF0008297FDB713073002AA870145639DE5009F
:10ED0000982309E7054798A3054531A08546631078
:10ED1000D70223800700942305476399E600130771
:10ED2000000205456394E500094798A3828089465F
:10ED3000E313D7FE23800700C1BFEF128FE33971C1
:10ED40002EC232C82A8DB68DBA8419C3231007008B
:10ED50000145630B0D0203070D001DC712470DC7C8
:10ED600013F767000DC701452947B54611A00505F2
:10ED7000B307AD00838707006386E71E6384D71E51
:10ED8000FDF799C0FD579EA021616F104FE213F768
:10ED900027003ACA01C78966938DF6FF858B0967FC
:10EDA00037CB02007D173ED493074B3EA3090102E7
:10EDB00002DA81493AD23ED6D2573309FD003EC429
:10EDC00083070900638A07166358B017D2476EC6D7
:10EDD00099C392573EC683A7018102DC02DE2C183C
:10EDE0004A858297E2576D76AA8B3EDE930706200E
:10EDF00015663ECE9307561A01447D5B02C0014C56
:10EE0000814C814A138A01813ED0330659010306A1
:10EE1000060011EA7D576303EB0CA247DA8AE1CBC7
:10EE20000144814AE9A003260A006C184A8502962B
:10EE30008247AA8C85073ECCA25791CFDE85130569
:10EE40003103EFF03FEB01C97256E247E25AE68B1D
:10EE500032DC3EC05DBF12456686DE85EF00607223
:10EE60003307850142054207418541836356A0006F
:10EE7000C2473E9742074183131C07017D56135C2E
:10EE80000C416319CB00C2473306FC40B24763D341
:10EE9000C700568B2946638DCB023546638ACB0269
:10EEA000F2473386FB00825763F4C7020146B2572C
:10EEB000B305F6008385050091E5FD57E316FBF8E1
:10EEC000628459B76386BB0005061376F60FC5B793
:10EED000E3920AF47D56E312CBF46284824799C729
:10EEE00035476396EB0029476393EC00E25A4204EE
:10EEF0004180B3868D404E94939D06019319040181
:10EF000093DD0D4193D90941525763870A020306E5
:10EF10000D00B387EA003EDAA945630FB600354716
:10EF2000630CE6003306FD00030606006304B6002A
:10EF3000E314E6E885073EDAD25795E383A701811B
:10EF40004C186A858297AA8581CC12450146152DF9
:10EF50009319050193D909412390340111A0EDFCC7
:10EF600052551DB5050531BD2DC125C2EF12CFC1CA
:10EF70002A84328532892E8AEFB0D138AA8415C905
:10EF80002285EFB0313883A78180B3099500D285FF
:10EF9000228582973387A40063FFE9008147330706
:10EFA000F90014233387A700229714A38507E39859
:10EFB000F4FE6F10AFC0B3879940A2978386070015
:10EFC000B3073401FD1994A3C1BF828021C9EF1298
:10EFD000AFBB4111328A2A842EC613898180EFB0DB
:10EFE000713283270900B245AA8922858297832737
:10EFF0000900AA84D28522958297B389A94063F536
:10F00000990041016F108FBBB387A400A2970387BB
:10F010000700B3079400850498A3D5B78280EF1248
:10F02000AFB64111AE862A862A89AE89014581454F
:10F03000EFE05FA1930515002A842E852EC6EFD040
:10F040007FFBB24511E101A02A9423000400CE8683
:10F050004A86AA84EFE01F9F268541016F100FB6F4
:10F06000EF128FB2138401811C404111AE89B68525
:10F070002A89B28436C6829723A0A900814701C994
:10F08000B2461C40814588424A958297AA879CC017
:10F0900041016F10AFB2EF122FAF4111014409C906
:10F0A00001CA8307050089C702C2A3010100A9E9BB
:10F0B000228541016F108FB0540070002C004A85EA
:10F0C000EFF01FFA99C4A24513053100EFF09FC27B
:10F0D00011ED3246A24556856D2193170501C18772
:10F0E0006356F0004E942A94420441849247E3E52B
:10F0F00047FDE35F80FA33043441420441844DBF4D
:10F10000B689B28A2E8A2A89014493741700F9BFFE
:10F110002310050023110500D5C9EF128FA5411159
:10F12000328A21CEBE8A937728002A84AE8B368C11
:10F13000BA8D99C3896AFD1A031B8A008149216D22
:10F1400093140B01C180B38CB40133893B01830755
:10F1500009009DE7638E09008307F9FF294763854E
:10F16000E70035476396E7003E20EE94BE9426A064
:10F170000317240021EB2311640141016F102FA319
:10F18000C287D2850147D68662864A8542C6EFF09D
:10F19000DFBA83172400AA85AA99E697E3FFA7FDA3
:10F1A00032483EA0E286428752864A85EFF0BFEEA3
:10F1B0001E2032481397070141876353A700AA878F
:10F1C0001EA061B73307B7413AA045BF8280EF1256
:10F1D000AF9B4111AA892E8919E2014415A89354C5
:10F1E00016003384D4024E8536C43AC232C64A94DD
:10F1F000A28502971247A246635BA00032463309FC
:10F20000D4001346F6FF058A918C2686F1B775FD6A
:10F21000228541016F108F9AEF12AF989305C004B9
:10F220002A84EFD09FEEB707F000938707141CC025
:10F23000FD575CC01C48017713077703F98F1167EE
:10F2400013078710D98F1CC89307007E5EB8B78755
:10F250000100938767675CDC3CC09307C0032324ED
:10F2600004007CC06F102F96EF12AF934111AE8453
:10F27000F1452A8432C636C4EFD03FE93246A24671
:10F2800004C050C004C454C441016F10CF93EF12A6
:10F29000AF8FAA8437750020411113050597EFD071
:10F2A000CFE911E101A09C5C2A8489EFE840EFD00E
:10F2B0007FD42A8911E101A0DC5CAA85268582978A
:10F2C00023AC2403930580152285EFD01FE4377506
:10F2D00002009387019404C02286F9451305E59F37
:10F2E00083A9070080C3EFE0DFF848C013890194C9
:10F2F00011E101A09C4813F7270009CF03970400F0
:10F3000003962400D4443307C702D44663F4E600CE
:10F31000F59B9CC8FD57A304F402FD573EB4EF7063
:10F32000704341ED1545EFD06FA6AA8501452EC665
:10F33000EFD0CFA5B245370703002A861307C78948
:10F3400081462285EF60E03408C40145EF20C10CFE
:10F3500008C80145EF20410C48CC0145EF20C10B06
:10F3600008D0484CB70410001386F4FF8145EF60C5
:10F37000011308501386F4FF8145EF604112484C99
:10F380008945EF20611208508945EF20E111484C72
:10F390008145EF40C16708508145EF40416708480B
:10F3A000EF30C161638E0900232039014840EFF03E
:10F3B000CF8C228541016F106F80EF70703869B774
:10F3C00023208900E5B703A501948280AA8709E577
:10F3D00083A70194014585C3984385461C4B9183BF
:10F3E0008D8B6385D7008D466395D7000315270065
:10F3F0008280031507008280AA8709E583A701940C
:10F40000014585C3984385461C4B91838D8B63854D
:10F41000D7008D466395D70003150700828003153A
:10F420002700828011E503A501949307200811C5E8
:10F430001C419C4B9D8393F7F73F3E8582805C4542
:10F4400023A8070023AA07008280EF029FF5AA8560
:10F45000377500201305059789E5EFD0EFDD6F00C4
:10F460009FF6EFD0AFDEE5BF1C41C8478280EF02B8
:10F470005FF3AA85377500201305C5A489E5EFD091
:10F48000AFDB6F005FF4EFD06FDCE5BF2384019446
:10F490009387419498433A9588C3828003A5419409
:10F4A00093878194854694A398231377F70F65DF9C
:10F4B0008280EF021FEF2A84EFF05FFE018D6F0064
:10F4C0009FF011E101A0EF02DFED5C4182976F0038
:10F4D0009FEF11E101A091E101A0EF02FFEAB68ADE
:10F4E000B2842E842A8A23A005002A898149832791
:10F4F0000900D6862686A2854A85829719C97C246A
:10F50000C18B89E7232024016F005FEB639309001F
:10F51000CA8903294901E31C09FC638D090083A7FB
:10F520000900D6862686A2854E858297054523202A
:10F530003401D9BFFD4703178A0063FB9700C167F9
:10F540009387F78F6386F4008967B1076392F402AB
:10F55000232204007C24232004001AA4819B93E727
:10F56000170123150400231604007CA4014569BF7C
:10F570008947B347F702C207C1837EA089075EA00F
:10F58000D1BF11E101A0EF02DFE14111B2862E8669
:10F590008A85EFF01FF4288241016F00DFE21C2111
:10F5A00098216385E7003385E740828008319C31EC
:10F5B0001D8D82801E219A216385E7003385E740F7
:10F5C00082802A21BE211D8D82800A219E211D8DCF
:10F5D0008280EF027FDB0329050041118326490168
:10F5E00081C69C426383B7020355290101465148F5
:10F5F0001375F51F93170601C18363EDA70001443E
:10F6000091C68CC223A2060011A0C04222854101EE
:10F610006F00DFDAB3090603832789000506CE975A
:10F62000984383D847003387E540E3E5E8FCB42BF3
:10F630000946AE84639AC600E2233A9483274901BF
:10F64000F1D784C3C0C3D9B791E6D4473697002316
:10F65000EA230DA80D466399C6027887922B8C4742
:10F6600037F700001307A75C89461305E100EFF0A8
:10F670001FB6014461D583278900CE978047018D4D
:10F68000E22305852A945DBF05460144E398C6FA46
:10F690007887922B8C4737F700001307A75C8946C1
:10F6A0001305E100EFF0BFB251D983278900CE974F
:10F6B0009847198DD8473A95022159BFA5476388C5
:10F6C000F50081E90145828001456F00DFCF930598
:10F6D0000002EF021FCD00494105EFF09FEF6DD50D
:10F6E0003E287177F98FEDF35C400E053E95084199
:10F6F0001C40320531813E95C9BFEF02FFC8A547C6
:10F7000001112A89AE896308F60051EA0144228575
:10F7100005616F00BFCA054413060002930A090180
:10F72000B285568536C683240901EFF09FEA2A8AFE
:10F7300071DDDC44B246B5E701479E28C8400E0A99
:10F74000B387E702529518415183918711C006078C
:10F75000A107BA9791832392F9005C312394F900B1
:10F760005C212393F9009396070183076500C1820A
:10F770002395F900830775002396F9009C48E583DB
:10F7800013F7F70083C7E90093F7070ED98F238794
:10F79000F90069CC939716002393F9008DBF0144BB
:10F7A000B5BFD9DAB6855685EFF0BFE251D503274C
:10F7B00009010329C7003A2B8327890093162701E3
:10F7C00063C00608370600C0F18F95EF0326890055
:10F7D000832A0900220552950A0637F70000E886B9
:10F7E0001307E75989460982D6856808EFF03F9EDE
:10F7F000014721D5330555410585832749003E95AD
:10F80000030705001DBF37070040E397E7F2832A8F
:10F8100009000326890042055295FD1737F70000BD
:10F820002ACE1307475B91467D8ED6856808EFF098
:10F830001F9A0147E30305F033055541098575BF5C
:10F840000327490052971823E30807EEAA97942349
:10F85000E38406EE8347D9007D173307F702832739
:10F860000900B6973E970307F7FFC1BD054445B5AC
:10F870008280EF021FB341112E852E84EF60A155C7
:10F88000AA84EF20B1652AC62685EF203166B245ED
:10F890002A862285EF20314985452285EF80B049AF
:10F8A0002285EF107137039641958964938544064C
:10F8B0002A89EF2051474A858145EF80D047894604
:10F8C000094681454A85EF80904C2285EF10D1345E
:10F8D00085452A84EF809050938544062285EF2049
:10F8E000113E41016F003FAEEF02BFAB09662E84AF
:10F8F00013064606B2852285EF20F142B7050100C6
:10F90000814601469385C5922285EF00716222856A
:10F9100093050008EF10113222858D45EF408115C7
:10F920008D452285EF4061176F00FFA9EF02DFA52B
:10F930004111AA84EF00D15C2A842685EF00D15BB7
:10F94000A947631DF4082A89EF20515BAA844A85E0
:10F95000EF20315EAA896C004A85EF40614D8947EE
:10F9600033C7F4020314C100420741873A94334479
:10F970009402B3C7F902330494028314E100C2076E
:10F98000C187BE94B3C4340342044184B3843403B6
:10F990008149C204C1844A85EF60414763E4A900FC
:10F9A0003D440DA8CE854A85EF6081432A8AEF2029
:10F9B0007148AA8A5285EF20514C63145403639214
:10F9C000A402232249030146F1454A8503444A0221
:10F9D000EF00F14EA2854A85EF40810641016F009C
:10F9E000FF9D85094DBFEF023F9A41112E852E8460
:10F9F000EF60613E096613064606B285AA89228534
:10FA0000EF2071322285EF30713B4E85EF20114F90
:10FA1000138981958325090093840196B385A502F6
:10FA20004E85C205C1852EC6EF20B1509040B2452B
:10FA30003306A602228542064186EF20712683C541
:10FA4000C1959840832709002302B402D98F81E72A
:10FA50004E85EF30F17E41016F005F96EF027F949B
:10FA600083C7C5022E84B18B85EF8347C4028D8B7B
:10FA7000B1EB4850EFD04FA5232204026F00BF9492
:10FA800013992400CA9788438504EFD0EFA35C50F4
:10FA9000CA9723A007001A345C50E3E3E4FEF1B7F1
:10FAA0008144D5BF13993400CA9788438504EFD0A9
:10FAB000AFA15C50CA9723A007001A345C50E3E35F
:10FAC000E4FE45BF8144D5BFEF021F8C83C741963A
:10FAD0000947AE842386F502638AE70E636BF70C51
:10FAE00005478145638EE70C896913864906B2850F
:10FAF0002685EF2051232685EF509FB52A8926853C
:10FB0000EF1091112A8485454A85EF60AFAE11450B
:10FB1000EFD04FCEB7170300938747F4C8D01CC16E
:10FB2000AA854A85EF50BFB4B705010081467146EA
:10FB30009385E5E04A85EF00B13F91654A85EF1076
:10FB4000710FB7050100814601469385C5D3228513
:10FB5000EF00113E81452285EF30716B83C7C402EF
:10FB60001147638AE7066365F706FD1793F7F70FFA
:10FB700005476374F708EF00915801C5CA85EF0087
:10FB8000F15F83C7C402B18BD1C781452285EF8065
:10FB9000901A8D452285EF30F16D2285930500087E
:10FBA000EF105109930500402285EF10F10F6F000F
:10FBB000FF801147638AE7002147A545E396E7F2F6
:10FBC0002685EF8050170DB78545DDBFA145CDBF18
:10FBD0002147E392E7FA039661968969938549067E
:10FBE0004A85EF205114938549062285EF20310D77
:10FBF00085452285EF80901EBDBF839561964A851D
:10FC000013864906EF203112938549062285EF209D
:10FC1000510EF9BF22858545EF80F0118D45228573
:10FC2000EF30B1679DBFEF02CFF78545EF60411B15
:10FC30006F006FF9EF02EFF68145EF60611A6F0018
:10FC40008FF8EF026FF41E35AA84B28A9389F7FF0A
:10FC500063F3F500AE892685EF3051162685EFF067
:10FC60009FFC2A8925C583C7C402139A0901135A28
:10FC70000A01B18BBDC355468145EF50C12E131B00
:10FC800005014A85EF2091272A8481451306B00695
:10FC90002685EF50412D135B0B411375F50F8547FA
:10FCA000B30564016306F502B305BA02C2055686C0
:10FCB000C1854A85EF40E1742685EFF0BFF7130652
:10FCC0000008D285EF50FFA5239544036F000FEF86
:10FCD000B3093041B3853503D1BF51468145EF505B
:10FCE0008128131405014A85EF20B124418422950F
:10FCF000B305AA0256864A85C205C185EF40C17385
:10FD000065BFEF020FEA37050300130585982E84BF
:10FD1000EF00110385476311F5022285EF00511EA4
:10FD2000AA842285EF00511D130790026396E40018
:10FD30002E350146EFF0FFF06F00EFE8EF026FE6BF
:10FD400041112A84EF00511BAA842285EF00511B28
:10FD50002A892685EF6021089307B0022A84631957
:10FD6000F9002E350146EFF0DFED41016F00AFE500
:10FD7000A947E31CF9FE26856C00EF40610B834721
:10FD8000C4022685B18BBDC7EF205117AA84130684
:10FD9000B00681452285EF50011D1375F50F05470B
:10FDA0008317C1006311E504094533C5A402420568
:10FDB00041851D8D3345950242054185AA846353D3
:10FDC00005008144C2040359A402C1840546A685E6
:10FDD0002285EFF01FE7E38A24F90146F1452285E9
:10FDE000EF00F10D59B7094533C5A402420541851D
:10FDF0003E95C9B7EF20F11309473347E502831752
:10FE0000E10042074187BA9733C5A70275B7EF02F1
:10FE10004FD9EF00710EAA84EF50F17B2A8426851A
:10FE2000EF507F97AA8505462285EFF09FE16F008E
:10FE30008FD9EF020FD72E84397189452285EF10B3
:10FE4000A1660A85EFB0BFF4B7070100938747ECBE
:10FE50003EC2FD57231EF10283A7C1960A8522C028
:10FE60003ED483A781963ECE3ED0938787163ED25E
:10FE7000EFB05FFBB7C700009387E7F33ECC930773
:10FE800080163ED2B7070100938747EB0A853EC232
:10FE900002CE02D0EFB01FF91306801622858145ED
:10FEA000EF30BFDE9305E0102285EF30BFDF216128
:10FEB0006F006FD1EF02EFCEC205C181EF301FA5F9
:10FEC0006F006FD0EF02EFCDC205C181EF30FFAD03
:10FED0006F006FCFEF024FCB79712A84C945680854
:10FEE000EFD0AFA238543C506356070A1307B00254
:10FEF00063D407001307D002230EE1000149130B5E
:10FF0000D10193D6F741B58F640037060300B3865D
:10FF1000D7401306C69DB9452685EFD01FB083296B
:10FF200004072685EFA0113E93FAF9003387AA4013
:10FF300026956346E00683560407568A93F6060F15
:10FF400089C693D9490013FAF90081473307FB00AA
:10FF5000638747013386F4000306060025E6B5E60D
:10FF60006C082285EFB04FE52C587C542547BD899D
:10FF7000A946634BF7066355BA00850593F5F50F5F
:10FF8000B385254193F5F50F2285EFB02F8E45619E
:10FF90006F00CFC20549130BC101A5B73E8583068B
:10FFA0000500B307E50094A39307F5FFE398A4FECB
:10FFB000814713060003B386F40090A28507E31C73
:10FFC000F7FE95BF10A3850751B79306E00214A36F
:10FFD0000507E3D757F9B386F40083860600C9D234
:10FFE00014A385070507F5B7FD15B3C7D70293F529
:10FFF000F50F41B7EF02EFBAE1679387F769FCD1DC
:020000021000EC
:10000000A17793871796BCD58547FCD583D705077D
:100010002E84228593F7078093E757402398F506AF
:1000200023A005068545EFB04F9E85452285EFB09C
:100030008F9C2285EFF01FEA6F00EFB8EF026FB6DA
:100040007855A546854763D5E600A947B347F7022B
:100050007CD5EFF03FE86F000FB7EF028FB47C550F
:10006000294774513307F7023C5513D6F741B18F36
:10007000918F63D3D700B68763C3E70078D5EFF0DD
:100080007FE56F004FB4EF02CFB13C51745578510A
:100090003386D7006340C7026357C00063D50700AB
:1000A000B307F0403CD13C51B6973CD1EFF09FE212
:1000B0006F006FB18356050793F6061089C66394E7
:1000C000E7003C55DDB738D1D5B7EF028FAD3C51D5
:1000D000745538553386D7406340E60263570600AF
:1000E0006355F000B307F0403CD13C51958F3CD1B3
:1000F000EFF05FDE6F002FAD8356050793F6061015
:1001000089C66394E7007C51DDB738D1D5B7EF02DB
:10011000AFA7370503001305059CAE84EF004142ED
:100120008547631DF5042A892685EF00615DAA894C
:100130002685EF00615CA1472A846392F910EF00E5
:10014000D11AEF00F11A91476316F5062285EF10D8
:100150004142EF00B1181DC130583D8A6370C90299
:100160008357040713070040645493F707606393B1
:10017000E702635799002285EFF05FEC6F000FA450
:10018000791629458145EFC0DFA968D42285EFF0B3
:10019000DFECEDB77D1629458145EFC09FA893D7C9
:1001A000F441E3C5B7FE6394F500E3E1A4FEA9477B
:1001B0007CD4D1B72285EFB06F8C2440B307950073
:1001C000038707009307E002631CF7042285EFB062
:1001D0002FCC385830409377F700118393160601DF
:1001E0003D8BFD17C182637AC7000357040713775D
:1001F000070F01C7FD16C206C1823854958F63539D
:1002000007008507054778D429460147E378F7F6C4
:10021000745405074207B386C602418374D4FDB700
:10022000EFA0510E9305F5FF63079500DDF03C54F8
:10023000E3D107FA85452285EFA05FE359BFB547B3
:10024000E39EF9F2EF00710AEF00910A2A892685F0
:10025000EF00814B0C41CD476399F5009147228512
:10026000E31CF9F0EFF03FE211BFD1476399F500CD
:1002700091472285E31DF9F0EFF03FE501B7C5474F
:100280006394F5002285F9BFC9472285E386F5FE10
:10029000EFB0CF96E5B5EF02CF904111138505037E
:1002A0002EC6EFC0CFF6B24513854502EFC02FF63C
:1002B00041016F004F91EF02CF8E2E84130544024F
:1002C00093054002EFC06FE6F14513050403EFC04C
:1002D000CFE56F004F8FEF02CF89370403000D7118
:1002E000130584A1AE84EF00A125130784A18547DF
:1002F0003ACA631EF52A2685EF0081402A892685A1
:10030000EF00813FD5472A846313F92A2685EF0041
:100310008148EC002A8A2285EF2001459309810F4C
:100320004E85EFC0505F13061005B7050500228506
:10033000EF4071433335A00093172500034551105A
:100340000357C10489466D995D8D835701051306D6
:100350002006A302A1108507998FC207C187B3C7E2
:10036000D702814522858D4B130CD00F130B810DC5
:10037000139907018357E104135909014A97CA9752
:10038000231CE10C231DF10CEF40F13DAA8AD2851C
:10039000280AEF10D17AB70702002326F114D247BA
:1003A000232C311323200112232EF1109307040371
:1003B0003E853EC6EFC0EFE8AA8493FCFA0F639B2C
:1003C000041E03570105835721050356C1048356B4
:1003D000E10405078507118F958F4207C2078945FC
:1003E0004187C1873347B702B3C7B702BA8563D322
:1003F000E700BE8593970501C183C418BE963E965B
:1004000026852311D1043EC82310C104EFD010303B
:100410002686B70506002285EF1091488347D1074D
:10042000A80993E70701A30EF106EFD0C053B00966
:10043000B70506002285EF103130D285280AEF106B
:100440001170D24723289112232EF110B70706000E
:100450002326F1148D472320F112930744023E8591
:100460003ED0EFC00FDEB707E1079387F781AA847C
:100470003ECC130C01096393041E035901058357F5
:10048000C104094705093309F940420913590941D3
:100490003349E902A809056BA16B854D130B0BE1EC
:1004A000930C010CFD1B420913590901CA9723182B
:1004B000F1088357E104CA972319F108EFD01025FA
:1004C000B009B70505002285EF10913D4E85EFD0AC
:1004D000E01A4E86B70505002285EF10713113062C
:1004E000200681452285EF4011289377F50FAA8ACF
:1004F000D285280A3EC8EF109164D2473245232E98
:100500008113232EF110EFC0CFD32A8D93FAFA0F67
:10051000631A0D56835401050359C104094B850420
:10052000B3842441C204C184B3C464038357E10487
:10053000280AC204C1802699BE94EFE07041300AB7
:10054000B70502002285EF1061690546B705020074
:100550002285EF405121931A05011146B70502008B
:100560002285EF40512093DA0A4142054185B3C705
:100570006A03420913590901C204C1804E862C0A3C
:1005800033456503C207C1833307F940231CE10EDD
:100590003E99231E210F420541813387A440AA942E
:1005A0005285231DE10E231F910EEFE0B03F356110
:1005B0006FF0FEDFDC20639D77099E2C5687231C9D
:1005C000F10E9E28231DF10EDC306366FC00B3871C
:1005D000FC0213D787402302E11003AD04008844D6
:1005E00083160D020357ED0103268D0183254D016E
:1005F0003697EFC0CFE683160D020357ED010326B1
:100600008D0183254D01AA8DC8443697EFC02FE593
:10061000BA2C2A8D300A4A97E9452285231AE1141B
:10062000232E9114232E6113EF0061098356411587
:1006300093170D0113970D015A86CE855285C183FC
:100640004183EFC0D02E300AED452285EF0021070F
:100650003245A685EFC00FC0AA8495B3C24703D91F
:10066000C40183DBC400DA203E9942091359090111
:10067000B30A794193170901C20A93DA0A01C187C3
:100680003ED293970A01C187B306E9403ED43307AF
:10069000274183570104420741833386E700231A29
:1006A000C10403562104C206C182B697216BB296DB
:1006B00032976285231DD1041306FBFF8546CC08C3
:1006C000231BE104231CF104232E9114EFE0A05E10
:1006D00003570104B3872B41C207C183B306F70058
:1006E000231ED104835621047D175697B697FD1615
:1006F000B69A1306FBFF8546EC082811231FF10468
:100700002310E10623115107EFE0E05A835701045B
:100710001306FBFFCC10338727412312E106035752
:100720002104FD17CA97B30627417D173A99231371
:10073000D106880181462314F10623152107EFE035
:10074000805781458801EFE0A01A83DAA4002A8C43
:1007500063880A32FD1A014B3DACBE24850A014D67
:100760006394FA00054D814A984CD4487D16814522
:100770005A85EFC0CFCE232CA114AA8B63020D247F
:1007800083DC8400839DE40032456E89EFC06FAB4B
:100790002A88E687631B0822FA2CAA203EDE33074C
:1007A00067037D1522073347A7028A309356874097
:1007B00093950601C1812E9542051377F70F418568
:1007C0003ADA2ED636D8EFC02FACC2562ACE8A30AF
:1007D0008506C206C18236954205418536DCEFC0EA
:1007E000AFAA5257724693080010B388E840330509
:1007F000E502B25546DA3AD8330616032A968A300D
:10080000935786403ECE1305A5052E95420541859A
:10081000EFC08FA72AD68A30E2561305A505369574
:1008200042054185EFC04FA632564257D258F25783
:100830003305E502231B2107231AF10692570357BC
:100840000104232861153E99B3081603AA9893D88A
:100850008840B387280346D69387F707BD87BA97A2
:100860002312F104F2473389270383572104130924
:10087000F9071359F9403E999C00232EF112BC0947
:10088000231321052326F11263010D1E6285EFE07B
:10089000600D83970401225713060002AC094E85B0
:1008A000330CF740035D010403592104EFC06FCA04
:1008B000370703001C011306C79DDE86C1453E8530
:1008C00023263113EFD06F951C01300AE9452285AC
:1008D0002322F114EFF0B05E0317A10E8316C10EB0
:1008E0006E468325411489670148FD17A800EFE093
:1008F0003F828316810489450316A104B3C7B6025B
:10090000B2585285B345B602330DFD40F2473387E6
:1009100088033309B9408325C112B38787031307BE
:10092000F7073D876A97420741832316E10636970A
:10093000832641142318E1069387F707BD87CA97DA
:10094000C207C1832317F1060147B297F01023199C
:10095000F106EFD0800581458801EFD070792A8CAF
:1009600028118145EFD0D0789400D000CC182A8986
:100970005285EFD0605B4A85EFD0D07E050B300A00
:10098000D9452285420BEFF09053135B0B01231ADC
:100990009107231BB107B220E361CBDC0809EFE02C
:1009A000E0012811EFE080018801EFE0200162857D
:1009B000EFD0507B0255A685EFC0CF89AA8455BCE5
:1009C00083DC0400839D6400C1B30347480089466B
:1009D0006312D7088325880063CEBB060326C800B0
:1009E000634A760783570801035728013E998357C6
:1009F0004801420913590941630EF704834768010E
:100A000042CE1307F00F858B8146A9CF5E85EFC0DC
:100A10000FA5724862471375F50F83562801939707
:100A20000601D58FB3F6E7008357480113970701F6
:100A30005D8FE2477D8F93074500158F8D87B30744
:100A4000F70262479583B697F98F13D70701D98FBD
:100A5000C207C1833245C2853ECEEFB0BFFF2A88B0
:100A6000F2470DBB904CCC4855B7300AE94522857A
:100A70002326011223220114EFF070440809D5B592
:100A8000C16AC9B983240D00232EA11503474D0067
:100A90006315B70D83960402FA2C904CCC480325BD
:100AA000CD003697EFC0AF9B2A8703552D01C62C8A
:100AB0003ACA4A95AA9413150701C2044185EFB0BA
:100AC000BFFCC18433059502835621095247334543
:100AD000750336952311A10C1305A7054205418521
:100AE000EFB09FFA33059502835401091306D00F26
:100AF000C2463345750326952310A10C03574D01BB
:100B0000231CE10C03570D01231DE10C03475D007D
:100B10006366E6003387EA0293568700BC09300A11
:100B2000E94522852300D10E2328B1152328F1128F
:100B300023209115EFF0B038E6866286AC09528525
:100B4000EFD0803E300AED452285EFF05037324538
:100B5000EA85EFB03FF02A8D65BA75FB03270D01DA
:100B60007DD783960402FA2C904CCC480325CD0007
:100B70003697EFC0CF8EAA8403250D012C11EFF01C
:100B8000A07503154D0103186D012A5683560109FE
:100B9000035721099355A600898E33070741C206E2
:100BA000420793F5F57F5582C18241837D16FD157D
:100BB0002310D10C2311E10CAE9632972312D10CE5
:100BC0002313E10C03475D001306D00FC246636692
:100BD000E6003387EA0293568700231EA10E2945BB
:100BE0003385A402A301D110231F010F6354AB006E
:100BF00033056541231CA10E300AE9452285232ACD
:100C00003113EFF0D02B83260D016686CE855285F9
:100C1000EFC0303105BFEFF2CEF813854505EFB0D8
:100C20001FDF6FF04EFAEFF2CEF72E842285854556
:100C3000EF70701089452285EF0011076FF0AEF854
:100C4000EFF22EF62E8422858145EF70D00E894674
:100C5000094622858145EF70901389452285EF0072
:100C6000B1046FF04EF6EFF2CEF32E8483A5019D12
:100C700022850969EF10D11222858145EF70B00BF2
:100C800083472406914513054405C19B2301F406BF
:100C900023100406EFB07FC92285EF00E17748D02A
:100CA0008545EF00217937050300A285232E040234
:100CB00023220404232404042326040423200404FC
:100CC000130505A7EF00914FAA84EF007163930508
:100CD00049062685EF10F10126858545EF70101035
:100CE00026858545EF70300526859165EF00817476
:100CF00026858945EF00417B37050300A68504D48E
:100D00001305C5A8EF00914BAA84EF00715F13068D
:100D1000197D930549062685EF10F100268581454A
:100D2000EF7070018946094626858145EF703006CF
:100D300026858945EF00417791652685EF00816F13
:100D4000268504D8EF301FF3B7150100A2861D4693
:100D50009385E5FBAA84EFF0B01D26859165EF0031
:100D6000616D81452685EF70007D268544D8EF6052
:100D7000CFA6B7050300938505A5EF60EFA7085838
:100D8000EF706FE58545AA84EF00C16AB7150100D1
:100D900004DC2326040223280404A28671469385DA
:100DA000C5DA2285EFF0D0186FF0EEE1EFF26EDFDA
:100DB000EFF0D0155C552A8499CB085D09C9CC5356
:100DC0008DC5EF702FE3085C8545EF00E16D3C4079
:100DD00099CB684409C9CC5389CDEF70AFE1684421
:100DE0008545EF00616C6FF00EDE8545EF00816494
:100DF000F9BF8545EF000164FDB7C85111C9EFF295
:100E00004EDA2E84EFB05FEC232204026FF0AEDBEB
:100E10008280EFF20ED92E852E84EF40D17B4C518B
:100E20002285EF50211922858545EF70C0708946D3
:100E3000094622858145EF70807591652285EF0016
:100E4000615F6FF04ED8EFF2CED52A8408591DCDE0
:100E50005C548DCF3C500547C5838D8B638FE70273
:100E600085CB09476383E7040858EF20810B48547A
:100E7000EF20210B0858EF2061740858EF10710B18
:100E80001C5885450DE53E85EF00C15A6FF0AED385
:100E90008145EF506121854529A08145EF50C12052
:100EA00081454854EF708073C1B78545DDB73E85F5
:100EB000EF00815FE1BF3C45638CB7005859814723
:100EC0006316B7008347150693B727003E858280D7
:100ED0008547EDBFEFF2EECC2A8413054505EFB050
:100EE0001FB3230004066FF00ECEEFF28ECB2A84E0
:100EF0004855AE8401C54C50EF50C10BC9C0130515
:100F00004405EFB09FA311E101A004C1834704068B
:100F10000C54268585072300F406EF50A1092848C4
:100F200044D411C53C408545B9CFEF00E15F3C405A
:100F3000ADC78347240613F7170019CBA18B2844AC
:100F40008545A9C7EF00415628448945EF00814EE9
:100F50000347040685474858854563FBE704EF00CF
:100F6000A15448588945EF00E14C0146F1452285DE
:100F7000EFF0E0742285EFF01FED6FF0CEC4228514
:100F8000EFF05FF569BFEF00815B55B7EF00814A75
:100F900028448945EF00415165BF03470406854752
:100FA00048588545E3EDE7FA83472406A18BC5FB46
:100FB000EF00414848588945EF00014F7DB7EFF2F7
:100FC000AEBC41112A84EFF0A0739D476311F50870
:100FD0002285EFF060722AC62285EFF020735C59FB
:100FE000B2452A846385F5003C456392F506834744
:100FF00004062285A300F406EFF0FFEB29E91309AC
:1010000044054A85EFB05FA3AA85AA894A85EFB057
:10101000FFA3AA840DCDCE854A85EFB0DF994E851A
:10102000EFB09FCA83470406A6854A85FD172300B3
:10103000F406EFB05F98834704062285FD1723006E
:10104000F4068C40EFF07FEA2685EFB0FFC7410140
:101050006FF0CEB693170501C18313D7B700958300
:10106000930670101306301093F7F7033307D70277
:101070007D89B387C7021D0715871377F70F4207CE
:101080003305D5028D07998793F7F70FA207D98FFC
:101090001D0515851375F50FC98F370500FF5D8D8B
:1010A0008280C2054205C1814181939705011317D2
:1010B0000501B706E1079386F681CD8F598DB3F50B
:1010C000D700758D930746000D8D8D87B307F50208
:1010D0009583AE97F58F13D507015D8D828001450D
:1010E0008280EFF20EAC75712E85AE84EFF0406118
:1010F0009307B5FE05442A89636BF4222685EFF039
:10110000A05FD5472A84631DF9220808EFE0400458
:10111000100881452285EF00712CEFF05FFCAA8555
:10112000A8832EC60D49EFF0FFF213560501137682
:10113000F60F330626039357850093F7F70F8A07B8
:101140001375F50FB2453E962A964A300D821376F6
:10115000F60FEFF01FF5E883EFF07FF8AA85A8857A
:101160002EC6EFF03FEF135605011376F60F330648
:1011700026039357850093F7F70F8A071375F50F2A
:10118000B2453E962A964A300D821376F60FEFF05E
:101190005FF1E885EFF0BFF4AA850355C1032EC6C1
:1011A000EFF05FEB135605011376F60F33062603B7
:1011B0009357850093F7F70F8A071375F50FB2451C
:1011C0003E962A964A300D821376F60FEFF07FEDA9
:1011D000231EA102EFF0BFF0AA850355E1022EC63F
:1011E000EFF05FE7135605011376F60F330626037B
:1011F0009357850093F7F70F8A071375F50FB245DC
:101200003E962A964A300D821376F60FEFF07FE96C
:101210002317A102EFF0BFECAA85035541032EC6A8
:10122000EFF05FE3135605011376F60F330626033E
:101230009357850093F7F70F8A071375F50FB2459B
:10124000130944013E962A964A300D821376F60F12
:10125000EFF03FE5231AA102EFF07FE803466402B6
:10126000AA85A883EFF0FFE3E883EFF05FE703468A
:101270006402AA85A885EFF0DFE2E885EFF03FE69B
:1012800003466402AA850355E102EFF09FE12317AC
:10129000A102EFF0DFE403466402AA850355C1030F
:1012A000EFF03FE0231EA102EFF07FE3AA850346A3
:1012B000640203554103EFF0DFDE83476402031746
:1012C000E1031306F00A938607FB831741043307F3
:1012D000D702231AA1022685B387D7023347C70254
:1012E000B3C7C702231FE1022312F104EFF0A04AA3
:1012F000AA84AA85A800EF108104B707030093878A
:1013000087B8BEC6B0001C08E9452285BECCCACA53
:1013100082C882DEEFF0A03A4A860C082685EFD01C
:101320007068B000ED452285EFF0603911A83705EF
:101330000300A685130585B8EFF08020E30085DC67
:1013400049616FF04E88EFF2CE8541112E852EC691
:10135000EF50512FB245FD57CAB12383F502410129
:101360006FF06E86EFF2EE83AA8537050300130552
:1013700085B8EF00A1642A84EF00817822856FF0A0
:101380008E84EFF20E824EB1EF1041636FF0AE83A8
:10139000834765026381B702EFF2AE801307000551
:1013A000AE8763F4E500930700052303F502EF1011
:1013B000E1606FF04E818280EFE2BEFE9305F00F98
:1013C000EFF01FFD6FF02E80EFE2BEFD93050005EC
:1013D000EFF01FFC6FE03EFFEFE2BEFC8347D5035A
:1013E00037040020AA84858B1304C40991CB83475A
:1013F000C5038A073E940C40EF406FA86FE0BEFC27
:101400000A390605EFB01FBF83C7C40392382A8983
:101410008A073E940C400606EFB0BF9381479A3886
:1014200063EAE7002685CA85EF406FA54A85EFB0DD
:10143000BF89E9B7139717004A9716238507C20794
:1014400093F6F6DF16A3C183D9BFEFE29EF583477B
:10145000C5032A8413972700B70700209387070C3A
:10146000BA978C43EF40AFA02285EFF0FFF66FE014
:101470009EF5EFE21EF32E8422859145EF00C10216
:101480005E3C2285232C040293F707E05EBC814674
:1014900001469545EF102116B715010081467146AA
:1014A0009385E54B2285EFF0A028014681452285F2
:1014B000EF40110C2285EFF05FF96FE0DEF0EFE214
:1014C0005EEEEFF060232A84EF40EFACC167FD17BA
:1014D000630EF5022285EF400FACAA852285EF400E
:1014E000CFABAA8405C5B7050300938585F3EFE06C
:1014F000DEF819EDB707002083A5070C230E0402C0
:101500002285EF40CF962285EFF01FED6FE0BEEB16
:10151000B70503009385C5F32685EFE01EF609E9BC
:101520008547230EF402B707002083A5470CC9BFE7
:10153000B7050300938505F42685EFE01EF409E95D
:101540008947230EF402B707002083A5870C4DBFFF
:10155000B7050300938545F42685EFE01EF209C91F
:10156000B7050300938585F42685EFE01EF115E1AC
:101570000146930500022285EFF060148547E317CA
:10158000F5F8085C41D5014693050002EFF0201301
:10159000B5BFB70503009385C5F42685EFE0FEEDE2
:1015A00011ED0146FD452285EFF060118547E31FEF
:1015B000F5F4085C21DD0146FD45C9BF032984031C
:1015C000E30609F4B7050300938505F52685EFE0EA
:1015D000DEEA09C9B7050300938585F52685EFE0A6
:1015E000DEE911ED4A85A945EF905FE1085CEF90D7
:1015F000DFCAE30D05F00146FD45085C41BFB705B4
:101600000300938505A52685EFE03EE709E54A85B9
:10161000EFA00F88E5BDB70503009385C5F52685C6
:10162000EFE0BEE509E54A85EFA08F85C5B5B705B2
:101630000300938505F62685EFE03EE409E54A853B
:10164000EF90DFEBE1B5B7050300938545F62685FE
:10165000EFE0BEE22DE94A85EF90FFC3AA84085C63
:10166000C204C180EF909FC1830705001307D00219
:10167000085C6392E7028545EF905F9F085CEF90FE
:10168000FFE79305B002085CEF905FD7A685085C82
:10169000EF90DF9DA5BD1307B002639BE700854572
:1016A000EF90DF9C085CEF907FE59305D002E1BFEF
:1016B0008145EF90BF9B085C9305D002EF901FD44B
:1016C00093851400E9B7A6854A85EF907FC13DBD9B
:1016D000135885009378280063850800B688BE8675
:1016E000C6879378480063850800BA883E87C68716
:1016F000937818001378680063180800639808004E
:101700003688BA86428719A0E39C08FE10A313C747
:10171000F5FF420641821377F70F3307E602C20551
:10172000C181218398A3639708021375F50F01ED1A
:10173000A205A18193C5F5FF93F5F50F3306B60217
:10174000218290A282803305A0401375F50FB385E6
:10175000A502C5B71375F50FDDBFEFE2FEC241115B
:10176000130600058145AA84EF30E17F13140501BB
:10177000418409453344A4024946B7050300268540
:10178000EF30617EAA894D46B70503002685EF300C
:10179000817D2A894146B70503002685EF30A17C6B
:1017A0002A8A4546B70503002685EF30C17B9E3463
:1017B000CE28BA34BE95FE28C205C181BA97C207A9
:1017C000C18342044180A299229A2295B38935416E
:1017D0002299D29533892741C209AA97C2054209A5
:1017E00093D90901C207C18133E52901DD8D41018A
:1017F0006FE0DEBCEFE25EB94111AA84EFF0FFF5C5
:101800002AC42EC626852C00EF1021182685EF004D
:10181000F16CAA891306000581452685EF30A17475
:10182000DC5C131905011359094133892941094722
:101830008D8B85463349E902638FD704638AE706B7
:10184000C230131504014185EFB00FA43305250301
:101850003D858AB41305A40542054185EFB0CFA2AA
:101860008947B3C9F9029E3433052503C20993D9C8
:101870000901CE979EB43D85AA9923953403268508
:10188000EFF0BFED2AC42EC626852C00EF10E10F25
:1018900041016FE0BEB203C4640213058016330435
:1018A000A402130540063344A4024204418051BF00
:1018B00003C47402DDB7EFE2DEAEB7076464DCD1C7
:1018C00083C7C5032E842285E19B238EF50283C73F
:1018D000019723A8050223AA050213F7170083C75F
:1018E000C502F99BD98F2386F502C165EFF09034CC
:1018F000930500302285EFF0303B2285EFF09FEF1B
:101900006FE07EACEFE2FEA9411113D705012EC6B0
:1019100093D68501C205C181930780161377F70F0F
:1019200063F4B700B3F5F502130640069377F70F9B
:101930006374E60093074006130640063687637417
:10194000D6001307400656311376F70F6381B602AF
:101950004EB12303F502A303C5022A84EFF09FE9E9
:101960002285EF10A105054541016FE0DEA55C87EA
:10197000D88776313887E31DD7FC0145F5B7EFE20C
:101980005EA203467502834565024A31EFA01FB08F
:101990006FE07EA3EFE2FE9D37050300197113058A
:1019A0000508AE84EFE0D03985476313F50A2A892C
:1019B0002685EFE0F054AA892685EFE0F053CD4765
:1019C0002A84639AF9084946B7050300EF30A15904
:1019D000931905014D46B70503002285EF30A15844
:1019E000131A05014146B70503002285EF30A157C0
:1019F000131905014546B70503002285EF30A156AE
:101A0000131405012685135A0A41EFE0F04F93D9CC
:101A10000941135909414184D28763533A01CE8762
:101A200013970701418763532701CA87139707015B
:101A3000418763538700A287162189073E87139643
:101A40000601C207C187418663D3C70036871AA142
:101A500009616FE0DE95930790026391F904268592
:101A6000EFE0904AAA842285EF005147DE209A20B9
:101A70008507998FC207C1876306F5002285EFF0BD
:101A80007FD7F9B72285EF007146FE20BA2085077F
:101A9000998FC207C187E313F5FE5DBF9307A002CC
:101AA000E38FF9FCB547639BF90C2685EFE0D04541
:101AB0001C41454793F6D7FF6394E6065C50BEC4CD
:101AC0005C5C8D8B638A270399CF09476380E704A9
:101AD000A6452285EFF01FE325DD0146F14522856D
:101AE000EFE0F03DB5B75E30130780168507B3E72A
:101AF000E7022314F104E9BF834764021307400699
:101B00008507B3E7E7022305F104D9B783477402D9
:101B1000130740068507B3E7E702A305F1044DBFAD
:101B2000B917F59B95F75C50BEC45C5C8D8B638CDC
:101B3000270399CF0947E39DE7F88347740213070A
:101B4000400681C7FD1713F7F70FA305E10449B756
:101B50005E301307801689C7FD171397070141836D
:101B60002314E104B5B7834764021307400681C715
:101B7000FD1713F7F70F2305E10499BF63902909B7
:101B8000EFD0DF9148D8EFE0507693058403EFF073
:101B9000C002EFE09075AA840858EFD09F919C4056
:101BA000DE2F637CF5025C50BEC45C5C8D8B638D64
:101BB000370385CB0947638EE7022685EFF00008DF
:101BC000A6452285EFF01FD409C90146F1452285BB
:101BD000EFE0F02E8547E31DF5E6EFD03F8C08D807
:101BE00085BD23140104D1BF930740062305F104EA
:101BF000E9B793074006A305F104C1B70949639902
:101C0000291BEFE0906E2A89E30405E4EFE0506EB3
:101C100079157599631F051222854628EF00112C4E
:101C200033453503AA942285231891026628EF00D4
:101C3000F12B3345350326952319A102832709008B
:101C400083168403982F83170103958F93D6F7414A
:101C5000B58F958F634DF7008316A4038317210377
:101C6000958F93D6F741B58F958F6357F700EFD0D7
:101C7000FF82C25748D81CDC5A28835701032285AB
:101C8000998F2318F1027A2883572103998F2319FA
:101C9000F102EF00B124AA841306000581452285D4
:101CA000EF30612C93970401035701038354210300
:101CB000C18385831D8F9D8C898FC2074207C20413
:101CC000C1834187C184939607012318E102231938
:101CD0009102C186130610046351D602420589465B
:101CE00041853345D502898FBE86C207C18763D43B
:101CF000C70093061004C206C1863307E70248589E
:101D0000B3849402B389D602BA94EFD08FFA63D722
:101D1000340583270900DE2FE3FCA7D20347C40361
:101D200093774700E39607D25C5C8D46719B8D8B61
:101D30008507B3E7D7022285D98F230EF402EFF08F
:101D40007FAB2285EF009147EFE0305AEFE0106F54
:101D500001B30C184A85EFE05066CDB58315210319
:101D600003150103EFA07FDF5C5013078016854643
:101D7000BEC45C5C3375E5028D8B6382D70289CF6C
:101D80008946E397D7D4930740063305F5023345D8
:101D9000E502A305A1042DBB2314A10415BB9307E1
:101DA00040063305F5023345E5022305A1040DB3D2
:101DB000C547639FF9002685EFE010150C412166A9
:101DC000AA847D1613054401EFA02FB8C8A049B11D
:101DD000D547639BF9302685EFE010122A842685CB
:101DE000EFE0701BAA8D2285EF00510FAA89228592
:101DF000EF00D10FB3C92903835A4401A16B814C71
:101E0000334925036A28C20993D90941CE9AC20AE7
:101E100093DA0A012A994810EFC0400F501081450B
:101E20002285EF00E12793074027B387F90209676E
:101E300013074713130600058145228542091359EC
:101E40000901B3C7E70289072313F102EF30A1119B
:101E50001386FBFF2A8B8146131A05019305440163
:101E60000818EFC0506581450818EFC07028831727
:101E7000A401031764018316840152282A8D1315C7
:101E80000B0141812A972A96898E3385A740F082DB
:101E9000F4841386FBFFE88585464C08A800F88388
:101EA000EFC070618145A800EFC09024831B6102E0
:101EB000135A0A41338A49412AC0330A7A419307A7
:101EC0008043B387FC02230E0100938641822309DD
:101ED0000100A3090100054698223EC25C5C8D8B7F
:101EE000638BC7160946938541976380C71C13858A
:101EF00051976304F7020346640203477402130315
:101F0000300333066602D1489CA23307670233468A
:101F100016033347170390A118A18C211021639F4A
:101F20000510230EC100A309C1002309C100834687
:101F300031018347C10103472101898296060D8340
:101F40008D832E07D58FD98F2312F1029247850CEE
:101F500013D7870093160701C186B38779013685A9
:101F600036C63EC43AC2EFA03FB2A247124733057D
:101F7000F5021307A705420741873AC23D855695EA
:101F8000E8863A85EFA05FB0A247B2463305F50276
:101F90003D854A95E8873685EFA01FAF3305450399
:101FA00012473D8556952310A1023A85EFA0DFAD7B
:101FB00033054503141070084C103D854A952311D4
:101FC000A1026E85EFB0507693076005E399FCEEB1
:101FD0000818EFC0B01EA800EFC0501E6A85EFC001
:101FE00070180245EFC010182685EFE0E0702A84D3
:101FF0002685EFE0407AAA84A800EFD06015B000F3
:10200000B70503002285EFF0703DE17793C7F7FF36
:102010002314F1048347C402858B91C72285EFF016
:102020001F962316A1042285EFF02FF32AD82EDA6B
:102030001018AC002685EFD0E01619BC4945338551
:10204000AC027C081307310193062101420541814E
:10205000EFF00FE8E9BD138651976308F7025A3095
:10206000930500609CA23307B7029305801633578F
:10207000B702930530032399E196034774023307AF
:10208000B702D1453347B70218A28D45B385BC02CC
:10209000102293F5F50FE38605E87C08130731015C
:1020A0009306210103D5219765B76308F7025A30DB
:1020B000130600609CA23307C7021306801633572D
:1020C000C702130630032399E196034764023307DE
:1020D000C70251463347C70298A10D463386CC024A
:1020E0008C211376F60F45BFC947E393F9962685F1
:1020F000EFE0806118418947E30CF79485471CC1E4
:1021000081BAEFE20EAA4946EF20F165420541850A
:102110006FE06EABEFE2EEA80546EF20D16442051A
:1021200041856FE04EAAEFE2CEA75546EF20B1639E
:10213000420541856FE02EA9EFE2AEA64146EF20B1
:102140009162420541856FE00EA8EFE28EA52E84D4
:10215000138945021C544A8581EFEFA05F8B9304DD
:1021600004035C58268595E7EFA07F8A6FE0AEA553
:10217000EFA09F8C5C25AA84918B81E74841EFA05A
:10218000BFB44A85A685EFA01F832685EFA0DFB3E5
:10219000D1B7EFA07F8A2A89AA852685EFA0BF81C3
:1021A0004A85EFA07FB275BFEFE2AE9F2E84130584
:1021B0004402C145EFA06FF7C14513050403EFA02A
:1021C000CFF6B7076400938747063CD83CDCB78757
:1021D0000300FD177CDCB7070A0095072320F408ED
:1021E000B7070001938707102322F4088347840868
:1021F00023260406232A0406C19B93E71700230421
:10220000F4086FE04E9CEFE2CE991306200381455F
:10221000EF207155420541856FE0EE9A83572508FE
:1022200063FEF516EFE24E96AA8441112E84EF006C
:10223000E14C03D944083309A9022685EF10D120C7
:1022400083C78408AA8A13F7870013598940420973
:102250001359094119E72685EF00417641016FE0E6
:10226000EE959D8B05476399E70C2685EFF0BFF946
:102270002A8A81452685EFF0DFE8DE2813069004E0
:10228000B7050500B3875741B389A7002685EF201E
:10229000914DD299B70502002A8A2685EFF09FE773
:1022A000420A931A0501135A0A0193DA0A01839626
:1022B000A40103976401B3075A01C207C1831D8FAC
:1022C000B6977C8783D72408C20978859386F7FF61
:1022D00093D909016357D402B30724032C00268540
:1022E00033C7D702CA97B3C7D7023307474133076B
:1022F00057414E977884D297D697CE977C86EF0039
:10230000C16829DC7D143304240303D724087D1716
:10231000B347E4024A943344E402B3874741B387A6
:102320005741CE977C84529456944E9460862C00EC
:102330002685EF0081651DB70947E39EE7F08145DB
:102340002685EFF05FDE03DA440883D72408814551
:10235000330AAA022685039B4401135A8A405299E4
:102360003349F902EFF0FFD9AA892C002685EF0046
:10237000C12AB3876901B38757414209135909013B
:1023800033042403420441803E9442044180229954
:102390003304444123162101608451BF828011E13E
:1023A00001A091E101A0EFD2DEFC835725082A8429
:1023B0006368F60023900600239106006FD03EFF6D
:1023C000B289B684AE8AEF006133835D4408139C02
:1023D0001900B38DAD022285EF00A135035A6408C0
:1023E0008347840805479D8B330AAA0293DD8D40FD
:1023F000C20D93DD0D41135A8A40931C0A0193DCF0
:102400000C416397E708B3893D03835D2408FD1DF4
:10241000B3C9B903239034012285EFF0DFDE2A89A6
:1024200081452285EFF0FFCD9E204A953E958AA0FA
:102430002285EF1071019E2003A74A008145338554
:10244000A74083A7CA008AA03A9C8D83898BA29754
:102450008396C70603170C0003950707158FB30C67
:102460009703158DB3CCAC022285B30C9A4123910E
:102470009401EFF07FCC4A9503D924004A95AAA095
:102480002285EF10016FBE203385A740AAA03DB77B
:102490000D476396E70283A7CA0003A50A006E876B
:1024A0008983898BA297629503968707839547074F
:1024B000031505008146EFA08FFA8AA0B1BF094736
:1024C000E39CE7F4930B44025E85EFA02FD92A8D9D
:1024D000B70505002285EFF01FC5035B4408814561
:1024E000B389B903330BAB022285EFF0DFC3835707
:1024F0004408035724083389A7029307F7FF5E8532
:10250000135B8B40135989403309F90233892D41FC
:102510003349E9024209135909413359A903B3C99F
:10252000E902131D0901135D0D4123903401EFA051
:102530004FD19E2009E9330B6D41094D334BAB035D
:10254000DA979EA0D1BDE388AAFECA97AA859EA06D
:102550005E85EFA02FD0F1BF85476382F502930718
:10256000C50381CD0947930785046388E5001147BA
:10257000930705066383E50081473E8582809307C4
:102580004505E5BFEFD2FEDE31712E8CB2852A847F
:10259000B289EFF07FFC1C450547C607C583637F02
:1025A000F728831785002A8963C507001C416387C4
:1025B00007282285EFF03FC581452A8A2285EFF062
:1025C000BFB7AA842285EF00C11683576408D2944E
:1025D0003385A7022185931705016A28C1873EC864
:1025E000AA94C2042285EF10C158C1803385A4404B
:1025F00093170501C1833EC263950924B705060000
:102600002285EFF01FB0831C44012A8A8547031BF3
:102610000900831A2900639DF900B3076041B30ADA
:102620005041139B0701C20A135B0B4193DA0A4125
:10263000930BC1035E85EFB0700D5E86B705060093
:102640002285EFF0F025A808EFB0E031B008B7051B
:1026500006002285EFF0500EE285A818EFF0304E0C
:10266000B70703009387C709BEDE99473EC1B70786
:1026700006003ED783248900BC083EC7A167FD172A
:10268000FD8C03576900C204C180C20CF98FFD1490
:1026900093DC0C014ED95EC9B384F40293871C000D
:1026A000639409009387FCFF13970701C207C18356
:1026B000B38A5741B3876741C2074187C1873ACA86
:1026C0003EC413970A01A1674187FD17139B1900A8
:1026D000420A3AC6814A3ECC930C8102130DC102D4
:1026E000229B930D8104135A0A0142478317E10389
:1026F000B307F740B38757031247B3D79702BA9788
:10270000C207C1872315F1022317F102D24762479E
:102710002314F10283576900F98FB3F7FA02639F1C
:102720000712224785472316E1028316CB060317BB
:102730000B0726868145338554413ECE66CF6AD14C
:10274000EFA0EFD1F2472ADDAA8663830712831731
:10275000890063DF0710B70703001386C79DC145D3
:102760006E85EFB08FABBC083EC7B018C147E945D6
:1027700022853ED56ED3EFD090740317A106831641
:10278000C10666469A558967FD1701480818EFC0CB
:102790003F988317210389460357E102B3C7D70245
:1027A00083560103C207C1833306F7403E974206B2
:1027B000420741864187231BC102231DE102835743
:1027C000C1026390090AB386D740B3864641231AF3
:1027D000D102B3874741231CF10283176401634D83
:1027E000F7008317A40163C9C7009A560147501820
:1027F000AC086285EFB0601B8317E10309478316BD
:102800006401B3C7E7020317A1023E976340D702F2
:102810000317E102B307F7400317A4016348F70069
:10282000EA866686DE856285EFB00070B018ED45F9
:102830002285850AEFD0B068E3F954EB29616FD0A7
:102840001EB74D46B70506002285EF20C171131A49
:102850000501135A0A41831C84014DBB324781474D
:10286000D9B5B3854701B697231AB102D297A5B758
:10287000B018E945228502C702D302D5EFD03064F3
:10288000A5BFEFD21EAF71712E8CB2852A84B28B98
:10289000EFF09FCC1C450547C607C5836371F70859
:1028A00083178500AA8463C407001C41ADCB814512
:1028B0002285EFF01F852A8A2285EFF0DF942A898E
:1028C0002285EFF0B0632A8BA80083594408EFB04B
:1028D0008009B000B70506002285EFF0E06522858B
:1028E000831D4401EF1041360947AA8C8397840069
:1028F000814A6399EB0263DC07004546B705060091
:102900002285EF204166931A050193DA0A410327D5
:102910008C00031DA4018317670063DEA7214D61AE
:102920006FD0FEA863D80700B70506002285EFF038
:10293000BF80AA8A031D640152996E993309994197
:10294000930CC1026685EFB0605C6686B705060031
:102950002285EFF0E074330B3B03E285A81002D828
:10296000EFF0F01DB70703009387C709BED699475C
:10297000BED8B70706003ECFBC00BEDE8347840842
:10298000135B8B40094793190B014209138AEBFF34
:102990003AD166C193FD770093D9094113590901D2
:1029A000333A40016387ED1A93170901C1873EC28C
:1029B00003A98400A167FD173379F900FA204209C1
:1029C000135909017D197D8F3309E902060AC20AEC
:1029D000231DA101014B3EC4094D930DC101229A53
:1029E00093DA0A01A247F6201247FD8E8317E1020F
:1029F0003378DB02B387F940B3876703B3D7270384
:102A0000BA97C207C187FC84FC86B8856385AB1979
:102A1000631108189E20B307F740FC873C083EC7A7
:102A2000834784086EC90D479D8B639DE716831607
:102A30004A0703178A074A8681455A8542C6EFA08E
:102A40000FA23248AA8636D5631A081683978400E7
:102A500063D60716370703003C181306C79DC14508
:102A60003E85EFA09FFBBC00BEDE3C183ECBB01005
:102A7000C147E94522853ECDEFD070440317A1053B
:102A80008316C1052646DA458967FD1701480810F7
:102A9000EFC00FE883170102B88603562102B3C7BF
:102AA000A703C207C183B306F7403E97C206420799
:102AB000C18641872312D1022314E102BC876386B9
:102AC000AB0FB3875741C207C1832315F102918F22
:102AD0002313F10283174401634DF7008317840128
:102AE00063C9D700DA4601475010AC006285EFA0F9
:102AF000D06B8317E1020317810183164401B3C72A
:102B0000A7033E976340D7020317C101B307F740FD
:102B1000031784016348F700EE863008E685628576
:102B2000EFB08040B010ED452285050BEFD0303975
:102B3000E37A69EBEDB3A647B3065D0103172700FF
:102B400083978700B69783960400B697E3D6E7DEAF
:102B5000F9B381452285EFF00FDD835744083385B3
:102B6000A702835724082185AA99B3C9F90293972C
:102B70000901C187898FB3C7B7035A95B309354196
:102B8000C20993D909413E9993170901C1873EC2F1
:102B900005B5BE2049B5631508009E20BA97B5BD9E
:102BA000BE20EDBFB356DB0279BDD697C207C18305
:102BB0002313F102B2972315F10229BFB010E945A2
:102BC000228582DE02CB02CDEFD0702F1DB7EFD26F
:102BD0004EFA3709030069711305C9092E84EFD035
:102BE00030161307C90985473AC46312F50AAA8447
:102BF0002285EFD0F0302A892285EFD0F02F2A8B62
:102C00006313990CEFD0706EAC11EFD0107B0355AD
:102C10004B010354810E098C420441805A852314D0
:102C2000810EEF1061022A945A85EFF0302D420494
:102C3000AA8481455A85418083594B08EFF06FCCB7
:102C40003305A440420541850144634C0500B38728
:102C50003403A187C207C18763DEA70203542B0890
:102C60007D148317CB076384870293150401C18108
:102C70005A85EFF0AFDA8355CB075A85EFF00FDABC
:102C80000146231E8B06F1455A85EFD0502355612E
:102C90006FD0EEF103478B081D8B631D2701035492
:102CA0002B087D143304A40213D517402A9433440F
:102CB000F40245BF89460144E315D7FA03542B08B3
:102CC0003304A402EDB7A147631CF9008355C5077F
:102CD000EFF0CFD4E17793C7F7FF231EFB0645BF84
:102CE000930790026315F900EFF0D0324DB7CD474E
:102CF000631BF90483578505835545061397070120
:102D000093960501C186418763D3E600BE8583574C
:102D1000CB0493960501C18613970701418763D3BE
:102D2000E600BE8583570B0493960501C186139771
:102D30000701418763D3E600BE85C205C1852285B0
:102D4000EFD09026A9B79307C0026319F902228534
:102D5000EFD0901B2A845A85EFF0501A83574B0806
:102D60003385A70221850AA05A85EFF0901C83576E
:102D70006B083385A70221852AA011BFD547E31828
:102D8000F9F02285EFD03021104593074B01AA8B33
:102D9000BE85A8183EC6EF908FAB6309050E83A7CA
:102DA0008B005A85930A010B3ECABC1823A4FB0072
:102DB000EFF06FC52A8481455A85EFF08FB48145C5
:102DC000AA8D5A85EFF04FB7AA845A85EFF01013F9
:102DD00083574B082ACC5A853ECEEFF090152AD067
:102DE0005685835C6B08EFB06012568681455A8524
:102DF000EFF0002BDE85A811EFF06054A247B01170
:102E0000E945BED75A85FD572320F112232E011024
:102E100082D9232051112326011023280110EFD03D
:102E2000100A1306100381455A85EF20C1139377CA
:102E3000F50F5A853EC8EFF00FBD130630038145EC
:102E40002A895A85EF202112137AF50F5A85EF004F
:102E5000B15F2A8D5A85EF00D1518359EB074204A7
:102E60004180639F092A83540B086392043AFD57FB
:102E7000B011ED455A852320F11223260110232895
:102E80000110EFD0D003D24723A4FB000146DE851A
:102E90005A85EFF02FEF0546DE855A85EFF08FEE6D
:102EA0000946DE855A85EFF0DF9D5A851146DE859D
:102EB000EFF03F9D93074B023E853ECAEF909FBBCC
:102EC0006317051883448B0885479D886399F474BC
:102ED00003A68B00B245A0082285EF904F976308A8
:102EE000051683A78B0023A48B003ECC83572B08A9
:102EF00063FFF4145A85EFF00FB181452A845A8597
:102F0000EFF02FA081452A895A85EFF0EFA22AD44D
:102F10005A85EFF0A07E83574B08AA845A853ED687
:102F2000EFF03001AA895A85035D6B08831C4B01C1
:102F3000EF0091512A8C5A85831A6B01EF0071437F
:102F400003A68B00B2452A8A8810EF904F90630049
:102F50000510A818EFA0907BB018B70505005A859A
:102F6000EFF000140819EFC0A01E1019B7050200F9
:102F70005A85EFE0B046B70502005A85EFF08F9909
:102F800089473345F5021146B7050200931D050137
:102F90005A85EF10517D420541858947B347F502B7
:102FA00093DD0D418316A1073EC84247EE87635368
:102FB000B701BC80094733C7E602C207C18763581F
:102FC000F7008347110893E70701A300F10885473D
:102FD0006398F6008347110893E70701A300F108FF
:102FE000420441802299CA9C338C8C4193170C0176
:102FF000C183338DA9033ECE8317C10113054B0254
:103000003ED083572B083ED2B25793598D40B3849C
:10301000F402EF901FA393970901C1873EDAA257EC
:103020002A8C3E94330D5401330D4D414E9DA184A5
:1030300093170D01C204C18393990D01C1843EDC35
:1030400093D9090163160C2AE24723A4FB00930AD3
:103050000B035685EF901FA2E31B05C2324683A5E2
:103060008B0080082285EF809FFEE30205C283A7C4
:103070008B00881023A48B003EC8EFA0306990100D
:10308000B70507005A85EFF0A001A818EFC0400C63
:1030900083478106B70507005A85A30DF106E1773E
:1030A00093C7F7FF231CF1060944EFF0AF863345C1
:1030B0008502B70507001309C1069309010B216CAE
:1030C000A400930CC104130A81057D1C931705010C
:1030D000C1875A853EC6EFF0EF8333448502DE8513
:1030E000A811EFF0C025B7070700232EF110A24763
:1030F000568523202111BED79547BED9CEDDEF904E
:103100005F943C86AA8D3EC442044184131D040191
:10311000135D0D01E3900D36C24723A4FB0085BE6D
:1031200003576B01A294139C0901BA9403574B01F6
:10313000898C93970401C1832310E10603578B0107
:103140003ED2C2472316E1060947135C0C41814475
:10315000637DF702635B200313772A0019C781455B
:103160005A85EFE07FFD9334150013771A0011CFD5
:10317000454681455A85EF10115F4205418511E5AD
:10318000138CF9FF420C135C0C418257A68805434F
:10319000338797039309C106930C010621874207E1
:1031A0004187E3D284CDB387E8028356EB073AD454
:1031B0001257FD16B011E9455A859AD923201113EB
:1031C000B3C7D70246D02326911123283111BA97CD
:1031D000C207C1872311F1062317F106A247BED704
:1031E000EFD0E04DCE866686D6855E85EFA0D053C3
:1031F000B011ED455A85EFD0804C825813881400E9
:1032000093140801C18485082257054359BF835789
:103210006B01A29D03544B012311F1068357AB01AF
:10322000A29D4247338DAD41420D2317F106139401
:1032300004018947135D0D014184014C63FDE702E0
:10324000635B200393774A0099C781455A85EFE075
:103250005FEB133C1500137A8A00630E0A004D469B
:1032600081455A85EF1031504205418509E51384A7
:10327000F4FF42044184E2477247628A894C3389F1
:10328000E70284109309C106135989404209135972
:103290000941E35E8CBCB3072A0303570B08B01146
:1032A000E9457D175A8523204113E6D9232691103D
:1032B00023283111B3C7E702050C420C135C0C4103
:1032C000050AEA97C207C1872310F1062316F10603
:1032D000A247BED7EFD0A03ECE862686D6855E8595
:1032E000EFA09044B011ED455A85EFD0403D55B761
:1032F0008347CC00858B99C75245E285EF908FF5C7
:103300002A8C89B383578C00014A231CF10683570A
:103310008C00231AF10A83478B08A18B99E3031AC7
:10332000AC008326CC00825703264C008D822316E6
:10333000F1042318F104898A93171A00DA963E964D
:103340008395C606831706005257839606078D8F0E
:10335000B387E7028D8E6257930A810EDE8556850C
:103360002164814C7D14B3C7D702B307F7402319FA
:10337000F104EFE0D07CA247031D21052326811331
:10338000BED78D47BED9B7070500232EF110BC1854
:103390002320F1101C19BEDDBC806A89528E3ED6F6
:1033A00056D883552B0863E2BC089257E3D697F4AE
:1033B000E394BCF483274C00060E3E9E83160E0059
:1033C000A167FD17E38AF6F283570105E010E9458E
:1033D000B3863741CE972316D1062318F106B48061
:1033E000835721055A85232601103386D740B69787
:1033F0002317C1062319F1069387FCFF2320F1123E
:1034000083170E00B011232801102324F112A2DB30
:10341000EFD0E02A22860C195E85EFB0B058B011CB
:10342000ED455A85EFD0A029C1BDE247031601053D
:1034300003152105839747002316C1042317A10410
:10344000EE978507E3CAC7EAB38694039387F5FF2F
:10345000B30A9A018322CC00032F4C00525793D217
:10346000320093F22200DA92B3C6F602F247B3EAD0
:10347000BA02BE96C206C182939F060193DF0F4136
:103480002318F10593970A01C18713931700B30E10
:103490006F0083950E003ED48397C2068392020785
:1034A0009D8DB385E502B387F2406247B3C5F5024F
:1034B000E257B385B7409397050183150700C1878D
:1034C0002319F104B385B541FD1563C0BF08638EB0
:1034D0000C061257931A1E00569F634597088315D2
:1034E0000F006384850683950E0063808506BE8584
:1034F00063D3A701EA85139D0501135D0D41BE85C8
:103500006353F900CA851399050113590941630EE4
:10351000F603FD16C206C1862318D1042316D10472
:103520002317B104630B2D032319A1059408F000A0
:10353000AC185E853EDEEFA0301F83560105F257C2
:1035400085062318D1043E8D3E8993871C00939CE9
:10355000070193DC0C01225EA9B593081D00231915
:103560001105E9B742064182B30736412316F10639
:10357000B25742054181B307F5402317F106B25710
:103580004E962318C1063E952319A1069387FCFF8A
:103590002320F11283170F00F40063938700814604
:1035A00003960E002326D1109408631386008146EB
:1035B0004256F810E9455A852328D1102324F112E8
:1035C0001ADEBADBEFD0A00F83274C00B386570179
:1035D00083960600638E860072533E938317030022
:1035E000638887009408F000AC185E85EFA0D013C4
:1035F00063810D02C24791CF83274C00338E570160
:1036000083170E0063878700F0100C195E85EFB0FA
:1036100070394256ED455A85EFD0600A3DB70944EE
:103620006396842403A68B00B245E0102285EF80C8
:103630001FA2E30E05A083A78B00814523A48B0066
:103640005A853EC8EFE0FFAB8145AA8A5A85EFE074
:10365000BFAE2A8C5A85EFF0600A83544B08930C56
:10366000010BB384A4025A85EFF0A00C035A6B0837
:10367000330AAA0213054B02EF904FBE2A89A18498
:1036800081455A85EFE03FAA9399040183544B0882
:1036900083572B0893D90941B384A4021384F7FFFD
:1036A000B70505005A85135A8A40131D0A01135D98
:1036B0000D41A18433049402CE9433848940334471
:1036C000F402EFE05FA6420441843354240303591B
:1036D0004B083309A9025A85EF0001573385AA40E8
:1036E00093170501C1835A853ECCEF00814833050D
:1036F000AC4093170501C18366853ECEEFB05025DF
:103700006686B70505005A85EFE0404D8347F10B0B
:103710000357010BDE85E19BA30FF10AFD57A309B7
:10372000F10A8357AB01A81113598940BA97231F97
:10373000F106EFE0D040B7070500232EF110A247B5
:10374000216C814ABED79147BED91349F9FF7D1C30
:1037500083572B0863E4FA00C247C5B8B38D5403FE
:1037600062475245B3CDFD0283574B0123205113CD
:10377000BA97BE9DC20DEF90CFAC93DD0D412A8765
:1037800021C75C27858BEDE303468B08218A19E26C
:103790008317A700B3898D00C20993D90901338625
:1037A000290142068315C1064186C209231CB107BF
:1037B000231EC10693D909416341B60A8315010747
:1037C00003562B0863D9B50193861A00939A060114
:1037D00093DA0A01B5BFD697B3E7C70250430E2765
:1037E000F246231AB10A83556B01B695D295C207EA
:1037F000C1878607B2975047039507000D82098A53
:103800005A960318C6060316060733050541330505
:10381000A503330606413346C5023386C540231D42
:10382000C10683970700638A8703B418B011E9457E
:103830005A852326E1123AD0B6DB2324F112E6DDC5
:10384000EFC0F067B018E6855E85EFB0B015B01137
:10385000ED455A85EFC0B06602575245BA85CE8D08
:10386000EF904F9F2A8729BFEE89C5BF8D47639090
:10387000F4FE03A68B00B24584102685EF802FFD51
:10388000630705FC83A78B005A8523A49B003ED8C1
:10389000EFE07F97AA8481455A85EFE09F868145B6
:1038A000AA8C5A85EFE05F89AA895A85EFE01065F6
:1038B00083574B08C204C1803385A702A69CCE94CF
:1038C000130A010B218593170501C1875A853ED044
:1038D000EFE03066035D6B0803594B01330DAD0219
:1038E000CA9CC20C5A8593DC0C0193578D403ECC88
:1038F000831781013ED2EF002135B38CAC40939702
:103900000C0103556B01C1833ECE8317C101AA94FC
:10391000C2045A853ED4C180EF00A1253385A4405E
:1039200093170501C183A8183ED6EFA0205EB018FA
:10393000B70505005A85EFE0A0765285EFB050013B
:103940005286B70502005A85EFE04029B70502000C
:103950005A85EFE02FFC334585021146B70502007A
:10396000131905015A85EF10016042054185B349DD
:103970008502135909418316A107CA8763D3290118
:10398000CE87094733C7E602C207C1876358F700ED
:103990008347110893E70701A300F108854763985F
:1039A000F6008347110893E70701A300F108130508
:1039B0004B02EF900F89A164931A0901139D09012D
:1039C000AA8CFD1493DA0A01135D0D0163950C00B6
:1039D000C2576FF08FE703C7CC00058B19C752455C
:1039E000E685EF902F87AA8CD5B703D78C0002C845
:1039F000231CE10603D78C00231AE10A03478B0836
:103A0000218B01E78397AC003EC8A25703A74C0067
:103A10002318F104231CF104C247139417002297C2
:103A20008316070029476387E61083A5CC0003A50A
:103A30000C00025789818989DA95229503968507BA
:103A400003150500839545078146EF904FA1F24786
:103A500083A5CC0012573E95231CA10403A54C005E
:103A60008D818989DA95229503960507031505004E
:103A70008395C5068146EF908F9EB25762473E9769
:103A80003305A740231DA104DE85A811EFE0300B0C
:103A9000A24737070500232EE110BED70D47BC18FB
:103AA000BAD92320F1106247B2574248D2DDBA9703
:103AB0002326911301443EDA03572B086361E4087F
:103AC000E31FE4F083A64C00131718003697831603
:103AD0000700E38696F0835681057D14232081122A
:103AE00033865641D6962318D1068356A105231650
:103AF000C106E0103386A641EA962317C1062319B2
:103B0000D10603170700B011E9455A852324E112B5
:103B10002326011023280110A2DBEFC0503A228691
:103B2000D2855E85EFB00068B011ED455A85EFC0D3
:103B3000103975B537E701E00507BACCB1B7C24710
:103B4000E64642DCB38D8700B3EDED0203A74C00DF
:103B5000B6C8C20D93DD0D41139C1D00629703157D
:103B600007006304951083A5CC00125781468D8110
:103B70008989DA95039605078395C506EF902F8E00
:103B8000D25783A5CC0002573385A740231DA1043B
:103B900003A50C0089818989DA95629503968507CA
:103BA00003150500839545078146EF904F8BF2473B
:103BB0003E95231CA10455C80357010562588C0883
:103BC000B306574156972318E106035721052316DC
:103BD000D106B306A7412317D1066A9783A64C00E6
:103BE0002319E1061307F4FF2320E112131718002D
:103BF0003386E60003160600631396008145E296BD
:103C00002326B11083950600B4086393950081467E
:103C1000FC102324C112E945B0115A853ADC23284F
:103C2000D110BEDBEFC0B02983A64C006257369797
:103C30000317070063069702369C03170C00630105
:103C40009702B4089008AC185E85EFA0E02D6309D8
:103C5000090063870900F010D2855E85EFB08054BB
:103C6000B011ED455A85EFC090250504420441800E
:103C70006E8899B529468C104A85EF908F8D130672
:103C80008003AC184E85EF90CF8C03D76D002316C0
:103C9000E10603D76D002326911023289111231AE2
:103CA000E10A03C7DD00058B6301071283960D004F
:103CB00003972D0003564B01B247B29603566B0192
:103CC000C206C182329742074183139806019318B6
:103CD00007011358084193D8084163890710630707
:103CE0000410A247D2DB3386F640BE96231ED104D1
:103CF000B306A7416A97231CC104231DD104231FC7
:103D0000E10403C7CD0093763700A9CE9376170060
:103D1000428699C203164B012314C10423151105D1
:103D2000098BC28619C383168B01B011E9455A85E8
:103D300042CC2317110546CA2316D104EFC0301810
:103D4000E6862686CA855E85EFA0001E5286CE8551
:103D50005E85EFB02045B011ED455A85EFC03016B5
:103D60006248D24803C7CD009376C700A1CA231486
:103D7000010593764700468699C203166B01231509
:103D8000C10423160105218B19C38318AB01B0119F
:103D9000E9455A8523171105EFC07012E68626867D
:103DA000CA855E85EFA040185286CE855E85EFB04D
:103DB000603FB011ED455A85EFC07010EE85568515
:103DC000EF805FC9AA8D6FF0EFB403964D00E30753
:103DD00086FF83A58D004206D28641825A85EFE098
:103DE0000FDC831681050317A105E9B582DB11BF3E
:103DF0009387F5FF63D507007D159387B5002D47A1
:103E00006354F7000505D11705476395E70213775B
:103E10003500814709EF130740063377E5028547F0
:103E200019E7930700193375F502933715001385C9
:103E3000C70182801D45B3E7A7020945B3E7A70282
:103E40007D45B307F54013F5F70F8280EFC26ED5BD
:103E50002A84EFC0700AAA842285EFC0F00A58595C
:103E6000B7070500631BF7060C5D99472A8463E8D2
:103E7000B7061C49A3810700238107020E3C216677
:103E80002685EF10BF9815C5032904019307600626
:103E90002685A301F900EF20F17A2312A9002685D7
:103EA000EF107F8F1C5C6316F5001C48130720FB86
:103EB000B8B30E3C11662685EF105F9519CD032926
:103EC0000401FD5726852301F902EF20B177184838
:103ED000231FA9001E3385071EB36FC0CECEC205B7
:103EE00013060002C1812685EF105F9241D91C485C
:103EF0004945A38107002381070203294401EF807C
:103F0000EFE82316A9009DBF13B735008947198D27
:103F100063E1B704B147AE97FD45B387B7023147B8
:103F200093061500938727FCB3D7E70213572500A4
:103F3000369793060019B356D5023697BA971307EA
:103F400040063355E5023385A7409D473375F5029A
:103F500082808147C9B7EFC22EC32A844851B16518
:103F6000EF10CFF98305E4024A34EFF0FFF91C5853
:103F70002A89A5E754541854B7070001FD17FD8E90
:103F8000F98F639CF6008305B402485011669905C9
:103F9000CA95C205C181EF10CFF86FC02EC2185864
:103FA00093972400BA9796235A346391E602838646
:103FB00027000307E402639BE6008385370048502F
:103FC0002166CE95C205C181EF10AFF58504C2040C
:103FD000C1805E38E3E5F4FC71BF8144930965005C
:103FE000CDBFEFC28EB92A84131B86014EB485471C
:103FF000135B8B4123076503A307F5024851AE8B82
:1040000093050002EF108FEF81441D4948509395AE
:10401000040113060002C1818504EF108FF0E397BD
:1040200024FFC20B93DB0B01DA855E85EFF05FDCCA
:10403000AA84DA855E85EFF03FED05493309A94092
:10404000AA892A8A1379F90FAA94930A8411370C42
:104050000300B306490193F6F60F636A9A069305C7
:10406000FBFF5E85EFF0DFD82A991379F90F568BA5
:10407000014AB70B0300B306490193F6F60F6362DA
:104080003A070549130A900233099940370B030098
:10409000637B9A062285EFF01FEC4850EF10AFEFDC
:1040A000C167FD176309F500938579004850C20583
:1040B000C181EF108FDE2285EFE050102285EF10D6
:1040C000F1542A898144639524076FC08EAE13157D
:1040D0002A0013060C0F91455695EF901F94050A80
:1040E0008DBF13860B0F91455A85EF901F93930553
:1040F0007A004850C20513060002C181EF106FE23A
:10410000050A110B8DBF13952400B3069900130601
:104110000B0F91455695EF905F9093857400485032
:10412000C20513060002C181EF10AFDF85048DB711
:10413000A6852285EF10D14A5C506386A7002286AF
:10414000F145EFC0C0578504BDBFEFC28EA5B707CC
:1041500001019387477E2E849CD5DCD523A80502D8
:10416000239A0502130584119305800A4111EF80FB
:10417000DFF913078403370603003705030081477F
:104180008146BA851306860B1943130E8007130563
:10419000C5709308800393FEF70F13881700D1C7EB
:1041A000137F780063110F0808C3C2871107E31457
:1041B00018FFB7170300938747F4232AF4102285CA
:1041C0002EC6EF10EFC8B24548D0EF104FCA485086
:1041D00093050011EF10CFD94850B7450100814633
:1041E00069469385C5E4EFC0A0544850896593851E
:1041F0004506EFE0C02C22858545EF40C03348508E
:104200008545EF40A03D0306E4024E342285EFF0E1
:104210005FDD2285EFF03FD448509165EFD08021DB
:1042200041016FC04E9A6367D3018A07B2979C43DE
:104230001CC3A5BF938746048A07A2972384C7019E
:10424000938766048A07A29785061CC393F6F60F28
:10425000A9BF1305C5028280EFC20E932E8422856A
:104260008145EF10716422858145EF40C02C814665
:10427000094681452285EF4080312285EF009F9FCE
:10428000B70503000146938505A5AA84EF10D12246
:104290008965938545062685EFE0A0252685EFF004
:1042A000E0312685EFE08044AA89AA852685EFE0E3
:1042B00000213749010081461D469305693826854E
:1042C000EFC0004791452685EFD0001E2285EF40C4
:1042D0008F908D45AA84EF40CFA20146268589455F
:1042E000EF10512585452685EF40402F2285EF00B0
:1042F0007F98B705030001469385C5F5AA84EF10A2
:10430000B11B4E86CE852685EFE0E02181461D4615
:10431000930569382685EFC0A04126859145EFD0E9
:10432000A018B74501008146714693852534228542
:10433000EFC000400146F1452285EFC040386FC014
:10434000EE87EFC20E86EFC0203BAA84EF10B128A3
:10435000EFF03FF02A8485452685EF10712883070A
:1043600024001220B7050300FD1713972700B70795
:1043700003009387C712BA9794439385851CEF4037
:10438000EF8E6FC04E84EFC22E80EFC0E0362A8AD7
:10439000EF1071242A89EF101124AA89EFF07FEB26
:1043A00006210304250081454A85EF107123631718
:1043B000AA0485476310F404FD14C204C18031448B
:1043C0002286A6854E85EFF0DFC185454A85EF1030
:1043D00031217D14B70703009387C7120A043E9466
:1043E0001440B705030026869385851CEF400F888F
:1043F0006FB0DEFC7D1462046184D9B7B1476317E6
:10440000F4008504C204C18005445DBF0504E5B71E
:10441000EFB23EF92E852E84EF10F11B2A898145DB
:104420002285EF10714881452285EF40C01022851A
:10443000EF20CF82B70503009385C51EAA84EF2025
:10444000CF83B7450100CA8671469385655226859C
:10445000EFC0002E85452685EF4040182285EF10DD
:10446000FFFFB705030093854545AA84EF20EF8041
:10447000B7450100CA8671469385054F2685EFC072
:10448000202B26858545EF406015B7450100814604
:1044900071469385A54A2285EFC080290146F145E2
:1044A0002285EFC0C0216FB01EF2EFB29EEFEFC0C9
:1044B000A024AA84EF103112EFF0BFD92A848145DD
:1044C0002685EF10F1111E209305707E9D8DC2058B
:1044D000C181EF20EF8F85452685EF107110830590
:1044E0002400FD15C205C181EF208F8E6FB0BEED97
:1044F000EFB23EEBAA84EFC020202A842685EFC0CD
:10450000E020AA842285EF200F8F2A842685EFF0F1
:104510005FD40E2113061400620661862685EFF033
:104520005FAC6FB05EEAEFB2DEE72A84EFC0C01C7A
:10453000AA842285EFC0801D2A842685EF20AF8BB8
:10454000AA842285EFF0FFD09305707E0306250034
:10455000858DC205C1812285EFF0BFA86FB0BEE690
:10456000C2054205C18141819397050113170501D9
:10457000B706E1079386F681CD8F598DB3F5D70045
:10458000758D930746000D8D8D87B307F5029583D2
:10459000AE97F58F13D507015D8D82807D558280A2
:1045A000EFB23EE02E852E84EF10F10211E59384E8
:1045B000019A01468C40A1A0B70503009385C5620E
:1045C0002285EFD0403C6303050E2285EF10B10039
:1045D000B7040300938584982A89EFD0C03A631A00
:1045E000051A4A85EF10217F93858498EFD0A03972
:1045F00015C59384019A8C40014693850508228550
:10460000EF00713D8C4041662285A105EF00B13C71
:104610008C40416613060604C10525A82285EF10CB
:10462000A17F05ED2285EF10017BB705030093857F
:104630004593EFD0403515C19384019A8C400146D3
:10464000228593858504EF0011398C4001469385BE
:1046500005072285EF0031382DAA2285EF10C17B96
:1046600085476314F5022285EF10E176B705030054
:1046700093854593EFD0203109C99384019A8C40EA
:1046800001462285EF003135BDB72285EF10A174B8
:10469000B70503009385450DEFD0E02E631B050E93
:1046A0009384019A8C400146E10591BFB7C5020091
:1046B0009385C5F02285EFD0002D630E050C938401
:1046C000019A8C400146228593850502EF00B130A6
:1046D0008C400146228593858502EF00D12F8C40C6
:1046E000014622859385050DEF00F12E8C401306BF
:1046F0000002228593858505EF00F12D8C4013067D
:10470000000222859385850DEF00F12C8C40114627
:1047100022859385050AEF00112C8C4013060002B8
:1047200022859385850CEF00112B8C400546228550
:1047300093858503EF00312A8C40130600082285FB
:1047400093850506EF0031292285EF10C168B70572
:104750000300938585B1EFD000231389019A05C129
:1047600083250900014622859385051DEF00B126AA
:1047700083250900130600029385051ED9BD2285F5
:10478000EF106165B70503009385C5A8EFD0A01FA2
:1047900061F96FB05EC3B7C502009385C50222857B
:1047A000EFD0601E19C583A5019A014693850515B2
:1047B0004DB5B7C50200938585F22285EFD0A01CC8
:1047C000630405222285EF100161B705030093857C
:1047D000C59FEFD0401B9384019A3DCD8C4001468C
:1047E00022859385851FEF00111F8C40014622858D
:1047F00093858508EF00311E8C4037060500228521
:1048000093850502EF00311D8C4037090500130622
:104810000902938585052285EF00F11B8C40130664
:104820000908228593850506EF00F11A8C401306CE
:104830001900938585022285EF00F1198C4013063B
:104840004900228593850503EF00F1188C4013067B
:10485000890093850504F5BB2285EF10C157B70584
:10486000030093858598EFD0001251C58C40014616
:10487000228593850505EF0011168C40114622858F
:104880009385050AEF0031158C40114622859385EA
:104890000523EF0051148C40370905001306090267
:1048A000938585052285EF0011138C4013061900AE
:1048B000228593850503EF0011128C401306190021
:1048C000228593858523EF0011118C401306490042
:1048D00022859385050AEF0011108C40130689008C
:1048E00022859385850AEF00110F8C40130649003D
:1048F00093850523B9BB2285EF10E14DB705030071
:104900009385450DEFD020088C40014625CD938539
:1049100005182285EF00310C8C40114622859385C5
:10492000050AEF00510B8C40214622859385850AAC
:10493000EF00710A8C4037060500228593858518A3
:10494000EF0071098C4037090500130609029385B1
:1049500085052285EF0031088C40130609089385F0
:1049600005062285EF0031078C4013064900228599
:104970009385050AEF0031068C4013068900938564
:10498000850AC1B9E1052285EF00F1048C4011468A
:1049900022859385050AEF0011048C40214622856B
:1049A0009385850AEF0031038C4037060500228588
:1049B00093850502EF0031028C403709050013068C
:1049C0000908938505062285EF00F1008C40130647
:1049D0000902228593858505EF00E17F8C4013064F
:1049E000190093858502B5BFB7C50200938505EF11
:1049F0002285EFC0507929CD9384019A8C400146DD
:104A0000228593850503EF00017D8C4001462285B8
:104A10009385050BEF00217C8C4011462285938500
:104A2000050AEF00417B8C40214622859385850A4B
:104A3000EF00617A8C40370602002285938585025B
:104A4000EF0061798C40370602009385050B11B1A8
:104A5000B7C502009385050B2285EFC0D07259CDF2
:104A60009384019A8C400146228593850503EF00CB
:104A700081768C40014622859385050BEF00A17558
:104A80008C40114622859385050AEF00C1748C4045
:104A9000214622859385850AEF00E1738C40370615
:104AA0000200228593858502EF00E1728C40370673
:104AB000020022859385050BEF00E1718C403706DB
:104AC000030022859385050FEF00E1708C403709C4
:104AD0000300130609029385850C2285EF00A16F60
:104AE0008C403706030022859385050DEF00A16EEB
:104AF0008C40130609029385850DA1BEB7C502003F
:104B00009385850E2285EFC0106879C19384019A40
:104B10008C4001462285E105EF00E16B8C400146A7
:104B2000228593858506EF00016B8C400146228526
:104B30009385850BEF00216A8C4011462285938571
:104B4000050AEF0041698C40214622859385850A3C
:104B5000EF0061688C4041662285A105EF00A167E6
:104B60008C40416613060604C1052285EF00A1664C
:104B70008C4037060500228593850505EF00A16569
:104B80008C4037060500228593858515EF00A164CA
:104B90008C4037060500228593850508EF00A16348
:104BA0008C40370905001306090293858505228587
:104BB000EF0061628C4013064900228593858502CF
:104BC000EF0061618C40130689009385850351B421
:104BD000B7C502009385C5F62285EFC0D05A4DC1F6
:104BE0009384019A8C400146228593858508EF00C5
:104BF000815E8C40114622859385050AEF00A15DF8
:104C00008C403709020013060908938505062285A2
:104C1000EF00615C8C403706020022859385851386
:104C2000EF00615B8C401306190022859385850295
:104C3000EF00615A8C4013061900228593850514F4
:104C4000EF0061598C401306090222859385850582
:104C5000EF0061588C401306090222859385850C6C
:104C6000EF0061578C401306090222859385850D5C
:104C7000EF0061568C40370602009385050DD1BACE
:104C8000B7C502009385C50C2285EFC0D04F6300E5
:104C9000050E9384019A8C400146228593858504F4
:104CA000EF0061538C40014622859385050BEF0090
:104CB00081528C40014622859385850EEF00A151DB
:104CC0008C4013060008228593850506EF00A1504D
:104CD0008C40114622859385050AEF00C14F8C4018
:104CE0003709020013061900938585022285EF001B
:104CF000814E8C403706020022859385050BEF001C
:104D0000814D8C4013060908228593850506EF0026
:104D1000814C8C403706030022859385050FEF00F8
:104D2000814B8C4037060300228593850505EF00F3
:104D3000814A8C4037060300228593858514EF0055
:104D400081498C4037060300130606089385050643
:104D50002285EF0041488C40130619009385850D8C
:104D60002285EF0041478C403706020069B3B70542
:104D700003009385C5092285EFC0F04041C59384A7
:104D8000019A8C4001462285E105EF00C1448C4028
:104D90000146228593858507EF00E1438C4001465B
:104DA000228593858512EF0001438C404166228560
:104DB000A105EF0041428C40416613060604C1057F
:104DC0002285EF0041418C403706050022859385FE
:104DD0000511EF0041408C40370602002285938583
:104DE0008511EF00413F8C403706060022859385F0
:104DF0000512EF00413E8C403706070093850511F0
:104E00006FF03F85B7C50200938585042285EFC00A
:104E100090373DC19384019A8C4001462285E1057B
:104E2000EF00613B8C40014622859385050EEF0023
:104E3000813A8C400146228593850509EF00A1390E
:104E40008C400146228593858509EF00C1388C404E
:104E5000114622859385050AEF00E1378C402146F3
:104E600022859385850AEF0001378C4037060400C0
:104E7000938585026FF0EFFDB7C50200938545F974
:104E80002285EFC050303DC19384019A8C40014689
:104E90002285E105EF0021348C400146228593856F
:104EA0008507EF0041338C40014622859385050D2F
:104EB000EF0061328C401306000222859385850D38
:104EC000EF0061318C401306000222859385850531
:104ED000EF0061308C40114622859385050AEF0072
:104EE000812F8C4021469385850A9DBDB7C5020060
:104EF000938505FD2285EFC0102949C59384019A49
:104F00008C4001462285E105EF00E12C8C400146F2
:104F100022859385050CEF00012C8C4001462285EB
:104F200093850509EF00212B8C400146228593854E
:104F30000513EF00412A8C4041662285A105EF0050
:104F400081298C40416613060604C1052285EF00C5
:104F500081288C4037060400228593850505EF00E3
:104F600081278C40370904001306190093858502B8
:104F70002285EF0041268C401306090293858505A2
:104F80006FF02FEDB7C50200938545ED2285EFC088
:104F9000901F29C19384019A8C40014622859385F4
:104FA0000510EF0041238C403706020022859385CF
:104FB0000510EF0041228C403706020022859385C0
:104FC0008510EF0041218C40370603009385050FC3
:104FD0006FF02FE8B70503009385459A2285EFC04F
:104FE000901A0DC99384019A8C40014622859385BD
:104FF0000510EF00411E8C40370602002285938584
:105000000510EF00411D8C40370602009385851086
:105010006FF02FE4B7050300938585A12285EFC0CB
:1050200090161DC59384019A8C4001462285E105A6
:10503000EF00611A8C40014622859385050BEF0035
:1050400081198C4037060200938585166FF06FE05A
:10505000B7C50200938545102285EFC0D01241C527
:105060009384019A8C4001462285E105EF00A11648
:105070008C400146228593858507EF00C1158C4041
:1050800013060008228593850506EF00C1148C40A5
:10509000114622859385050AEF00E1138C402146D5
:1050A00022859385850AEF0001138C404166228595
:1050B000A105EF0041128C40416613060604C105AC
:1050C0002285EF0041118C403706070009069385C1
:1050D00005172285EF0021108C40370608009385C4
:1050E00085176FF00FD7B70503009385450D22850F
:1050F000EFC0700919CD9384019A8C400146E105F7
:105100002285EF00410D8C400146938585066FF0A6
:105110004FD4B7050300938505112285EFC0B00673
:1051200001C983A5019A0146938505196FF06FD2D5
:10513000B70503009385051D2285EFC0D00475F1E6
:10514000B70503009385C5F12285EFC0D0035DC587
:1051500083A5019A01462285EF00E10703A7019983
:105160009384019A85478C406317F70893858507D8
:1051700001462285EF0021068C4011462285938549
:10518000050AEF0041058C40214622859385850A5A
:10519000EF0061048C4037060500228593850502E7
:1051A000EF0061038C403709050013060908938559
:1051B00005062285EF0021028C4037060500228576
:1051C00093850505EF0021018C40370605002285F7
:1051D00093858520EF0021008C401306090222856B
:1051E00093858505EFF0307F8C4013061900938579
:1051F00085046FF04FE4938505079DBFB705030055
:10520000938505B52285EFC0007819CD9384019A66
:105210008C4001462285E105EFF0F07B8C40014691
:10522000938505216FF0AFBDB70503009385C5B623
:105230002285EFC0407505C19384019A8C400146D8
:10524000228593858504EFF010798C400146938583
:1052500005226FF00FC0B7050300938545B3228583
:10526000EFC0607239C99384019A8C40014622854F
:1052700093850505EFF030768C40014622859385B5
:105280008521EFF050758C4011462285938585026B
:10529000EFF070748C401146228593850522EFF063
:1052A00090738C4013060002228593850522EFF04F
:1052B00090728C4013060002D1B1B70503009385AC
:1052C00045A32285EFC0206C19CD9384019A8C40B0
:1052D00001462285E105EFF010708C400146938570
:1052E000051A6FF00FB7B70503009385C5AF228588
:1052F000EFC0606909C99384019A8C400146938587
:10530000051B6FF0CFAFB7050300938505A7228576
:10531000EFC0606709C99384019A8C400146938568
:10532000851B6FF0CFADB7050300938545A522859A
:10533000EFC0606521C59384019A8C4001462285A7
:105340009385851AEFF030698C40130600022285A0
:105350009385051EEFF030688C40130610022285FD
:1053600093850503EFF030678C40054622859385D1
:105370000503EFF050668C401146DDBCB705030015
:10538000938585B12285EFC0006001C983A5019A8C
:1053900001469385851C6FF0CFABB705030093855D
:1053A000C5A82285EFC0205E75F1B705030093857F
:1053B00085AA2285EFC0205D09C99384019A8C409B
:1053C00001469385051C6FF08FA3B70503009385F5
:1053D00045AC2285EFC0205B01C983A5019A014637
:1053E0009385851D6FF0EFA6B7050300938505AE85
:1053F0002285EFC0405901C983A5019A01469385D2
:10540000851E6FF00FA5B70503009385C59F228504
:10541000EFC0605719CD9384019A8C4001462285D4
:10542000E105EFF0505B8C4001469385051F6FF05E
:105430004FA2B70503009385059E2285EFC0A054B7
:1054400001C983A5019A0146938505206FF06FA0DD
:10545000B70503009385059C2285EFC0C05231C17A
:105460009384019A8C4001462285E105EFF0B05605
:105470008C400146228593858507EFF0D0558C40FE
:10548000114622859385050AEFF0F0548C402146A1
:1054900022859385850AEFF010548C40370607006B
:1054A000C1BAB7050300938505952285EFC0A04DCD
:1054B00019C16FF0CF8FB70503009385C59622857C
:1054C000EFC0604C09C59384019A6FF0AF93B705A4
:1054D0000300938585982285EFC0E04A11C5938427
:1054E000019A01468C4029B9B7050300938545937D
:1054F0002285EFC0404901C983A5019A01469385E1
:10550000050C6FF00F95B7050300938505082285FC
:10551000EFC0604721C19384019A8C4001462285E7
:1055200093858519EFF0304B8C4001462285938599
:105530000508EFF0504A8C4037060300228593851A
:105540000505EFF050498C403706030093850508A8
:105550006FF02F90B7050300938585B82285EFC0C3
:10556000804219E16FF0EFA283A5019A014693856D
:1055700005246FF00F8EEFA2DEE2B7F7002083A7BD
:1055800007B1411132C6858B2E844945894591CB9F
:10559000EF706F843246A285EFE09FFC41016FA05F
:1055A0009EE2EF706F80FDB7EFA2BEDF2A84AE846B
:1055B000EF805F9DA6852285EF80DF9D6FA0BEE016
:1055C000EFA23EDE2A84AE84EF80DF97A685228597
:1055D000EF805F986FA03EDFEFA2BEDC2E85B28524
:1055E000EF60BFE96FA03EDEEFA2BEDB2A84AE848F
:1055F000EF805F8FA6852285EF80DF906FA0BEDCF5
:10560000EFA23EDA2A84AE84EF80DF95A68522855C
:10561000EF805F966FA03EDBEFA2BED82A84AE84F7
:10562000EF805F94A6852285EF80DF94A685228592
:10563000EF805F91A6852285EF80DF916FA0BED8B5
:10564000EFA23ED683C7C19989C7EF804FC26FA032
:105650009ED7EF80EFC0E5BFEFA2BED42E84AA8410
:10566000EF905FDC330585029307F00E63D1A7024C
:105670002685EF903FDB330585021304000A1305EE
:10568000050533458502420541856FA0DED30545FA
:10569000EDBFEFA21ECE83A741912A8AAE8B328B3B
:1056A000B68ABA891384019A91EB13058024238E5C
:1056B0000198EF703F9423AAA19008C0EF90BFD04B
:1056C000EF90DFD0930700141389019963D4A700EA
:1056D0006F10C0568D47B7F40020374701002320D4
:1056E000F9001307075A938704AF2398770123AA79
:1056F000370123AC370123AE370123A64701239995
:10570000670198C323A05703938404AF938B019838
:105710009389419863940A006F10005485679387BA
:10572000370A2390FB0095454945EF60FFE79C5001
:105730002390A900858B138B8197938AC19799E356
:105740006F10A0538D67938767942310FB008D67BC
:10575000938767982390FA000840370D0300B7FC41
:1057600000201305050DEFF0BFED0840B7CD000098
:1057700037FC00201305850DEFF09FEC81471307E0
:105780006004930600051386CDB993058D471385F4
:105790004CB1EF802FCB814701479306000513865C
:1057A000CDB993058D4713058CB2EF80AFC9084082
:1057B00093854CB11305050DEF80DFA808409305D4
:1057C0008CB21305850DEF80FFA708402105EFF08F
:1057D0003FE79C50858B99E36F10404C89454945C4
:1057E000EF607FDF1C40AA8513858700EF808FFB69
:1057F0000840A165FD152105EF803F9FC844832C1B
:1058000004009D45EFF05FE5A10CAA856685EFF0E9
:10581000BFE0C844832C04009545EFF0FFE3A10CE2
:10582000AA856685EF800FEC084093056006210588
:10583000EF802FF9084093058CB22105EF809FA0DF
:1058400008404105EFF0DFDF08409305F00F410508
:10585000EF802FF70840EFF0BFDE08409305F00F10
:10586000EF802FF683D50B000840EF80AFF383D590
:1058700009000840EF803F92832709000547832BEA
:1058800004006384E7006F100042C844B945EFF09C
:10589000BFDCAA855E85EF80EFEE83270900054710
:1058A000832B04006384E7006F102041C844B9458E
:1058B000EFF09FDAAA855E85EF80CFED08406105A5
:1058C000EFF01FD803270900832B04008547B1455B
:1058D000E10B6303F700A145C844EFF0FFD7AA85A9
:1058E0005E85EF809F9008409305F00F6105EF8083
:1058F0004FED084083550B006105EF80AFEA08408B
:1059000083D50A006105EF80EFEFC844832B0400C4
:105910008945EFF07FD4E10BAA855E85EF808FF19A
:10592000084085456105EF802FF3084083D50900C5
:105930006105EF805F8683270900832B04000547FC
:10594000E10B6384E7006F108038C844E145EFF055
:10595000BFD0AA855E85EFF03FCC83270900832B5B
:1059600004000547E10B6384E7006F108037C844EB
:10597000B945EFF07FCEAA855E85EF80AFE0832743
:105980000900832B04000547E10B6384E7006F10D7
:105990008036C844B945EFF03FCCAA855E85EF80DC
:1059A0006FDF832B04004945EF605FBEE10BAA85E2
:1059B0005E85EF804FF8C844832B04008545EFF0E7
:1059C000BFC9E10BAA855E85EF80CFF508401305BE
:1059D000050AEFF0FFC608408E281305050AEF8080
:1059E000EFE9C844832B04008D45EFF0FFC6938B8D
:1059F0000B0AAA855E85EF804FE7C844832B04001D
:105A00008D45EFF07FC5938B0B0AAA855E85EF80ED
:105A1000EFE908409305F0071305050AEF80EFE76B
:105A200008401305850AEFF0BFC10840AE281305F2
:105A3000850AEF80AFE4C844832B04008D45EFF066
:105A4000BFC1938B8B0AAA855E85EF800FE2084069
:105A50009305F0071305850AEF802FE4084013052E
:105A60000502EFF0FFBD83270900832B04000547E3
:105A7000938B0B026384E7006F102029C844C14553
:105A8000EFF09FBDAA855E85EF802FF60840930555
:105A9000F00F13050502EF80CFD2084083D50A002E
:105AA00013050502EF800FD09C50858BC5E7832B33
:105AB00004004945EF609FAD938B0B02AA855E857C
:105AC000EF804FE30145032C04008D4BEF909F9531
:105AD000330575039307F00E130C0C02854563DF45
:105AE000A7000145EF901F94B30575031305000A45
:105AF00093850505B3C5A502C205C1856285EF8002
:105B00000FDC08409305F00713050502EF806FE0F6
:105B10000145832B040003ACC400EF90BF909307B2
:105B2000B003938B0B02854563DFA7000145EF901F
:105B30007F8F510593078002B347F5020145939586
:105B40000701C18581C76285EFF01FB1AA855E8517
:105B5000EF800FD8084083D5090013050502EF80B8
:105B60008FE383270900832B04000547938B0B02E7
:105B70006384E7006F10A01AC844E145EFF0DFAD81
:105B8000AA855E85EFF0DFA783270900832B040039
:105B90000547938B0B026384E7006F108019C8449C
:105BA000B945EFF07FABAA855E85EFF07FA1C844D1
:105BB000832B04009545EFF03FAA938B0B02AA8537
:105BC0005E85EF802FBDC844832B04009545EFF020
:105BD000BFA8938B0B02AA855E85EF80AFBA084001
:105BE000B75701009387875D23A4F198B757010049
:105BF000938767571305850523AAF198EFF05FA4F3
:105C000008409385819813058505EF804FE0084093
:105C10009305300213058505EF808FE008401305DA
:105C20000506EFF0FFA1084093854199130505068D
:105C3000EF80EFDD08409305F00713050506EF80C0
:105C40002FDE08401305050CEFF09F9F08408545A7
:105C50001305050CEF808FDA084085451305050C08
:105C6000EF808FBF084013050508EFF07F9D832765
:105C70000900832B04000547938B0B086384E7001E
:105C80006F10600CC844E145EFF01F9DAA855E854A
:105C9000EFF09F9883270900832B04000547938B1F
:105CA0000B086384E7006F10400BC844E145EFF038
:105CB000BF9AAA855E85EF80EFAC83270900832B0E
:105CC00004000547938B0B086384E7006F10200ADC
:105CD000C844E145EFF05F98AA855E85EF808FAB01
:105CE000084013058507EFF0BF9583270900832B34
:105CF00004000547938B8B076384E7006F106008EF
:105D0000C844B945EFF05F95AA855E85EFF0DF9056
:105D100083270900832B04000547938B8B0763843B
:105D2000E7006F104007C844B945EFF0FF92AA851D
:105D30005E85EFF07F87084013058508EFF05F90E0
:105D4000C844832B0400A945EFF01F91938B8B0867
:105D5000AA855E85EF800FA3C844832B0400A94564
:105D6000EFF09F8F938B8B08AA855E85EF808FA2C3
:105D7000084013050509EFF0BF8CC844832B0400CD
:105D8000D145EFF07F8D938B0B09AA855E85EF805F
:105D90008FC3084013058509EFF09F8A08408945A5
:105DA00013058509EF804FC3084013058506EFF002
:105DB0003F890840814513058506EFF0FF850840BF
:105DC000814513058506EF80EF9B0840814513054B
:105DD0008506EF802F9C084013050507EFF05F86CE
:105DE00083270900832B04000547938B0B076384EB
:105DF000E7006F00907BC844A145EFF0FF85AA85BE
:105E00005E85EFF07F8183270900832B040005471F
:105E1000938B0B076384E7006F00707AC844A14539
:105E2000EFF09F83AA855E85EF80CF9583270900D9
:105E3000832B04000547938B0B076384E7006F00F7
:105E40005079C844A145EFF03F81AA855E85EF8077
:105E50006F940840216C13058502EFF06FFE084037
:105E60008E2813058502EF80EF93832B0400EFE06B
:105E7000EFF2AA85938B8B025E85EF80CFB108404D
:105E80009305F00F13058502EF80AF9308401305CB
:105E90000503EFF0EFFA08408E2813050503EF80A5
:105EA0006F9008408E2813050503EF80CFAE0840A1
:105EB0009305300313050503EF80AF9008401305E9
:105EC0008503EFF0EFF70840AE2813058503EF8058
:105ED0006F8D832B0400EFE06FECAA85938B8B030F
:105EE0005E85EF804FAB08409305F00F13058503E7
:105EF000EF802F8D084013050504EFF06FF4084084
:105F0000AE2813050504EF80EF890840AE2813057D
:105F10000504EF804FA808409305300313050504DE
:105F2000EF802F8A084013058504EFF06FF10840D9
:105F300083D50A0013058504EF80CF8608409305BA
:105F4000F00F13058504EF80CF87084083D5090043
:105F500013058504EF802FA4084013050505EFF015
:105F60002FEE084083550B0013050505EF808F8346
:105F700008409305F00F13050505EF808F84084056
:105F800083D5090013050505EF80EFA00840130530
:105F9000050BEFF0EFEA08409305FCFF1305050B36
:105FA000EF80AFA408401305850BEFF06FE90840C0
:105FB00081451305850BEF804FA308401305850C21
:105FC000EFF00FE8C844832B04008D45EFF0CFE8D5
:105FD000938B8B0CAA855E85EF70DFF4C844832B0E
:105FE00004008D45EFF04FE7938B8B0CAA855E85FF
:105FF000EF705FF408401305050FEFF06FE4084001
:106000008E281305050FEF70FFF908409305F00F78
:106010001305050FEF70FFFAC844832B0400994560
:10602000EFF08FE3938B0B0FAA855E85EFF0CFDE49
:1060300008409305FCFF1305050FEF800F9B0840F8
:106040001305050EEFF0CFDF08409305800C130514
:10605000050EEF800F9E08401305850EEFF04FDE12
:106060000840930580071305850EEF808F9C08403C
:1060700013050510EFF0CFDC084083D50A001305A7
:106080000510EF806F8FC844832B0400BD45EFF0EF
:10609000AFDC938B0B10AA855E85EF80AF8B084039
:1060A000854513050510EF800F8C084013058510FA
:1060B000EFF00FD908408E2813058510EF80CF8BA5
:1060C000084013050513EFF0AFD7084093054010C3
:1060D00013050513EF701FE4084013058513EFF057
:1060E0002FD6C844832B04008D45EFF0EFD6938B59
:1060F0008B13AA855E85EFF02FD2C844832B040052
:106100008945EFF06FD5938B8B13AA855E85EF7071
:106110007FF208408E2813058513EF70BFEE08400C
:1061200083550B0013058513EF70DFE708409305D7
:10613000F00F13058513EF70DFE803270900832BA9
:1061400004008547B145938B8B136303F700A1458A
:10615000C844EFF06FD08945B345B5025E85C205EE
:10616000C185EF808F88084013050514EFF04FCDEF
:106170000840B70503009385C5F413050514EF70B7
:106180005FE7832B0400EFE06FC1AA85938B0B14AC
:106190005E85EF804F800840CC4813050514EF80E2
:1061A0006F81084013058514EFF08FC9C844832B15
:1061B00004009145EFF04FCAB305A040938B8B14B8
:1061C000C205C1855E85EFF02FC5832B0400EFE08B
:1061D000EFBCAA85938B8B145E85EF70BFDC084003
:1061E00013050515EFF0CFC50840854513050515C6
:1061F000EF705FF3084083D5090013050515EF70B4
:106200009FF3084013058512EFF08FC308408145C6
:1062100013058512EF705FE4C844832B0400A94581
:10622000EFF08FC3938B8B12AA855E85EF709FD69C
:10623000084083D50A0013058512EF70DFEF084090
:1062400013050511EFF0CFBFC844832A04008D4524
:10625000EFF08FC0938A0A11AA855685EF709FECE4
:10626000C844832A04008D45EFF00FBF938A0A11BA
:10627000AA855685EF707FF7C844832A0400A1459C
:10628000EFF08FBD938A0A11AA855685EFF0CFB53E
:10629000C844832A04008945EFF00FBC938A0A1191
:1062A000AA855685EF701FCF084013058511EFF0C2
:1062B0002FB90840A165FD1513058511EF70FFF298
:1062C000C844832A0400A145EFF00FB9938A8A11CC
:1062D000AA855685EFF04FB108408E281305851129
:1062E000EF705FCC08409305F00F13058511EF7038
:1062F0005FCD084013050512EFF08FB4C844832A20
:1063000004008545EFF04FB5938A0A12AA85568599
:10631000EF705FE1084083D5090013050512EF70A7
:106320009FE1C844832A04008945EFF0EFB2938AC5
:106330000A12AA855685EFF02FAE832A040049453C
:10634000EF60CFA4938A0A12AA855685EF70BFE446
:1063500008401305051AEFF0AFAE0840814513055C
:10636000051AEFF06FAB084081451305051AEFF0F1
:10637000AFA3084081451305051AEF701FE70840D9
:1063800085451305051AEF707FE708408145130521
:10639000051AEF705FCB08401305851DEFF04FAA7B
:1063A00003270900832A04008547B145938A8A1D83
:1063B0006303F700A145C844EFF00FAAAA855685EC
:1063C000EF70BFE2084085451305851DEF701FE3A0
:1063D00008409305F00F1305851DEF709FBE084020
:1063E00083550B001305851DEF70DFBB084083D577
:1063F00009001305851DEF701FDA08401305851A83
:10640000EFF00FA483270900832A04000547938A2D
:106410008A1AE39AE71CC844B945EFF0EFA3AA85AE
:106420005685EFF0EF9D83270900832A0400054776
:10643000938A8A1AE391E71CC844B945EFF0CFA1CB
:10644000AA855685EFF0CF9783270900832A040099
:106450000547938A8A1AE398E71AC844B945EFF0CA
:10646000AF9FAA855685EFF02F94C844832A040075
:106470008545EFF06F9E938A8A1AAA855685EF703C
:106480007FBB0840E5451305851AEF709FB90840AA
:1064900083D509001305851AEF70DFB608408145E2
:1064A0001305851AEF703FBA08401305051BEFF07E
:1064B0002F99084081451305051BEFF0EF95084023
:1064C00081451305051BEFF02F8EC844832A040075
:1064D0008545EFF06F98938A0A1BAA855685EF7061
:1064E0007FB50840E5451305051BEF709FB30840D5
:1064F00083D509001305051BEF70DFB00840A145E7
:106500001305051BEF703FB408401305851BEFF022
:106510002F93084081451305851BEFF0EF8F08404E
:1065200081451305851BEFF02F8808401305851C56
:10653000EFF00F9183270900832904000547938911
:10654000891CE39AE70CC844B945EFF0EF90AA859F
:106550004E85EFF0EF8A8327090083290400054761
:106560009389891CE391E70CC844A145EFF0CF8ED5
:10657000AA854E85EFF0CF848327090000400547A8
:106580001304841CE399E70AC844B945EFF0CF8CA3
:10659000AA852285EFF04F819389019A03A509000E
:1065A0001384019A1305051DEFF08F8983270900D5
:1065B00083A9090005479389091DE396E708C844A4
:1065C000A145EFF06F89AA854E85EFF06F8383298F
:1065D000040083A7019937FB002005479389091D13
:1065E0001389019993040BAFE397E706C844A145CB
:1065F000EFF08F86AA854E85EFE09FFC084081452D
:106600001305051DEF70FFB0084081451305051DFA
:10661000EF703F9B084083D54198938941981305BB
:10662000051DEF705FB708401305051CEFF04F81A3
:10663000084081451305051CEFE09FFC084081459B
:106640001305051CEFE05FF608401305051EEFE09B
:106650003FFF0840930530031305051EEF707F963A
:10666000832A04004945EF507FF2938A0A1EAA85C7
:106670005685EF703F9308401305851EEFE05FFCE1
:10668000084081451305851EEF70BF9383270900DD
:10669000832A04000547938A8A1E6396E77CC844D0
:1066A000A145EFE07FFBAA855685EFE07FF108402A
:1066B00013050516EFE0DFF8C844832A040095456A
:1066C000EFE09FF9938A0A16AA855685EF709FA579
:1066D000084083D5090013050516EF70DFA5C844EF
:1066E000832A0400D145EFE03FF7938A0A16AA8572
:1066F0005685EFE07FEFC844832A0400BD45EFE0F4
:10670000BFF5938A0A16AA855685EF70BF850840A3
:1067100013058516EFE0DFF20840A165FD151305AE
:106720008516EF709FAC084083D5090013058516C8
:10673000EF705F8708409305F00F13058516EF7023
:106740005F88C844832A0400BD45EFE0FFF0938AC8
:106750008A16AA855685EFE03FE90840130585159E
:10676000EFE01FEEC844832A04008545EFE0DFEE2A
:10677000938A8A15AA855685EF70DF8B084083D5EA
:10678000C197938AC19713058515EF70BF8708409D
:106790008D4513058515EF701F8B084013050517F0
:1067A000EFE01FEA084083D5090013050517EF70D5
:1067B0007F85C844832904008945EFE0FFE9938978
:1067C0000917AA854E85EF70FF86C8448329040007
:1067D0008545EFE07FE8B305A04093890917C2051E
:1067E0004E85C185EF700FF80840914513050517D8
:1067F000EF707F8508409305001913050517EF70AA
:106800005FA3084013058517EFE09FE39C508329A1
:106810000400858B93898917638F076489454945EF
:10682000EF507FDBAA854E85EF70FF960840130579
:106830000518EFE0FFE083270900832904000547DE
:1068400093890918639EE762C844B945EFE0DFE029
:10685000AA854E85EFE05FDC832B0400032C090042
:106860008547938B0B186314FC62C844B945EFE06D
:10687000BFDE8945B345B502C205C1855E85EFE03F
:10688000BFD2084013058518EFE09FDBC844832979
:1068900004008545EFE05FDC93898918AA854E8561
:1068A000EF704FF9084083D50A0013058518EF7083
:1068B0006FF5084083D5819713058518EF708FEE2B
:1068C00008409305300313058518EF708FEF0840DB
:1068D00013050519EFE0DFD683270900832904009B
:1068E0000547938909196396E75CC844B945EFE009
:1068F000BFD6AA854E85EFE0BFD083270900832944
:106900000400054793890919639CE75AC844B945AF
:10691000EFE09FD4AA854E85EF70CFE28327090070
:10692000832904000547938909196392E75AC844EB
:10693000A145EFE07FD2AA854E85EF70AFE18327B6
:106940000900832904000547938909196398E758CA
:10695000C844B945EFE05FD0AA854E85EFE0DFC4BB
:10696000084013058519EFE0BFCDC8448329040012
:10697000A945EFE07FCE93898919AA854E85EF70EE
:106980006FFD08401305851FEFE09FCBC8448329A6
:1069900004009145EFE05FCC9389891FAA854E855D
:1069A000EFE09FC708401305051FEFE07FC90840CF
:1069B0008965938545061305051FEF70AFD3084021
:1069C00013050520EFE0DFC7832904004945EF5098
:1069D000FFBB93890920AA854E85EF70AFDC084084
:1069E0009305F00713050520EF70AFDD0840130590
:1069F0008520EFE0FFC40840814513058520EF7036
:106A00000FEC83270900832904000D47938989200F
:106A1000639DE74CC844A145EFE01FC48947334557
:106A2000F50242054185AA854E85EF700FFC0840AE
:106A300013058523EFE0DFC008408E28130585236A
:106A4000EF704FDCC844832904008945EFE0DFC0C4
:106A50009315150093898923C2054E85C185EF7072
:106A60006FDD0840854513058523EF70CFDD0840B5
:106A700013050523EFE0DFBCC844832904008945E2
:106A8000EFE09FBDB305A04093890923C2054E8561
:106A9000C185EF70AFE1084013050521EFE05FBA53
:106AA00083270900832904000547938909216397F7
:106AB000E744C844E145EFE03FBAAA854E85EFE0E0
:106AC0003FB40840814513050521EFE07FAF084042
:106AD000814513050521EFE03FAD084085451305CD
:106AE0000521EF70AFF1084013058521EFE05FB598
:106AF000C844832904008545EFE01FB693898921A6
:106B0000AA854E85EF700FD3084083D50A00130580
:106B10008521EF702FCF0840854513058521EF7043
:106B20008FD283270900832904000547938989218F
:106B3000639DE73CC844B945EFE01FB2AA854E8586
:106B4000EFE09FAD8327090083290400054793895F
:106B500089216393E73CC844B945EFE0FFAFAA85BC
:106B60004E85EF702FC3084013050522EFE05FAD9F
:106B70008327090083290400054793890922639428
:106B8000E73AC844E145EFE03FADAA854E85EF7096
:106B90006FB9084013050524EFE09FAA084093054C
:106BA000F00F13050524EF70CFC103290400EFD0C7
:106BB000FF9EAA85130909244A85EF70AFBE0329F9
:106BC00004004945EF509F9C13090924AA854A8572
:106BD000EF704FC00840A165FD1513050524EF7047
:106BE000CFE0C84403290400BD45EFE0FFA6130928
:106BF0000924AA854A85EF708FCC03290400EFD0C1
:106C0000FF99AA85130909244A85EF70AFCEC844BD
:106C100000409545EFE05FA413040424AA85228573
:106C2000EF702FCC63180A300145EFE0806B054709
:106C3000238EE19813050BAF6F906EF7EF80AFF8DE
:106C4000EF80CFF89307F02C63C5A70089476FE06A
:106C50009FA885476FE03FA891454945EF50DF94D5
:106C60009C502390AB00858B99C36FE0DFAB9145BF
:106C70004945EF505F966FE09FABEFD03F929C503D
:106C80002310AB00858B99C36FE07FAC89454945E4
:106C9000EF509F912390AA006FE01FAC4945EF5041
:106CA000FF8E6FE03FB40947C844B1456394E700E5
:106CB0006FE0FFBDA9456FE09FBD0947C844B145DE
:106CC0006394E7006FE0DFBEA9456FE07FBE094730
:106CD000C844D1456394E7006FE07FC7C1456FE0CA
:106CE0001FC70947C844B1456394E7006FE07FC8F8
:106CF000A9456FE01FC80947C844B1456394E70040
:106D00006FE07FC9A9456FE01FC90947C844B14575
:106D10006394E7006FE0DFD6A1456FE07FD60947B7
:106D2000C844D1456394E7006FE05FE5C1456FE07B
:106D3000FFE40947C844B1456394E7006FE07FE68C
:106D4000A9456FE01FE60947C844D1456394E700B1
:106D50006FE09FF3C1456FE03FF30947C844D14559
:106D60006394E7006FE0BFF4C1456FE05FF409474B
:106D7000C844D1456394E7006FE0DFF5C1456FE09B
:106D80007FF50947C844B1456394E7006FE09FF77A
:106D9000A9456FE03FF70947C844B1456394E70050
:106DA0006FE0BFF8A9456FE05FF80947C84499450F
:106DB0006394E7006FF06F8489456FF00F84094793
:106DC000C84499456394E7006FF08F8589456FF05B
:106DD0002F850947C84499456394E7006FF0AF8653
:106DE00089456FF04F860947C844B1456387E7E29C
:106DF000A9456FF08FE20947C844B1456380E7E4D5
:106E0000A9456FF0AFE30947C844B1456389E7E49A
:106E1000A9456FF0CFE40947C844B1456387E7F25D
:106E2000A9456FF08FF20947C84499456380E7F49C
:106E300089456FF0AFF30947C844B1456388E7F46B
:106E4000A9456FF0AFF40947C8449945638BE7F64D
:106E500089456FF00FF70947C8449945638AE7F8F9
:106E600089456FF0EFF80947C8449945E38BE782FD
:106E700089456FF01F8385454945EF50EFF25DB2BC
:106E80000947C844B145E383E79CA945C1B2894994
:106E9000C844631A3C01B145EFE00FFC334585035C
:106EA00093150501D9BAA945EFE00FFB334535032A
:106EB000C5BF0947C844B145E38BE7A2A94505BC56
:106EC0000947C844B145E385E7A4A94591B40947FA
:106ED000C8449945E38FE7A48945A1BC0947C84444
:106EE000B145E389E7A6A945B5B40547C844B1450E
:106EF0006383E700A145EFE02FF635B60947C844A4
:106F0000D145E38AE7BAC1457DB60947C844B145D2
:106F1000E384E7C2A9450DB10947C844B145E38EF2
:106F2000E7C2A9451DB90947C844D145E38DE7C467
:106F3000C14591B95285EF90605FE39AA4CEEDB15F
:106F400083A7419199E30145828037F5002013051D
:106F500005AF828003A541913335A00082802A8E3F
:106F60009DCD2310080042858145930EF7FF09054A
:106F700063E9D51106077917B306E8008A2283561C
:106F80000800158DB386E7009622369542054185A7
:106F900063860800090781466311D7108280930534
:106FA000C6FF93F5F50F09456367B5008545814632
:106FB0006313B70005469395060101450143C1815E
:106FC000420313530301631DE5001945E36DC5F842
:106FD000370503000A061305454A2A961042028621
:106FE000931E1500BE9E83DE0E002E93050576933C
:106FF000420313530341E9B7B305B340C205C1854A
:10700000B305BE400943B3C565022310B800A1BF54
:10701000F295B3856540D5BFB386C501B38666409A
:107020009305F7FFC206C205C186C185B3C6B60285
:1070300023100800C206C1863DB7B386C501B386DA
:107040006640C20693150701C186C185B3C6B60264
:107050000946C206C18633C6C6022310C80021B73E
:10706000B386C501B386664093051700C206C20504
:10707000C186C185B3C6B602C206C1862310D80038
:10708000DDB5139315003E930356E5FF035303004C
:10709000850536961A9612A1D9BDB305D800338658
:1070A000D700122283D80500890646963306CE40C3
:1070B00092A1DDB5EF92EEAB03A6419C39718145FB
:1070C0002A849384C19CEFD0106A9040AA8981459C
:1070D0002285EFD050699387419C3EC26387090E99
:1070E0006305050E81452285EFE0904F6312050E82
:1070F000F1454810EF606F81B1452808EF60EF80DF
:107100001306200381452285EFD0F065AA84494605
:1071100081452285C204EFD01065C1802695414685
:107120008145131905012285EFD0F063AA944A28FE
:1071300013590901C2042A9942092285EFC0501C43
:10714000135909013309A9406A28C180231021037A
:10715000AA94C2042285EFC0301EC180898C370BEF
:10716000008023119102814A134BFBFF1C44D8433A
:1071700063E6EA4A1255EF505FB72255EF50FFB66B
:107180003255EF509FB64255EF503FB60546814508
:107190002285EFD0505D931405011146814522856B
:1071A000EFD0705C89674205C1849387177D418564
:1071B0006384F4006315F5002285EFB09056014614
:1071C0009305B0022285EF90804F21616F902E9E33
:1071D000904081452285EFD0105909672A8981475F
:1071E0007D1713951700B306A90083960600639ECA
:1071F000E6243EDCEF503FE62AD46255797B814499
:107200000605EF505FE589679387A7F92AD83EC442
:10721000050BE25763EDF42242588966F97513971E
:1072200017000146814781499386A6F99385550643
:1072300093140601C1806313F72A514681452285C4
:10724000EFD07052131A05012285EFB0804EE2573D
:10725000058D135A0A419384F7FFB3844403058DC7
:10726000420541852A87635305000147C25813161A
:1072700007018965797541869396170001479385C3
:10728000A5F9130555066391E628924781452285A5
:107290009043EFD0504DAA892285EFB02046096770
:1072A000AA8481477D1713951700B386A90083969A
:1072B0000600639EE6263EDAEF50FFD92AD25255E9
:1072C00001490605EF503FD989679387A7F93EC268
:1072D000F97785072AD63EC4D257636CF924B25891
:1072E000896579781396170001470145014993850F
:1072F000A5F913085806131A0501135A0A01631158
:10730000E62C554681452285EFD0F045525E420578
:1073100041859307FEFFB387A7029D8CB384444148
:10732000C204C184268763D304000147B2554207D3
:107330008968797341878147FD5601469388A8F98A
:10734000130353066317CE2A63CD0600B307F94033
:10735000B387E7028606AE96B3D72703B307F74095
:107360009EA2554681452285EFD0F03F931A050134
:10737000514681452285EFD0103F93190501130630
:10738000B00681452285EFD0103E1379F50F0546F2
:1073900081452285EFD0303D131B05011146814503
:1073A0002285EFD0503C89677D19131A0501135BC4
:1073B0000B419387177D93DA0A4193D90941133919
:1073C0001900135A0A4181446317FB002630A98033
:1073D00093C4140085882285EFB0403203A6019C37
:1073E0002A8B81452285EFD01038B2571258525758
:1073F0001376F50FA685CA88D6865A85EFF03FB674
:107400008967231EA1029387177D81446317FA00C1
:107410002630A58093C4140085882285EFB06031A2
:1074200003A6819C2A8981452285EFD0D03322583A
:10743000C25762571376F50F8148CE86A6854A85D6
:10744000EFF0FFB1231FA10245B9850759BB139C7B
:107450001400B3078901839707002247639BE7065F
:10746000B70B0600014ADA89850B854D81A8D285C4
:107470002285EFE0F016DE85AA8AEFA0A00E15EDBA
:1074800003A6419B81455685EFD0F02D1375F50F6E
:107490006315B50303A6019B81455685EFD0B02C3B
:1074A0001375F50F639BA4005685EFB02024634647
:1074B00035015685EFB08023AA89050A2285EFE0C1
:1074C000F014E366AAFAC2573E9C63C60900231073
:1074D0003C0185043DBB23100C00E5BF3305F900DA
:1074E0000315050063D6A600AE99AA99890789B34A
:1074F0003306F8006318D5000A22AA9413960401F3
:107500004186EDB70AA2D5BFB307E900839707000C
:1075100063DDF500AA97C207C183B387C70233882A
:10752000E800B3D737032310F8000907A9BB850784
:107530009DBB131C1900B38789018397070012476D
:10754000639BE706B70B0600814A224A850B854DEF
:1075500081A8D6852285EFE0B008DE852A8BEFA0D2
:10756000600015ED03A6C19A81455A85EFD0B01F82
:107570001375F50F6315B50303A6819A81455A85E6
:10758000EFD0701E1375F50F631BA9005A85EFB07D
:10759000E014634645015A85EFB040142A8A850AF3
:1075A0002285EFE0B006E3E6AAFAB2573E9C6346B6
:1075B0000A0023104C01050905B323100C00E5BF98
:1075C000B387E9008396070063D8D500B3070901A4
:1075D0003389F600090705B3B387E8006398B6005E
:1075E0009E233E9A13150A014185EDB796A3369A5C
:1075F000D5BF131516003388A9000318080063DDF2
:107600000801B3076800C207C183B306F7022E95CD
:10761000B3D6260316A1B28605062DB39C43139755
:107620002A00B7050600BA9783AC07008505668572
:10763000EF9050736315053403A6C19A81456685A2
:10764000EFD0701203A6419BAA8481456685EFD0D6
:1076500090111379F50F6304093293F4F40F6380EA
:10766000043203A6819A81456685EFD0D00F03A628
:10767000019B137AF50F81456685EFD0D00E03A6E6
:10768000819B9379F50F81456685EFD0D00D03A6D8
:10769000C19B1378F50F8145668542C6EFD0B00CCB
:1076A0009256D2943257DA948604131C1A00269705
:1076B000B69492201A23E29696223297C255225609
:1076C000158FB3063901DA968606B695B2968621ED
:1076D0009622939B19005E96B69416224207418328
:1076E00013130701958C13530341137DF50FC20447
:1076F0001306B006814566853AC41AC2C180EFD030
:107700009006139A04011375F50F8546135A0A4122
:107710001243224732486318D500630108068946A0
:107720006313D800014883D98C0183D64C0103D957
:10773000AC018509B389D94083D66C010509C2091A
:107740003309D940925642090946369C031C0C0065
:1077500093D909411359094113150C01418163075C
:10776000C8060D4783D62C02630CE8000547630565
:10777000E80493F6F6BF2391DC0201A8094865B737
:1077800093E606402391DC029A8922578946BA9BE8
:10779000839B0B0013950B0141816300DD200D4697
:1077A00003D72C026308CD040546630DCD1C137767
:1077B000F7DF2391EC02A1A0330333413343C3022B
:1077C000330C6500420C135C0C4165B7330CA70009
:1077D0006685EFA0B07003D72C02420C135C0C013D
:1077E000330CAC40420C1377F7BF135C0C41239170
:1077F000EC0261BF136707202391EC025289668572
:10780000EFA0D06D630A351B03D74C0166859384C6
:107810004C01F88003D76C01F88103D78C01F88202
:1078200003D7AC01F883EFB06019CE852685EF4011
:10783000AFFACA852685EF40CFFA6685EFB000180B
:107840001008930590026685EF8070676685EFE00B
:107850008058668693052002EF8070663146814528
:107860006685EFD04070354681452A8A1319050197
:107870006685EFD0406F931405012AC26685EFA09C
:10788000F065AA896685EFA070669966337ADA009A
:10789000896613590941C1841247631BDA02E976EC
:1078A000FD16B376D900C206C1861306007D63417A
:1078B000D6021306803E6354D600B306D640338901
:1078C000D902930640063349D902420913590941A6
:1078D0009966758F89666319D70269777D17658FF9
:1078E000420741879306007D63C0E6029306803E0F
:1078F00063D4E6003387E640B304E502130740068D
:10790000B3C4E402C204C1840355010283D54C010F
:1079100003D66C010D8D2A9C035521024A9C420C12
:10792000118DAA9BA69BC20B135C0C0193DB0B0170
:1079300033677C0129C76685EFB0400803D74C0147
:1079400066856297239AEC0003D78C016297239C8B
:10795000EC0003D76C015E97239BEC0003D7AC01CE
:107960005E97239DEC00EFB0600513960B01931515
:107970000C0181464186C1856685EFA0B06D850A00
:107980006FF0CFFE330A2A41334ADA02B3044501CD
:10799000939B040193DB0B4119BDAA94C204668535
:1079A000EFA0D054C1803385A440931B050193DB25
:1079B0000B4103D72C02E5BB6685EFA03053E315DE
:1079C00025E569BDEF82FE9D3775010081451305F0
:1079D000450BEFA0903E23A2A19A1145EF60CF8BFB
:1079E00023A2A19C1145EF602F8B23A6A19C1145DA
:1079F000EF608F8A23A0A19C1145EF60EF8923A43B
:107A0000A19C1145EF604F8923AAA19A1145EF600F
:107A1000AF8823A8A19A1145EF600F8823A6A19AE9
:107A20001145EF606F8723A4A19A1145EF60CF86BF
:107A300023ACA19A1145EF602F8623AEA19A6F80E7
:107A40009E985E210A2185073385A740420541851E
:107A500082807E212A2185073385A7404205418502
:107A6000828005486347D8001308D5FF894863F131
:107A700008037D1511486361A8083708030013083F
:107A8000084C0A054295032805003385C540028845
:107A9000918D0946B3C5C502239007001223B29504
:107AA0000EA38280239007001E233E950AA38280A6
:107AB000131705011385F6FF4205418741853345BC
:107AC000A7028AA38280420541853345D5029623C9
:107AD000AA96C206C18696A38947B3C6F6021E239C
:107AE000BE9616A3828085064205C2064185C186E0
:107AF0003345D5028AA34DBF2390070082801C42E4
:107B000089CDFD171CC263D407000145828018414E
:107B100018438A07BA9788438280184185071CC298
:107B20005443E3C7D7FED5B7EF82BE8401112E8937
:107B3000B28981450546B68C3A8D2A8ABE8DEFD032
:107B4000804211462A8481455285EFD0C041834648
:107B5000C900B72402003727020013F626009384D9
:107B6000C46E1307C76D05C213F6160089669386A7
:107B7000167D05C242044184631BD4008346C900BC
:107B8000F59A2306D9008346C900858A99C63A8C9E
:107B900039A042054185E303D5FE268CBA8423A88B
:107BA0000D0023A00D0023920D0023A40D0023A699
:107BB0000D00CE8552854ECEEFE0802237070600BD
:107BC000930717002A843EC6D14A724725C063999D
:107BD000E904B2452285EF90F0186310051603A65C
:107BE000C19D81452285EFD000381377F50FAA8B10
:107BF0006305071603D74D0003A50D016A9723926D
:107C0000ED0003C74D01050523A8AD00058B6306F4
:107C1000071033055503EF500FC42A8B3DE901A02F
:107C2000B70580002285EF90301345D503974D00AE
:107C30006356E000330DA7412392AD0103A70D0168
:107C400019E3839C4D0023919D0121C07247639EDF
:107C5000E90203278A008A098325C90018437008AE
:107C60008981BA9903A40900858913058A00EFF078
:107C70001FE901CC228582942390AD002285029CCD
:107C800005472391AD0023A4ED00724505616F8087
:107C90000EF283A5CD0081CD03A60D013386CA0265
:107CA0003116EF500F8B03A5CD00EF500F8403A7C3
:107CB0000D010946330757035A97232687FE0347CA
:107CC000C900058B11E3154681452285EFD0A02917
:107CD00003A70D0142054185330757030D465A9707
:107CE0002318A7FE0347C900058B11E319468145F8
:107CF0002285EFD0402703A70D0142054185338738
:107D0000EA0293FBFB0F31175A97142B6AA3232621
:107D10007701F99A14AB23A66D012285829403970B
:107D20000D006355A700228582942A872390ED00D9
:107D300003A78D00050723A4ED000347C900FD55E7
:107D4000118B11E385457247BA952ECEE3C005EE3F
:107D50005285EFE0E0082A848DBD2285029C83468F
:107D6000C900898A91C683964D00AA96E3C0DCECCF
:107D700003D74D006A972A972392ED0079BFEF82CF
:107D80004EDF03A6819D197181452A84EFD0A01D85
:107D90009347F5FF93F617008347410613571500E5
:107DA000098B93F7C70FD58FD98F05811189ED9B6B
:107DB000C98F2302F10603A6019E81452285EFD0DB
:107DC000801A03A6419DAACC81452285EFD0A01937
:107DD00003A6419EAACE81452285EFD0C018AAD025
:107DE0001306B00681452285EFD0E0178347410690
:107DF0001379F50F5546858B91C3514681452285F0
:107E0000EFD0601683474106131A0501135A0A4141
:107E1000858B554691E3514681452285EFD0A014CC
:107E2000834741069319050193D90941858B228522
:107E3000E9C3EFA0B00C130620038145AA8A22856E
:107E4000EFD06012AA8B41468145035B6401228515
:107E5000C20BEFD0401193DB0B015E952A9B420BC6
:107E60002285EFB0704D135B0B01330BAB404628FE
:107E700049468145228523116105EFD0C00E5E95EC
:107E8000AA942285EFB0D047C20483474106C1803F
:107E90003385A4402312A104858B865B93042104BF
:107EA00091E3C400054681452285EFD0C00B9317AE
:107EB0000501C1871146814522853EC4EFD0A00A45
:107EC00093170501C1873EC283474106096713071F
:107ED000177D93F617008DC292466396E6003A30FE
:107EE0001377072049C723130104014B63960B0244
:107EF00051A0EFA0100481B7A2466397E6003A3084
:107F000013770740630A075C0547E31EE9FC639E9D
:107F10000B0423130104854B1844918B01465843ED
:107F200099C31306F7FF014C014B1C44DC43635417
:107F3000F600635E060A63070C00330B4B41420BED
:107F4000135B0B41834741062285858BF9C7EFA060
:107F5000407E93160C01AA85930761042687C1868B
:107F60005A865E85EFF0FFAF31A0E39E2BF7231317
:107F70000104014B834741061844814B93F64700A7
:107F8000584399C2930BF7FF05476318E900858BA7
:107F900089E79E203E9B23906401B7870100938769
:107FA00027A53ECCB7870100938727A43ECEB7C74D
:107FB0000000938787FD3ED61C44DC4363D4FB005E
:107FC00063D00B06224789679387177D6305F70007
:107FD00012476315F7002285EFA0B07401469305A0
:107FE000B0022285EF80A06D09616F804EBC83478F
:107FF000C1074E87D686F99B230EF106AC08BC104C
:108000002285EFF07FB2835781062A86050CD2972E
:108010003E9B420B135B0B4109BFEFA0206E15BFC7
:108020008347C1074E87D68693E71700230EF106D4
:108030005E86BC10AC082285EFF01FAF2AC0054752
:1080400083474106631AE90013F7170011E79A20E6
:1080500083568106158F9AA003174104DEC6858BCF
:108060003AD0031721043AD2639A070EB7C700002B
:10807000624B724D938727FE3EC6E65E514583559F
:10808000A1063385AE028357C10656539D8DC205A6
:10809000C1851A951A872E8801466316E50C1A8742
:1080A000014F014E6392CE0FE3160FFE1306B0068A
:1080B00081452285EFC0306B137CF50F83160107D5
:1080C0000316A10666459307A104B800D6852314BC
:1080D000010423150104EFF0DF9883474106858BE7
:1080E00081CF8547631AFC002285EFA0206183576A
:1080F00081043E952314A104B6452285E97BEFD087
:10810000304E37070600930717003ED493078400CC
:108110003EC89387FBFFAA8C3ECA63860C00364795
:108120008247639CE70C5655EF403FBC13170A018A
:10813000854741836318F9388346410683970400D5
:1081400003166104858A639F063632973387E740BA
:1081500093170701C1879EA0824BB9BDB257724BDE
:10816000624D3EC619BF1C2B858B99E75C473E9636
:1081700042064186510715B71E27B307F8401398EA
:10818000070113580841FDB71C2B858BA5E711E2A9
:1081900001A0B346C8028358C7007E23939F0701FE
:1081A00093DF0F41B3861603C206C18663D3F6017F
:1081B000B687835F47009393070193D3034193925C
:1081C0000F0193D2024163D35300FE87C207C187D8
:1081D0006387F600142B054F93E6160014AB1EA719
:1081E00033061641B307F84042061398070141864B
:1081F00013580841050E510775B5A2556685EF90D5
:10820000603611C996554245F00089818589EFF0A5
:108210001F8FAA8C19B703A6C19D81456685EFC043
:1082200090541375F50F6300052666565657814620
:108230006394C600814B09A8BA8551070325C7FE80
:10824000639EAC22839B85008346410603D72C02A4
:10825000858A6387062213670740938D4C0123911B
:10826000EC026E85029B630A75056685EFA00075BA
:1082700003D74C01B247DE852318E10403D76C0114
:108280006E852319E10403D78C01231AE10403D777
:10829000AC01231BE1048297900893059002668548
:1082A000EF80E0416685EFD01033668693052002AB
:1082B000EF80E0406685EFA06070F64B8546638AEC
:1082C000DB1C8946814D6391DB02831D810613858A
:1082D0004C01029D850D93FDEDFFB38DAD40B3CDF7
:1082E0007D03C20D93DD0D4103474106058B09CF88
:1082F0000547631BEC0013854C01029B0357810467
:108300003305A7402314A104314681456685EFC09B
:10831000904593160501C186354681452ADE66855E
:1083200036DCEFC05044931B05012ADA6685EFA0C6
:10833000E03A2AD86685EFA0603B7258996593DBD6
:108340000B413378B80089654256D258E256631A19
:10835000B802D2471308007DB3F5F600C205C18507
:108360006341B8029306803E63D4B600B385B6403D
:10837000B305B60293064006B3C5D5029396050130
:10838000C1869965B3F5B8000966639BC502D247FB
:108390009305007D33F6FB004206418663C2C502A9
:1083A0001307803E6354C7003306C7403306C50237
:1083B000130540063346A602931B060193DB0B41CF
:1083C000825783D54C0103D66C0103474106B38520
:1083D000B7409257B695C2053386C7405E964206AF
:1083E000058BC181418255CF83568104B695939BFD
:1083F000050193DB0B0155CBC20D93DD0D01B29D41
:10840000C20D93DD0D0133E7BB0129C76685EFA0DF
:10841000E05A03D74C0166855E97239AEC0003D798
:108420008C015E97239CEC0003D76C016E97239B15
:10843000EC0003D7AC016E97239DEC00EFA0005831
:1084400013960D0193950B0181464186C185668582
:10845000EFA0404003474106058B01C7054763096C
:10846000EC0413854C01029B8317A1044E953E95A5
:10847000835781043E952314A10469B385064DBB3F
:1084800013670720D9BB03C73C02659BA381EC029D
:108490002DB5835D810613854C01029DB38DAD40E2
:1084A00089B593960D01C18291B7835D810481BF27
:1084B000835781040357A104998FB387374123144D
:1084C000F10489B38357810683566104B697BA973E
:1084D0009A20BA97C207BDB90547E31AE9A815BCA7
:1084E000EF723EEC3785010081451305E5D7EFA01B
:1084F000C00C23A8A19C0145EF500FDA23ACA19C2E
:108500001145EF506FD923A0A19E1145EF50CFD850
:1085100023AAA19C1145EF502FD823A2A19E6F70D2
:108520009EEAEF721EE8B2862E8683A5819DEFD06B
:1085300040136F705EE9EF72DEE601462A84EFF0C9
:108540005FFE83D5019D01462285EFD030016F701B
:108550009EE7EF721EE5B2862E8683A5019EEFD0C0
:1085600040106F705EE6EF72DEE3B2862E8683A562
:10857000419DEFD0000F6F701EE5EF729EE2B28654
:108580002E8683A5419EEFD0C00D6F70DEE3EF72A3
:108590005EE14111B28401462A8436C6EFF07FFBCA
:1085A000A68522850146EFF01FFCB24622850146D2
:1085B000B685EFF09FFC83D5019D01462285EFD063
:1085C000E07941016F703EE0EF72BEDDB2862E862B
:1085D00083A5C19DEFD0E0086F70FEDEEF727EDCF8
:1085E00001462A84EFF05FFE2285EFD0C07EEF9037
:1085F000B0786F705EDDEF72DEDAEFF07FEEEFF0F5
:108600006FBC6F705EDC8280EF721ED8839926008B
:108610000314280003950600B304360303D946006B
:108620004111131A160005093309A94042091359CB
:1086300009410609939A17003304F402AA948604A8
:10864000AE94831508002E9406043A94839766002E
:1086500063D5370141016F707ED6A28526854A8693
:10866000850936C6C209EF40CFEED294569493D90D
:108670000941B246E1BFEF72DED22E842285930516
:10868000C003EF409FA8B78701009387077A1CC8F3
:10869000B7C701009387C70C5CC4B7C701009387B5
:1086A000E7B21CD4B7A701009387C75D5CCCB7A71E
:1086B00001009387670B5CC8B7B70100938707A0D9
:1086C0001CD0B7B701009387A7155CD0B78701000E
:1086D000938767605CD4B7870100938787601CD855
:1086E000B7970100938727341CDC6F70DECDEF72E3
:1086F000BEC9AA891305A0053305354142054111BC
:108700001359160041853384254136C632C4EF40E3
:10871000AFB733058502935475404E85EF40CFB611
:108720003305850222461317090141831346F6FFDC
:10873000058AB2461D85635C9002938414F8A18477
:10874000C204C180B307E640A6979EA2BA94C6A20F
:10875000635BA002930715F8A187C207C183198E36
:108760003E96BA97B2A2FEA241016F703EC59384B5
:10877000F407A184C204C180B387E4409EA2B3077A
:10878000C740BE94E9B71305F5072185420541812D
:10879000B307E540BEA2B307C7403E95EAA2E9B7DA
:1087A000EF723EBD3A8AD825BE848947697163F26B
:1087B000E714839C2500AE8D638D0C12630B9A1217
:1087C000AA893284B68A63D69601939C060193DC0B
:1087D0000C416801EF60D01783A7CD0003A78D007F
:1087E000A1838D8B2307F10883C7CD006306071093
:1087F000A30701083ACF2303F10A1A203E209385EC
:10880000FAFFC205C18133065741B38657412E97FF
:10881000AE9783D52D00420741834206418223143F
:10882000E1020D8F2312C102C206C2072E96420733
:10883000C182C1834183420641822313D1022315A1
:10884000F102AE962318E1028D8F0507118FC20643
:10885000C2072316C102C182C18342077D56231776
:10886000D1022319F102418732C46354E002850723
:10887000958FC207C187635EF000216685467D162D
:108880006C10C800EF6020438145C800EF604006CF
:108890002AC4216681467D164C10E808EF60A0418D
:1088A0008145E808EF60C0042AC893078A166388E8
:1088B00097009387841613077016631BFA04E177F9
:1088C00093C7F7FF50106C014E852316F108EF6037
:1088D000700D4245EF6000092247FD576305F70020
:1088E0003A85EF602008E808EF60400DC800EF60AF
:1088F000E00C55616F70BEABA307F10883D70D0084
:108900002318F108DDBD130A8AE9420A135A0A0145
:10891000E36B47FF9307701663E097440316240048
:108920008315040093170A01139D0401C187135D89
:108930000D41BE866A87C8013EC6EF60402D814565
:10894000C801EF50F07A2ACEB3079A4063749A00B8
:10895000938787161307C00303AB89006358F77C1E
:10896000A94763F5577D930BA00513990A011307D7
:108970009005335C7A0313590941B3DB74036362D6
:10898000473F9307AA05C207C1873ECA3E206361DD
:108990009742637F9A4013150A0141853ECCEF4010
:1089A000AF8EB30799413305F502E2473D85AA979B
:1089B000231BF10652451E203ECCEF40EF8C3305C1
:1089C0002503E2473D85AA97231CF1063E206A85D0
:1089D0003ECAEF406F8B33052503D2473D85AA97EA
:1089E000231DF1061385A4051E20420541853ECABC
:1089F000EF408F89B30799413305F502D2473D8592
:108A0000AA97231AF106CC185A862E85EF302FE448
:108A100009C9DC1823A4F90050106C014E85EF60E1
:108A2000607823A469018547631DFC420317240075
:108A300093170701C1833ECC9307AA05C207C187DC
:108A40003ECA63998B4563779A4413150A014185A1
:108A5000EF408F8333052503E2473D853E95231D77
:108A6000A1061E2052453ECCEF400F82B30799412C
:108A70003305F502E2473D85AA97231CF1063E2007
:108A80006A853ECAEF404F80B30799413305F5022E
:108A9000D2473D85AA97231BF1061E201385A40506
:108AA000420541853ECAEF303FFE33052503D247DC
:108AB0003D85AA97231AF106CC185A862E85EF30E9
:108AC0000FD909C9DC1823A4F90050106C014E8598
:108AD000EF60406D23A4690189476316FC463307A4
:108AE00099411305AA0542053ACA1E20418563949F
:108AF0008B4B63729A4A3ECAEF301FF93305250348
:108B0000D2473D85AA97231AF1063E2013150A0184
:108B100041853ECAEF305FF7B30799413305F5024F
:108B2000D2473D85AA97231DF1063E206A853ECA9D
:108B3000EF309FF533052503D2473D85AA97231BC8
:108B4000F1061385A4051E20420541853ECAEF307B
:108B5000BFF3B30799413305F502D2473D85AA9784
:108B6000231CF106CC185A862E85EF304FCE09C94A
:108B7000DC1823A4F90050106C014E85EF60806270
:108B800023A469018D476312FC4C330799411305F7
:108B9000AA0542053ACA1E204185639D8B4F637B1F
:108BA0009A4E3ECCEF305FEEB30799413305F502A4
:108BB000E247035A24003D85AA973245231AF1065D
:108BC000EF309FEC330525033D852A9A1385A405D4
:108BD00042054185231B4107035A0400EF30DFEAB9
:108BE0003305250326203D852A9A6A85231C4107E3
:108BF000EF309FE9D2473305F5023D85AA94231D46
:108C00009106CC185A862E85EF306FC409C9DC183E
:108C100023A4F90050106C014E85EF60A05823A4E6
:108C20006901C801EF509059E808EF503059C80069
:108C3000EF50D0587245EF50F0524245EF509052ED
:108C40002247FD576305F7003A85EF50B05183C7BF
:108C5000DD00918BE38F07C83245C20A93DA0A41DF
:108C600093FCFC0F6686D6855418EFF05FA81E2093
:108C7000035741035018DA853E97231AE102035740
:108C800081036818BA97231CF102035761033E2041
:108C90003E97231BE1020357A103BA97231DF1025C
:108CA000EF30EFBA1DC9216681467D164C18C818F1
:108CB000EF6060008145C818EF5090437C182A8906
:108CC00023A4F90050106C014E85EF60A04D4A8539
:108CD000EF505049C818EF50704E6686D6856A85A9
:108CE0005418EFF0DFA01E20035741035018DA8517
:108CF0003E97231AE102035781036818BA97231C91
:108D0000F102035761033E203E97231BE102035704
:108D1000A103BA97231DF102EF306FB31DC921667D
:108D200081467D164C18C818EF50F0788145C81858
:108D3000EF50103C7C182A8423A4F90050106C01D9
:108D40004E85EF6020462285EF50D041C818EF5085
:108D5000F04623A4690171BE938484E9C204C180F2
:108D600065BE636C970A1E206A85D697231CF106A0
:108D700083172400231BF1063ECAEF30FFD03305D2
:108D80002503D2471A203ACA3D853E95231DA106E8
:108D90001385A40542054185EF301FCFB3079941E4
:108DA0003385A70252473D853A95231AA106A1B9FA
:108DB0001A2013150A014185231AE1063387FA00A8
:108DC0003ECC231DE106EF303FCCB307994133057C
:108DD000F502E2473D85AA97231BF10652451E2066
:108DE0003ECCEF307FCA33052503E247CC185A86C4
:108DF0003D85AA972E85231CF106EF304FA509C9A2
:108E0000DC1823A4F90050106C014E85EF60803906
:108E100093079005E3E797C0B9B763147C0163E853
:108E2000440189476314FC028547E39CFBBE03179A
:108E3000040083172400231AE106231BF10656972A
:108E4000D697231CE106231DF10675BE8D47E31A54
:108E5000FCBC9387FBFFC207C1830547E363F7BCF4
:108E6000F9B7639CFB081E203A206A85FD17231C76
:108E7000F106B387EA003ACA231DF106EF30DFC0DE
:108E8000B30799413385A70252473D853A95231B85
:108E9000A10621B11E2013150A014185B387574150
:108EA000231AF106231BE106EF301FBE330525030D
:108EB000E2473D853E95231DA1061E2052453ECC2E
:108EC000EF309FBCB30799413305F502E247CC1858
:108ED0005A863D853E95231CA1062E85EF302F979F
:108EE00009C9DC1823A4F90050106C014E85EF600D
:108EF000602B8547E390FBBEBDB763147C0163ED37
:108F000044019307900563E947039387EBFFC2078A
:108F1000C1830547E360F7BC1A20B3075741231A02
:108F2000F106831724007D17231CE106231BF1069D
:108F3000D697231DF10649B68D47E31DFCB8894736
:108F4000E39AFBB8D1BF639DFB0A1A201385A405E1
:108F50004205B3075741231AF1063E2041853ACA1C
:108F6000FD17231DF106EF303FB2B307994133855A
:108F7000A70252473E203ECA3D853A95231CA106D2
:108F80006A85EF307FB033052503D2473D85AA9728
:108F9000231BF106C1BE1387F7FF231CE1063A200D
:108FA0003ECA33075741231BE106EF30FFAD3305BF
:108FB0002503D2473D85AA97231AF1063E201315B3
:108FC0000A0141853ECAEF303FACB30799413305F2
:108FD000F502D247CC185A863D853E95231DA10641
:108FE0002E85EF30CF8609C9DC1823A4F900501074
:108FF0006C014E85EF60001B8947E393FBB8B1B766
:1090000063147C0163E944019307900563E6470319
:109010008D47E397FBB61A20B3075741231AF10691
:109020003E207D17231CE106B3865741FD17231B05
:10903000D106231DF1063DB60547E313ECB40D47F9
:10904000E38BEBFCE3EE97B2F9B76396FB0A3E20A5
:10905000031A04001385A4054205B38757414185CF
:10906000231BF106231A4107EF301FA23305250306
:109070002620330999413D855295231CA1066A8516
:10908000EF309FA03309A9021359F9402699231DF7
:10909000210785BE3387FA00231CE1063A203ECA29
:1090A0007D17231DE106EF303F9EB307994133053D
:1090B000F502D247035A24003D85AA973245231A68
:1090C000F106EF307F9C33052503CC185A863D8589
:1090D0002A9A2E85231B4107EF207FF709C9DC1848
:1090E00023A4F90050106C014E85EF60A00B8D4752
:1090F000E397FBB2A9BF63147C0163E9440189478C
:10910000631CFC029307300BE3EB97B003170400DA
:109110003E20231AE106B38657415697FD17231BBD
:10912000D106231CE106231DF106E1BC50106C01A1
:109130004E85EF602007F5B48547E312FCAE930738
:109140009005D9B7C2054205C181418193970501B8
:1091500013170501B706E1079386F681CD8F598D68
:10916000B3F5D700758D930746000D8D8D87B30736
:10917000F5029583AE97F58F13D507015D8D82803B
:1091800093960501C18293D7560093F8F703894758
:1091900063E4C7002E85828013170501418313D82D
:1091A000B6009356B700C296FD4713F3F50163F37B
:1091B000D700FD469357570093F7F703C697130759
:1091C000F00313F8F6016374F7009307F003937646
:1091D000F50133876600FD4693F7F70363F3E60076
:1091E0007D479306F00F7D8B93F7F7031315B800B7
:1091F0006316D6009607D98F5D8D8280EF726E9AC6
:109200009607D98F5D8DEFF0FFF36F70CE9B094706
:109210006364C7002E8582809396050113130501B0
:10922000C1821353030193D756001357B300AD8285
:109230003387E64093F8F50193F7F703635307008C
:109240000147135353001373F303B38767409376B7
:10925000F70163D3070081477D893388A84093F7DE
:10926000F7036353080001481305F00F1378F80162
:1092700093F7F703AE066318A6009607B367F800E6
:1092800033E5D7008280EF72CE919607B367F8007E
:1092900033E5D700EFF01FEB6F70EE922E871318B7
:1092A0000701135808019357580093F8F7038947AB
:1092B00063E4C7002E85828093170501C1839376EE
:1092C000F7011358B80013D7B70095833307070386
:1092D0007D8993F7F7031308F00F3305D502158343
:1092E000B3871703935655001315B7009983631678
:1092F00006019607D58F5D8D8280EF728E8A960764
:10930000D58F5D8DEFF01FE46F70EE8B982D894740
:1093100063F8E702EF72EE88AE8410458C4141118C
:109320002A842800EF20BFD209C95C5499C3228542
:1093300082971C5CA6852285829741016F70AE885A
:109340008280EF720E83C44579719C2999C0638E27
:10935000071005476393E70081445C412E8B10455D
:109360008C412A89281083994700039A0700EF202F
:109370001FCE630C050EEFD020681C418509B38910
:109380004941DC4FC20993D90941AA8B0324090042
:109390000327490085E3831627008317A1020316DC
:1093A0000700958FB387370383168102918EB69796
:1093B00086073E94832D4B00014A638B0D020326E2
:1093C0000B008317A102035A46008315060083167B
:1093D0002600050A330ABA40420A958F135A0A41F9
:1093E000B3874703831681028D8EB6978607BE9D8D
:1093F000814A8DC883274B010316A10283DA4700F7
:109400008396070083972700850AB38ADA40C20A49
:10941000918F93DA0A41B387570303168102918E25
:10942000B697BE9432230E2328103306C040B305EE
:10943000B0404206C2054186C185EF203FBF83A7E9
:109440000B0003274B0003498B01DC4F638D07188A
:1094500071E7835B8B00EFD0205AAA8CA9E48314B8
:10946000A1028317E10263D5970045616F603EF466
:10947000031A8102939A040193DA0A418317C10205
:1094800063D447018504F1BF03A50C0093160A01BC
:109490004A888328C501DE875687C1864E86A28505
:1094A0008298050AE1BF8357C10203578102035A1C
:1094B000E1028507998F139D07018357A102050AD1
:1094C000135D0D41330AFA40420A135A0A41014C16
:1094D000E35D4CF9014B35A8B387640103C807006D
:1094E000630808023308090303A50C000357A1020F
:1094F000835681028328C5016297DA964207C20625
:10950000DE87135888004187C1864E86A2858298DF
:10951000050BE343ABFDD694050C5DBFEFD0C04D0A
:10952000835BC10283578102035BE102850BB38B2E
:10953000FB408357A102050BC20B330BFB40420BD0
:109540002A8C93DB0B41135B0B41060AA9C4014D26
:10955000E35D6DF1814C51A003250C000357A1027E
:109560008356810293971400EE97A696569703238D
:10957000C5019E234207C2064A884187C1864E869E
:10958000A28502938504E3C974FDD29D850AE3DEBA
:109590006AED8144CDBF814ADDBFB387940103C822
:1095A0000700630B08023308090303250C00035767
:1095B000A1028356810293971C00EE976A97E69664
:1095C0000323C5019E234207C20613588800418722
:1095D000C1864E86A2850293850CE3C07CFDD6949D
:1095E000D29D050DB5B783479B016316073C639079
:1095F000072C835D8B00EFD02040035AC102035734
:109600008102035BE102050A330AEA400357A10223
:10961000050B420A330BEB40420B135A0A41135B12
:109620000B41FDE41307C00F8609636627074A86CE
:1096300081456E85EFF01FB1931509019376F50111
:1096400013D65D004205C181418113D3BD0013765D
:10965000F60393F7FD011357550033836502134951
:10966000F9FF81441377F7032D811379F90F814EA8
:109670003386C502B387F502A16593851508E3D645
:109680006EDFA288014E41A022855286EE85EF2032
:109690007FDA4E948504E3C964FFC1BB03D8080098
:1096A00063069804135758001355B8001377F7034F
:1096B0009376F80133052503330727031A9513051D
:1096C0000508B3862603329713070708BE969386CC
:1096D00006083305B5023307B7025D817D89B3867D
:1096E000B6025D831377F703DD82FD8A931F57006F
:1096F000131FB500B3EFF60133EFEF012390E8013C
:10970000050E8908C284E34B4EF94E94850E85BF41
:109710001307C00F63792711139C0D01B3894941C9
:109720006E9C130DCAFF8609814C930BF00FB38A10
:109730004A41E3DC6CD3014909A89020631C7603FD
:109740002310B4018504090405096355490113F781
:10975000340065F7A286268763542D0333099940A8
:1097600033062701634F460933843601B30457019A
:10977000850CC1B70E206E85EFF0DF9C0AA0D9B72B
:109780009840FD576314F7021377340001CB231080
:10979000B401232184012313B40129A023208401CF
:1097A000232284011109910421046DB765DF902003
:1097B000631776032310B4019030631876032311E6
:1097C000B401B020631976032312B401B030E3046E
:1097D00076FD6E206E85EFF0FF966AA0E1B70E2051
:1097E0006E85EFF03F960AA0C1BF2E206E85EFF088
:1097F0007F952AA0F9B74E206E85EFF0BF944AA05E
:10980000F1B71023631776012390B6010507890687
:1098100081BF8E226E853AC836C6EFF0BF92B2463F
:1098200042478AA2E5B716208609014D3685814553
:10983000814C1308F00FB38A4A41D288E3D76CC336
:10984000A28B014C81A8B3878401902331C2630BA2
:10985000B6024A8D6306060133062603135D8600B1
:1098600083D50B006A866E8546C83EC6EFF09F8D95
:10987000B247420541818C2383D60B00C2481308AE
:10988000F00F29A003D70B00E31CD7FC2390AB00FB
:10989000050C890BE3494CFB4E94468763530A0041
:1098A0000147420741875697BA94850C41BFFD177F
:1098B00093F7F70F0947835B8B00E368F7BA035A06
:1098C000C10203578102035BE102050A330AEA4041
:1098D00013170A0141873AC60357A102050B8A07ED
:1098E000330BEB40370703001307474D420BBA9782
:1098F000135B0B4183AC0700035A040086098DEC0F
:109900004A86D2855E85829C014CE3506CB7A28466
:10991000814A29A803DD040063064D014A86EA85D1
:109920005E85829C8AA0850A89046A8AB247E3C35D
:10993000FAFE4E94050CD1BF9C209306C00F4A86B8
:1099400063E6F600B387270313D68700D2855E85CA
:10995000829C8146814D9308C00FE3D86DB1228C63
:10996000014D99A03388A4018347080085CF6396F1
:10997000D70003560C00630546034A8663E6F800E9
:10998000B387270313D6870083550C005E8542C832
:10999000829C4248035A0C009308C00F834608007B
:1099A0002310AC00050D090CB247E34DFDFA4E94AF
:1099B000D694850D5DB7035BC10203578102835BBB
:1099C000E102050B330BEB400357A102850B420B61
:1099D000B38BEB40C20B135B0B4193DB0B416393E7
:1099E0000722939719003EC6060AA1EC9307C00F01
:1099F00063F72705060BE3DA74A7EE8522855A86FE
:109A0000EF302FB5B247D29D85043E94EDB79397C2
:109A10001400330CF400EE9783550C008A234A8619
:109A20008504EFF02FF22310AC00E3C264FFB247CD
:109A3000D29D850A3E94E3DA7AA38144FDB7814A38
:109A4000DDBF9307D00F63FB271B9307CBFF3ECAF5
:109A500002C8130CF00FC247E3D977A1268D014944
:109A60000DA003460D0001CE931719003387FD00AA
:109A7000B309F400631086051A232390E900050D4D
:109A800005096355690193773D00E1FF131719003C
:109A9000B309E400B38CED00D2476345F9024A876D
:109AA0006341670FB247D29DD6943E94C247850763
:109AB0003EC855B783D509000A23EFF0AFE82390DD
:109AC000A90075BF03260D0005C6FD576317F602F2
:109AD00003D60C002390C90003D62C002391C900A3
:109AE00003D64C002392C90003D66C002393C9000F
:109AF000110D1109A109A10C45B703460D0019C6A6
:109B00006316860503D60C002390C90003461D008A
:109B100019C66316860503D62C002391C900034697
:109B20002D0019C66316860503D64C002392C90082
:109B300003463D0055DEE30986FB83D5690003D566
:109B40006C00EFF02FE02393A9005DB783D50900E7
:109B500003D50C00EFF00FDF2390A90045BF83D59C
:109B6000290003D52C00EFF0EFDD2391A90045BFBC
:109B700083D5490003D54C00EFF0CFDC2392A90038
:109B800045BFB3072741EA97902311CA93171700DF
:109B90003385FD00A29763168601122192A3050763
:109BA00001B78E230A213ACE3ECCEFF0AFD9E2477F
:109BB00072478AA3EDB7B38784019C2385C74A8681
:109BC00063E6F900B307F90213D6870013171C00E8
:109BD000330DE4006E9783550D000A23EFF08FD606
:109BE0002310AD00050CE3486CFDB247D29DD6941E
:109BF0003E94850CE3DB7C87014CF5B7814C9309DF
:109C0000C00FCDBFFD1793F7F70F0947E36FF78438
:109C1000370703008A071307474DBA9783AC07003D
:109C20008609060A95CC014D9306C00FE35F7D833C
:109C3000014C95A093971400330CF400EE978355D4
:109C40000C008A234A868504829C2310AC00E3C35F
:109C500064FF4E94D29D850AE3D97A818144C5BFC1
:109C6000814ADDBFB38784019C238DC74A8663E6A2
:109C7000F600B307F90213D6870013171C00B307C9
:109C8000E4006E978E230A233EC6829CB247930659
:109C9000C00F8AA3050CE3476CFD4E94D29DD69469
:109CA000050D69B793170501C18313D7B7009583D5
:109CB000930670101306301093F7F7033307D7029B
:109CC0007D89B387C7021D0715871377F70F4207F2
:109CD0003305D5028D07998793F7F70FA207D98F20
:109CE0001D0515851375F50FC98F370500FF5D8DAF
:109CF00082805C4198418A07898363F3E7009CC1B5
:109D00000145828008419C411D8D133515008280DC
:109D1000584194410A070983631AD706EF62CEE6D9
:109D20000317C5001389819E0607832609000D07C6
:109D3000719BC159B389E940130A0701B384A64056
:109D4000CE96B38444412320D9002A8405478DC090
:109D50002686B3054501EF20DFFF03270900A28611
:109D6000639BE600D28533059400EF300FBA0547B8
:109D70003A856F60AEE49C46CE979CC68397C6003A
:109D800086078D07F19BC107BE96D9BF01473A856B
:109D9000828003A7C19E19E301458280EF62EEDD58
:109DA0009384C19E03A48190B70900403289AE8A92
:109DB0002A8AFD19054B05CC5C40B3F7370185CBEA
:109DC000D6852285029A6317650163030902232061
:109DD000890039A89C4081CF8317C40086078D076E
:109DE000F19BC1073E9483A7819EE366F4FC014585
:109DF0006F602EDCEF62EEDA2A8403A58190EF20FB
:109E0000BFEC2285EF300F9F23A4A19023A4A19E35
:109E100011E101A0A285EF304FAF23A6819E6F60B4
:109E20008EDAEF626ED63421B386B60213DA86403C
:109E30006345CA000A216F606ED814259387F6FF28
:109E40008A07AA97B8233307B7022187635EE60023
:109E5000854763FAD700034965003309B9021359EE
:109E600089406355C90001A08A23F1B7AA890A2154
:109E7000328433094941EFF0FFE2AA8403D5490057
:109E8000EFF05FE2E30109FEB3064441C206C1867A
:109E90001304F00FB38686029377F50F13F7F40FD0
:109EA0001356850013D884001376F60F1378F80F35
:109EB000C18093F4F40FB3C6260393F8F60F93C64C
:109EC000F6FF93F6F60F3307D702B3871703BA9757
:109ED000216793051708135705013308D802137734
:109EE000F70F33061603330717034296B386D402DF
:109EF000B387B70236973306B602E983FD8B330783
:109F0000B70251821376067E33E5C70069832E07B8
:109F1000598D15B7EF626EC61C3541119D8B63805C
:109F200007189389019F83C70900B2842E842A8968
:109F300099E70145EFF01FEC85472380F9000347BF
:109F400099008946A2871D8B6303D700A687135A01
:109F50001440334A490137A50100B3C74701300017
:109F60004C00130545D03EC202C4EFF09FE2854786
:109F70006315F5022244370700409306F7FF5C4063
:109F800033F7D7000507758FB70600C0F58FD98F57
:109F90005CC0228541016F60CEC1834799000947AB
:109FA000A28A9D8B6383E700A68AA28963539400EB
:109FB000A689C20993D9094103A5819E139419006A
:109FC00083A781900D04719803A6C19E4104B30735
:109FD000F540B305F4009384819EB68B138BC19E2C
:109FE00063FEC5045C41860785835CC15841B707A1
:109FF000008033CA4A01F98F93E7170023204501F7
:10A000005CC1231635012317550163D30708930755
:10A0100005011CC52AC4814422448315E400E3DA07
:10A02000B4F626864A85EFF0DFDF1C441397140050
:10A030008504BA97C2048AA3C184F9BF6360860409
:10A04000FD5C37AD010037AC010003270B00A29780
:10A050006364F700884079B701466C0013052DCF83
:10A0600066C6EFF01FD301466C0013050CD1EFF06C
:10A070005FD29C4003A78190998FC1BF2285EF20BA
:10A080007FF711E101A05C4137070080D98FB1BF94
:10A090009C40138707013E9418C580C0A5BF0144AA
:10A0A000CDBD5C4163D80700EF62AEAFEF20DFC1EA
:10A0B0006F606EB18280EF62CEAB1C45BA893171A0
:10A0C000039707002A8BA8002314E10403972700B5
:10A0D0002E8DB2842315E104039747008397670010
:10A0E000B68C2316E1042317F104EF4070132A8C79
:10A0F000F145A808EF306F818347BD002308F106C2
:10A100008327CD00BD8BA308F10683270D003EC039
:10A1100063170C020247B70700016312F702914769
:10A12000639FF9008347AD00094A99EFAC085A854F
:10A13000A6CCE6CEEFF08F9D29616F604EA79547C4
:10A140000D4A6383F900094A03D944009E2003178E
:10A15000A10405093309F9408357E1044209135961
:10A1600009418507998FC207C1873ECC8317C10477
:10A1700083168104930D010513841700231AF1043B
:10A18000B3072A03158C42042318D1042319E104D0
:10A19000231BE104EECC41843ED0631F0C10024728
:10A1A000B7070001631AF71095476397F9108347C3
:10A1B000AD0063930710EFC03004EF502FA1AA89C0
:10A1C000A800EF10BFE263E6A900A800EF101FE2AD
:10A1D000AA8913951900EF201FE8AA8A4E85EF205F
:10A1E0009FE78947039724002304F1068317A104FE
:10A1F000AA8BAAD2998FB387270303970400031968
:10A200008104EED6D6CE3309E94081443E99330924
:10A2100049038147CA9C2289624763CDE4068317BC
:10A220006105031721056309F700FD17AC085A857E
:10A23000231BF104EFF08F8D5E85EF201FAB568559
:10A24000EF20BFAAD5BDB022B385EB0090A109CA0B
:10A2500090328822931517002206D6952A9692A14D
:10A26000D29605073306F740E34F86FC4A876353CF
:10A270000400014742074187BA970257BA9C330747
:10A28000F40063ECE900035761050507231BE104B3
:10A29000850459B7E6863E87F1B7AC085A85EFF0DA
:10A2A000EF86835761058507C207C1872319F1042B
:10A2B000231BF1048147E9BFEFC00074EF500F91F9
:10A2C000AA8AA800EF109FD263E6AA00A800EF10A8
:10A2D000FFD1AA8A13951A00EF20FFD72AC256850C
:10A2E000EF207FD789472304F1069247AAD2AA8B91
:10A2F0009305C004C818BECEEED6EF201FE102477A
:10A30000B70700016302F70E83270D00BA20C818B3
:10A310003EC1FE20E6DA231C21078507998F231D05
:10A32000F10683274D0023033109814DBEDE83579B
:10A330008D002312F10883274D01858BA303F108BB
:10A34000EF5040138347AD0013C7F7FF1377F70FA4
:10A350003AC4D5CF03278D00C207C1839356B700F7
:10A36000FD8AB386D70236C89356570093F6F60394
:10A370007D8BB386D702B387E70236CA3ECE11473C
:10A3800089476399E90083260D003707000163932D
:10A39000E60085472304F10663060C00D6855E853A
:10A3A000EF207FDD0317210583972400814C0149AD
:10A3B000B307F7403ED2A167938717083EC6E2472E
:10A3C00063CBFC0483176105031721056309F700BC
:10A3D000FD17AC085A85231BF104EFE03FF35E85BF
:10A3E000EF20BF901245A9BD83972400831DA104CF
:10A3F000B38DFD4033892D0383970400831D8104B1
:10A40000B38DFD40CA9DB38D4D03E69D25BF02CEA1
:10A4100002CA02C8ADB783970400031E0105338347
:10A420002B011A87330EFE409257EE888146B38E79
:10A430009701C20E154F994F93DE0E4163CE8604ED
:10A44000A287635304008147C207C1873E9963080E
:10A450000C020356A104831501051A85669642066F
:10A46000A28641861AD4EF40204C22536310051275
:10A47000A2851A85EF207FC989472304F1068257F8
:10A48000BE9DB307890063F957118357610585079E
:10A49000231BF104850C25B7824737060001638C26
:10A4A000C70AB305DE00C2057686C185C8183ADE44
:10A4B0001ADC46DA36D872D676D4EF50C060A25E87
:10A4C000325EC256D25862537257154F994F01E50A
:10A4D0002300070079A08347A1081CA383578108A4
:10A4E0000346AD0035C2A24513D6B7002245330658
:10A4F000B602C2452E96B245130606083306B602CA
:10A5000093D5570093F5F503FD8BB385A50252450E
:10A510005D827D8A2E06AA95324593850508B3850E
:10A52000A5022245B387A7027245C98193F5057E2E
:10A53000AA97324593870708B387A702DD83FD8B6F
:10A54000CD8FD18FC207C18392453386260106067F
:10A550002E961EA239A0639AE90183C728001CA386
:10A5600099E78506D2980507D1BDFD571CA383C77F
:10A57000180003C60800A207B297C207C183E3917F
:10A58000F9F71306007EE39DC7F499B78947E318EE
:10A59000F5EE2304A106E5B5AC085A85EFE01FD718
:10A5A0008357610511478507C207C1872319F10445
:10A5B000231BF10489476399E90003270D00B706BF
:10A5C00000016313D70085472304F1060149E30323
:10A5D0000CECD6855E85EF201FBA6DBDEF527ED99B
:10A5E0002E8DAA8A03250D00197136843289814681
:10A5F00022862C18EF40FFED41E9FD4763F3870801
:10A60000C1679387F78F630EF4068967B107630A02
:10A61000F406835721048355090003562900035784
:10A620000104BE95835741048356E103C2053E965B
:10A630004206C18141823297AE964207C206420667
:10A64000C2054186C1854187C1860818EF103F9831
:10A65000A800EF40F02F8947A305F1042309F10674
:10A66000230FF1062301F1068357CD001018AC002B
:10A670002313F10685472314F10683A7CA005685E4
:10A68000829709616F50BED2035701047DDB835767
:10A69000E103E5DB8356210483540900B69483A6C5
:10A6A0008A00C204C180139B040103960600135B59
:10A6B0000B41DA97E3C7C7FC83974600E3C367FD06
:10A6C0008357410483250D003306F7008357290083
:10A6D000918F9225B297B225918FC207C1833EC454
:10A6E00083198100839726004E97E34CF7F88397F0
:10A6F0006600E3C837F96255A285EF409FDC51D16F
:10A70000E257DC278D8BB5FF835761048D460347E5
:10A71000AD01BD8B6383D71E89466389D71C63EC6B
:10A72000F6008546E39FD7F4854D8946130C000853
:10A730001389818305A091466381D71CA146E392CA
:10A74000D7F437090300A14D93060010130CF00F46
:10A750001309094F1306C00F6365E60283C8819F82
:10A7600037F800209385819F1308C8B30146639F83
:10A77000E81883A8419F639BB81998A123AAB19FA9
:10A78000428983A68A000357E10303560104839597
:10A7900006003304B703814B6354BB00B38B6541A0
:10A7A000839546003308EB00BA8C63D50501B38C62
:10A7B0006541850C83952600014B63D4B900338B2A
:10A7C000354183966600B385C90032C263D6B600B0
:10A7D000B387364185073EC2B3867D03F14532C853
:10A7E0003AC6330464033694135A34002A9AA800F4
:10A7F000EF20BF918356CD001D882318D1048346D6
:10A80000AD012300D1068326CD01CD829D8AA30010
:10A81000D106EFC0601EEF407FBB32474246B3090E
:10A82000C70263533501AA894E853ACAEF20BF8219
:10A8300033867401FD14E6944206C204A2474182A5
:10A84000C180AACA2A8D13950401918C8504B38610
:10A85000670193970401C1873EC4C2069247C18233
:10A8600041851318060193950601C185BE961358BC
:10A8700008412316A102231AA1020818231BD102A2
:10A88000231401032315B1022317B1022318010376
:10A890002319B102EF40C01852473C10A1465E9701
:10A8A000BEC4BECE33079741B387B6413EC6B30799
:10A8B000B7032AC801453ECAB3877C413ECC9247C4
:10A8C000634BFB068317E1020317A102630CF70039
:10A8D000FD172317F102AC0089475685230CF104BC
:10A8E000EFE0DFA26A85EF204FC061BB894D914642
:10A8F000130C000C1389C183B1BD37090300914DBE
:10A90000C146130C000F1309094EA9B5130EF00F21
:10A91000B308C90083C808003A836386C801B388B6
:10A92000E80213D38800B308C80023806800050636
:10A93000E310D6FE99B5B3568C00AA84B385AB401C
:10A9400033879500634A9705C24785C7A246031619
:10A95000E102831581023307AD003A853ACEEF302C
:10A96000B07C230CA104724709E5A2453A85EF208B
:10A97000CFF9E24733879700637237070357E10245
:10A9800005072317E102D247050B26853E9413578E
:10A9900034003A9A1D8825B703470A00B247758FDD
:10A9A000338687403357C7009378F70F33069D00EF
:10A9B000638F08001377F70F4A97182318A2B2473E
:10A9C000637AF4006E94B3D6B601850495BF230074
:10A9D0000600F5B7050AE2860144C5BF8947AC0009
:10A9E0005685230CF104EFE07F920357E102814486
:10A9F0000507420741872315E1022317E10261B7EA
:10AA000083972500638A077403C885000947637527
:10AA10000775EF521E960313060083980600117106
:10AA20000318260003972600631413016305E81C2E
:10AA3000094EB3C7C7031A8EC207C18363D3680028
:10AA4000468E330EFE40231CC1011A8E6353130140
:10AA5000468E3E9E231EC101C28863530701BA88F9
:10AA6000B388F840231D1101C2886353E800BA88F7
:10AA7000328A1045130D81012E84AA84C697EA8577
:10AA80006A8536C0FC87EF108FDC630605169C4490
:10AA9000831A2A0023A4A4013EC2824703190A0094
:10AAA00083992700039C07008317240063993A23A6
:10AAB000FD1793D617404A8763532C016287231EE4
:10AAC000E1084A87635389016287C20A858B93DA5A
:10AAD0000A01B6976C09B387FA407D17B69A6A8661
:10AAE0002E852310E10A231FF1082311510BEF10CB
:10AAF0000FD631C183176400814A89C7831A440085
:10AB0000B33A50016809EF30B071014919E113C936
:10AB10001A00F145A801EF204FDF7C09BEC51E20B9
:10AB20002318F10C1C242300F10E6309090CAC015D
:10AB30002685EFE0AFFD1A248567938707C0F98F5C
:10AB4000CDCBA801EF40C0601E202316F10CE177A9
:10AB500093C7F7FF2314F10C1C24A305F10C8317F2
:10AB6000240013D9174093C7F7FF93FA17001C343A
:10AB7000918B9DCF83570A00131709014183B38638
:10AB8000E740231ED10883562A00BA97B38757415E
:10AB90003386E6403697231FC108330757417009B3
:10ABA000AC0126852310F10A2311E10AEF40805FF2
:10ABB0001C34A18B9DCF8247AC0126859A23931725
:10ABC0000901C183B306F740231ED10882463E9790
:10ABD00033075741B6222310E10A3386F640B69771
:10ABE000231FC108B387574170092311F10AEF40B1
:10ABF000605B92479CC411616F506EFB0359010A60
:10AC00008317C1090357E10905093309F9404209CE
:10AC1000031C210A2311E10A13590941814B638C5A
:10AC20000A00831B640003174400BA9BB3EB77034D
:10AC3000C20B93DB0B414A85EF20EFC1031BE109F7
:10AC40007C092A8DAACBBECF894C63566C016A85DC
:10AC5000EF20AF89CDB5CA856A85EF20CFD18315A6
:10AC6000C10913160B01CA8641866A85EF30D04BA5
:10AC7000230CA10C63890A021DC5DE86814705A04D
:10AC8000031744006341D704BA97958FC207C18761
:10AC900085070507C20793160701C187C186E3C16F
:10ACA00027FF230C910DAC012685EFE02FE683579B
:10ACB000E109050B8507231FF1088357210A850742
:10ACC0002311F10A59B7031664003A960147E3D1FC
:10ACD000C6FC3307FD0023000700368755BF5685A5
:10ACE00063D359014E8542054185D68663D33A0127
:10ACF000CE8693950601C18163178913FD1713D77B
:10AD000017404209858B135909019386F5FFBA97BD
:10AD10006C09B307F940231FA1083A996A862E856A
:10AD2000231EF1082310210B2311D10AEF102FB29B
:10AD3000E30305E083176400014B89C7031B44004C
:10AD4000333B60016809EF30B04D014919E1134907
:10AD50001B00F145A801EF204FBB7C09BEC51E209A
:10AD60002318F10C1C242300F10EE31209DC835A92
:10AD7000010A8357C109031C210A850AB38AFA40D4
:10AD8000C20A8357E10993DA0A4156852311F10A71
:10AD9000EF206FAC7C09AACBBECFAA8B831CE10944
:10ADA0000149630C0B0003196400831744003E99AA
:10ADB00033E92C0342091359094163549C015E8510
:10ADC00041BDD6855E85EF200FBB8315C109139663
:10ADD0000C01D68641865E85EF301035230CA10C20
:10ADE00063030B0209CD0317440063542701230CAE
:10ADF000010C83176400BA976343F9000149050900
:10AE0000420913590941AC012685EFE02FD0835741
:10AE1000E109850C8507231FF1088357210A85075F
:10AE20002311F10A59BF63C83A015687CE8ABA89FD
:10AE30004A8762893A8C330B2C419356FB41B38B82
:10AE4000594133C76601158F93D6FB41B3CD7601C7
:10AE5000B38DDD4063D6ED2213965D003346E602E6
:10AE6000B70603009386065F369614226286B38780
:10AE7000F6029387F70393DC774093960C01C18227
:10AE8000635389014A86158E2310C102628663537B
:10AE90002C014A863696158DAE960C102312C102EF
:10AEA0002311A1026A862E853EC63AC42313D1021D
:10AEB000EF10EF99E30105C8B24793F51C00224754
:10AEC00013DD8740EA95C205420DC181135D0D0176
:10AED00063DAED1C939D0A019397090193DD0D013F
:10AEE000C183B388B501B38DAD41BE95338DA74104
:10AEF000C208939C0501C20D420D93D8084193DC12
:10AF00000C4193DD0D41135D0D4163506019814784
:10AF10006A87E2866E86CA85C80046C4EF30D0359F
:10AF2000A24885476687E2864686CA858818EF303C
:10AF3000B0348145C800EF30B01BAA8D8145881818
:10AF4000EF30101B1C342AC4C18B639E0718C20B40
:10AF5000420B93DB0B01135B0B0133075B01B30661
:10AF600079414207C2068D474187C1865686CA8508
:10AF70006809EF307030B30B7C414E9B13170B0107
:10AF800093960B0189474187C1864E86E285A801C9
:10AF9000EF30902E81456809EF309015AA8C8145DD
:10AFA000A801EF30F0142A8C0359410283570102A3
:10AFB00005093309F940EFB03024EF402FC1AA8AC8
:10AFC0004209081013590941EF104F826376550169
:10AFD0000810EF10AF81AA8A5685EF20CF8783171C
:10AFE0006102D6852A8BBE8983572102014D231326
:10AFF000F102EF204F98F1452810EF200F911C101F
:10B000003ED41E20831B21025ADA2318F1021C248D
:10B010002300F1041C103EDE63DA790D8317610210
:10B0200003172102630CF700FD172313F1022C1004
:10B0300089472685230CF102EFE04FAD5A85EF10CA
:10B04000DFCAC800EF3090178818EF303017FD576F
:10B050006385FC006809EF307016FD576305FC003E
:10B06000A801EF30B0156E85EF30D00F2245EF30DC
:10B07000700F6685EF30100F6285EF30B00E65BC43
:10B08000131657003346B603E1BB81476687E28655
:10B090004686CA85C800EF30301E85476A87E2863B
:10B0A0006E8661B5931C0901931D0C0193DC0C01A4
:10B0B00093DD0D01B386BD00E695C206C20581474A
:10B0C0004E87C1865686C185C800EF30F01AB38618
:10B0D000AD41B385AC41C206C20585474E87C186E6
:10B0E0005686C185A1B57D5CFD5C7DBD83150102E1
:10B0F0003307AB0113960B013A85CA8641863AC6DF
:10B10000EF309002230CA102324709E5CA853A8547
:10B11000EF10BFFF4A9D33072D0163795701035795
:10B12000610205072313E102850BFDB589472C1049
:10B130002685230CF102EFE06F9D83576102D685CF
:10B140005A858507C207C1872311F1022313F10233
:10B15000014DEF204F82C9BF8280894763F8D72C09
:10B160006306062CEF52EEA0139926000111AA895E
:10B170004A85B68AB2842E8AEF10FFED2A8441C92F
:10B180009E208146FD1A1EA1BE203EA18147139735
:10B1900026003386E4001107269703150600831561
:10B1A00007006318B5008315260003172700638C7A
:10B1B000E5000E221397270022970EA3322285075F
:10B1C000C20732A3C1838506C206C182E3C156FD10
:10B1D0001307C9FF26970396040083160700631818
:10B1E000D6000396240083162700630CD600122392
:10B1F00093962700A29692A23A238507C207BAA285
:10B20000C18309476368F7002285EF101FAE05610F
:10B210006F50EE9983A68184138781845843939558
:10B22000060136C8131607013ACAC185C186418690
:10B2300041872285814A831805002E8863D3B80090
:10B2400046889315080103182500C185428363D3FE
:10B250000601368393160301C186468363D3C80073
:10B260003283131603014186C2886353E800BA880B
:10B2700093841A00C20413970801C1804187110505
:10B2800063929714F08203A6890013098101EC8070
:10B290004A850C08F481F883EF007FDB35D503166F
:10B2A000240003AC89001307640023A42901854707
:10B2B00001498316070063D7C60013990701135984
:10B2C0000941368693861700C206C1821107639D25
:10B2D000FA0E1305C0023385A402EF10DFD79307DF
:10B2E000F9FFAA8B4A8863D30700A69713071900B2
:10B2F000634397000147931629008A070A07A2961D
:10B30000A29722979222AE2203DD27001623835DA7
:10B3100027009E23330DBD40918EB38DBD40918F8C
:10B32000420DC206C20DC207135D0D41C18693DDF9
:10B330000D41C187330DDD02CA88DE8A0149B38D14
:10B34000FD026345BD09930CF8FF63D30C00A69C76
:10B35000138B180063439B00014B93962C009317AB
:10B360002800A296A2970397260003962700634819
:10B37000C7026304C7028396060083950700638EA5
:10B38000B6005685854746C6EF30006F5685DE8588
:10B39000EF300056B248938ACA0205096688639264
:10B3A00024051008D2854E85EF30D05F5E85EF30E2
:10B3B000805D5E85EF107F932285EF101F9323A49D
:10B3C0008901B1B5A68A85BDB687E5B5930C18008D
:10B3D00063C39C00814C138BF8FFE3500BF8269B52
:10B3E000ADBF93162B0093972800A296A2970397C0
:10B3F0002600039627006348C7026304C7028396AA
:10B40000060083950700638EB6005685814742C6C5
:10B41000EF3080665685DE85EF30804D3248938A66
:10B42000CA020509DA88E36E99F0A5BF8280EF426F
:10B430005EF493DA154093F71500AA842E8BB28937
:10B440001389FAFF91C35689795A330A4903139431
:10B4500014002285EF103FC0939C1A00AA8B930D15
:10B46000E4FFCE9C4E8C014D4E9A7D5863439D0463
:10B470009166938606FC33D566034E87CE87338666
:10B48000940206064E966393C7081386F4FF3306AC
:10B4900086020509B30E5041014EB30F24034E96A8
:10B4A000B38E8E02634F9E065E85EF101F846F4041
:10B4B0001EF0B307BC019E231387F4FFB387670315
:10B4C000931617003386DB001EA233065701814511
:10B4D000635596003386DC000E22330627418D8F9C
:10B4E0006342C00283560C007D17B697E31A07FD2E
:10B4F00062852286DE85EF10DF85229C050D229A6B
:10B50000A29CA5B7D29683D6E6FFF9BF8E2381C54C
:10B510006395D5008AA38907BDB7B3C565038EA31C
:10B52000DDBF1E233A8F3308F701B3876703330566
:10B53000D701BA888146814563C6070093D5674025
:10B54000C205C181139316005E932310B300B38527
:10B5500056416341B00483D508008D8FB305D900EF
:10B5600063DC9502835508008506AE97A298229861
:10B570002295E3C296FC814793961700DE969622A9
:10B5800085072310DF00229FE3C897FE050E0907F9
:10B59000090609BF0E21D1B70E22F9B79C49638570
:10B5A000071CEF427EDEB82D8949797163F4E90A00
:10B5B000AA843E852E843289EF2080132A8A084887
:10B5C000631D3A0950488967AA850148FD1701475C
:10B5D00081464800EF30DFB38357490083560900A6
:10B5E000031741008507958FC20733464703C1877C
:10B5F0007D170808B3C74703918EB697C207C1836A
:10B600007C84BA977C868357690083562900031788
:10B6100061008507958FC207C187B3C74703334AC7
:10B6200047037D17338A4641D297C207C1837C8581
:10B63000BA977C87EF2020335C48144801473EC806
:10B640001E2C30000C08FC863C2C26852305F102BC
:10B65000EF20A03545616F407ED64C00EF40D047CB
:10B660008547E319F5FE0808EF2040013C2092468B
:10B6700013F7F7008347C101C19BD98F230EF10057
:10B680001E2CFC843E2C13978700A183D98FFC8548
:10B690005C2CB5E7035749008357090013D6A60071
:10B6A00005071D8F1376F67F4207B34536034187A2
:10B6B000D5827D162685334737038D8F8355290024
:10B6C0003E97835769004207418385078D8FC207E4
:10B6D000C187B3C737037884329730007886B3C9FF
:10B6E0003603FD16B3893541CE97C207C1837C85E9
:10B6F000B69714480C087C87EF20A002A1BF8317DF
:10B700002900D582FD16BE967C8574870317A1009B
:10B7100083176900E3C0E7F4924703170900A98380
:10B7200093F7F77F7884FD17BA977C86031781001B
:10B730008317490063DBE70092473885D5833E973E
:10B7400078853887BA977C87D1B7144830000C08C1
:10B750002685EF10107D92473884A98393F7F77FF1
:10B760003E9778843886C9B78280B831894763FFAD
:10B77000E73AEF421EC0031706008318260003189D
:10B78000460003166600839605021D71788623170E
:10B79000110123180101F081854763D3D70483C6C3
:10B7A00025029307C00F63FDD702839705008DCB59
:10B7B0009C51E583FD8B93D62740858ABA9613D793
:10B7C0001740058B4697788713D73740058B858BB5
:10B7D0003308E840B307F640748623180101FC8162
:10B7E0001045130CC100AE8D2A8BE2854808EF008E
:10B7F0001F8629CD83C9FD0093F97900639B090455
:10B8000003D44D0083D7AD006393870081496285DF
:10B81000EF3000212A8D71468145C800EF407EBB84
:10B8200083C72D002316810483CA3D00A30EF104B3
:10B8300083970D0063120D0285E3639F0900CC001E
:10B840005A85E2C2230E5105EFD05FAC25616F40EF
:10B850001EB603D46D007DB71307C00F6374570184
:10B86000930AF00FA0803886835B21010504198CB0
:10B870003887850B4204B38BEB40C20B93DB0B4143
:10B8800041845E8963537401228942091359094135
:10B890001359194063D327013E89A484BC828504CF
:10B8A0009D8CC204C1846344200163030D0C268572
:10B8B000EF106FFA81464A86E2852A8A6810EF30D7
:10B8C000803F81456810EF30A002AA8CBC825E8662
:10B8D000A285FC86BC8413856D00D2C82310F102BA
:10B8E0007C08BEC2BECCFD57230EF104EFE08FE210
:10B8F000AA8B09CD8947639BF9000317C100831701
:10B900004101998F18458607BA97BEC4014C63144C
:10B910000D06054D2087BC8163492C0F3886131D09
:10B920000901135D0D012312E102B8806A94B38707
:10B93000A7414810231381022314E1022315F102C9
:10B94000EF30000E2A8C031421016319051663974A
:10B9500009163C873304A441CC00EA975A85FC873A
:10B9600023118102230E510582C8EFD03F9A21A8EE
:10B97000014AFD5CA1BF031461010549094C83170D
:10B98000A10163D6870263050A005285EF10EFB567
:10B99000FD576388FC006685EF20D07C6810EF308F
:10B9A000E001E3850BEA5E85EFE0AFEF45B5131DDF
:10B9B0000401135D0D412686D6855285231FA10102
:10B9C0002311A103EF100FD783154101A6866A86C4
:10B9D0005285EF20707563072503230AA104639D38
:10B9E00029018317E10003A78B00B307F440860702
:10B9F000BA979E232316F104CC005A85EFD01F91ED
:10BA00000504B5BF230A8105D9BF13170C01418373
:10BA10003A94998F031761014204939D0701418471
:10BA200093DD0D416356E4000317A1016342B7099A
:10BA30002686D6855285EF10EFCF8315C101A686E5
:10BA400022865285EF20506E6306A507230AA104C3
:10BA5000031761016345E402E08723118102639CBF
:10BA6000A9010317E100198C03A78B0006043A947F
:10BA70001A202316E104CC005A85EFD03F89031722
:10BA8000A1016347B703231FB1012311B103639DD4
:10BA9000A9010317E100B387ED4003A78B008607D8
:10BAA000BA979E232316F104CC005A85EFD01F8647
:10BAB000050C8DB58947230AF10459BF8547230A30
:10BAC000F1048317E10033042441230E51053E990C
:10BAD000054DE34A24EB931D090193DD0D416300FD
:10BAE0000C022686D6855285EF10CFC483154101FE
:10BAF000A6866E865285EF203063230AA104231F99
:10BB0000B1012311B103639DA9018317E10003A7CC
:10BB10008B00B307F9408607BA979E232316F104DA
:10BB2000CC005A85EFD08FFE050965B78280EF42C1
:10BB30005E872A84AE843289EFF03FC34A86A685A9
:10BB40002285EFF0BFA56F401E88EF429E8275717F
:10BB50002A892E852E84B284368A3A8C3E8BC28AFC
:10BB6000C68BEF20F06BAA8C71E9B3678A01F9E705
:10BB7000F145C818EF106FD983992400231E61077F
:10BB800023065109031A2400031B0400831A4400EE
:10BB9000FC08BEDA9387F9FF231E610523105107C5
:10BBA000231F41052311F106831C6400839B64005D
:10BBB000039D0400039C440063C64901CC184A85D8
:10BBC000EFD0CFF4FE208507231FF1047E20231140
:10BBD000F10663C67C01CC184A85EFD02FF31E20F6
:10BBE000231EF1049E20FD172310F10663C24905B0
:10BBF00083972400231FF10463CF7C0383976400A1
:10BC00002311F10663466D01CC184A85EFD00FF081
:10BC1000DE208507231EF1045E202310F10663C693
:10BC20008A01CC184A85EFD06FEE49616F402EF83B
:10BC300083172400C1B783176400D9B7032689008E
:10BC4000A2854818EF00AFC0AA8965D18357810348
:10BC500003574103F1458507998FC207C187C8186B
:10BC60003ECCEF108FCA6245EF10EFBEFD572AC1E0
:10BC70003ECE635D400181465286A285C800EF300A
:10BC800080038145C800EF20B0462ACE62868546F3
:10BC9000A685E808EF3020028145E808EF205045EE
:10BCA000031C2400231E6107039B24007C18BEDABA
:10BCB0003EC52AD623065109A3067109B3074C01D4
:10BCC00063D36701DA87831B6400C207839A640029
:10BCD000C1873ECAB38D4B4163D3BA01D68D9397CA
:10BCE0000D01C1873ED463890C08835741030314B7
:10BCF0006103231EF102835781032310F10483178C
:10BD0000A10363D68702E808EF20504B3255EF209D
:10BD100070457247FD576308F700C800EF20104ACE
:10BD20007245EF2030440A45EF003FFCFDBD6355EE
:10BD30008B01D2476340F40463D55B01A257E3C48F
:10BD400087FCE2450A45131604014186231FC10200
:10BD50002311C10432C6EF100FC283154103E2461E
:10BD600032460A45EF20503C2302A108CC184A85F0
:10BD7000EFD0CFD9050461B783170400839C04007A
:10BD80003EC6338747016353970166878317440094
:10BD9000039D44003EC8B38747416353FD00EA87D3
:10BDA000B24663C4DC02C24663C1A603634F8B0183
:10BDB00063CD5B0193891700B389E940C20993D928
:10BDC000094193A9290393C91900C207C1874207F2
:10BDD00041873ED285473AD02302F10863428B0F58
:10BDE000638409049257CC184A852310F104930701
:10BDF000FBFF231EE102231F81032311F104EFD077
:10BE0000EFD063C35B038257CC184A85231EF1022F
:10BE100092572310F104FE208507231FF1027E2094
:10BE20002311F104EFD08FCEB24763C5FC021E2070
:10BE3000CC184A85231EF1029E20FD172310F10421
:10BE4000D247231FF10293970D01C1872311F104FB
:10BE5000EFD0CFCBC24763C5A703DE20CC184A85FD
:10BE60008507231EF1025E202310F104D247231F11
:10BE7000F10293970D01C1872311F104EFD00FC98F
:10BE80008317410303178103231EF102639E090AEE
:10BE90002310E1048317240003972400998F63D3B0
:10BEA0004701D287139A0701135A0A41814A63CE88
:10BEB0004A01E808EF2090303255EF20B02AB1BD9A
:10BEC000E3C45BF7E38209F63DBF262093990A019C
:10BED00093D90901CE87CE9483596400C204C184EA
:10BEE000B389F94083176103C20993D9094163D625
:10BEF000F4008317A10363C73705E2450A45EF1035
:10BF00008FA7E2468315C1030A452686EF20D0217C
:10BF1000831761032302A10863CAF400CC184A8581
:10BF2000231F910223119104EFD04FBE8317A10369
:10BF300063CA3701CC184A85231F31032311310509
:10BF4000EFD0CFBC850AA5B782561384F6FF6353A2
:10BF500087003A84231081041D8C05044204418427
:10BF60006342800812578317410305076353F700A4
:10BF70003E8783178103231EE10213841700198C67
:10BF800042042310F1044184E35580F2C24763DB8D
:10BF9000A70F63598B0FE3CE5BF1A25993841D0069
:10BFA0008317A103C2048509C180E3C437F10A45A0
:10BFB000139604014186A285231FC1022311C104E7
:10BFC00032C6EF104F9B32468315C1030A45A28645
:10BFD0008504EF2070152302A108CC184A85EFD004
:10BFE000EFB27DBFB24763DBFC0463598B05E3CB43
:10BFF0005BF7A25993841D008317A103C20485092E
:10C00000C180E3C137F70A45139604014186A28532
:10C01000231FC1022311C10432C6EF10CF9532464F
:10C020008315C1030A45A2868504EF20F00F230281
:10C03000A108CC184A85EFD06FAD7DBF8314610392
:10C04000D24763C6F400B247E3D5FCFA4DB70A45C0
:10C05000139604014186A285231FC1022311C10446
:10C0600032CCEF104F9162468315C1030A45A28678
:10C070008504EF20700B2302A108CC184A85EFD06D
:10C08000EFA87DBF83146103D24763C6F400C247A3
:10C09000E3D5A7F109B70A45139604014186A285A5
:10C0A000231FC1022311C10432C6EF10CF8C3246C8
:10C0B0008315C1030A45A2868504EF20F0062302FA
:10C0C000A108CC184A85EFD06FA47DBFEF426EAABD
:10C0D0008397E5027571AA892E84328CE38007402C
:10C0E00003C765033AC6B2460947E379D73E054719
:10C0F000039B45036397E700634560019859E30F8D
:10C10000073C03590403035A0C0003574C00420B2D
:10C11000135B0B014A9A5A993A990947B3C7E70248
:10C120003638420A835B2C00135A0A0133076A41EE
:10C13000B69BB304DB007D1783566C00420913598C
:10C140000901B694C20BC20493DB0B01C180C20784
:10C15000C1831D8F231AE102138717004207418311
:10C16000B306E900231CD1022697B3866B41FD1666
:10C17000231DE1023247B387F640231BF1029307E8
:10C18000D00F63F5E7009307F00F3EC603A68900C2
:10C190004C186818EFF0BEEBAA8AE3010534835708
:10C1A0000C007D56FD552312F10483572C00C80066
:10C1B0002313F10483574C002314F10483576C00BC
:10C1C0002315F104EFF07EE4835781040357410403
:10C1D0008356A1048507998F03576104850683154B
:10C1E0000400998E139506013E87C207C1874185D9
:10C1F0002E866353F500368793170701C18785871D
:10C200002E8D63D3B7003E8D050B420B135B0B01E4
:10C210005A99269B931C0901B30B7B4193DC0C01BB
:10C22000939D0B0133874C4193DD0D01BA879396A3
:10C230000D0142074187C18663D3E600EE87C2073E
:10C24000C187858763D3B7003E868314E40232C872
:10C25000330A9A41B294338594020605EF00BFDF9A
:10C26000831BE4020947424633C7EB0293970B0155
:10C27000C18393E6E7FF2A8BEC08C81833097601DF
:10C280003ECA42074183BA96B296C2060507C182EA
:10C2900042072310D1064183D296231FE104231EB7
:10C2A000D1046E9781462311E106EF20D020054787
:10C2B000054A6384EB0013DA1B404A85EF00BFD9BF
:10C2C000931719003EC893170901C1873ECCB307E5
:10C2D0002501AA8DDA8C814B3ECE63CF2B016E8572
:10C2E000EF00BFA0C818854DEF20406DB30B2903A8
:10C2F0006313BA0B8147ADA8CA856E85EF00BFE70F
:10C30000E246565313960B01D818418681456E8537
:10C31000029309E9C2456685EF003FDFC247850BFE
:10C32000BE9C65BF03C70D0013862C0093861D00BD
:10C330001A07334747032390EC00F247E380D7FE08
:10C34000982283C5F6FF6398E5000357E6FF1AA21B
:10C3500085060906DDB71A0733474703CDBF139794
:10C3600017005A971A23B306FB008507198398A272
:10C37000E39777FF4818EF20A06A59C585466A867B
:10C38000CC00E808EF2030138145E808EF20405644
:10C390002AD0814A59A0931C090193DC0C41D28513
:10C3A0005A866685EFF0AF88D24793F51700D2958D
:10C3B00063D3BD021166130606FC3346B60213951D
:10C3C0001B00DA865A959307F00F6318D5005A863A
:10C3D0006685EFF0CF8581472DA09A2201C76315AE
:10C3E000F70092A28906D5B71A073347B7029AA277
:10C3F000D5BF139717005A971A23B306FB0085077A
:10C4000098A2E39877FFBDB71840C177FD56F98F22
:10C4100036D0370700FFE393E7F6035581038357D0
:10C420004103139A040105051D8D42054185EF0066
:10C430009FC22A89F145C818EF003FCDFC00BEDA43
:10C440003EC55E3483158103835B4103231EF106E1
:10C45000834764030945031661032306F1083C2062
:10C46000135A0A014AC1A306F1089387150093964F
:10C470000701C18233877641420741873347A702CC
:10C480008357A1032318B1042317C1048507BA9B5E
:10C49000131706014183998FC207C187B3C7A7024B
:10C4A000C20B93DB0B41BA97C207C1833ECCB38763
:10C4B0004641BE86C207C187831C810163D37701D1
:10C4C000DE867D175297BA8742072316D10441872B
:10C4D00063D3EC00E68703A68900EC00C8082319A3
:10C4E000F104EFF0DEB663150532031781038317FD
:10C4F000A1032318E104050733074741BA86420721
:10C500002319F104418763537701DE868507B387DA
:10C51000474113871C00C2072316D1043AC8C187BC
:10C5200063D3E700BA8703A68900EC00C808231785
:10C53000F104EFF0DEB149C913180D011358084199
:10C540004286CC00C80842D2EFF0FED835ED035742
:10C5500081058317410502CE05071D8F42074187DC
:10C560003ACA831DA10503172105831681031258BA
:10C57000638E0A004286CC00C80836D63AD43ED232
:10C58000EFF01EDEB2562257925756CE5246635DEA
:10C59000C0023307B74133079702858E8506958F12
:10C5A000831DA1054AC1BA9703574105DA9723169F
:10C5B000E104035781052318E10409472302E10838
:10C5C0008316610563DCDD3283574103D29723165E
:10C5D000F10483578103B38747412318F10483177C
:10C5E00061032317F104FD17D2973E87C207C18765
:10C5F00063D3FC00668703A68900EC00C8082319F2
:10C60000E104EFF0DEA429C513170D0141873A8636
:10C61000CC00C8083ACEEFF01ECC1DE98357810547
:10C6200083564105831D61058507958FC207C18724
:10C630003ECA72478317E104E38F0A243A86CC008E
:10C64000C8083ECEEFF0DED15247F2476345E030F6
:10C650008347640342472306F10883574103D29777
:10C660002316F10483578103B38747412318F1044C
:10C670008317A1032319F1048507B3874741C20734
:10C68000C18763D3E700BA8703A68900EC00C80816
:10C690002317F104EFF0BE9B3DC993170D01C1872D
:10C6A0003E86CC00C8083ED2EFF0FEC22DE1835793
:10C6B0008105035741058507998FC207C1873ECE83
:10C6C0006357F004831D21058317A105E3820A1C2B
:10C6D00013160D014186CC00C8083ECAEFF05EC8B3
:10C6E000D24702C1B38DFD40B38D9D02B307BB019C
:10C6F0003ECA83574105831DA1052316F1048357C4
:10C7000081052318F1048317610563DCFD26834747
:10C7100064038356A1032306F10883178103B386BC
:10C720004641C206138717002318F104835761039B
:10C73000330747414207D297C207C1874187C18665
:10C7400063D6FC00E2478507C207C1872317F104BF
:10C75000E68763D3DC00B6872319F104DE8763D351
:10C76000EB00BA8703A68900EC00C8082316F10481
:10C77000EFF0FE8D9387F4FF3ED249C193160D0171
:10C78000C1863686CC00C80836CEEFF0DEB43DE573
:10C79000835D810583174105F246850DB38DFD400C
:10C7A00013970D0141873AC603178103058F0507CB
:10C7B000998F1387F4FF33079702BA97DA973ECA27
:10C7C000638D0A203686CC00C808EFF07EB9D247C8
:10C7D00056CE3EC1B2476353F00283574105831DD5
:10C7E00061052316F104835781052318F104894755
:10C7F0002302F1080317A1056354B71F9257094597
:10C8000085453307FB0033C5A4028147858D05AC00
:10C8100013180D01135808414286CC00C80842CEB7
:10C82000EFF07EABE31305CC035781058317410579
:10C8300002CA05071D8F420741873AC8831D61035D
:10C8400003176105831681037248638E0A004286CE
:10C85000CC00C80836D43AD23ECEEFF07EB0A25615
:10C860001257F24756CA4246E351C0C83307B74190
:10C8700033079702858E8506958F831D61054AC112
:10C88000BA9703574105DA972316E1040357810548
:10C890002318E10409472302E1088316A105E3C632
:10C8A000B6C552472317B1052319B10531E7BE8537
:10C8B00026864A853ECEEF00CFC9C2468315410584
:10C8C0006E864A85EF2040060547F2476302E5027F
:10C8D0002302A108CC184E853ECEEFC03FA3F247FD
:10C8E00013871D00931D0701A69793DD0D4175B7B2
:10C8F00009472302E108F9BF3EC1E9BF7247231788
:10C90000B1052319B10531E7BE8526864A853ED299
:10C91000EF002FC4D246831541056E864A85EF206D
:10C92000A000054792576302E5022302A108CC1834
:10C930004E853ED2EFC09F9D92571387FDFF931DFA
:10C940000701A69793DD0D41A5B909472302E10828
:10C95000F9BF3EC1E9BF02C156D299A78947230258
:10C96000F1086F00A079B2471307F00F6387E70063
:10C9700083476403B385B702A1812306B1086F0022
:10C98000E0772317B1052319B10563800A6E1256AB
:10C99000CC00C808EFF0DE9CD247B2461306F00F79
:10C9A0009C233E876394C6022306E10821A08947A1
:10C9B0002302F108CC184E85EFC05F95D247FD1DCC
:10C9C000C20DA6973ECA93DD0D4135BB03476403F4
:10C9D000B387E70213D78700C1BF02CECA87D5BB92
:10C9E000F2472317B1052319B10595E33246D24525
:10C9F0004A85EF000FB6B246831541056E864A851B
:10CA0000EF1090728547630FF5002302A108CC1840
:10CA10004E85EFC0BF8F93871D00939D070193DD67
:10CA20000D41C9BB89472302F108D5B7BA8633083F
:10CA3000D740634FA8468507C207C187269733862C
:10CA4000E500E3C597FE831741030357610383564F
:10CA5000A1032316F1045297FD17D2974207B3861C
:10CA60004641C207C2064187C187C18663D6EC0032
:10CA700062470507420741872317E104668763D3AE
:10CA8000DC0036872319E104FD1B63D3FB00DE873E
:10CA900003A68900EC00C8082318F104EFF02EDB90
:10CAA0006313054283174103031761032316F1043F
:10CAB000FD17D297C2072317E104C18763D3FB0098
:10CAC000DE872318F1049307F7FFD2973E87C2074A
:10CAD000C18763D3FC00668703A68900EC00C80801
:10CAE0002319E104EFF0AED649C913180D0113580C
:10CAF00008414286CC00C80842CCEFF0CEFD35EDAF
:10CB0000835D81058316410502CA850DB38DDD4025
:10CB100093970D01C1873EC6831DE104831761050C
:10CB2000831CC1046248638C0A004286CC00C8089A
:10CB30003ECE36CCEFF0DE82F247E24656CA3247AE
:10CB40004AC1635CE002B387B741B38797020357DA
:10CB50004105B3869641831C61052316E104035702
:10CB600081052318E1040947B697B30DFB002302A2
:10CB7000E1088316A10563DF96410317A10383171C
:10CB80004103C2462319E104050733074741420721
:10CB90002316F10441876353D7003687FD17D297D8
:10CBA000C2072317E104C18763D3FB00DE8703A616
:10CBB0008900EC00C8082318F104EFF04EC951C5F4
:10CBC00093160D01C1863686CC00C80836C8EFF032
:10CBD0008EF025ED835B81050317410502C6850BA9
:10CBE000B38BEB40C20B93DB0B41831D21058317F5
:10CBF000A105831CC104C246638C0A003686CC00A2
:10CC0000C8083ECA3AC8EFF0AEF5D247424756C60A
:10CC10004AC1635C7003B387FD40B3879702330753
:10CC20009741831DA105BA9703574105B30CFB003B
:10CC30002316E104035781052318E1040947230261
:10CC4000E1088316610563D0DD3A8357410303A6EB
:10CC50008900EC00D2972316F10483578103C8089A
:10CC60004AC1B38747412318F10483576103D29720
:10CC70002317F1048357A103338A47412319410540
:10CC8000EFF0EEBC15CD6A86CC00C808EFF0AEE43C
:10CC900005E98317810503174105138A1700330A35
:10CCA000EA40420A135A0A41635C40018314610559
:10CCB0002316E1042318F1048317A10563DE9736D8
:10CCC00063980A00E808EF10704F0255EF10904982
:10CCD0005A85EF008F814A85EF002F816286A285F9
:10CCE0004E85EFE09FA86286A2854E85EFE01F8B00
:10CCF00003482402894763FB070F031604027DC61D
:10CD00008347340213F7E70375C3858BE5E3835547
:10CD10004C0003536C0083570C00835E2C009386F9
:10CD20001500130713009D8E3307D7414207C20633
:10CD30004187C186031504006353D700BA868586F0
:10CD40006353D500AA8618504206418265837D8BC5
:10CD5000139E060113754700135E0E01B28801E9A8
:10CD6000B308C601B3081041C20893D80801BE98A1
:10CD7000231A110793778700328599E73305C60197
:10CD80003305A040420541813385A540231CA106FF
:10CD900093772700B28599E7B305C601B305B04084
:10CDA000C205C181F695231BB106058BB28719E731
:10CDB000B307C601B307F040C207C1833306CE40B4
:10CDC000B307F3404206231DF10641868348240041
:10CDD0007E2C32876353060001474207C206418713
:10CDE000C186D018E2854E85EFE03FD60348A40205
:10CDF000894763FC070B83166402C5CA12340353C8
:10CE00002C0083176C007D16420641823305C34017
:10CE100083550C00B2974205C206C18241810317B7
:10CE20004C00C207C183231FA104158DB388C540E0
:10CE3000231BA1063385D7003297C208231DA10604
:10CE4000054593D80801B305B54042073305654051
:10CE50004183B295231E11052A96B388D84023102A
:10CE6000E1062311F106231A1107B297B308D70080
:10CE70002E97C2074207231C1107C18741878318D9
:10CE8000040063D3E7003E87058763D3E800468745
:10CE9000BA96834824005E304207C2064187C186A5
:10CEA000F008CC184E85EFE05FCA49616F302ED094
:10CEB00083C8060003480600FD1623001601A38060
:10CEC00006010506ADB693160D01C1863686CC0067
:10CED000C80836CCEFF02EC0E31605BC835D810593
:10CEE000031741050316C104850DB38DED409397DB
:10CEF0000D01C1873EC69257118FE246B387970254
:10CF0000BA97DA973ECA63800A083686CC00C8080A
:10CF1000EFF00EC5D24756CC3EC1B247E354F0B84D
:10CF200083574105831D61052316F104835781054D
:10CF30002318F10489472302F1080317A105E343ED
:10CF4000B7B7E2472317B1052319B10595E3324678
:10CF5000D2454A85EFF0FEDFB246831541056E8665
:10CF60004A85EF10701C85476302F5022302A10871
:10CF7000CC184E85EFC08FB993871D00939D070194
:10CF800093DD0D415DBF02CCCA8779B78947230283
:10CF9000F108F9BFD2472317910523199105B1E391
:10CFA0002686EE854A85EFF0DEDAB2468315410526
:10CFB00066864A85EF10501785476300F502230205
:10CFC000A108CC184E85EFC06FB413871C00931CCA
:10CFD0000701A69D93DC0C4169BE89472302F10835
:10CFE000CDB76EC1F9BFB2472317B1052319B105FB
:10CFF000B1E32686E6854A85EFF0BED58315410567
:10D00000DE866E864A85EF10301285476300F50292
:10D010002302A108CC184E85EFC04FAF1387FDFF48
:10D02000931D0701A69C93DD0D4121B98947230279
:10D03000F108CDB766C1F9BFD2854A85231791049F
:10D0400023199104EF002F93831541052686D2867C
:10D050004A85EF10700D85042302A108CC184E8577
:10D06000C204EFC0AFAAC18481B9D24772464A85D3
:10D070008C23EFF03EECF246831541056E864A851F
:10D08000EF10900A8547E304F5922302A1081DB230
:10D090004AC16FF02FE55247635CE0DA4AC102D221
:10D0A000B38DFD40B38D9D02B307BB013ECE8357C8
:10D0B0004105831D61052316F1048357810523185B
:10D0C000F1048317A10563C5B7D9F2472317B1054A
:10D0D0002319B1058C239257E397078852464A8556
:10D0E000EFF05EE5D246831541056E864A85EF1066
:10D0F000B0038547E304F5862302A108CC184E85CA
:10D10000EFC0CFA0F247850DC20DA6973ECE93DDAE
:10D110000D4145BF8280EF32CEA8C1452A84EFF091
:10D12000DEFEFD575CA4C1671CC06F30CEA903CFE3
:10D13000C500894E63FFEE0183982500638B0800CC
:10D140006309F700EF32EEA50328050102986F305E
:10D150008EA78280EF32EEA1BA89138786162A8BBA
:10D16000AE8BB28C468A6398E902420B135B0B01CB
:10D17000C20BB3079B4193DB0B012310FA00669BA4
:10D18000B3879B41E69B2311FA0023126A01231304
:10D190007A016F30CEA11314060113078016B68AE8
:10D1A00041846377D700938A86E9C20A93DA0A0139
:10D1B0001307801663773701938989E9C20993D9E8
:10D1C00009013385FC4013190501135909418144B4
:10D1D000630808008944B3C497028504C204C1846B
:10D1E0009307A00533D7FA029146B3D7F902137714
:10D1F000F70F93F7F70F6301D73A6395D7008D4781
:10D2000011A00D47639EE71E63EC591FBDEF1395F8
:10D210000A014185EFF05E8733052503C20BC20486
:10D22000C18093DB0B01B3879B40420B135B0B0167
:10D23000A69B3D853E952311AA001385AA054205AC
:10D240004185EFF07E8433058502B38764013D8517
:10D250003E952312AA00139509014185EFF0DE8265
:10D26000330585023D855E952313AA001385A90524
:10D2700042054185EFF05E81330525033D85B3040A
:10D280009B4026952310AA0029B70547639BE70614
:10D2900013950A014185EFF02EFF33058502C20B7D
:10D2A000C204C18093DB0B01B3879B00420B135B6D
:10D2B0000B01B38B9B403D853E952313AA0013853C
:10D2C000AA0542054185EFF02EFC33052503B387FF
:10D2D00064013D853E952312AA00139509014185FD
:10D2E000EFF08EFA330525033D855E952311AA00E4
:10D2F0001385A90542054185EFF00EF93305850236
:10D30000B5BF09476390E7081385AA054205418523
:10D31000EFF08EF733058502420BC204C180135B28
:10D320000B01B3079B40C20B93DB0B013D853E9580
:10D330002310AA0013950A014185EFF0EEF433059E
:10D340002503B3877401B38B9B40DA943D853E95EA
:10D350002313AA00139509014185EFF0EEF233057E
:10D3600085023D855E952311AA001385A905420516
:10D370004185EFF06EF1330525033D852695231297
:10D38000AA0001BD0D47E396E7E01385AA05420513
:10D390004185EFF06EEF33052503420BC204C180D7
:10D3A000135B0B01B3079B40C20B93DB0B01269B66
:10D3B0003D853E952310AA0013950A014185EFF0A3
:10D3C000AEEC33058502B3879B40DE943D853E95E8
:10D3D0002311AA001385A90542054185EFF0CEEA85
:10D3E000330585023D855A952312AA00139509013C
:10D3F0004185EFF06EE9330525033D85AA9479A0B8
:10D40000131C0B01139D0B01135C0C01135D0D012B
:10D4100059E30547E39BE7D41385A90542054185F8
:10D42000EFF08EE633058502C204C180B3079C404D
:10D43000C20993D90941139B0A01135B0B413D8536
:10D440003E952310AA004E85EFF00EE4AA8B5A8574
:10D45000EFF08EE363DFAB024E85EFF0EEE23305D3
:10D46000A90233099D40269CEA9CE6943D854A9595
:10D470002311AA001385AA0542054185EFF0CEE0ED
:10D48000330585023D852A9C23128A0123139A00C5
:10D4900009B35A85D9B78546631ED7100947E39665
:10D4A000E7CCC204C180B30C9C4113950901B38C35
:10D4B0009C4023109A014185EFF00EDD3305850273
:10D4C000138BAA05B3079D40420B135B0B41938955
:10D4D000A905C20993D909413D853E952311AA00AA
:10D4E0005A85EFF06EDAAA8B4E85EFF0EED96356CF
:10D4F00075035A85EFF04ED93305A902269C3D8568
:10D500002A9C23128A0113950A014185EFF0CED798
:10D5100033058502EA943D85D5B54E85E1BF568534
:10D5200031A28D46E313D7C4E39107C4938BA905B9
:10D53000C20B93DB0B41138BAA055E85420BEFF008
:10D54000AED4135B0B41AA8D5A85EFF0EED363D3B3
:10D55000AD045E85EFF04ED33305A902C204C1804D
:10D5600033099C40669C269C3D854A952310AA0061
:10D5700013950A014185EFF02ED133058502B307DB
:10D580009D4023128A013D853E952311AA001395E3
:10D590000901A5BF5A857DBFE395E7C6E3F759DFCB
:10D5A000131C0B01139D0B01135C0C01135D0D018A
:10D5B0000D478D478946E316D7F60D47E397E7BA3F
:10D5C0001385AA0542054185EFF00ECC330585028F
:10D5D000C204C180B3079C40B30C9D41B38C9C40F6
:10D5E00023119A01269CC20A93DA0A413D853E9591
:10D5F0002310AA001385A90542054185EFF0CEC886
:10D6000033058502C20993D909413D852A9C23121D
:10D610008A014E85EFF04EC7330425035685EFF09F
:10D62000AEC633052503E35C85EE4E85EFF0CEC52F
:10D6300033052503EA943D85420541812695231350
:10D64000AA0081BEEF22FED559712A842818AE8423
:10D6500032C6EF10F02FFD5726862C182285231E88
:10D66000F102EF1030342808FD2CB2462C08014797
:10D67000268622851D2E65616F20FED4EF227ED284
:10D68000E1452A84EFF07EA8FD573CB493070010D3
:10D690003EA05C282314040093E717005CA86F20C9
:10D6A0009ED271159377F50F29476369F700370507
:10D6B0000300130545613E95082182800145828063
:10D6C0008D476306F5006915133515008280054501
:10D6D0008280B94763ECA70085473395A700A1670F
:10D6E000938747FA7D8D3335A00082800145828083
:10D6F00019CD18219306F0050545930707FE93F70A
:10D70000F70F63F7F60013557700060582800D4585
:10D7100082805C4991C7EF22DEC882976F20BECA23
:10D720008280EF221EC579712A84B28481EE370689
:10D73000030013060662A6852285EFF0BFF045615F
:10D740006F20FEC603C8B5000947AE89E37907FF1D
:10D75000184D01C7029765F5D9BF90498E253685CA
:10D76000EF20A04B2A8961D5032A4501994A137AF3
:10D77000FA015285EFF0DFF419E55285EFF07FF5FD
:10D78000B33AA000910A0326090209CAA685228598
:10D79000EFF05FEB4A85EF20704955B78327890189
:10D7A000DDC7839504000396240083974400039704
:10D7B000640003A509002310B1022311C102231242
:10D7C000F1022313E102B7060001630BD50405073C
:10D7D00085073306C740B385B74003D72900839632
:10D7E00009004206C205938749004186C185081099
:10D7F000EF10D05A9A208357010283562102BA971C
:10D800002310F102BE20BE962311D102835641029D
:10D8100036972312E10203576102BA972313F102EC
:10D820000C44130A810210105285EFE05E823DD154
:10D83000032B8400832689012324440156872686EE
:10D84000CE852285EFF0FFEC23246401A1B70C44C0
:10D8500026862808EFE0AEFF15DD035AC101BC841F
:10D860000D45050A330AFA40420A135A0A413305A4
:10D87000AA02130D8102854DEFF0EEFDE247AA8B5F
:10D8800085453ED0F2470810832C84003ED2EFE05D
:10D890004EF58317810103970400031CA101039B2C
:10D8A0002400998FC207C187330B6C413EC6831792
:10D8B000E10163D88701232494015E85EFF0EEC275
:10D8C000D1BD1010E6856A85EFE06EF821CDB24536
:10D8D00013160B015E87D28641864A85EF20B0324F
:10D8E000630EB5014A85EF2070345E85EFF0EEBF20
:10D8F0004A85EF20B0332324940115BD2324A401CD
:10D900005687DE861010CE852285EFF09FE0835784
:10D910002102050B85072311F10283576102850758
:10D920002313F102050C61B71377F50FAA871305CE
:10D9300007FD1375F50FA54663F6A60293060006CC
:10D9400063D6F600930707FEE207E1879387F7FBAC
:10D9500093F7F70F154701456366F70013850184B8
:10D96000AA9788238280EF22DEA3930500022A84EF
:10D97000EFF0AEF9FD573CACB70703009387C789BA
:10D980001CC0C167FD175CC01CC4232604001545DC
:10D99000EFE0DEBF0AA8A30D04006F20DEA2EF2295
:10D9A0005EA05C4D82976F201EA2EF229E9C03C852
:10D9B000A501317102CC894763F1071903A905005C
:10D9C0002E8D630C09165C4D63890716368A3284E6
:10D9D000AA8A13060002A8103A8CEFC03041630EE9
:10D9E0000A1483070A00638A071403A68A00A28523
:10D9F000E800EFE0CEE563020514034BCD016313AD
:10DA00000B00054B0348DD0193772800639A07124A
:10DA10005E201A208507998FC207C187831B890062
:10DA200003172D01031624005E973AC41A20231E03
:10DA3000E10203176D013AD203178D01B306E60028
:10DA4000C206C182231FD102631B0C108144C2078E
:10DA5000C1873EC8C2468347DD0103164D01014719
:10DA6000CA8533059A00EF104FADB3099500930CAA
:10DA700000C003A78A008317E10303172700DE977E
:10DA800063CEE710894733059A006315FB160347F9
:10DA9000DD0183164D014A86B3859940EF10AFDF53
:10DAA0005E201A208507998FC207C1873385A7405A
:10DAB000334565038357C1033E95231EA102032C02
:10DAC0004D00832C8D0063F58C01E287668CBE8C43
:10DAD0008357ED018D8B85CFE8080D298357CD0045
:10DAE000231EF1048307E90091E38547231FF10416
:10DAF0008347AD012302F1068327CD01CD8313F7C0
:10DB0000370083475106F19BD98FA302F106280104
:10DB1000EF10006483570D01C16D814B2316F1088E
:10DB20008317C10302CA3ECE9387FDFF3EC6B307EB
:10DB30009A003ED083870700FDE329616F203E876E
:10DB400003172D0183164D0103260D008967FD176C
:10DB5000D2852801EF10CFDB83178108C1B5E31709
:10DB600007EEE35506EE03278C00A245118F1356EE
:10DB7000F741318F118F130600200D8E0606635575
:10DB8000E6007D572320EC0083240C00E3C004EC66
:10DB900003274C00BA96231FD10255BD8347DD01F0
:10DBA000C24603164D01B30D3A010147CA856E8581
:10DBB000EF10AF988357E10322474E95BA97C207FB
:10DBC000C187231FF10263010C0263CF9701032772
:10DBD0000C00635B07000317240023203C01998F8E
:10DBE0002322FC002324EC0083870D00CE84B1D7D0
:10DBF000AA8941B58D47E314FBEC0347DD01831689
:10DC00004D014A86B3859940EF10EFC85E201A2077
:10DC10008507998FC207C1873385A74061BD8357A8
:10DC2000C103125782C0814DBA97231EF102B387F8
:10DC300099403ED48645A25763EAF5108357ED011B
:10DC4000898BA1C7F24789460357E1032314F104E6
:10DC50008317E105B000EC08B3C7D7025685231E31
:10DC60007105BA9703270D00031787003347D702C2
:10DC7000D408BA970357C103C207C1872315F1041B
:10DC8000231AE104231BF10445248357ED01858BFE
:10DC9000A1C3F24703270D00B0002314F104162797
:10DCA0008357E1033A27EC08B697998F0307D90009
:10DCB000D4085685998F0357C103C207C18723151E
:10DCC000F104231AE104231BF104231E7105A92C7E
:10DCD0008347DD01C24603164D01B3043A01CA85EC
:10DCE00001472685EF106F85B387A900BE8D1E20E2
:10DCF000AA85231EF10289476316FB1E0347DD0137
:10DD000083164D014A862685EF10EFB85E201A2053
:10DD10008507998FC207C1873385A74033456503BF
:10DD20008357C1033E95231EA1028357E103224777
:10DD3000CE84BA9703A78A00C207C187031767007A
:10DD4000231FF102E34BF7DEEE89D5B3B24701475B
:10DD5000630AFC006388FC0003A7C180A695528576
:10DD600002972A8702559400CC00B0003AD6EF10F3
:10DD70002FAF8346DD0196453257858A638D0614A1
:10DD8000930630026390D50263960D008647854D59
:10DD90003ECA4DB58546638BDD0A8946639DDD121B
:10DDA000814D49BD85466398DD1213070002E39358
:10DDB000E5E886475247E5176397E70881479946A4
:10DDC000D8083306F700524782553E972E971823FE
:10DDD000850718A2E396D7FE03054105EFF0DFB4EF
:10DDE000AA8D03055105EFF03FB413974D00B30D15
:10DDF000A70003056105EFF03FB32ACC03057105C9
:10DE0000EFF09FB2E2469206AA960305810536D648
:10DE1000EFF09FB12ACC03059105EFF0FFB0E24788
:10DE2000B25613D73D009207AA978D838E06FD8BBD
:10DE300093F6067E7D8B2E07D58FD98FC207C183BF
:10DE40003ECC894DC5BB8357CD00DDBF835BCD0084
:10DE5000814D26464A853AD6EF10AFF2B2472A885E
:10DE60006306FC046384FC04325763618705637FA7
:10DE700097030317C1038316E10303564D01A2471D
:10DE8000231AE1047D17231BD1043297FD162A972C
:10DE90002AD6BE96D0082C015685231CE104231DEA
:10DEA000D104EF1020303258835BED009646701895
:10DEB000AC10568542D6231A7107EFF05FAE325888
:10DEC000E30A08D60355C10303574D013A9542951D
:10DED000231EA10285B38946835BCD00E39BDDF65B
:10DEE000E24B85BF8D47E312FBE40347DD01831658
:10DEF0004D014A862685EF100F9A5E201A2085076D
:10DF0000998FC207C1873385A74019BDEF226EC91B
:10DF1000A9452A84EFF06E9FFD571CA48547231066
:10DF200004003EA06F202ECA03982500630D080050
:10DF300003C88500094763780701EF228EC61C518C
:10DF400082976F204EC882809307C00F63E1B702AB
:10DF5000894763FDB7003305B502A16593851508B0
:10DF60003305B5025D811375F50F8280014582800E
:10DF7000EF228EC1835927015E2B2A84B389354154
:10DF8000034587020C531D8E4206C2093A89B684A6
:10DF9000418693D9094113771500A5E98347090103
:10DFA000054593F627000DC391CE8D8B09471325A8
:10DFB000F6FF6389E7000D476395E7000545634376
:10DFC000C00001456F208EBFF5FE8D8B0547639025
:10DFD000E702E34930FFB3879900E3C407FE6344D7
:10DFE0003035B3053041E3DE95FC228561A2E5F7CB
:10DFF000B38534010545E3C705FCE34430FD330533
:10E00000304163489516094575BF098963070716AE
:10E010000327C9011375F50FB3073703A9876357A2
:10E02000E0006357F6003335A00069BFE3CDC7FEBB
:10E03000B3873401B387E702A9876357E00063D849
:10E04000C70013351500BDBFE34DF6FE0506832757
:10E050008901930AF00F3306F602220629869355AA
:10E0600086401376F60F11CA03274902B387CA40C8
:10E07000B387E702A187B38AFA40B38935414E8A54
:10E080001DCE63CC090263DA99029307F00FB385C2
:10E09000C740B3875741B385F502A58593F5F50FC2
:10E0A00009E593C5F5FF93F5F50F330A34010345F0
:10E0B0000A00EFF07FE92300AA00138A19008347C2
:10E0C000890283254902898B63C6550563519A08E5
:10E0D000634F0A06832589010327C901B385BA0264
:10E0E000A985B3855503A58593F5F50F63560700FC
:10E0F00093C5F5FF93F5F50F89C793C5F5FF93F524
:10E10000F50FB30A440103C50A00EFF0FFE32380D3
:10E11000AA0035A863460A0263549A028585B3852E
:10E12000BA4093F5F50F89C793C5F5FF93F5F50F41
:10E13000330B440103450B00EFF01FE12300AB005C
:10E1400083274902050AB38AFA40E34A9AF68347CD
:10E150008902898B99C7E3C634E7CE85E3C509EA0E
:10E1600069B513051A00E34E05E4E3CEA4E8B385D0
:10E17000A4402295EFE07EF979B503278901137554
:10E18000F50F3306E602B327E0009356A640B69794
:10E19000E3CB37E9B3873401E3C5D7EA93158600AB
:10E1A0003A96220693D62541135B2641A98593F71B
:10E1B000F50F338A3641638E66176357070C930A4F
:10E1C000FAFF638507168329C901B3093041B38972
:10E1D000F90293D9A94063460A0263549A02B385AF
:10E1E0003703A58593F5F50F09C593C5F5FF93F59D
:10E1F000F50F330B440103450B00EFF0FFD4230070
:10E20000AB0063C40A0463D29A049305F00FB38988
:10E2100035418325890183478902B305B040B38521
:10E220003503898BA985B3853503A58593F5F50F4E
:10E2300089E793C5F5FF93F5F50FB309540103C5BD
:10E240000900EFF07FD02380A90083478902898BE2
:10E250008DC3E3CA54DBD685E35750DB79B3050A97
:10E26000268563539A005285E30D05D4E35DA0D85B
:10E27000FDBD050A0545E3C744D5E3460AD8B38585
:10E28000444133054401FDB58329C9019305F00FCD
:10E290009D8DB389350393D9A94063460A0263541F
:10E2A0009A02B3853503A58593F5F50F09E593C566
:10E2B000F5FF93F5F50FB30A440103C50A00EFF02B
:10E2C000BFC82380AA0093071A0063C2070463D063
:10E2D00097049305F00FB3893541832589010347DE
:10E2E0008902B385B902098BA985B3853503A58554
:10E2F00093F5F50F09C793C5F5FF93F5F50FB3092E
:10E30000F40003C50900EFF03FC42380A900834750
:10E310008902898B99C7E3C644CBE3460ACED285EE
:10E32000E9B1090A35BFE35E90C8C1B1568A9307C7
:10E33000F00F63460A0263549A0229869375F60F1A
:10E34000BE95858109C593C5F5FF93F5F50FB30A11
:10E35000440103C50A00EFF03FBF2380AA008347B2
:10E360008902898BE38D07EEB3053B41E3DB95C45E
:10E37000E3CB05C89DB9EF224E80AE842A84831575
:10E38000A70003158700368A8316C7003A8913074A
:10E39000300BB289B307B6403385A4400316E900B9
:10E3A000634BD710634CC720638B0620630E062097
:10E3B000635CD62063D6B900854426856F107EFF46
:10E3C0008325490513871700C206B385B702832743
:10E3D0008902C182130890053307F7029387F6FF7D
:10E3E000C207C183A98529876366F800635E0700B9
:10E3F000014719A8938656FAC206C1829307200BDB
:10E4000063E4D700E346E0FE420641829307F6FF4D
:10E41000C207C1839306900563E6F600635E0700BA
:10E42000014719A8130656FA420641829307200BAA
:10E4300063E4C700E346E0FEB387E5408587BA970B
:10E44000898F528B63D347013E8B854B63526003A8
:10E4500093160B0113070901C1864E86A6852285F6
:10E46000EFF01FB1AA8B09E5DA852285EFE0FEC93E
:10E47000D28A63534B01DA8A63D30A00814A9395A7
:10E480000A01C181B306BA405694A6951307C90381
:10E49000C206C205C1864E86C1852285EFF05FADFA
:10E4A000AA8411E5B3055A412285EFE01EC6E38632
:10E4B0009BF0894419B71307400B6380E60E635243
:10E4C000C7126350D612E3C935EF832549050327E8
:10E4D0008902C206B385B7028507C1821308800589
:10E4E000B387E702138716EF42074183A985A987FF
:10E4F0006366E80063DE0700814719A8938656FA31
:10E50000C206C1821307200B6364D700E346F0FE06
:10E5100042064182130716EF4207418393068005A6
:10E5200063E6E60063DE0700814719A8130656FA82
:10E53000420641821307200B6364C700E346F0FEE6
:10E54000B386F5408586B697898F528B63D3470192
:10E550003E8B854B6352600393160B011307C9036F
:10E56000C1864E86A6852285EFF09FA0AA8B09E57D
:10E57000DA852285EFE07EB9D28A63534B01DA8ACD
:10E5800063D30A00814A93950A01C181B306BA4058
:10E590005694A69513070901E5BD854A63C3B900E2
:10E5A0008D4A8317E9001307400B6390E704831734
:10E5B000A9000D4563C1F904054535A891E68D4ACA
:10E5C000E3C1B9FE854AF1BF8D4AE3CCB9FC13071C
:10E5D0000901D2864E86A6852285EFF07F99AA8A08
:10E5E000C9B78D4AE3C5B9FE6DBF89EB8317A90092
:10E5F0000D45E3C3F9FC63960A020DA89306300BA0
:10E6000063C8F6028317A90063CAF9021307C90396
:10E61000D2864E86A6852285EFF09F9563880A00F4
:10E6200011C58D47639EFA00E31555E9814471B326
:10E63000E38EE7FC8317A900E3CAF9FC0D4565BF2B
:10E640008547E398FAE6E31655E7BDB3EF127ED2AD
:10E65000835827010318A7000313E70093F8180055
:10E66000639008086355060101456F105ED4E34DC1
:10E67000C3FE83178700368983160701AE89AA84F3
:10E68000B385D7000314C700B38A374163C8B90004
:10E69000B30539013305D440635AB500B305D8003A
:10E6A000634EB606B305D34063CAC506639108043A
:10E6B000E34C59FB63C60A00D6852685EFE0FEA42D
:10E6C000B305344113851500E350A0FAB305A94002
:10E6D0006341251363940A006306A900094571B7D5
:10E6E00063540601054551B7E355C3F8E5BF63D34D
:10E6F0000A00814AE34459FFB3053441B3855541CB
:10E700008505B387BA006354F900B30559413385D1
:10E710005401E3C505FCEFE05E9FC9B7420842061D
:10E7200005041358080141821D8CB3070641C20736
:10E73000139E0601C183135E0E011305FEFF939520
:10E740000701931904014205C18593D9090141814B
:10E7500063D3D50A72981346F6FF3298544B420899
:10E7600013580841DC460508131718009305E7FF06
:10E770003386B7003E979C46B389C9411222AE97B3
:10E78000822393950A01C181035B0700AE99A29988
:10E7900003AA4600C2092E95330BCB4093D9090139
:10E7A000018D420B939A090113140501135B0B4170
:10E7B000329A93DA0A414184638408049307FBFF89
:10E7C000A28C3E9A568D014C63446C0D13051400C7
:10E7D0006353A9004A8563530500014563D22A119A
:10E7E000B38AAA40814563C60A00B385A940C20521
:10E7F000C18526950DB7AA973E9833086840B9BFE2
:10E80000A28B5A9A568C814963C069055A85635315
:10E810000B0001454205418556956353A9004A8581
:10E82000635305000145B305A9402695EFE0FE8D31
:10E8300033056441930515006353B900CA8563D35A
:10E84000050081452685C1BD034DFAFF634D0C00CF
:10E85000635B2C01B38C840183C50C006A85EFF0E7
:10E86000AFEE2380AC0063CD0B0063DB2B01B38CD8
:10E87000740183C50C006A85EFF00FED2380AC00B6
:10E880008509C20993D90941FD1B7D1A050CADBF4D
:10E89000834B0A0093CBFBFF93FBFB0F634D0D00F3
:10E8A000635B2D01B38DA40183C50D005E85EFF080
:10E8B000AFE92380AD0063CD0C0063DB2C01B38D89
:10E8C000940183C50D005E85EFF00FE82380AD0055
:10E8D000050C420C135C0C41FD1C7D1A050DEDB5B9
:10E8E000B306A9408145E3C606F09395060109B732
:10E8F000B77700201386C79701479387C79741488A
:10E90000832806009376F70F638808000507210621
:10E91000E31807FF7D5582800E07BA9788C31395C9
:10E920000601CCC341858280EF121EA637740020F9
:10E930002A89AE89328AB68A1304C4978144094B66
:10E94000184009E7138514006F105EA71C43D68694
:10E950005286CE854A85829765D9631365018544C1
:10E960002104F9BFFD57630EF500B77700200E05AF
:10E970009387C797AA97884323A2070023A007007D
:10E98000828001458280EF123EA0377400202A8ADF
:10E990001304C49781440149C1495C40639947010C
:10E9A00013950401418503290400EFF0BFFB8504A2
:10E9B0002104E39434FF4A856F105EA0EF127E9E1F
:10E9C0005C2109472A846393E7025C4991CF984B05
:10E9D00063590700C843EFE02EAF4848EFE0CEAEE2
:10E9E00021A0D84B7D17D8CB6F10FE9D1547E39D16
:10E9F000E7FE0845E5B7EF12DE9A377400201304EE
:10EA0000049093040407084019C1EFE0EEAB22859F
:10EA1000F1457104EFE06EEFE31794FE6F10BE9ABC
:10EA2000EF129E963774002019E50325C4973335FD
:10EA3000A0006F10BE981304C497AA841309040899
:10EA400089491C4091E72104E31D89FE0145D5B7A2
:10EA5000D823630437010545E9BF938587000396F2
:10EA60000701BC2B2685858B89C7EFD07E8F61FD82
:10EA7000DDB7EFD05E86E5BFEF12BE924111AE84E6
:10EA80009305C00232C636C43AC23EC02A84EFE0C3
:10EA9000CEE7124732468247A246631BE6008D4509
:10EAA0006390B7027D167D17420642074186418773
:10EAB0006358C700B2853A862E87A685B684AE868F
:10EAC00093F537001C2856A4858EF19BCD8F32A478
:10EAD0007AA452A8118F13D6F6419355F7411CA87A
:10EAE000B347D600918F33C6E5000D8E3326F6006E
:10EAF0008347840206A426A8F99BD18F37E601003C
:10EB0000130606F72304F402232E0400232C04002A
:10EB100010C023020400858BB1C789CAB707100053
:10EB2000B3C7D702B387E702A9875CCC09CB370606
:10EB300010003347E602B306D702A98614CC5C4C1A
:10EB400018281CD014500D8B8347840221E3F59BB9
:10EB50002304F40293D7264063C906045CD0410124
:10EB60006F107E8609CBB7071000B3C7E702B387E3
:10EB7000D702A9871CCC89CA37061000B346D60233
:10EB80003387E602298758CC1C4C5DBF05466315C8
:10EB9000C70093E727006DBF09466315C700E34A26
:10EBA000D0FE75B7E345D0FAEDB7B307F0407DB7B7
:10EBB000EF122EFFBA871307400B4111AA84635648
:10EBC000D7009386C6F4C206C1861385A605420502
:10EBD00041853EC632C42EC236C0EFD0FEEA824620
:10EBE0002A843685EFD05EEA2246924593565440F9
:10EBF00015853295AE96B24713170501C2064187B7
:10EC0000C1862685EFF05FE741016F10CEFBEF1262
:10EC1000AEF73A8413077016AA842E89B28963541A
:10EC2000D700930670169397060163D307008146B9
:10EC3000C206C186634504069307701663C3870640
:10EC40006353D406B307D44093878716C207C183A2
:10EC50002394F40613970601B7E7010093876737FB
:10EC600041839CC01337470B8547D6A4DCA04E8652
:10EC7000CA8513850401E2A4239424012395340159
:10EC800013471700EFF0DFF21327440BA2864E86DE
:10EC9000CA851385C403EFF0BFF16F102EF2014453
:10ECA00045B7130470163307D4401356F741B347E2
:10ECB000E600918F61BFEF124EEC039845002A8960
:10ECC000039565008398050083952500B289130795
:10ECD0001500130618000D8F33061641BA8713135B
:10ECE0000601420741871353034101116353E300B7
:10ECF000B287C207C187858763D637019399070119
:10ED000093D90941CE8763D30900814793940701C2
:10ED10002318F90093F716008346290123141901DB
:10ED20002315B900F99ADD8EB7E701009387C76410
:10ED30002320F9008947231609012317A900230975
:10ED4000D9002302F900C18463473001232A090056
:10ED500005616F100EE6B7770020138707901386C2
:10ED600007908146938707909145031586016313A9
:10ED7000950471473387E60285453E97504B05065B
:10ED800050CB104B3D476354370193D544407147F6
:10ED90003387E6022E969305803E3E9763D4C500E6
:10EDA0001306803E10CB7147B386E602B697232A3E
:10EDB000F90079BF85067106E399B6FA930707074C
:10EDC0000144544B91E619CC104B1448634CD600C7
:10EDD0007107E318F7FE1DEC7145EFE0AEA12A8440
:10EDE00001E501A03A84EDB7F145EFE00EB2FD5721
:10EDF0001CC80840232A890006AC19C1EFD0DEECFC
:10EE0000938A140019453385AA02EFE0AE9E08C02C
:10EE100015E101A05C483D4785075CC88547635400
:10EE2000370193D744401307803EE353F7FC930721
:10EE3000803E7DBF93971400890713992400AA97F9
:10EE4000130A49005CC4B30745011CC448C0854788
:10EE5000639EF900930740FB1CA15C4423900700CC
:10EE6000239137011C4423900700DDB513953A0028
:10EE70004209EFE04E9E1359090113160901054797
:10EE800041863309274193572640131709013EC095
:10EE900033084501418702C801438147814FC14280
:10EEA00063456602814593160701C182634FE008FE
:10EEB000131713008D06BA961397060141870503B1
:10EEC000420313530341635E66081307302D3387F3
:10EED000E40293961700F9163306D50003160600D0
:10EEE0009355A7406398C5003306D8000316060063
:10EEF000638EC5021377F73F13060020634EE61AB0
:10EF00003307E7023D838906C205C1853306D50074
:10EF10000EA2C2968EA25440BE9698A258403E972A
:10EF200014238507C207920614A3C1871387E7FF3E
:10EF3000635F07188328C4008146014723900800B7
:10EF40006343F71CEFD07EDA21B53307C3400607D1
:10EF50009506BA967D1613970601420641874186AB
:10EF6000B9BFB306B1009358264023A01601140878
:10EF7000AE969378360023A016019105E39555F2DD
:10EF8000939C0701024A93DC0C0183294400B2439D
:10EF9000139E17003E8F93871C00939E0F01C2079C
:10EFA000131B0A01B30BC50193DE0E41429EC187BC
:10EFB000135B0B4183460101834541018348810175
:10EFC000FA990349C10163147A02AE9623906B014A
:10EFD000C6962310DE01CA962380D9005440369F7E
:10EFE00083460F0092062300DF00850F55BD9390E6
:10EFF0001700BE8393872C00924C930AFAFFC20A33
:10F00000C207330C150093DA0A41C290C18763042A
:10F010009A0523906B012310DE012380D900544010
:10F02000369F83460F0092062300DF00032E440024
:10F03000B386B80023105C0191062390D0011E9E78
:10F04000CA962300DE005440B69383C6030092069E
:10F050002380D30059BFAE96A24523906B012310A5
:10F06000DE0193F6F60F6306BA022380D9005440FE
:10F07000369F83460F0092062300DF004C4023108A
:10F080005C01B38628012390D0019E95A10694A12E
:10F090005DBFC6962380D9005440369F83460F003B
:10F0A00092062300DF004C4023105C012390D00126
:10F0B0009E959306C900E1BF130600403307E64062
:10F0C0003307E7021356F7403D47118F2DBD131646
:10F0D0001700B305C8008398050093961700B30581
:10F0E000D500239015012A9603160600C29692A217
:10F0F00054403386E6001022BE968507C20790A2D0
:10F100007D17C18735B5939516003386B8001AA2CE
:10F1100010442E9693151700AA958E210EA29315D2
:10F1200017003303B800031303006314D3006346CE
:10F13000F7008506C206C18621B5AA9503530600CD
:10F14000839505006353B3009A850EA20507C1BFDE
:10F15000EF122EA5930580032A84EFD01EFB89476A
:10F160007CA4B70703009387C7895CC8FD577D5708
:10F170005CC03CAC2305F402230BF4023E3058A4DF
:10F1800038B0717713070710F98F09671307F7EF86
:10F19000D98F23150400231F0400231604023EB058
:10F1A0006F106EA27E22035826008507B3870741A1
:10F1B000C207C1876350F0025E221A228507998F29
:10F1C000C207C1876358F000EF12AE9D5C4582977D
:10F1D0006F106E9F828081476313F60082803387B1
:10F1E000F50014233307F500850714A3F5B7C2050E
:10F1F0004205C18141819397050113170501B706A7
:10F20000E1079386F681CD8F598DB3F5D700758DC3
:10F21000930746000D8D8D87B307F5029583AE9752
:10F22000F58F13D507015D8D8280EF12EE951C419D
:10F2300041112316010093F8F7011388C8FF09470D
:10F240000045636007052A894685B289AE84EFE0F0
:10F250004FC5832809000D811375F50F93D8A800B9
:10F2600093F8F87F33863803B385C400B385A502CD
:10F2700009466800A295EFF01FF6288641016F103D
:10F28000EE931D47639DE80213D8A7001378F87F1B
:10F290001D08135838403308C80213F575008D85D2
:10F2A000B388A8408547B397170122982E98034545
:10F2B00088007D8DB3581541231611017DBF21476C
:10F2C000639CE80293D6A70093F6F67F8D068986A5
:10F2D000B386C60213F53500898513171500194545
:10F2E000198D0D47A296AE969C2A3317A700F98F69
:10F2F000B3D7A7407C8651B725476397E80213F53B
:10F300001500131725001145198D13D7A700137782
:10F31000F77F050705873307C702858522972E9754
:10F32000834707043D47D1B72947639DE800A98378
:10F3300093F7F77FB387C7023308B400C29783C738
:10F3400007404DBFD5188D47E3E917F3748635B7ED
:10F35000EF128E831C419546411113F7F7010045CA
:10F360006310D702A98393F7F77FB387C7028D464F
:10F37000AE97B386D702A296A82241016F100E84E1
:10F38000AD466310D70493D6A70093F6F67F9D068B
:10F390008D86B386C60293D7354013C5F5FF137823
:10F3A0007500A296BE9688228547B39707017D8D8A
:10F3B00033550541133515003305A0401375F50F7E
:10F3C0006DBFB1466315D7043757AAFF130707501F
:10F3D00013F535003AC0131715001945198D13D7C9
:10F3E000A7001377F77F0D0709873307C70293D765
:10F3F000254022973E971C230D473317A700F98F0E
:10F40000B3D7A7401808BA9703C507FFBDB7B546DD
:10F410006313D7042E89B7B50200B289AA84414686
:10F42000938505140A85EFB0601C13751900131637
:10F4300025001145118D9040935519403D47298273
:10F440001376F67F0506058633063603B306C40039
:10F45000AE969C225DB7B9461305F00FE31FD7F0B7
:10F46000A98393F7F77FB387C702B306B400B697B3
:10F47000882321B7EF027EF08314C500A94A5959A9
:10F4800033CA5403831785002A84130BA005A207EF
:10F490005CD18317A500A2071CD533092A0326993E
:10F4A00093140A01C180330590404205050A418545
:10F4B000420AEFD06EDD135A0A01AA893305404192
:10F4C00042054185EFD04EDCAA8B33059B404205B7
:10F4D0004185EFD06EDB330A4B41AA8413150A0134
:10F4E0004185EFD06EDAB3872A41B389F902B3843C
:10F4F000F40233052503B38B2B03AA942828DE9945
:10F50000B3C95903B3C4540393D9594023263403D0
:10F51000958404D8EFE0CF9A834744030589F99B8B
:10F52000C98F2828230AF402EFE0AF9A05899317C0
:10F5300015000345440334281375950F5D8D1C4059
:10F540001387C6FF133737001CD01C4C0A07598D90
:10F550005A20FD8A93F707F0D58FB706E0FF938610
:10F56000F63F1377F77F2A07F58FD98F7A20B706F2
:10F5700020001386F6FF5607F18FD98F7A241CCC12
:10F58000230AA40293571700B697B3C7E7021CDCFF
:10F59000FD577CA81E285EA86F00BEE191EE1308FF
:10F5A0000010631B0701FD157D16231005002311B4
:10F5B00005004EA172A18280039E070003932700DD
:10F5C000B308C04133086040B385C5413306664087
:10F5D000B388E8023308E80293D88840FD18C208CF
:10F5E00093D8080123101501B385E502135888400C
:10F5F0007D18420813580801231105013307E6025C
:10F60000A1858905C205C1814EA12187090742074D
:10F6100041837AA195E2420E4203135E0E01135319
:10F620000301F2981A98F2951A97231015012311E5
:10F6300005014EA17AA18280EF023ED4294B33CA44
:10F6400066035954AA84BE8A33048A025285130978
:10F650001A003694EFD04EC3AA89131509014185CB
:10F66000EFD08EC2AA8B1305AA0542054185EFD0C3
:10F67000AEC12A891305BA0542054185EFD0CEC037
:10F68000B3068B403387D902839704000396240086
:10F69000839F44008392640083DE2A00B306D9026C
:10F6A000B38B8B02330585025E973695334767032C
:10F6B00083D60A003345650315871585B385A702F0
:10F6C000B308E602338FAF02338315411353A340CF
:10F6D0003693420313530341B387E702B3081F4134
:10F6E00093D8A840B698C20893D808413306A6021A
:10F6F000B38FEF023388C7001358A84076984208AA
:10F70000135808413387E2027E9629867696420690
:10F7100041863385A202998D330FEF40A985135F8F
:10F72000AF40B695FA96139E0501C206135E0E41D0
:10F73000AA973387AF00A9872987F6977697C207DC
:10F740004207C187C18641879A8563D36800C68511
:10F750001395050141856353AE00F28513950501AC
:10F76000418563D3A600B6858EA09A8563531301A5
:10F77000C6851395050141856353C501F28513952F
:10F78000050141856353D500B685CEA0C28663537B
:10F790000601B28693950601C18563D3B700BE8684
:10F7A00093950601C1856353B700BA86B6A0C28699
:10F7B0006353C800B2861396060141866353F60070
:10F7C000BE86B68793960701C18663D3E600BA87E3
:10F7D000FEA06F001EBEEF025EBA0319C5038319B7
:10F7E000E5039306F0069377F90F41112A84032C61
:10F7F000050013F7F90F63E1F614831405041309E8
:10F8000009F8B3249000B30490401379F90F9307DB
:10F81000F00663E7E714831B2404938909F8B32BEC
:10F820007001B30B704193F9F90F83474403035AF6
:10F830004401834A6401918B6382071883458404E1
:10F840007C400946B38595024800BE95E295EFF0ED
:10F850009F98834784048315440009462800B38594
:10F86000F5027C40B3857503BE95E295EFF0BF9637
:10F87000834784048315440078400946B385F50224
:10F880006800B3879702B3857503BA97BE95E29572
:10F89000EFF07F9483474403898BFDE70145014CDA
:10F8A000014B83474403898B6386071C1307F00FC2
:10F8B00033062741B306CB0233073741B3872A0308
:10F8C0003306C502B697A187B3062C03B296A1866C
:10F8D00013F6F60F93F6F60F3307D70293F6F70FEA
:10F8E00093F7F70FB38636033697218778A8094731
:10F8F000636DF7168147637EC71A814989474A8637
:10F9000063E357010146894763E467011306F00F7B
:10F91000894763E387010149894763E4A700130925
:10F92000F00F631D0614035A41006313091628865D
:10F93000639A09164AA8ADAA9306000963FEF60069
:10F9400083140504831545009307F0078504B3A4C9
:10F95000B4003389274155BD1309F00F814445BDDB
:10F960009307000963FEE700831B24040316640069
:10F970009307F007850BB3ABCB00B389374165B56F
:10F980009309F00F814B55B5834684040316440058
:10F990007C40B3849602FD173387D7003306D60226
:10F9A000BA94E29403CB0400B30B7603B3077C0153
:10F9B000BA97DE9403CC07008820E5B5835504048C
:10F9C000C204C180162803162404A695930C840152
:10F9D000C205C1856685EFF05F8503562404C20B1E
:10F9E00093DB0B011628831504045E964206688299
:10F9F00041866685EFF07F83035624048355040413
:10FA000016285E96A6954206C20568844186C18581
:10FA10006685EFF09F81834744036886898BE38F77
:10FA200007E683550404031624046685A695C205DB
:10FA3000C185EFF0FF9103562404831504042A8B3B
:10FA40005E96420641866685EFF09F900356240439
:10FA5000835504042A8C5E96A6954206C20541860B
:10FA6000C1856685EFF0DF8E2DBDE369C7E8930998
:10FA7000F00F69B5FD577CA84A8665B59307F00F6E
:10FA8000E305F6EA2C825285EFF06FF62A8A71BD03
:10FA90009307F00F2884E30DF9E82C864A86EFF0EF
:10FAA0000FF579B59307F00F6399F900231A440114
:10FAB00085473E8541016F00DE8FAA854E865285BF
:10FAC000EFF0EFF285BDEF025E8B831785007A259C
:10FAD000832945029D8D8317A500032985021D8E6C
:10FAE000930700106315F7025C5514593388C70259
:10FAF0003387B602B385B702330707410987BA993E
:10FB0000B387C602BE9593D725403E9929A81C5DB0
:10FB1000B385F5023306F6028317C5009585158671
:10FB200081EFAE9932998314450093DA894063C618
:10FB30009A0201456F00FE8714595C553387B6025F
:10FB40003388C702B386C602330707412987BA99AB
:10FB5000B387B702B697A9874DBFE3CC0AFC8317DA
:10FB60006500135A8940E356FAFCE3440AFC8347D4
:10FB700045032A8413F747003DC7B3844403898BA8
:10FB80000C415105D694B1E386040946A695EFF0E1
:10FB90008FE4894703474403058B11C75628130791
:10FBA000007EE388E6F83838054549D7231E34033C
:10FBB000231F2403231054052311440564C0230488
:10FBC000F4042285EFF03FC1B5B78D47B384F4024A
:10FBD0000946338B9500DA85EFF0EFDF83472B0082
:10FBE0007CA88D4745BF1629139B0A01931B0A0168
:10FBF00093048501135B0B4193DB0B415E86DA8531
:10FC00002685EFF08FE24AA85E862685DA85EFF03A
:10FC10002FF468A881448147B5BFEF028EF84111E7
:10FC20002A842EC632C4EFF07E87B245A246B7744E
:10FC300000202E862A89A285138544A1ED2D1384E8
:10FC400044A111ED138544A19305C002EFD0EECB82
:10FC5000B70700801CD4014541016F00CEF65C4C13
:10FC60002324040299C32285C5BF4A85EFF07E8410
:10FC700019C148CCCDBF85475CCC138544A1E9BFF1
:10FC8000EF022EF2C45195C4982985472E8463153E
:10FC9000F7002685EFC01E98C84419C1EFD0CE8268
:10FCA000884819C1EFD04E822685EFD0EE812322FD
:10FCB00004026F004EF1EF02CEEE41112E85AE84AC
:10FCC0003284EFD0FFA229E194402946014793F7FF
:10FCD000F601F11793F7F70F6363F60893D7560110
:10FCE000139657011C40370720009305F7FFED8F4F
:10FCF000D18F3706E0FF1306063E1307F7C1F18FD9
:10FD0000F98ED58F1CC089A88547631EF50426850A
:10FD1000EFC05EBCB705030093858562EF00EEF58A
:10FD200015ED0946A6854800EFC0FEB105E18A86BB
:10FD30001146A2854800EFC0DE91AA844800EFC0BA
:10FD40007E8D89EC02479147631AF7001C402947D2
:10FD5000F107FD8B6364F700054711A001473A8561
:10FD600041016F004EE689470147E31AF5FE1C404A
:10FD7000370720001307B74093F7073ED98F59B7CD
:10FD8000EF02AEDFBE84DC493684BA8993F6E70120
:10FD9000114701112E8AB28A6387E60013F5F70135
:10FDA00019476318E50683460A0105476384E600A0
:10FDB0000145A9A813F5F701032B4A02EFD07F8E66
:10FDC00003294A01AA8B01461359A9001379F97F27
:10FDD00033048902B3055401B385A5025A858D8584
:10FDE0009105EFC05E9C69F593DB3B0093FBFB0F35
:10FDF000B3893B031408A6855A8502C84E86EFC016
:10FE00005E855DF5C2470545E394F9FA05616F002B
:10FE10004EDA930755FF0D476364F71C930700F014
:10FE20007C84B7B50200B757AAFF938707504146B5
:10FE30009385051508083EC6EFA0407B83568A00CF
:10FE40002687814713D6860063C0370503254A01FC
:10FE5000054B7D89EFD0FF8403294A01331BAB009A
:10FE60007D1B420B9377F9013147AA8B135B0B0182
:10FE7000638CE70A6361F7022D476382E704814AD6
:10FE80000149814C014C95A08507C20714A310B30A
:10FE9000C1870D0755BF35476380E70C3947E390AD
:10FEA000E7FE1359A9001379F97F33048902931CE3
:10FEB000090193DC0C4133095401814AE1B713591C
:10FEC000A9001379F97F1D0913593940330424031C
:10FED000931C090113D93A4093CAFAFF93DC0C41F1
:10FEE00093FA7A00130C81002299668503244A0252
:10FEF000EFD06E962A8D0145E30A0DF083470A0183
:10FF0000C1E783274A008C472E99A146B3867641E4
:10FF1000E20689040147B945E186634537096A85E8
:10FF2000EFC0BEDC0545DDB51359A9001379F97F93
:10FF30000D091359294033042403931C090113D9D3
:10FF40002A4093CAFAFF93FA3A0093DC0C41860ADE
:10FF5000130CC100229951BF1359A9001379F97FDD
:10FF600005091359194033042403931C090113D9BB
:10FF70001A4093DC0C41229913F41A00814A11E0D3
:10FF8000914A130C010195B793054900014622855A
:10FF9000EFC07E8181466686EA852285EFC06EEBE2
:10FFA0006A89A5B78347090003264A01B3D7574199
:10FFB000B3F767017D8A93F7F70F6304B600E29702
:10FFC0009C23B38A7A41E20A9CA093DA8A4163D4E3
:10FFD0000A00B68A05090507420741878D0435BF27
:10FFE000930795FFE366F7DCEFD0AFEB0549832776
:10FFF0004A013319A9007D19420913F7F701A146F7
:020000022000DC
:100000002A8B13590901630AD70863EFE6029D465C
:100010006300D7060144814A814B5E85832C4A02E6
:10002000EFD06E832A8CE30505D883470A01F9E3F4
:1000300083274A008C472E942146014733066641A8
:100040006348370D6285E9BDA546630ED706A9460C
:10005000E312D7FCA98393F7F77F33848702939B3E
:10006000070193DB0B41569413040440814A75B792
:1000700093D5A70093F5F57F9D058D853304B402D4
:10008000939B050193D53A4093CAFAFF93DB0B414A
:1000900093FA7A002E94210449B793D5A70093F5DB
:1000A000F57F8D0589853304B402939B050193D5B3
:1000B0002A4093CAFAFF93FA3A0093DB0B41860A6F
:1000C0002E94410499BF93D5A70093F5F57F85053C
:1000D00085853304B402939B050193D51A4093FAA6
:1000E0001A0093BA1A0093DB0B418A0A2E94130468
:1000F000040425B79305440001466685EFC0AEEAC7
:1001000081465E86E2856685EFC0AED462842DB7F7
:100110001C2083A6CC00B3D75741B3F7270193F730
:10012000F70F93951700AE969622B38A6A41E20ABA
:1001300094A0A18294B083A60C0193DA8A41B69769
:100140009C23BCA063D70A00931A860193DA8A41E4
:1001500005040507420741878D04DDB5EF02CEA2F5
:100160009C2905474111AA892E846398E706C84156
:10017000EFC04EF6B705030093858562EF00EEAF42
:100180002DE14C4009464800EFC0EEEB39E95C50E8
:1001900091EB5145EFC01EE648D011E101A0D145D9
:1001A000EFC0BEF64C50814731475400BE969022B6
:1001B000B386F500850790A2E399E7FE4848094712
:1001C0007D899307C5FF93F7F70F6362F7021C2839
:1001D00099CB054541016F006E9EEDF3DC419C47D4
:1001E000F1FF0145C5BF5C409C471CCCDDB79307C0
:1001F00095FF93F7F70F0D47636AF70CEFD06FCABF
:100200005C502A8991EB5145EFC0DEDE48D011E108
:1002100001A0D145EFC07EEF4450094533152501BB
:10022000EFC05EDDC8C411E101A0054A33192A01FF
:100230004A85EFC03EDC88C811E101A0DC4491E7AB
:10024000A2854E85EFF0DFA369BF1C2863954705A3
:10025000014691452685EFC00ED50144E30B24F7F6
:10026000814611464C002685EFC0AEBED0449317A0
:100270001400948218833E961C8289820D83960610
:100280008D832E07D58FD98F1EA29C489883A29765
:1002900098A30504E1B75C4081469847E38B26F3B9
:1002A000C8440C339397160030233E951C23898154
:1002B0000D8296058D832E06CD8FD18F1EA19C4871
:1002C00030331107B69790A38506C9BF551513752E
:1002D000F50FE370A7F0ADB7EF020E8B2E8A2A89D7
:1002E00091455285EFC07EE2631609008144268560
:1002F0006F00CE8C4A85EFD0AFBF01E58327890020
:10030000F5D7B7790020138509A4EFC0EEF22A844F
:100310008144854A69DC1C4081CB5286CA8522858E
:100320008297AA84E30555FDA285138509A4EFC031
:10033000EEF12A84C5B7EF024E84AE8993058002A0
:100340002A843289B684EFC05EDC639609000149D5
:100350004A856F000E864E85EFD08FB901E583A7E1
:100360008900F5D72314240108A844C485476312E3
:10037000F5044E85EFA000790505EFC0BEC748C063
:1003800011E101A0CE85EFA0E076377A00201305B9
:100390000AA4EFC06EEAAA840149930A4401054BFE
:1003A00081EC18288547E315F7FA4840EFC0DE9145
:1003B00045B723223401D1BF9C409DCFD8400DCFFB
:1003C0005686CE85268582972A89AA8B6316650371
:1003D000DC4004C0A285268582972A89E30A75F746
:1003E00091455685EFC07ED223200402232C0400C1
:1003F00023220402232E0400A68513050AA4EFC0BD
:10040000EEE4AA8471BF8328050003A88800630D69
:100410000800EFF21DF9BA873687B2862E86AA85C4
:10042000468502986FF03DFA01458280EFF27DF734
:100430002A84084111CD5C4599C3A285829718286A
:1004400085476317F7004840EFC01E882322040049
:100450006FF07DF7EFF2FDF437750020130505A46A
:10046000EFC0AECD11E101A0D1452A84EFC0FEC995
:1004700022856FF05DF5EFF2DDF237750020D14592
:10048000130505A4EFC06ECAEFF0DFFC11E101A077
:10049000B7070200938767CB1CC1B7070200938799
:1004A000C7155CC1B7070200938707D81CC5B707FB
:1004B0000200938707C85CC56FF0FDF019E9EFF201
:1004C0005DEEEFE05EF0814711C11C493E856FF0A3
:1004D0009DEF1C493E85828019E9EFF29DECEFE02B
:1004E0009EEE814711C15C493E856FF0DDED5C49B0
:1004F0003E85828019E9EFF2DDEAEFE0DEEC81472C
:1005000011C15C4D3E856FF01DEC5C4D3E858280D7
:1005100019E9EFF21DE9EFE01EEB814711C11C5113
:100520003E856FF05DEA1C513E85828001E9EFF265
:100530005DE7EFE05EE908456FF0FDE80845828081
:1005400015E1DC4188430DC11C4989CFEFF27DE5FF
:1005500023A605002E848297082C1345F5FF0589F4
:100560006FF07DE60841C5B705458280EFF2DDE119
:100570002A84A52B3DE15C409C47C9E3A285014547
:10058000EFF01FFCAA8425C55C409C4763830710DD
:10059000B82F63000710DC4701498549314AF5CB84
:1005A000639734059443CDEA5C400509984771EBA5
:1005B00048405C4185CF1C2C918B8DEB1C448544BD
:1005C0009387D7FD63EBF40C5C402285DC435CC071
:1005D000713F7D159334150019A808411C4599C336
:1005E0000C2482971C2C13F7270009C78544268505
:1005F0006FF0DDDC858BC1D38144D5BFB82F3DDFE3
:10060000DC47814413090008B149ADDB944389EE0E
:100610005C40850498473DD33C2FE3F1F4F6B38763
:1006200034035847BA97D5B79827131687016186C0
:10063000E35006FE6307270110441377F7F7E31929
:10064000C7FCDC4322855CC482961C2C13F7270070
:1006500051FF858BD5DF4DB798271316870161862B
:10066000E34406F401C71044E310C7F4DC432285D9
:100670005CC482961C2C13F727002DFB858B8DD72D
:10068000A5BF3C2FE376F9F2B30749035847BA9761
:1006900039B78547E39DF4F421BF9165EF00D06B36
:1006A00031D51C446D47BD17E360F7F2B394F400F5
:1006B000B7270F0B9387F77FFD8C8DF831B71DC9D6
:1006C000EFF23DCE01118347C1011384C19FE19B2D
:1006D000230EF1001C402AC22AC448002EC632CA8A
:1006E0003ECC02C808C0EFF07FE8E2471CC00561BD
:1006F0006FF07DCD0545828008418280484182802F
:1007000008451375F5F78280084982804845828044
:1007100083A7C19F91E38280D8436305A7009843D4
:100720006316A700982F1367170098AFDC4BDDB74F
:10073000EFF29DC541112A8932C636C4AE89EF1049
:10074000602003248900B1442C2C4844850593F58E
:10075000F50F2CACB3859502EFC0BE8C83278900C2
:1007600048C4A246C847324611E101A0BC2FB38756
:100770009702D1173E952320350110A554C14101A0
:100780006FF0DDC31C453D47FD176364F700084962
:100790008280014582801C451547B1176364F700CC
:1007A00008498280014582801845CD47631BF700C8
:1007B00018491E2393960701C18663D3B600AE87FE
:1007C0001EA38280EFF25DBCAA890145EFE03ECA1C
:1007D0002A8401498144094A914A01EC81E8CA848A
:1007E000631609000145EFE09EC8AA8426856FF0D4
:1007F000FDBC2285F52C7C4863983701630B4501CD
:10080000228963135501A2842285EFE05EC62A8403
:10081000E9B7A284E1BFEFF23DB74045AA84AE8AB2
:10082000328B054A014955E49C2CA18B99E3631056
:100830000908630E0A062685829A2A84014A6313F0
:10084000090A35C52A890840EF007052137505085A
:1008500079F983290400639E0904DC4463898704D1
:1008600095C303A907002685EFF0DFF52A86BD456D
:100870004A85EFF0DFE48547631BF502DC448843DB
:10088000EF20C013C0C400402685EFF0BFF32A86D6
:10089000B9452285EFF0BFE28547631AF500DC44D5
:1008A0008843EF20A0119C4899C3268582976FF05A
:1008B000FDB085454E85EF00304A11E54E85EF507D
:1008C0008051AA8949BF85454E85EF00F04851D532
:1008D00099BF631309002289A2852685029B2A8479
:1008E000E30725FD2DF089B7EFF2BDAB377500208A
:1008F000F145130585A0EFC04E836FF0DDAC03A575
:1009000001A082801C2D858B99EFEFF29DA937D62F
:100910000000B7D500001306C6A4938585A3EFF0A9
:100920009FEF6FF05DAA82801C2D858B99EFEFF20F
:100930005DA737D60000B7D50000130646A59385FE
:1009400025A4EFF05FED6FF01DA88280EFF27DA58A
:100950001C2D004DAA8493E787000D801CAD918B60
:10096000058891EBEFF01FFA9C2C0E04DD9B5D8C4B
:1009700080AC6FF05DA5EFF03FFBFDB72DC5EFF24A
:100980005DA2AA842E84EFC02E8B1DE92285EF0084
:10099000503E11C91C449C4781CFDC479C4363995E
:1009A0008700EFF0BFFA1C4481E72285EF009079C1
:1009B0001C44268584C7EFB03EFC2A8911E901A0BA
:1009C0001C4163808702AA852685EFC02E8875BFEB
:1009D00000C12685EFC04E866315A9002685EFF07D
:1009E000FFF66FF05D9E8280EFF2BD9B2A89EF00DB
:1009F00050382DCD5C452A849DCF9C43639D2703B1
:100A00001C2D13F7170019C3F99B1CAD2285EFC0ED
:100A1000AE825C44639EA7042285EFC08E825C4454
:100A20006318F50404412285EFF0DFD92A86BD451D
:100A30002685EFF0DFC85C4491C79C43639427018F
:100A4000232604002285EFB03EFFAA8405C19C4006
:100A5000A685228563922703EFB0FEF52685EFC0B9
:100A6000AEA68327890099C323A407006FF0BD9524
:100A70002285EFF0BFEDC1B7EFB05EFDF9B711C54C
:100A80005C45014581C7884382800145828031C52C
:100A9000EFF23D911C4D2A848583858B638DB702CF
:100AA0001C2D85898605F59BDD8D0CADEFF03FFD96
:100AB000AA8415C15C44228503A90700EFF09FD0EA
:100AC0002A86B9454A85EFF09FBF85476315F50033
:100AD0002685EF10B06E6FF01D8F828009C5082D3E
:100AE0000581058982800145828003A541A082801D
:100AF00001C51C41884382800145828031C518258B
:100B0000AA871367270018A503A741A06314A700AD
:100B100023A401A09843854618437D1763E0E608A7
:100B200085C1D85B630EB70098576315B70023A43F
:100B3000070281C5D8576313B70623A60702828030
:100B400023AA0702EDD5CDB7EFF2BD852E848544EB
:100B5000EFE0FE9109E523A401A06FF0DD861C25DE
:100B600093E727001CA51C419C43FD1763E1F40299
:100B700015C05C59638087021C5563958700232448
:100B8000050201C45C556394870023260502EFE04B
:100B90001E8EC9B7232A05027DD0F9BF8280EFF2ED
:100BA0005D801C252A84F99B1CA5EFE03E8F68C45C
:100BB000EFE0DE8E28C46FF01D8111E52390050063
:100BC0002391050082801C4105479C43F59B638669
:100BD000E700FD579EA1BEA182808317C5009EA19C
:100BE0008317E500CDBF814711C91C418546984355
:100BF0008147759B6314D7007C41BD8B3E85828005
:100C0000814709C91C41854698438147759B6313F9
:100C1000D7001C593E858280239005002391050052
:100C200009CD1C4105479C43F59B6398E70083175A
:100C300085019EA18317A501BEA1828009C51C253F
:100C400093E787001CA5828003A581A082800147CD
:100C500015C18D476382F502B1470147639CF500DA
:100C600083176502184113064006143F0147B30677
:100C7000D64091E73A85828083174502E5B73E97D3
:100C8000B387F60242074187B3C7C702C207C187CD
:100C9000CDB7EFF26DEF83A945002E846386090678
:100CA0004E85EF20707A2A8A4E85EF20906C03D90A
:100CB0006901AA84414681454E85EF40C02A4A9584
:100CC000058D420541816AA883D449017D152AAC6E
:100CD000494681454E85EF4000292695330545411B
:100CE000420541814AA88D677D150AAC938727305C
:100CF0005CCC5C4C05676383090025671307478755
:100D0000D98F5CCC6FF08DEB85678907D5B7EFF293
:100D10004DE6835B050201116389BB062A840EB090
:100D20002E86AE89DE85EF4030472A8B39CD1305FC
:100D30000028EFC04EB2930500282A8AEFC0EEBC0F
:100D400093C7F9FF216CB70A00013EC09307FCFF6F
:100D5000814D8144FD4CFD1A3EC21C50CD8393F75A
:100D6000F70363F4FD0063F59C02D147B384F402FA
:100D70005289D294639724175285EFB01EF78547A6
:100D8000631EFB162285EF10704305616FF02DE2A4
:100D9000584413993D00330C270103254C0033754B
:100DA0005501EF40705F5C442A8D3E990325490050
:100DB00033755501EF40B05E8247AA85B3F7A701AE
:100DC00095E383274C0013976700634D0700832743
:100DD0000C008396470063DC06029C4313058006E3
:100DE000944399E2850D95BF6391A60203A947003C
:100DF0008146D14883270900B6979C43E5D7E3E3B2
:100E00009CFE93074A00014861A8A107D1BFE833BF
:100E100071D9854663F8A60203A80700931625003A
:100E20008147C2969308800603D306006317130117
:100E30008A07C29703A9070065BF85078906E3E50E
:100E4000A7FE4DB7D443124713058006F98EC2069C
:100E5000C182E399A6F8F9BF03A3070036CE2ECCD2
:100E60001A8542CA3EC81AC6EF40105332432AC4FC
:100E70001A85EF40D05203230900F246C247224EA2
:100E8000369383AE4700032303005248E245D1481E
:100E900063966E006394A5006373AE050508D107E1
:100EA000E39C04FBB3871403032509000328C9004E
:100EB000850436950841D29723900701032809013C
:100EC000239107010328890088C70325490023A629
:100ED000070188CB03254C0033755501C8C3910623
:100EE00011BF03254900EF40904B4A87AA85CE8663
:100EF0005E862285EF4070115109ADBD8D47631AA2
:100F0000FB0041667D16B7050F002285EF40001EED
:100F1000ADBD8947E31BFBE62285EF10302A228511
:100F2000EF1020449DB5EFF22DC67571AA84EFF045
:100F30002FFD2A892685EFF02FFCC9472A84631EDE
:100F4000F90C2685EFF04FFC1C410949AA84638BFC
:100F500027011306100681452285EF40C00011C508
:100F600023A0240149616FF06DC513060006814579
:100F70002285EF30507F931905012946814522854E
:100F8000EF30707E2A892D4681452285EF30B07D75
:100F90000316A401031764014205418183158401EE
:100FA0005628098F3295931709012317A104C840C9
:100FB000C18393D909419D8E4E86AE97AC00231410
:100FC000D1042316F1042315E104EFB0CEB001E5FE
:100FD00085479CC041BF1306100281452285EF3032
:100FE00090781375F50F1309C00FE373A9FE13066C
:100FF000900681452285EF3010771375F50F69F95A
:101000001306200681452285EF30F0751375F50F24
:10101000E370A9FC23A00400B1B7D547631BF91006
:101020002685EFF04FF713090101AA894A85EFE001
:101030002F921306400381452285EF30D07219C5E7
:101040008347310393E71700A309F1024A868145DC
:101050002285EF00B038294681452285EF30B070F7
:10106000AA842D4681452285EF30F06F0316A40136
:1010700003176401831584015628420593970401E0
:101080004181098FC18332959D8E6887AE97A800F4
:10109000CE85748478857C86EF10602AB7070300BC
:1010A0009387C762B000E94524002285BEC682C886
:1010B000CACCA6CA82DEEFF08FE013061006814587
:1010C0002285EF30506A025A3DC183170101A5C342
:1010D00002D0854A2686CA854E85EFE0AF8C6382B2
:1010E0000A046145EFB03EF7031601019305440180
:1010F0008146AA8AEFD03FBC930504125685EFD0F3
:101100002FFF63000A02A309010023090102230D36
:1011100001022303010452D02686CA854E85EFE0E2
:101120006F88B000ED452285EFF06FD925BD814A6B
:1011300055B7E147E318F9E22685EFF0CFE5240043
:10114000AA89268622858A85EF3040380A85EFA055
:10115000FEE963090518130901014A85EFD05FFF15
:1011600013061002C1652285EF30F05F1375F50F8D
:10117000A309A100894763F9A70013060002C1650E
:101180002285EF30505EE88213061003C165228588
:10119000EF30705D1375F50F2309A102894763F6DF
:1011A000A70213062003C1652285EF30D05B4205FC
:1011B00041852318A102635DA01E13060003C165CB
:1011C0002285EF30505A2317A10213065004C1653F
:1011D0002285EF3050591375F50F2303A104894779
:1011E00063FEA70213060004C1652285EF30B057E5
:1011F00042054185231FA102635FA01A1306300434
:10120000C1652285EF3030562312A1041306400435
:10121000C1652285EF303055231EA102130620063A
:10122000C1652285EF3030541377F50F9307C00F57
:1012300063E2E702834731011375F50FB387A70215
:10124000A1873385A702A309F10021812309A10207
:101250002303A1040347210383473101D98F0347A7
:101260006104D98FC9C713060006C1652285EF3016
:10127000904FE880CE85A800EF10600CB707030000
:101280009387C762BEC68947BEC80A85C167CACCF4
:10129000BEDEEFA0BED50DC1B000E94522858ACAE9
:1012A000EFF0EFC10A86CA854E85EFD0BFEFB000E0
:1012B000ED452285EFF0AFC02685EFA03ED305C9EE
:1012C000B000E9452285A6CAEFF06FBF2686CA8521
:1012D0004E85A6CAEFD01FEDB000ED452285EFF098
:1012E0000FBE31A02685EFA07ED0E31605E61306DB
:1012F000100681452285EF30104701CD13050412F9
:10130000EFD06FE82A8911C5EFD04FEB4A85EFB0D7
:10131000DE9D1306400381452285EF30D044E30370
:1013200005C4130A01015285EFD09FE25286814520
:101330002285A309010023050102230D01022303D5
:101340000104EF00B009294681452285EF30B04104
:101350002A892D4681452285EF30F0400316A401ED
:1013600003176401831584015628420541819317B0
:101370000901098FC18332959D8E6887AE97A800B9
:10138000CE8574847C867885EF00707BB707030078
:101390009387C762BEC6B0008547E9452285BEC8AF
:1013A000D2CCA6CA82DEEFF08FB12686D285BDB33D
:1013B0002309010219BD230301048DB5EFE27DFE6F
:1013C0001384C1A01C20B9E7EFB07E8EEFC0BEE849
:1013D000EFB00EA3EFA07E98EFF00FD1EFB09FD348
:1013E000EF30B0363775002093058015130505974B
:1013F000EFB0AED3377500209305C0051305C5A423
:10140000EFB0AED2EF50C022EFF0EF86EF70AF9E9C
:1014100085471CA06FE03DFBEFE2BDF8AA853705CC
:1014200003001305C562592B2A84EF00606D2285E5
:101430006FE07DF9EFE25DF5AE8441112A8413F986
:101440001400EF102010AA89630509002285EF100F
:10145000E0565C4CC58F5CCC630509002285EF101B
:10146000E0552285EF10000E63163501B7078001A5
:10147000E58F89CB2285EF401016EF10E00F228513
:10148000EF10800FC18891CC30008A852285EF3023
:10149000E0038A852285EF10404F2C002285EF1053
:1014A000C04E41016FE09DF1EFE2BDEF4111AE840E
:1014B0002A84EF10200993F704012A8991CF300084
:1014C0008A852285EF3080008A852285EF10E04BE7
:1014D0002C002285EF10604B584C93C7F4FFF98F16
:1014E0005CCC93F7140085C32285EF10204D228534
:1014F000EF10400509C92285EF40F00DEF10C0073D
:101500002285EF1060072285EF10C00363162501C6
:10151000B7078001FD8C91C42285EF40D00BEF10FE
:10152000A00541016FE03DEA1E31DD8D6388B70003
:10153000EFE23DE7EFF0AFFD6FE0FDE882801E31A6
:1015400093C5F5FFFD8D6388B700EFE29DE5EFF0F1
:101550000FFC6FE05DE78280484D6D8D0D8D13357A
:1015600015008280484D6D8D3335A00082800A3190
:1015700082801C4599C38847828001458280EFE2C2
:10158000BDE02E8541112E89EFF08F97AA844A8500
:10159000EFF0CF968547930500026382F41EA147C2
:1015A0002A84639FF40293050002EFF05FF94A85F5
:1015B000EFF08F95EFF0CFE439E15C4CA18BA1C344
:1015C0001E3085452285858B81E7EFF0FFF519A058
:1015D000EFF0FFF60146F1452285EFF04F8E05A0B2
:1015E0008D47930500026384F41A9307A002639564
:1015F000F402EF40B0012A8981446395240141013E
:101600006FE0DDDB1C441397240085049C43BA97EC
:101610008843EF007076D5B7B5476391F412584D03
:10162000937787009DCB4A85EFF00F8E83040500EA
:10163000C54713F7D4FF6315F7008545228571B7B9
:101640009387E4FE93F7D70F89E785452285EFF06E
:101650001FEFA947E385F4FAB5BF85679387078134
:101660007D8FE31EF7F89D2159F92285EF20C05D9B
:10167000AA892285EF20606DAA844A85EFF0CF8881
:10168000830705004947639EE7002285EF20C04A93
:10169000AA842285EF1080059145B345B502A69531
:1016A00005A045476395E7022285EF20E048AA841C
:1016B0002285EF10A0039145B345B502B385B44030
:1016C000C2050146C1852285EF2010570DBF4D4749
:1016D000639DE7022285EF20A03F0D895DD563441D
:1016E0003001E35490FA2285EF208041AA842285BC
:1016F000EF00D07E9145B345B502A695C2050146DF
:10170000C1852285EF20F04FDDBD5147E399E7EE1B
:101710002285EF20E03B0D8941D963443001E35538
:1017200090F82285EF20C03DAA842285EF00107B2F
:101730009145B345B502B385B440C9B7B947639B7A
:10174000F4045C4D93F7074081C78545EF20705442
:101750002285EFF01FE2EFF06FB8AA84EFF0EFB848
:1017600001E54A85EFF00F82EFF08FB87915759992
:10177000894511E1994599C493E585002285EFF0EB
:10178000BFDAB5BD2285EFF03FDAA1452285EFF043
:101790001FDBB5B5A54793050004E382F4FEA94716
:1017A000639AF40293050004EFF07FD92285EF20BD
:1017B00040318947E315F5E430008A852285EF2022
:1017C000F0508A852285EF10401C2C002285EF10F6
:1017D000C01B35B5BD47B945E38BF4FA93079002BA
:1017E0006397F40425468145EF30E077AA84130619
:1017F000A00681452285EF3000774205418101E551
:1018000093F4F40F81C42285EF0010572285EF4036
:10181000E05F2A898144E38424DF1C441397240079
:1018200085049C43BA978843EF001055EDB79307A2
:1018300020026390F40605468145EF30C0721146E0
:1018400081452A892285EF30007225468145AA8488
:101850002285EF304071AA891306A00681452285B2
:10186000EF306070420541810DE193F9F90F639EFD
:10187000090042098967135909419387177D630657
:10188000F900C204C184E39CF4D62285EF00D04E57
:10189000BDB3CD476393F4024A85EFE0FFE6AA8427
:1018A00081452285EF0070179E201397070141871D
:1018B0006353A700AA879EA099B3B9149947E3E0A0
:1018C00097D493079004B3D497008588E38904D212
:1018D0004A85EFF04FE525B3EFE2BDAC2E852E84AF
:1018E000EFE01FE30145EF30A067370610007D16DB
:1018F00081452285EF30B03A0545EF30606681457D
:101900002285EFA08ECC2285EFF0BFC601C52285CF
:10191000EFF08F8D1C448DC7884311C5EFB0CEBA50
:101920001C4423A007001C44C84711C5EFB0CEB922
:101930001C4423A607000844EFB00EB9232404007A
:101940006FE07DA81C459DEFEFE2BDA5938701A147
:1019500098432A847145050798C3EFB0AEE908C4DF
:1019600011E101A0F145EFB04EFA14447D77130761
:10197000C70F9E2EF98F0567130737F0D98F9EAEDC
:101980006FE07DA4828011C508410D8D13351500CF
:10199000828001458280EFE2DDA000414111AA85ED
:1019A0001C4089C71CC12AC6FD37B2455C4080C1B6
:1019B00099C32285829741016FE0FDA0EFE27D9EF1
:1019C0003707100041112A89AE84AA87411799CBA5
:1019D0008C4FB3F6E50089C69181C205C18121A073
:1019E0009C43F5B781452E852EC6EFB0AEE02A8424
:1019F00005C1B245EFB06EF12320240144C0A5E03B
:101A0000EFD07E9CAA8409E92285EFB0EEAB0144B9
:101A1000228541016FE03D9B48450DE51145EFB042
:101A20006EDDC8C400C18547DCD0232A040001450F
:101A3000EFD0DE997D150AAC0145EFD0FE9B7D15F8
:101A40002AACF9B7CC508505CCD08A05EFB06EDD55
:101A5000DC50C8C48A073E95232E85FEF9B79C4406
:101A600081E72685EFF01FEE03A984000325090016
:101A700001ED1145EFB00ED89C442320A9009843F6
:101A800000C30547D8C369B78325490085052322CC
:101A9000B9008A05EFB0EED894442320A900DC42B7
:101AA000139727009C42BA9723AE87FE95B7EFE2C3
:101AB0005D8F2A8408401C4599C3A28582971C40EB
:101AC0009C4399C31CC0FDB76FE0FD8F1C4191CBB7
:101AD000884F0D8909C57D151335150082809C43FB
:101AE000FDB7014582801C4191CB884F318909C5E2
:101AF00071151335150082809C43FDB70145828026
:101B0000EFE23D8A2A84EF0030270145EF3040455F
:101B10002285EF50A0302285EFF0FFE70545EF303A
:101B2000204441667D16B7050F002285EF30005C2A
:101B30002285EF00304EEFE09FDC11C9AA84228598
:101B4000EFF07FFA09C5A2852685EFE03FE3228505
:101B5000EF406028AA8419CD228693052002EFE089
:101B60001FB62286930530022685EFE05FB52285F9
:101B7000EF00D0646FE03D85EFE2BD8213062006E2
:101B8000EF30603E1375F50F6FE0FD83EFE27D816E
:101B900013069006EF30203D1375F50F6FE0BD8200
:101BA000EFE23D80130600022A84AE84EF30A03BB2
:101BB0002A86A6852285EF30D0596FE0DD80EFE2DE
:101BC0004DFE130650052A84AE84EF30C0392A86B4
:101BD000A6852285EF30F0576FE0EDFEEFE2CDFAFB
:101BE0003284130600062A89AE84EF30C0370AA07B
:101BF000130AF00F91C4A6854A85EFF0FFF72A8AF1
:101C0000A6854A85EFF05FF7894AAA8963F4AA009E
:101C100063EC4A01A301040023010402230B040224
:101C2000230504026FE08DF9A6854A85EFF01FF6C3
:101C30003C3028A0B9C313061002A6854A85EF30B0
:101C400080321375F50F28B063F9AA02A6854A857C
:101C5000EFF01FF54AA0A685130660024A85EF3013
:101C60008030AA85630E05201C359D8B638A072072
:101C7000294613056400EFB0CE8D13062003A68518
:101C80004A85EF30402E420541850AB029CD834771
:101C90002402B1CB13061003A6854A85EF30A02C91
:101CA0001375F50F2301A402894763FEA7021306EB
:101CB0003003A6854A85EF30002B7D8993171500E8
:101CC0000345340213060003A685137515FC5D8DCC
:101CD000A301A4024A85EF3000292A86A6854A85F9
:101CE000EF3030476AAC13065003A6854A85EF30C3
:101CF0008027420541856AB021C58347A402A9C354
:101D000013067003A6854A85EF30E0251375F50F9D
:101D10002305A402894763F5A70213068003A6855D
:101D20004A85EF3040240AB413066003A6854A852D
:101D3000EF3060232A86A6854A85EF3090414AB06D
:101D40003C2CB1C713068002A6854A85EF30A0213E
:101D500008C815CD13069002A6854A85EF30A0204D
:101D60001375F50F28AC894A63F3AA020848EFB04F
:101D70003F986313551913067005A6854A85EF3001
:101D8000801E48C8A6854A85EFF07FE30AAC8347EA
:101D90006403ADCF13060004A6854A85EF30A01C6E
:101DA000420541856AB43DC183476403894A63FFA4
:101DB000FA0413065004A6854A85EF30C01A13753D
:101DC000F50F230BA40263F3AA0413061004A685DF
:101DD0004A85EF3040190AB813062004A6854A85C3
:101DE000EF3060182AB813063004A6854A85EF3014
:101DF00080174AB813064004A6854A85EF30A0161E
:101E00002A86A6854A85EF30D0344AB49307C00F9E
:101E100063E14713B3093A03C20993D9090193D97E
:101E200089003C30C20993D90901B387F902C2077E
:101E3000C183A1833CB03C2CB387F902C207C183A4
:101E4000A1833CAC83472402B387F902C207C18354
:101E5000A1832301F40283476403B387F902C20715
:101E6000C183A183230BF4028347A402B389F9023F
:101E7000C20993D9090193D98900230534035DB3BD
:101E800013063002A6854A85EF30E00D9377750082
:101E9000683461995D8D68B41D8921C1A6854A8524
:101EA000EFF01FD06AA013062002A6854A85EF3006
:101EB000800B2A86A6854A85EF30B0292AA413060E
:101EC0004002A6854A85EF30000A08A41306500296
:101ED000A6854A85EF30200948A413067002A6851E
:101EE0004A85EF3040081D89931735006834137513
:101EF00075FC5D8D68B451B31306A002A6854A85B2
:101F0000EF3060062A86A6854A85EF3090240AAC19
:101F10001306B002A6854A85EF30E00428BC1306FC
:101F2000C002A6854A85EF3000043335A00048ACD6
:101F3000B9BDE3E937CFF5B5EFE2ADC6328413069C
:101F40006005AA842E89EF3000021375F50F28ACC6
:101F5000894763FDA708CA852685EFF0FFC193076F
:101F6000C00F63E9A7003C2C3305F502420541810F
:101F7000218128AC382C894763FAE706CA85268573
:101F8000EFF0FFC34AA413068005CA852685EF201B
:101F9000907D4AA813069005CA852685EF20B07C5F
:101FA0001306A0052AA8CA852685EF20D07B7C2CA5
:101FB0001D89CA85E19BC98F7CAC2685EFF01FBDCA
:101FC0001D8993173500682C13067005CA85137593
:101FD00075FC5D8D68AC2685EF20F07808C013068F
:101FE000B005CA852685EF20107848AC6FE0ADBDFE
:101FF000EFE22DBB328413066004AA842E89EF2001
:1020000090761375F50F28B4894763F9A708CA8538
:102010002685EFF07FB69307C00F63E9A7003C3435
:102020003305F50242054181218128B43C348946BB
:1020300063F6F606B70700011CC09A2CDE281306CB
:10204000800405071D8F420741873347D702BE2C06
:10205000CA85268585075AA0FA28998FC207C187A5
:10206000B3C7D7027EA0EF2010701375F50F28A418
:1020700009CD13067004CA852685EF20D06E2A8606
:10208000CA852685EF30F00C0AA4CA852685EFF0B4
:10209000FFAF5C243D89C19BC98F5CA46FE0ADB2EA
:1020A000EFE22DB0328413069004AA842E89EF202B
:1020B000906B420541852AA05DC51306E004CA85E0
:1020C0002685EF20506A1375F50F08A4894763FC35
:1020D000A708CA852685EFF03FAA9307C00F63E9DA
:1020E000A7001C243305F50242054181218108A483
:1020F0001824894763F9E7061306D004CA852685A4
:10210000EF2070662A86CA852685EF3090040AA0E3
:102110001306A004CA852685EF20F0644205418598
:102120004AA001C91306B004CA852685EF20B06312
:102130006AA01306C004CA852685EF20D0621C342D
:102140003335A0001317250093F7370F0E05D98FED
:10215000C98F1CB4CA852685EFF05FA31C340D8996
:10216000F19BC98F1CB46FE00DA6EFE28DA3328402
:1021700013060005AA842E89EF20F05E42054185F2
:102180002AA051C913063005CA852685EF20B05D07
:102190001375F50F48A4894763FFA706CA852685EE
:1021A000EFF09F9D9307C00F63E9A7005C24330500
:1021B000F50242054181218148A45824894763FCE6
:1021C000E70413062005CA852685EF20D0592A8604
:1021D000CA852685EF30E0770AA013064005CA8538
:1021E0002685EF20505808C413061005CA85268599
:1021F000EF2070573335A000931725004834CA8567
:102200006D995D8D48B42685EFF05F985C340D893B
:10221000F19BC98F5CB46FE00D9BEFE2ED96130666
:102220000004AA842E89EF20105413140501418460
:1022300059E4014413065003CA852685EF20B052A5
:102240009319050193D90941638C090213067003A0
:10225000CA852685EF2030511375F50F894763F144
:10226000A70213068003CA852685EF20D04F4205BA
:1022700041854E95635385002285131405014184E1
:102280002946CA852685EF20104E931905012D4653
:10229000CA852685EF20304D4205418593D90941F5
:1022A000AA8763533501CE8713970701418763558A
:1022B000E0003E944204418422856FE02D90130695
:1022C0005004CA852685EF20104A1375F50F8949F9
:1022D000E3F1A9F613063004CA852685EF20B0483D
:1022E00033443403050513061004CA852A94268551
:1022F000EF2070479319050113062004CA8526852F
:10230000EF207046420593D9094141859357F54125
:1023100013D7F9413D8DB34937014204B389E940F0
:102320001D8D4180635335014E852295931705011C
:102330002A8463D30700014442044184E5BDEFE2EF
:102340004D862A84AE8493058004EFA01EDC04C071
:102350006FE06D871C4581C7039567018280014549
:102360008280EFE20D8441112A84EFF0BFFEAA843F
:102370001306E100CD45228523170100EFE02FB4BD
:102380008317E100638597002285EF0020631844DE
:102390008317E10001CF7EAB8317E10063859700CF
:1023A0002285EF00A06141016FE0ED81F5D7228524
:1023B000EFF04FD91C443887FAABF9BFEFD27DFE5E
:1023C00041468145EF20303A420541856FD0BDFF3F
:1023D000EFD23DFD45468145EF20F038420541856D
:1023E0006FD07DFEEFD2FDFB1306B0068145EF20D6
:1023F00090371375F50F6FD01DFDEFD29DFA49464A
:102400008145EF205036420541856FD0DDFBEFD28C
:102410005DF94D468145EF201035420541856FD06D
:102420009DFAEFD21DF8130620038145EF20B0334B
:10243000420541856FD03DF9EFD2BDF641112E84A2
:10244000814670009D45AA84EF308032854763182D
:10245000F500B2476396870041016FD0DDF66DFD50
:102460000146A2852685EF30007AFDB7EFD27DF3D5
:1024700041112E8481467000A145AA84EF30402F7F
:1024800085476318F500B2476396870041016FD016
:102490009DF36DFD0146A2852685EF30E077FDB7FF
:1024A000EFD23DF041112A8432C6EFF0FFF83246F8
:1024B0002285B285EFF09FFB41016FD0DDF0EFD2B6
:1024C0005DEE41112E84814670008545AA84EF306F
:1024D000202A85476318F500B247639687004101BB
:1024E0006FD07DEE6DFD0146A2852685EF30406EF2
:1024F000FDB7EFD21DEB41112E848146700091454E
:10250000AA84EF30E02685476318F500B24763964A
:10251000870041016FD03DEB6DFD0146A285268508
:10252000EF30406DFDB7EFD2DDE741112A8432C6AE
:10253000EFF0FFF832462285B285EFF09FFB4101B4
:102540006FD07DE8EFD2FDE5B705060085052A844A
:10255000EFF04F8101C501456FD0FDE62285EF30D8
:10256000900775D91306A0068145EF20D01F4205BC
:1025700041813335A000CDB7EFD2BDE23E3193E7C4
:1025800017003EB1EF3010003E3193E727003EB117
:10259000EF301000484119C1EFB0BEED6FD0BDE281
:1025A000EFD23DE0C2050146C1812A84EF30007BB5
:1025B0002285EFF07FFC6FD01DE1EFD2FDDC1384AC
:1025C00041A12E890C40AA8903A5C19085050CC0A4
:1025D0008E05EFA01EA523A6A19011E101A0AA8758
:1025E0000840131735006117BA9723A0370123A2BB
:1025F00027016FD0BDDCEFD2DDDA4111B284014694
:102600002A8436C6EF306062B246A68522853686B9
:10261000EFF01FE941016FD01DDB831745019EA13B
:1026200083176501BEA183178501DEA18317A5016C
:10263000FEA18280EFD2FDD62A84EF30C0791DC979
:102640005E294228AA841D8C4204EF10604B418011
:102650002A9442042685EFF05FDA4180098C420417
:1026600026854180EFF0FFDB3305A440420541851C
:102670006FD07DD503154401E5BFEFD29DD22A84EA
:10268000EF3060751DC97E296228AA841D8C420422
:10269000EF10804A41802A9442042685EFF01FD231
:1026A0004180098C420426854180EFF09FD7330595
:1026B000A440420541856FD01DD103156401E5BFDB
:1026C000EFD23DCE2A84EFF05FFB3E2C7A288507BF
:1026D000998F3E95420541856FD0FDCE1E2D4A292A
:1026E00085073385A7404205418582803E2D6A29B2
:1026F00085073385A740420541858280EFD27DCA98
:102700002A84EFF09FCF2A892285EFF05FD0AA8438
:102710002285EFF01FD11E2C5A2806058507998FB8
:10272000B3872741858F3385A740420541856FD008
:102730009DC9EFD21DC72A84EFF05FC82A89228580
:10274000EFF01FC9AA842285EFF0BFCD3E2C7A2876
:1027500006058507998FB3872741858F3385A74065
:10276000420541856FD03DC6EFD2BDC32E84AA84F9
:10277000EFF03FCB839744013306A04042061EA0F2
:10278000839764014186B2853EA0839784012285A8
:102790005EA08397A4017EA0EF903E872685EFF090
:1027A000DFC51E203E950AA02685EFF05FC65E209D
:1027B0003385A7404AA02685EFF05FC03E203E95B6
:1027C0002AA02685EFF0DFC07E203385A7406AA0CF
:1027D0006FD07DBFEFD2FDBC4111B70701E07000A3
:1027E0009305C0023EC6EFD09FED0315C100410125
:1027F0006FD07DBDEFD2FDBA4111B967850770007A
:102800009305C0023EC6EFD09FEB0315E1004101E6
:102810006FD07DBBEFD2FDB8054681452A84EF20FD
:10282000807493140501114681452285EF20A07321
:102830008967C1849387177D6388F40013170501A6
:10284000418701456316F7002285EFF0FFD2054569
:102850006FD07DB7EFD27DB22E89B289AA8B368C2C
:10286000131A0901EF30805A939A09012A8B814487
:10287000135A0A0193DA0A01639464016FD07DB39D
:1028800083A78B00139724009C43BA97804363155A
:102890000C025E2881464E86D2975EA87E28CA85A5
:1028A0002285D6977EA81E2CD2971EAC3E2CD6979A
:1028B0003EAC4D378504C9B7B70504002285EFE06B
:1028C000BFC961D9C5BFEFD23DAC4111AE848545CA
:1028D0002A84EFE07FC809C5014541016FD01DAED4
:1028E0002285EF30204A2A89EF30804AAA89EFD02A
:1028F000FFBC6319A904B70508002285EFE0DFC516
:102900001DE92285EFF01FA50316A401031764013A
:1029100083178401562842054181898E098FAA9721
:10292000329568873000A6852685748478857C86F4
:10293000EF90EEF15DD12285EF30E0492A841DE170
:10294000054561BF4E85EFD03FB9E306A9FA4E8534
:10295000EFD05FBAE301A9FA4E85EFD07FBBE31D4C
:10296000A9F651BF85452285EFE01FBF35F5B705B4
:1029700008002285EFE05FBE5DFD13064401A685D9
:102980002685EF90CEEC45F981BFEFD29DA19E2127
:1029900041112A847C84BE217C85DE217C86FE2137
:1029A0002C007C87EFF03FF219C52285EF30403EC6
:1029B0002C00EF30507741016FD0FDA0EFD27D9E0B
:1029C00041112A84EF30204105ED2285EFF09F98D8
:1029D00003176401831784010316A40156284205D6
:1029E0004181898E098FAA97329568872C002285AC
:1029F000748478857C86EFF05FF941016FD0BD9CCF
:102A0000B70508002285EFE03FB561D12285EF30A0
:102A1000803C45BFEFD25D9744414111AA89A5C0D2
:102A200026851394050113190601EFF01F9D2A8ACC
:102A30002685EFF0BF982A8BB70504004E854180AC
:102A400013590901EFE05FB163070510CE28F228A2
:102A50002E94529442044A9641845A96268513191C
:102A60000601EFF01F9C4205418113590941B3054E
:102A7000850033062501C2054206C185418603D47F
:102A8000490103D96901818D33062641139405015B
:102A900013190601418013590901931A0401131BEC
:102AA0000901B367240193DA0A41135B0B41CDC3DB
:102AB0004E85EFF0BFF083D74901014A7C8083D770
:102AC00069017C8183D789017C8283D7A9017C83BA
:102AD00099CC2C002685EFF03FC901462C000A85D1
:102AE000EF906EFF2A8A01E52685EF20201D83D70F
:102AF000490183D5890103D6A901A297239AF90038
:102B000083D769012E94239C8900CA973299239B0D
:102B1000F900239D290181465A86D6854E85EFF01E
:102B20007FD399C44E86930520022685EFD03FB906
:102B30004E85EFF0BFE889CC01462C001385490192
:102B4000EF906EF963130A0001C52685EF20001788
:102B500041016FD0BD86839A44012685EF00507AEB
:102B6000D29A039A64013385AA402A9426855A9AF8
:102B7000EF00907C42043306AA4041844A96F9BD96
:102B8000EFD22DFF41112A89EFF0DF9B1DED4A8521
:102B9000EF3060241D468145AA894A85EF20A03C7C
:102BA000131A0501AA8B214681454A85EF20A03BD7
:102BB00093140501135A0A412A84C184639A0900B7
:102BC0002686D2854A85EFF0FFE441016FD02DFEC5
:102BD0004E85EFF0BFB22A8B4E85EFF09FB5996717
:102BE000B3FBFB008967AA8A639CFB02E977FD17A8
:102BF000B377FA00C207C1871307007D6342F7026B
:102C00003E8A9307803E63D44701338A4741330AA3
:102C10004B0393074006334AFA02420A135A0A4109
:102C200099677D8C8967631AF402E977FD17E58F50
:102C3000C207C1871307007D6341F702BE84930773
:102C4000803E63D49700B3849740B3849A0293077D
:102C50004006B3C4F402C204C184314681454A85AA
:102C6000EF206030131405012AC4354681454A859A
:102C7000EF20602F8356A901835D8901835B4901A1
:102C8000035C6901850D8506C20DC206A24793DD6E
:102C90000D01C1821967338D7D41B38C86411316B6
:102CA0000501420DC20CF98F096741844186135D0D
:102CB0000D4193DC0C41639AE70269777D17618FC0
:102CC000420741879307007D63C1E7029307803E77
:102CD00063D4E7003387E7403307ED0293074006EC
:102CE0003347F70213140701418499677D8D896783
:102CF000631AF502E977FD17F18FC207C187130741
:102D0000007D6341F7021307803E6354F700B30769
:102D1000F740B387FC0213074006B3C7E7021396D8
:102D2000070141865294B294131704014183139A08
:102D30000401254681454A851314070136C63AC465
:102D4000135A0A01EF20202293140A011375F50F7C
:102D50004184C1842247B24619E94E85EFF08FE8DD
:102D6000854722476301F5042686A285A1BD8547D4
:102D7000E30CF5FE79151375F50F9D47E3E6A7FE05
:102D8000B7070300938787640A053E951C41828735
:102D900089473344FB02334DFD023304A4413A9486
:102DA00042044184D1B73384BB415A94CDBF894793
:102DB0003344FB02334DFD023304A4413A944204F0
:102DC0004184B304DC40D694D294C204C18469BF68
:102DD0003384BB415A94DDB73384BB415A943A944F
:102DE000420441848947B3C4FA02B3CCFC02B384E1
:102DF0009441D9BF89473344FB02334DFD0233046C
:102E0000A4413A9442044184F9BFEFD28DD94111D3
:102E10002A84EFF02FD4031764018317840103166B
:102E2000A401562842054181898E098FAA973295BF
:102E300068872C002285748478857C86EFF0BFA893
:102E400041016FD04DD8EFD2CDD541112A842EC685
:102E5000EFE05FAFB2451C44CEAB41016FD0ADD6C1
:102E60000316450103176501831685010318A501A3
:102E70001C4592A1BAA1D6A12393050191CBDE2BCB
:102E80001D8EBE961D8FC29792A1D6A1BAA1FEA19A
:102E900082809967ED8F0967639AE702E977FD17EA
:102EA000ED8FC207C1871307007D6341F702BE851E
:102EB0009307803E63D4B700B385B740B385B602AD
:102EC00093074006B3C5F502C205C1859967F18F26
:102ED0000967639AE702E977FD17F18FC207C18797
:102EE0001307007D6341F7023E869307803E63D45B
:102EF000C7003386C7403386C60293064006334672
:102F0000D60242064186B2876353C500AA873E8532
:102F100093170501C18763D3B7002E85420541850C
:102F200082801C5137070006F98F638FE760EFD26C
:102F30004DC479712A84EF20106AAA8911E581476E
:102F40003E8545616FD0ADC62285EF00F04F3E3023
:102F50002AC693F7074063810710035984015E284E
:102F6000014A05093309F9404209135909412285EB
:102F7000EF0030403E302AC893F707206387073AB6
:102F8000262C7E2885049D8CC204C18463160A4ABF
:102F90001E2C5A288507998FC207C187639A27017B
:102FA0003E2C7A288507998FC207C187E38997F855
:102FB0002285EFF0BFA05E282C104E852310F10271
:102FC0007E28930A44012311F1021E2C2312F102E0
:102FD0003E2C2313F102EFF02FF901462C100810BC
:102FE000EF906EAF2A8A01E54E85EF10304D7E28B6
:102FF00022854209FD17BE9426ACEFF0AFBE85478F
:1030000013590901631CF5521E2C8507338927418A
:10301000231A24011010930590022285EFD02FEA85
:103020002286930520024E85EFD06FE92285EFF0CE
:10303000FF9881452285EF10D04C01462C10568513
:10304000EF906EA963150A008547E30B05EE4E85E8
:10305000EF10D0468547EDB5054681452285EF1036
:10306000907093140501797A9967C184130AFA82E2
:10307000269A7D8D8967133A1A000149631BF50072
:1030800069797D1933F9240142091359094113293A
:10309000197D4E85896AEFF06FE6938A1A7DAA8BB7
:1030A00063915423014681452285EF1080352285A6
:1030B000EFF02FB7AA8AC20A2285EFF04FB593DA54
:1030C0000A015695131905012285EFF00FB3AA9A4C
:1030D000C20A1359090193DA0A012285EFF08FEF32
:1030E000B3045901AA942285EF2050522A8C2285DC
:1030F000EFF04FAFF977C20485070547C184014B54
:10310000BE8C630BE51037070400930717003EC819
:1031100093970A01C1873ECA854D631A6C1179776E
:1031200005076383EC0CB3079901C2077977C18760
:103130000507638BE70A268763D3F4003E87931461
:103140000701C18455A0184493162B00C2451843AB
:103150003697032D07006A85EFE0CFC02DED6A8515
:10316000EFF04FBE05E1254681456A85EF10B05F5F
:103170001377F50FA14763E3E7023395AD001375AD
:10318000951409CD0317840183164D01158F05078A
:10319000635397016687931C070125A81D46814547
:1031A0006A85EF10505C4205418515E503578D0196
:1031B00083564D01D2470507158F42074183931669
:1031C0000701C186BE9663C89601B307E900939CC8
:1031D000070193DC0C41050BE3176CF779770507C2
:1031E000B3879A01E393ECF4094681452285EF10F9
:1031F0009057131905010D4681452285EF10B056F1
:103200001359094113160501CA85DE8641862685B4
:10321000EFF03FC82A89A1BB3707040093071700C6
:103220003EC893170901C1873ECA854D75B718443A
:1032300093162B00C24518433697032D07006A8565
:10324000EFE04FB22DED6A85EFF0CFAF05E12546F7
:1032500081456A85EF1030511377F50F9D4763E381
:10326000E7023395AD001375350909CD03178D01BC
:1032700083164401158F0507635397016687931CD6
:10328000070125A8214681456A85EF10D04D4205EA
:10329000418515E503578D0183564D01D24705073A
:1032A000158F4207418393160701C186BE9663C8F6
:1032B0009601B387EA00939C070193DC0C41050B50
:1032C000A9BDE30309F283D7290293F7074085EFED
:1032D000054681454E85EF1010494205418563142E
:1032E00055032285EFF0EF932A892285EFF0EF90C6
:1032F0004A95931405012285EFF06F91C1804A959C
:10330000AA94C2043DBD69757D15E98CC204C184CF
:103310009307803E63D49700B3849740B3849B02A5
:1033200013054006B3C4A402E9BF114681452285B6
:10333000EF1070439967931A05017D8D896793DAC1
:103340000A41014B631BF500697B7D1B33FB6A015E
:10335000420B135B0B41132B1B7D4E85896BEFF0EA
:103360004FBD938B1B7D2A8C63947A170146814550
:103370002285EF10600C2285EFF0AF8AAA84C20488
:103380002285EFF0AF83C1802695131B0501135BE7
:103390000B0193170B01C18722853ECAEFF04F83C3
:1033A0002695131D0501135D0D012285EFF08FC4D5
:1033B000B304AB01AA942285EF205025F977370793
:1033C0000400C204938C170093071700C1842ACC11
:1033D000814B3ECEE2476398770779770507638F85
:1033E000EC00B3079D01C207C1833E87C207C187B6
:1033F00063D39700268793140701C184154681453E
:103400002285EF105036131B050119468145228590
:10341000EF10703513160501135B0B412685E2860C
:103420004186DA85EFF0FFA6AA8463170A00896750
:103430009387177DE39EFAB44246B24581462285C2
:10344000EF10E002B1B6184493962B00F2451843F2
:103450003697832D07006E85EFE0CF9025E96E85C6
:10346000EFF04F8E19E9254681456E85EF10B02F9C
:103470001375F50F8D4763EEA7000397AD01831613
:103480006401158F0507635397016687931C070135
:1034900025A8214681456E85EF10F02C4205418517
:1034A00015E503D7AD0183D66D01D2470507158F0A
:1034B0004207418393160701C186BE9663C89601F1
:1034C000B307EB00939C070193DC0C41850B19B704
:1034D000D684E3050BF283D7290293F7072085EF03
:1034E000114681454E85EF10102842054185631431
:1034F00075032285EFE0FFF22A8B2285EFE01FECB7
:103500005A95931405012285EFE09FECC1805A95EE
:10351000AA94C204DDB5E974FD14B3F49A00C204A0
:10352000C1849307803E63D49700B3849740B3046B
:103530009C0213054006B3C4A402E1BF5E28FD1738
:103540003E99231C2401F9B481473E858280EFC255
:103550005DE52A84EF20900B2A8981446397240536
:103560003E3013F7170021C3F99B3EB02285EFF0E0
:103570005F9B2285EFF0CFE09DC41306A006814536
:103580002285EF10501E4205418111CD83A741A134
:1035900063EBA70083A7C1900E0561153E951C4102
:1035A0004C41228582976FC01DE21C441397240072
:1035B00085049C43BA978843593F4DB7EFC27DDEDF
:1035C00083C781A191EF8547138481A11CA0EF20BF
:1035D000607BAA84BE3013F7270009E723000400AC
:1035E0006FC07DDEF59BBEB02685EFF05FF6DDB7E0
:1035F000EFC23DD8AE8BAA84B28D3689BA8AEFF07D
:10360000FFFB63960B002685EF20E07CAA8B2685C6
:10361000EF20607C2A8AEFE0DFE0AA89C2095285A8
:10362000EFE0BFDD93D909014E95131B05015285CB
:10363000EFE0DFD8AA995E85EFE0BFDE2A8C420C6E
:103640005E85EFE09FDB135C0C016295131D0501A5
:103650005E85EFE0BFD62A9C420C135D0D01135C22
:103660000C01C20913140D01931C0C01135B0B41D7
:1036700093D90941418493DC0C4163920D025E852C
:10368000EFE05FD685476312F50A5E85EFF00F879E
:10369000822CDE281344F4FF3E946A9461A0FD1D41
:1036A00093FDFD0FD14763E5B72FB707030093875D
:1036B00087668A0DBE9D83A70D0082875E85EFF029
:1036C000EF83822CDE28894C05041D8C4204418442
:1036D000334494033345950333048D402A945E8527
:1036E000EFF02F85BE2CFA2842048507998FC20778
:1036F0004184C187B3C79703B34C9503B307FC401C
:10370000E697F9A05E85EFE07FFF822CDE280504B6
:103710001D8C4204894741843344F4023345F50249
:1037200033048D402A94420441845285EFE09FCBBC
:1037300083974B0103174A014204CA97854641808B
:103740003389E7406318D524528501254A9533050E
:1037500065412A9403956B0142044184AA9A03159A
:103760006A01B38AAA40528529215695B309354189
:10377000E699268501468545C209EF20004B93D97D
:103780000901139609014186A2852685EFE05FD1E4
:103790006FC0FDC15E85EFE07FF6822CDE28050458
:1037A0001D8C4204894741843344F4023345F502B9
:1037B00033048D402A94420441845E85EFE07FF714
:1037C000BE2C83DC640193C7F7FFE697E297AA97C4
:1037D000939C070193DC0C4189BF5E85EFE01FF2EB
:1037E000822CDE281344F4FF3E946A94E1B75E8590
:1037F000EFE03FF4BE2CFA288507998FC2070947EE
:10380000C187B3C7E7023345E502B307FC40C1B740
:103810005E85EFE0BFEE822CDE28894C1344F4FF76
:103820003E946A942A945E85EFE0BFF0BE2CFA289D
:1038300042048507998FC2074184C18765BDFE2870
:1038400083DCA401FD17B3879741939C070193DCA8
:103850000C410144D9BD03D58B0103D44B01DA28B7
:103860000505018D822C420589470504198C420407
:10387000418541843345F5023344F402FE28018D2D
:1038800083DCA401131405014184FD17B38797411C
:1038900081B7822CCA28018D03D48B01229503D4D1
:1038A0004B01E9BF83D7AB0183DC6B01850761BFA7
:1038B00003D58B0103D44B01DA280505018D822C39
:1038C000420589470504198C4204418541843345EA
:1038D000F5023344F40283D7AB01018D13140501C3
:1038E0004184850783DC6B0155B7822CCA28018D82
:1038F00003D48B01229503D44B01F1BFCA28822C3B
:103900007D15018D131405014184814C39BDCA28F0
:10391000822C7D1583D7AB0183DC6B01FA288507E8
:10392000B387974183DCA401018DC207850CB38C5A
:10393000EC40C20C13140501C187094593DC0C410E
:103940004184B3C7A702B3CCAC0289B7CA28822C82
:103950007D1583DCA401FE28018D13140501B387B6
:10396000974183DCAB014184E697ADBF03D58B0162
:1039700003D44B01050571B703D58B0103D44B016B
:10398000050549BF03D58B0103D44B010505D1B70C
:10399000814CC1B552854D2C55BBEFC29DA013067D
:1039A000B006EF10405C1375F50F6FC0DDA1B3E7F3
:1039B000C500A1C7EFC2FD9E41112A8432C62EC4A4
:1039C000EFD05FF81C44A24532469A2B85462285EB
:1039D0002E979AABBA2B3297BAABEFE0BFE701460E
:1039E000AD452285EFC0BFCD85476315F500228523
:1039F000EFE0DFFC41016FC01D9D8280EFC27D9A28
:103A000008410146A945EFC09FCB6FC0DD9BEFC2C7
:103A10005D9941112A842EC6EFD0DFF21844B245D9
:103A20001C4F8D8B638BB70093F735000E2F2285CB
:103A3000F199DD8D0EAFEFE07FF841016FC0BD98C9
:103A4000EFC23D9641112A842EC6EFD0BFEF184435
:103A5000B2451C4FA183BD8B638BB7001E2FFD7633
:103A6000BD899386F60FA205F58FDD8D0EAF41015E
:103A70006FC07D95EFC2FD9241112A842EC6EFD012
:103A80007FECB24518448D89939725000E2FCD9970
:103A9000DD8D0EAF41016FC01D93EFC29D904111AE
:103AA0002A842EC6EFD01FEAB24518448D89939719
:103AB00045000E2F93F5F5FCDD8D0EAF41016FC073
:103AC0009D901C4581C7884F0D8982800D4582805D
:103AD0001C4589C7884F21813D8982803D45828070
:103AE0001C4589C7884F09810D89828001458280E4
:103AF0001C4589C7884F11810D89828001458280CC
:103B00001C4599C78A2B3305A04042054185828018
:103B100001458280EFC2FD8841112A842EC6EFF054
:103B20003FFEB2450146AA95C205C1852285EFF048
:103B30001FE841016FC03D891C4599C7AA2B330579
:103B4000A04042054185828001458280EFC27D858B
:103B500041112A842EC6EFF03FFEB2453306B50070
:103B60004206418681452285EFF07FE441016FC026
:103B70009D85EFC21D83EFF03FFC6FC0DD84EFC277
:103B8000BD802A89F974EF206028B7090400AA8A49
:103B9000014485048509631F5407414681454A85D0
:103BA000EF10603C45468145AA894A85EF10A03B4D
:103BB0002A8A1306200381454A85EF10C03AF97717
:103BC00085072A84638AF4000357A901B307AA0072
:103BD000998FBE94C204C1844A85EFE0BFC1060438
:103BE000D299AA8A4E944A85EFE05FB05694098C28
:103BF00042044A85EFF05FF441803305A440AA8770
:103C00004205418563539500A687139507014185B9
:103C10006FC0CDFA8327890013172400CE859C43FB
:103C2000BA9703AA07005285EFD0DF9301ED8357BF
:103C3000AA0113970701418763539700A6879394BE
:103C40000701C184050481BFEFC22DF381452A8994
:103C5000EFF0BFD48547630DF50083278900014548
:103C600091C78A2B3305A040420541856FC06DF492
:103C70004D4681454A85EF10002F494681452A8AE5
:103C80004A85EF10402E130620038145AA8A4A85F3
:103C9000EF10602D2A844A858964EF202017370BA6
:103CA00004009389F4FF2A8C8144050B63119C0660
:103CB0008967C20A4204FD1793DA0A0141806383CF
:103CC000F90883574901B3848A00BE94B384344110
:103CD000C204C1844A85EFE0FFAF0604569A2A8BDE
:103CE00052944A85EFE09F9F5A94AA8942044A85DC
:103CF000EFF01FE14180229533053541AA87420547
:103D0000418563539500A68713950701B9BF8327A3
:103D1000890013972400DA859C43BA9783AB070088
:103D20005E85EFD03F8409ED83D74B0113970701E0
:103D3000418763D3E900CE879399070193D909415D
:103D40008504ADB7F974850471B7EFC2EDE3814521
:103D50002A89EFF09FC48547631AF50083278900FD
:103D6000014599C3039507016FC04DE54A85EF20D2
:103D7000E009F974B7090400AA8A01448504850999
:103D8000639E8A064D4681454A85EF10C01D49460F
:103D90008145AA894A85EF10001D2A8A130620034F
:103DA00081454A85EF10201CF97785072A84638AAC
:103DB000F40003578901B387A900998FBE94C20408
:103DC000C1844A85EFE01FA10604D299AA8A4E94C5
:103DD0004A85EFE0BF905694098C42044A85EFF083
:103DE0003FD241803305A440AA87420541856353F1
:103DF0009500A687139507014185BDB783278900E4
:103E000013172400CE859C43BA9703AA0700528556
:103E1000EFD04FF501ED83578A01139707014187D2
:103E200063539700A68793940701C184050489BF53
:103E3000EFC22DD7AE84B7450200938545B12A84E1
:103E4000EF80EE861DC548513305A04042054185EF
:103E5000B74502008AA09385C5B42285EF802E85E0
:103E600009CD48513305A04042054185AAA06FC045
:103E70008DD52285EFF0DFC8E1BF2285EFF0DFCBE3
:103E8000F5B7B3E7C50063850714EFC2EDCF8547EB
:103E900039712A843289AE84639EF60EEF10506F1A
:103EA000AA890A85EF70BEEEB74702009387C79FC5
:103EB00022C03EC6B5C44E85EFB04ED1060526865B
:103EC00081450985EF80EE819307001963F4A7000F
:103ED000130500199307800C6374F5001305800C1B
:103EE0002AD42285EFF0DFC1B307A0403ECE3ED0FA
:103EF000B7470200938747B13385A4403EC2B7C796
:103F00000000938747F02AD20A86A54522853ECC39
:103F1000EFC0EFFA8547631CF5060A85EF709EF047
:103F2000630709064E85EFB02ECD06054A8681450A
:103F30000985EF701EFB9307001963F4A7001305B2
:103F400000199307800C6374F5001305800C2AD4C4
:103F50002285EFF07FBEB307A0403ECE3ED0B747EC
:103F600002009387C7B43305A9403EC2B7C700001B
:103F7000938747F02AD20A86A54522853ECCEFC01A
:103F80000FF485476315F5000A85EF70BEE92161DE
:103F90006FC0CDC2B74502009385C5B4EF70FEE295
:103FA000B74502002A8A938545B12285EF70FEE16C
:103FB000AA894A86A6852285EFF07F9F63140A00AE
:103FC000E38709FC0146A9452285EFC04FEFC1B741
:103FD0008280B3E7C50063860710EFC2EDBA2E8476
:103FE000AA89368A3289EFF06FDD4E85EFF05FB136
:103FF000931A050193DA0A0181454E853304544131
:10400000EFF0BF99420485474184630FF50863547C
:10401000040C4E85EFF05FC3AA844E85EFF0FFD20B
:10402000B387A400C207C18763CE07063307F040F9
:104030006357E400B307F0401394070141844E85B1
:10404000EFF09FAF131B0501135B0B01B304694134
:10405000C204C18463D504084E85EFF05FB25A955F
:1040600042054185634B0506B307A04063D7F400C2
:104070003305A04093140501C1845694DA94931536
:10408000040113960401C1814182B3E7C50089CBC5
:104090004206C205D2864186C1854E85EFF07FDE9D
:1040A0006FC0CDB1814779B7635780024E85EFF07D
:1040B000BFB9AA844E85EFF05FC9269542054185B8
:1040C000AA87635305008147139707014187E3558A
:1040D000E4F6A28795B701449DB7014551BF8144DD
:1040E00069BF8280EFC2EDA80111AA8A2E852E84B5
:1040F0003289368AEF10304EC145AA84EFD0CFC541
:104100006306052E2685EFF0BF9CAA892685EFF071
:104110003F9EAA8DD68C19C1930C4401130620032F
:1041200081452685EF0030642A8B414681452685EE
:10413000420BEF005063135B0B015A95131C0501F2
:10414000454681452685EF0010628357290083DBB1
:104150006401135C0C013306FC405A955E9683DBC8
:104160002C00131D0501135D0D01B62C330676419D
:10417000EA97931B0601C20703D66C00C183B3857F
:10418000D740B295C205C185268536CE3ECC32CA0F
:104190002EC8EFE0AFD593DB0B412AC6C24552468D
:1041A000E247F24663C20B1863DB050063890B002C
:1041B0002685EFF07F983305754163530500814BE9
:1041C00089466382DD188D476385FD188547639CAA
:1041D000FD00F22883DB2C00629633067641931BA8
:1041E000060193DB0B412685EFF09F8FAA8C19C146
:1041F000930A4401494681452685EF00D0565A95D9
:10420000131C05014D4681452685EF00D055835787
:104210000900DA28135C0C013304FC403A942A9B11
:1042200003D70A00420B135B0B01198CDA979A2C07
:1042300003D64A00C207C183B386E7404204B29660
:10424000C2064184C1866340041463D9060019C4C0
:104250002685EFF07F9F018D63530500014426857D
:10426000EFE0CFC70947638CEC128D476381FC14E4
:104270008547639AFC00C228629403DC0A00330479
:10428000844142044184B74502009385C5B4268524
:10429000EF70BEB3B7450200AA8A938545B1268563
:1042A000EF70BEB2639C0A12631A051293F71900ED
:1042B0006381071493F7290081EBA2876353800081
:1042C000814713940701418493F7490089EBDE8706
:1042D00063D30B008147939B070193DB0B4193F959
:1042E0008900639A0900DE87635370018147939BBD
:1042F000070193DB0B4183570900228763130A00F0
:104300000147BA972310F9005E878357290063138A
:104310000A000147BA972311F900D2865E86A2856A
:104320002685EFF01FB6D9A0E35BB0E8B387F6406F
:104330003386C740931B0601268593DB0B41EFF0C4
:104340001F845E959DBDB22C83DB6C003306A641B5
:1043500069B5B2473306AC0183D52C003386C7401C
:1043600083D76C004206418685078D8FC20733468E
:10437000D602C187EA282A9C330CBC40B3C7D702B7
:1043800062961D8EA9BDE35BD0EC3304F740118C1F
:10439000420426854184EFF05F9B229575BD822CF7
:1043A0003304644103DB4A0033046441D9BD83D73D
:1043B0004A0083D60A00629B8507958FC2073305A2
:1043C0006541C1874205B3C7E7024185C2286294AF
:1043D000158C3345E5021D8C2A9465B50146A94527
:1043E0002685EFC0CFAD8547E302F5EC05616FB0E0
:1043F0001DFCA28763530400814713940701418485
:1044000055BDEFB21DFA2E84B745020041119385C8
:1044100045B1AA8432C6EF705E9B2685EFF04FEE61
:10442000B3058540B246C2050146C1852685EFF039
:104430005FBA41016FB03DF9EFB2BDF62E84B745CA
:10444000020041119385C5B4AA8432C6EF70FE976D
:104450002685EFF06FEE018DB246131605014186F9
:1044600081452685EFF0FFB641016FB0DDF5EFB273
:104470005DF34111B28436862A8436C6EFF07FF8A8
:10448000B246A68522853686EFF01FFB41016FB04C
:104490009DF3EFB21DF141112A842E89EFF00F92A6
:1044A000228502C6EF103013A285AA84510481E44C
:1044B00041016FB05DF1CA8670002285EFF09FC2A6
:1044C0002685EF105011A685AA84D5B7EFB27DEAF4
:1044D000AE8479712A84B2897D57FD5601468145A3
:1044E0002685EF70DEAE81454E857D57FD5601462F
:1044F000EF70FEADC1452285EFD00F866302052225
:104500002A8B2285EFF0EFDB2A8A630B0520014519
:10451000EFA0FEF589472A896302FA202285EFF091
:10452000AFE12ACC2285EFF08FE52A8D2285EFF0CE
:10453000AFF12ACE2285EFF05F812AC62285EFF007
:104540002FD91377C500AA8A014C09CF0547630606
:10455000EA1E0D476319EA1CE2475A8C6344F000D7
:10456000332CA00193FA3A00639B0A1C014B6309A8
:104570000C1AC1652285EFF04FC22AC84146C165B9
:104580002285EF00501E2AD04546C1652285EF00E6
:10459000901D4946C165AA8C2285EF00D01C4D466E
:1045A000C1652A892285EF00101C0546C1652A8A4B
:1045B0002285EF00501B2ACA831A41012285EFE0B1
:1045C000EF92AA8D2285EFE06F9156C4AA8B6313F8
:1045D0000C0002C463130B00814A13061002C1656C
:1045E0002285EF0050181375F50F0547637FA71656
:1045F00063190C1863060B123247F24793990B01AB
:1046000093D90901B38AE700C20A93DA0A01338712
:10461000590142074187630507103E2C131B09010E
:10462000A246B38C9741D247C20C93DC0C01239372
:104630009401B38CFC4083174401135B0B41131CA2
:104640000A019EA083178401135C0C41850CDEA037
:10465000B3876B41B3878741958FB38B77032391E2
:1046600094010145A94CB3CBEB02EFA0BEDB93074D
:10467000F00E33079503C20B93DB0B41054563DD59
:10468000E7000145EFA01EDA33059503930C000AFD
:104690001305050533459503634B75030145EFA0ED
:1046A0007ED8A94C9307F00E854B3305950363D054
:1046B000A7020145EFA01ED7B30B95031305000A0F
:1046C000938B0B05B3CBAB02C20B93DB0B41C20A3E
:1046D0004209420A93DA0A4113590901135A0A019D
:1046E000835C81005628634A5035424685471A2C20
:1046F000631AF6327D19B3872601BE9C330A4741FF
:10470000239094012392440121A84A85EFC04FCF02
:10471000E306A4E04A85EFA09ED52A89E31709FEA7
:1047200045616FB0DDC80947E31EEAE24A85EFC084
:104730008FCB5115133C150035B55A8C25B505475F
:10474000E309EAE28D4A63195A01F247E343F0E2D2
:10475000B247E340F0E219BD0947E319EAE04A85B0
:10476000EFC06FC8E31455E129B513061003C16506
:104770002285EF00407F1375F50F0547E36AA7E632
:1047800045B793970D01C1833ED4E247EA97C2072C
:10479000C1833ED2125793970D01C1833386E70040
:1047A00093160601C186E38706E483176401424736
:1047B000B0822391F9008317A4012393F900854760
:1047C000631FF70C5A289307F6FF4A974207418365
:1047D0002390E9003E972392E900831701020145E7
:1047E0003ECCE2473386FD4093970C01C1871D8E76
:1047F000330656413306B603A94D3346D602420668
:10480000418632D6EFA01EC23307B5039307F00EE0
:104810000545325663DEE7000145EFA0BEC0330513
:10482000B503930D000A3256130505053345B5034C
:10483000634AC5020145EFA0FEBEA94D9307F00EE5
:1048400005463305B50363DFA7000145EFA09EBD14
:104850003306B503930D000A130606053346B60367
:1048600042064186835601027A28831541029397B6
:104870000A013697939D0C01C183420793DD0D0118
:104880003E8C41836349B0023E2C93CDFDFF2391C2
:10489000E900BE9DB38D8D412393B901A1BB1E2CB0
:1048A000B3874741C207C1832392F900918F8507DF
:1048B0002390F9001DB72255B387B6014206B3070E
:1048C000F5404182B3878741918FC207C1833E97EC
:1048D000C207C187338DA7037D16B347BD02B30757
:1048E000F740C207C183139707014187B29723910D
:1048F000E9002393F900031D6401E247EA9763523C
:10490000F708369D420D135D0D412391A901014524
:10491000EFA05EB1A947B306F5021307F00E0545F7
:10492000635ED7000145EFA0FEAFA9473305F5024E
:104930009307000A130505053345F50283976900BF
:104940002A9D63D0A705014503DD2900EFA09EAD98
:10495000A9471307F00EB306F50205456350D702C9
:104960000145EFA03EACA9473305F5029307000AC5
:10497000130505053345F502420541812A9D239320
:10498000A9018317A40193960C0103976900B38AC8
:104990005741C186B38ADA40E3DEEAC4B38DB7413A
:1049A000B38D8D41C20D93DD0D412393B9010145B6
:1049B000EFA05EA7A94A330755039307F00E0545FC
:1049C00063DDE7000145EFA0FEA533055503930A1B
:1049D000000A130505053345550383972900B38D58
:1049E000AD40E3D9FDC0014583DA6900294DEFA050
:1049F0007EA39307F00E3307A503054563DFE700A9
:104A00000145EFA03EA23305A503130D000A1305CF
:104A100005053345A50342054181B38AAA40239188
:104A20005901C9BE134AFAFF3A9AB307D900B30C29
:104A30009A419EA023929401E5B1B3074901C20BAC
:104A4000B387F94093DB0B01B3879741B387774175
:104A5000C207C18332461397070141873307C70254
:104A6000FD1BC20B93DB0B01B34A57030547B3870A
:104A70005741939A0701B307D900C246C20793DA98
:104A80000A01C183639EE612E697BE9AC20A93DAD0
:104A90000A0113970A0141879AA083174401A2468D
:104AA000DE9A3E9B23925401369B635167093E99DF
:104AB000CA9CC20C93DC0C41239094010145EFA0E9
:104AC0007E962949330725039307F00E054563DDDC
:104AD000E7000145EFA01E95330525031309000AE1
:104AE000130505053345250383974400AA9C63DF1E
:104AF0009703014583D904002949EFA0BE9293078B
:104B0000F00E33072503054563DFE7000145EFA0FD
:104B10007E91330525031309000A13050505334566
:104B2000250342054181AA99239234018317840108
:104B300003974400338C8741E354ECBE338A4741EA
:104B4000420A135A0A41239244010145EFA09E8D67
:104B50002944330785029307F00E054563DDE7001E
:104B60000145EFA03E8C330585021304000A1305AE
:104B700005053345850283970400330AAA40E351B3
:104B8000FABA014503D944002944EFA0BE8993072E
:104B9000F00E33078502054563DFE7000145EFA00E
:104BA0007E88330585021304000A13050505334585
:104BB0008502420541813309A940239024018DB625
:104BC000BE9A93970A01C183139707014187DE9725
:104BD0009AA0DEA0831744013E9B635067093E996B
:104BE000420913590941239024010145EFA09E83F6
:104BF000A949330735039307F00E054563DDE70048
:104C00000145EFA03E82330535039309000A1305E1
:104C1000050533453503839744002A9963DF27034D
:104C2000014583D904002949EFA0CEFF9307F00E78
:104C300033072503054563DFE7000145EFA08EFE3E
:104C4000330525031309000A13050505334525031C
:104C500042054181AA992392340183178401224796
:104C6000839644003387E740330C8741E35ADCAA3C
:104C7000338A4741B30C9A41C20C93DC0C41239216
:104C800094010145EFA00EFA2944330785029307EA
:104C9000F00E054563DDE7000145EFA0AEF83305F2
:104CA00085021304000A1305050533458502839721
:104CB0000400B38CAC40E3D5FCA6E1B5EFB26DEED9
:104CC000411130008A852A84EFF05F800A85EF70F9
:104CD000EEB109E52800EF706EB10DC10A85EF70E5
:104CE000EEB009C58A852285EFD03FCA2800EF7053
:104CF000EEAF09C52C002285EFD03FC941016FB04E
:104D00008DECEFB26DE82A84AE89EFE07FDE05E935
:104D10002285EFE07FE2AA842285EFE05FE6635020
:104D20000502635E90003306A04063D3C40026866C
:104D30004206CE86418681452285EFF08F942285FA
:104D4000EFE01FDA21E12285EFE01FF02A892285BA
:104D5000EFE0BFFFAA8481452285EFE01FC48547AD
:104D60006304F50263D00402635E2001B305904042
:104D70006353B900CA85C205CE860146C185228526
:104D8000EFF02F906FB08DE3E35E09FEE35C90FEE1
:104D9000CE860146CA85E5B7EFB22DDEB774002096
:104DA0002A8A138584A5AE89B28BB68CB70A000116
:104DB000EF703EC9416B2A840149370C0F00FD1A80
:104DC0007D1B01E44A856FB0CDDEE30D94FFA28523
:104DD000138584A5EF701EC81C402A8D6397470772
:104DE0001C4463843701639289075C4063847701C4
:104DF000639D6B05014935A00327CA00931739004D
:104E0000BA97D8439316670063DC0600638689016E
:104E100033775701631637014C408843EF80BECD8E
:104E2000050983270A02CD8393F7F703E366F9FCAC
:104E300081452285EF607EF9A285138584A5EF70F8
:104E40009EB72285EF705EE805496A849DBFEFB288
:104E5000ADD3AA89EF00907B2A8901446314240111
:104E60006FB0CDD583A789001317240005049C4398
:104E7000BA9784432685EFD07FB401469305A002FC
:104E80002685EFB0DF832685EFD05FB32685C13757
:104E9000F1B7EFB20DD11C512A844845CD833706B6
:104EA000000193F7F70301477D166368F7006383FA
:104EB000E7020E073A956FB00DD193163700AA9608
:104EC000D4429394660063D50400F18EE383B6FE6A
:104ED0000507E1BF3A30850793F7F703939637004C
:104EE000137777E0558FAE843AB0B685EF806E9336
:104EF0001C5048C4CD8393F7F703FD178DEFA145F0
:104F0000EF80AEA021450329C400EF80AE8E5C4443
:104F10002320A9008843EF80BEB44844370700022D
:104F2000939584005C41B70400FFA181D98FFD8C6B
:104F3000CD8C44C149B7139737002A97832687FF42
:104F400014C38326C7FF54C34DBFEFB28DC5377559
:104F50000020D145130585A5EF703E9D6FB0ADC60D
:104F6000A382A1828280EFB2CDC041112A84328512
:104F7000AE893289370A0001EF80BEF2137C15003A
:104F8000854C7D1A19E4638A090E4A85EF803ECF6D
:104F900095A84A85EF803EDE835B0402045033957A
:104FA000AC0013CBFBFF420BC980937AF50F135B68
:104FB0000B018588014DB70DFF001C50CD8393F781
:104FC000F7036366FD00FD5DB706FF0059A05C4472
:104FD00013173D003E975C4393966700E3D506FEAA
:104FE0008DE4B3F74701B3F7B7016390F9020843C3
:104FF0007C21B3F7FA0091CB7000CA85EF805EBECA
:1050000009C5324541016FB08DBA050D7DB75844D1
:1050100093173D00BA97C443B3F4440133F7D40067
:105020006398E90288437C21B3F7FA0095C3C20470
:10503000C180B3779B0089EF63DC9D007000CA8557
:10504000EF801EBAB706FF0001C5E38C9BFAA68D60
:10505000050D1C50CD8393F7F703E36AFDFAFD5766
:10506000E391FDFAE3010CF2639709002285EF005A
:1050700090562A8401BF814931B785476305F900FD
:105080009147E314F9F01C40054799E301459DBFA2
:105090006317E9000395470135F59C43FDB7039578
:1050A0006701DDBFEFB2EDAF0041B704FF001C4464
:1050B00050400840FD8CA685EFF0FFEA032944002C
:1050C00048C40840A2864A86A68523220400EFF041
:1050D000BFCC0C44084023222401EFF09FDB504456
:1050E0004C400841EF807ECA6FB0EDAD83C751825E
:1050F0006382070EEFB24DA93289AE842A84EFD0C5
:10510000FF8BB705FF004A85ED8CEF809ED9937A1F
:1051100045004A85EF80FED8937925004A85EF80C7
:105120005ED82A8B638F0A00B7070F00639FF404D1
:1051300001469305A0022285EFB06FD82285EFD0FB
:10514000AFC3B7070F006383F400B5E4C167FD1771
:10515000630BF90663990A06639309062285EFD06B
:10516000FF85C167FD17630AF900137B1B00630C01
:105170000B00B3E9590163880900C1676385F40036
:105180002285EFF0DFCC6FB06DA3DDD011468145F5
:105190002285EFF05FDD4205096A4185130A1A7D19
:1051A000E30845F9054681452285EFF0DFDB42053E
:1051B0004185E30F45F7C167FD17E31FF9F8228525
:1051C000EFD02F9A61BF2285EF00F0406DD5EFD070
:1051D000AFBAD5B78280EFB22D9BB28441662E89DB
:1051E0008146A6857D162A84EFF01FBB0C504844EB
:1051F0008149CD8193F5F50337070003139A3900F0
:1052000063E0B9063A30850593F5F50393973500C9
:10521000137777E05D8FBE853AB0EF709EE01C504B
:1052200048C4CD8393F7F703FD1763E2F904529561
:10523000A145EF709EED5C4493968400370600FF15
:10524000D297D843A18223A02701718F558F416641
:10525000D8C37D16A6852285EFF05FE96FB00D9665
:10526000B3074501DC43F98FD1DF850941BF1397AF
:1052700037002A97832687FF14C38326C7FF54C3AA
:1052800065B7EFB26D909C512A892E84CD8393F738
:10529000F70301476372F7026309090054441316C8
:1052A0003700B29694426392260341667D16B70595
:1052B0000F002285EFF09FE32285EF003035AA89A9
:1052C0008144639634016FB06D8F0507E1B71C44CC
:1052D000139724004A859C438504BA978C4355371D
:1052E000CDB783C751829DCBEFB2AD8B2A890145E3
:1052F000EFA0AE952A840DE16FB0ED8C5C4413975E
:1053000024004A85BA978C438504EFF09FF75C50E0
:10531000E3E6F4FE2285E9BF8144D5BF8280EFB287
:10532000AD8603290500B706000141110147FD16AE
:1053300083270902CD8393F7F703637CF70E0328D5
:10534000C900931937004E988327480013966700C9
:10535000635606001045F58F6384C7000507C9BF73
:105360005441930740046384F60263E9D70293072C
:10537000400363E2D7029307300363F7F60693070F
:1053800000026386F600930700036392F60463420B
:10539000B00C4225B9A893076003C5BF93077005F9
:1053A0006384F60463E9D70093077004E381F6FE93
:1053B00093075005D9BF930780066387F6029307CA
:1053C00090066383F602930730066389F6068DC163
:1053D0009307F00F6382F50658451C49998F338473
:1053E000B70221843A9431A09307E00F63C6B70453
:1053F00040452A8A032508007000B685EF804EFEDE
:10540000854409C5B244818CB33490008327C90018
:1054100083254A002286BE9903A50900EF80FE96E7
:1054200089C803264A0083258A0003250A00EFF075
:10543000FFCB41016FA09DF8004965BF5C45004965
:10544000CDDB19E03E8475B71307F007E343B7FAE5
:10545000D5BF9307E00F63D4B700022959BF422597
:10546000835805013706E1079317040113970801D4
:105470001306F681C18F33671701F18F718F138483
:1054800045001D8F0D843304870215803E94B37749
:10549000C40013D407015D8C4204418099BFEFA280
:1054A000DDED131B06013709FF002A84AE89135B6B
:1054B0000B013379260181C5FC31814499C3C16454
:1054C000FD14B70A0001416A8146814CFD1A7D1A1C
:1054D000B70B0F00370C00031C50CD8393F7F70375
:1054E00063EBFC0099C691C42686CA852285EFF03D
:1054F000FFBF6FA01DEC5C44139D3C00EA97D043B6
:105500003377560163074B0193150701C181639EF1
:10551000650163077901B705FF006D8F63172701E8
:10552000638709009C4363843701850C75B7931723
:10553000660063D8070081465286CA852285EFF04F
:10554000BF855C44EA97D8433377EC0009CF8843A2
:10555000EF80EED15C44EA978843EF70EEF65C444E
:105560003E9D23200D00E6870C504844CD8193F5E5
:10557000F5031387F5FF63E3E7023E309385F503F8
:1055800093F5F5031397350093F777E0D98F3EB085
:10559000BA85EF701EA948C485463DBF850713979D
:1055A00037003A951841232CE5FE5841232EE5FE9D
:1055B00065BFEFA27DDD004137790020130589A585
:1055C000044083294400EF702EC735E59C50370A0C
:1055D00000010147CD8393F7F7037D1A637BF7043E
:1055E000D444931A3700D696D44213966600635873
:1055F00006061044B3F646016393C606A28513055A
:1056000089A5EF704EBB2285EF700EECC044CE85AD
:1056100056940840EF802ECEDC44D6978843EF8026
:105620000EF501C950400C40268533764601EFF057
:105630001FE76FA0BDD8630E850018411C40631A98
:10564000F70018451C446316F70058415C40E3021C
:10565000F7FEAA85130589A5EF704EBFBDB70507F4
:10566000B5BFEFA27DD22E890C512A844845CD8149
:10567000370800014111B68493F5F50381477D1881
:1056800063E4B7023E30850593F5F50313973500C3
:1056900093F777E0D98F3EB0BA8532C6EF707E9827
:1056A00048C4324605ED01A0139737002A975443AA
:1056B0009398760063D20802B3F60601639ED40085
:1056C0000843CA85EF806EEC4A86A6852285EFF0F6
:1056D000FFA141016FA09DCE85075DB71850E15530
:1056E000370800034D831377F70393173700C1176B
:1056F0009309F7FFB305B702AA970E076398090449
:105700008E09A1454E9532C6EF703EA02145032A71
:10571000C400EF703E8E5C444E9A2320AA00CE97C0
:105720008843EF80EEB35C4437070001B70600FF03
:10573000BE9983A7490003A50900D98F7D17658FFE
:10574000F58FD98F23A2F9003246A5BFD443B37693
:10575000D800DDF683A80700B386B700BA9623A465
:10576000160183A84700FD19E11723A6160179B792
:105770001C51370300010147CD8393F7F7037D13D5
:105780006364F700014582808328C5001318370041
:10579000469883284800139E7800635E0E00B3F895
:1057A0006800639AD800EFA2DDBF03250800EF80F0
:1057B0002EC36FA05DC10507E1B71851370800017E
:1057C00081474D831377F7037D1863E6E700631283
:1057D000F702014582808328C50093963700C6965C
:1057E000D4429398760063D00802B3F60601639C16
:1057F000C600EFA21DBB58458E07BA978843EF80BD
:105800008EAF6FA05DBC8507C9B7EFA2FDB73E3173
:1058100012B1328A93E747003EB1104739712A84AA
:105820003689BA842E8BEFF00FF49044AA8A2310A5
:105830002403DA852285EFF00FF33E30ED9B3EB076
:105840006386AA10904423104403DA85AA8922852E
:10585000EFF06FF12A8ADA85231024032285EFF016
:105860004FE38C4408415286EF802ED29844930730
:1058700000066315F704A167FD176304FA00639F30
:10588000F9022285EFC09FE5094933452503931AA4
:1058900005012285EFC09FE433452503A167FD176D
:1058A00093DA0A4142054185631AFA0263D1AA02DA
:1058B000138A1A006394F90093891A00377500203F
:1058C000130585A5EF706E872A8911ED01A0130AD3
:1058D0001500E395F9FE93091500CDB7E390F9FEA5
:1058E000E3DBAAFED1BF9C442326450123283501D2
:1058F0005CC100C1232465010A85EF604EC9B7571A
:1059000002009387E7313EC2B75702009387470AE8
:105910003EC4B75702009387275B3EC69307F00F3C
:105920003ED29E200A854AC03ED4BE2002CE02D07E
:10593000B307F0403ED6DC443ECC8347E103F99BFD
:10594000230FF1029C483ECAEF60CECD21616FA0CB
:10595000FDA6EFA27DA332840DCD130630062A8961
:10596000AE89EFF04FE0AA840DC51C419DC313061C
:105970004006CE854A85EFF00FDF1376F50F11CA8A
:105980009C40A285268582974205C17741817D8C06
:10599000498C22856FA09DA2EFA21D9FB70900012F
:1059A00041112A8A01498144FD1993CAF5FF134B1D
:1059B000F6FF83270A02CD8393F7F7036376F91284
:1059C0008327CA00131739003E975C4393966700FC
:1059D00063C90610B3F73701C207C183B3F6FA00F3
:1059E000B377FB0093B6160093B71700638BF60EE0
:1059F00000437000C1452285EF808E9E6315050E21
:105A00007000C5452285EF80AE9D631E050C7000B9
:105A1000C9452285EF80CE9C6317050C7000CD45EB
:105A20002285EF80EE9B61E17000D5452285EF80F5
:105A30002E9B55E97000D1452285EF806E9A45E591
:105A400070009305A0062285EF808E9949ED7000C5
:105A5000B1452285EF80CE9859E57000B545228585
:105A6000EF800E9849E1700085452285EF804E97C2
:105A70003DE9700091452285EF808E962DE57000FE
:105A800089452285EF80CE9539ED70008D452285C0
:105A9000EF800E9529E9700095452285EF804E94A0
:105AA00039E1700099452285EF808E930DED7000ED
:105AB000930520032285EF80AE9215E57000BD4569
:105AC0002285EF80EE9105E17000B9452285EF80D7
:105AD0002E9111E97000A9452285EF806E9009C9C9
:105AE00089440509F9B58D44268541016FA01D8DB6
:105AF0007000AD452285EF80AE8E7DF17000BD4512
:105B00002285EF80EE8D69FD7000B9452285EF801A
:105B10002E8D79F57000930570032285EF804E8CF1
:105B200061F17000930580032285EF806E8B4DF943
:105B30007000930550032285EF808E8A55F1700026
:105B4000930500042285EF80AE8959F97000930512
:105B500050042285EF80CE8841F570009305100433
:105B60002285EF80EE872DFD7000930520042285AD
:105B7000EF800E8735F57000930530042285EF80A5
:105B80002E8639FD7000930590042285EF804E85A6
:105B900021F9A1F88544B1B7420541818280B70758
:105BA000FF007D8D8280EFA2CDFF1306B005AA8491
:105BB0002E89EFF04FBB1374F50F1306B006CA859C
:105BC0002685EFF04FBA11E0054422856FA0ADFFA6
:105BD000EFA22DFDB2862E868545EFF09FA86FA01F
:105BE0008DFEEFA20DFCB2862E868945EFF07FA7D1
:105BF0006FA06DFDEFA2EDFAB2862E869145EFF013
:105C00005FA66FA04DFCEFA2CDF9B2862E869D4512
:105C1000EFF03FA56FA02DFBEFA2ADF8B2862E8668
:105C2000A145EFF01FA46FA00DFAEFA28DF7B28689
:105C30002E86A545EFF0FFA26FA0EDF8EFA26DF65E
:105C4000B2862E86C145EFF0DFA16FA0CDF7EFA29F
:105C50004DF5B2862E86C545EFF0BFA06FA0ADF61C
:105C6000EFA22DF4B2862E86C945EFF09F9F6FA05C
:105C70008DF5EFA20DF3B2862E86CD45EFF07F9E17
:105C80006FA06DF4EFA2EDF1B286139605014111FC
:105C900041829305000223100100EFF09F9C410117
:105CA0006FA06DF2EFA2EDEFB2862E869305100283
:105CB000EFF03F9B6FA02DF1EFA2ADEEB2862E86E6
:105CC00093058002EFF0FF996FA0EDEFEFA26DED6D
:105CD000B2862E8693052003EFF0BF986FA0ADEE3D
:105CE000EFA22DECB2862E8693050005EFF07F978C
:105CF0006FA06DEDEFA2EDEAB2861396050141119A
:105D000041829305200523100100EFF09F9541018A
:105D10006FA06DEBEFA2EDE8B2861396050141117D
:105D200041829305500523100100EFF09F9341013C
:105D30006FA06DE9EFA2EDE6B2862E869305B00561
:105D4000EFF03F926FA02DE8EFA2ADE5B2862E8670
:105D500093050006EFF0FF906FA0EDE6EFA26DE473
:105D6000B2862E869305A006EFF0BF8F6FA0ADE53B
:105D7000EFA22DE3B2862E869305B006EFF07F8E5C
:105D80006FA06DE419C15C4191E382803E85DDBF67
:105D9000EFA22DE15C4199C3EFF0DFFE37740020E4
:105DA000AA8413050497EF603EC905C55451814785
:105DB00009A858451396270032971843630B97009C
:105DC0008507E398F6FEAA8513050497EF601EC8C1
:105DD000E9BF6FA04DDF19C1484182800145828033
:105DE00018451DC35443AE8763D80500B387D5005B
:105DF000BE85014563CB0700014563F8D7001C430E
:105E00008A05BE9588418280014582801C4599C3E0
:105E1000C843828001458280EFA20DD7014411CD95
:105E2000032945000144630A0900AA844A85EFF06A
:105E3000FFFDAA89639689007D5422856FA00DD845
:105E4000A2854A85EFF0DFF9E389A4FE0504DDB7FA
:105E5000EFA22DD50146930510022A84EFA03F86BC
:105E600021CD81452285EFF0BFF729E92285EFB0EA
:105E70004FF02A890145EF908EDFAA8431E1228517
:105E8000EFB0FFC25C402285C1E7EFF07FF0AA844B
:105E90004C514845814713972700639FB7042A97C1
:105EA000FD15110763E1B706CCD08A05EF706E9738
:105EB000C8C42285EF605EE16FA0EDD0513F55B7B9
:105EC0009C546305F400DC546316F400A285268517
:105ED000EFA0DFC2DC586314F40023AA0402FC48DC
:105EE000631AF900EFA05FD66316A400A285268589
:105EF000EFA0DFC0268541B7B306E5009442E3007A
:105F0000D4FA850749BF14438507232ED7FE51BF16
:105F1000EFF09FF05C408447CC409C40FD156369E6
:105F2000B500CCC03E858A05EF70AE8F88C051B7F2
:105F3000050513172500BA97984323AEE7FED9BF8E
:105F4000EFA28DC42A89EFC07FA763090904032447
:105F5000490029C42285EFE07FD6814481494A85E2
:105F6000EFF01FEF1DC42285EFD04FE5814522855C
:105F7000EFE03FD92285EFE07FD401469305200270
:105F80002285EFA0CFF30146930540022285EFA0C2
:105F90000FF399C023A809006FA04DC24A85EFF006
:105FA0003FDFAA8975D904490144B384244193B4DD
:105FB000140075B75C416388070E6386050EEFA277
:105FC000ADBC2A84AE84EFC07F9F2685EFB09F973B
:105FD000032944002285EFF03FE4032A8900AA89BF
:105FE000832A0A004A85EFF07FE27D1563CDA90878
:105FF00083254A00FD152322BA00D1CD8A05568596
:10600000EF702E822320AA0083A9840083A5490073
:1060100003A50900850523A2B9008A05EF706E80EB
:1060200023A0A9002685EFF07FDE9C440A05814568
:106030009C43AA9723AE87FE4A8544C0EFE07FCCFD
:106040004A85EFE0BFC72286930520024A85EFA06C
:106050000FE70146930540024A85EFA04FE62286EE
:10606000930520022685EFA08FE5014693053002B7
:106070002685EFA0CFE42285EFC00FD02285EFC0A8
:10608000FF936FA0ADB3850993972900D6979843E6
:1060900023AEE7FE81BF5685EF601EC383278900CC
:1060A00023A0070095B78280EFA2ADAFAA842E840B
:1060B00063D20504014591C0C840EFF03FD52A9452
:1060C000014999C003A94400635804026FA0ADAF11
:1060D00083A5C7FFF117CCC3E39CC7FE369704C363
:1060E0000146930520024A85EFA06FDD4A85EFC087
:1060F000FF8CE9BF61F901494A85EFF03FD1E357D1
:10610000A4FC2685EFF05FD1E302A4FC832789007D
:1061100093162400984393172500BA973306D700A7
:10612000E348A4FAE30CF6FACC43910723AEB7FE9A
:10613000D5BFEFA20DA71A259E21411103D8250036
:10614000BA977C843E253E982315010103D845006B
:1061500042977886FA212C00BA977C875C4982970F
:1061600041016FA04DA6EFA22DA241112E84014640
:10617000D1052A89EF602E9609E5014541016FA0FE
:10618000EDA385452285EFB02FBD65F93000C945E7
:10619000228502C44AC6EFA08FD222478947E30E68
:1061A000F7FC2285EFF09FC6AA8981446397990086
:1061B000A2470145E1F72285D1B71C44139724007B
:1061C0004A859C43BA978C43793F4DF98504F9BFC2
:1061D000EFA22D9AAA8B03A5C1A179711384C1A145
:1061E000EF908EA883A70B00AA8903A987038327B2
:1061F000C90299C34A85829783A7090089EF08409D
:10620000054723A8E9000441D4449C4E858B85E3CF
:1062100023AA09001DA083A74900F5D31C40884389
:1062200083A70901E9DF1C55E5DF8297C5BF9C4EB6
:106230008583858BF1DF23AAE90083A7490103A7A2
:106240000B003ECC5C4B638807181C4B03244900B1
:10625000032D090013F607036305063C918B638247
:10626000073C9C48194713F667006306E61613F7C8
:106270000703130600026314C708035844000353BE
:1062800064000E202A2093071800130613008D8F38
:10629000098EC20742064186C187B387C702EA88D2
:1062A0001387F7FF8607EA973A86330EC740F91738
:1062B000636CCE02BA209E206A867D17FD174207C6
:1062C000C2074183C1833305A740B385B740330775
:1062D0006740B38707416AA04EA03AA01EA0A285DE
:1062E0002685EFF01FE5C5A883DE080003DE070062
:1062F0007D162390D7012390C80189087DB7C18BF3
:10630000F9CBEF906E9683150400031644000358F2
:10631000640093970501C183930A16003EC4139746
:10632000050193970A01C18341833387E7403EC249
:1063300083172400420741833EC61319070185676E
:106340001359094193870740B3D72703835AC100E4
:106350000508AA8C33085841131C0801135C0C4132
:106360003E8A6353FC00628A93170A01C1873EC8C4
:106370009C48414593F707036395A708BE20A246B2
:106380001386F7FF158E924672A0958F3EA089471F
:1063900013061900B346F902B347F60236D23ED0CF
:1063A000CA87635309008147C207C1878607130B59
:1063B000F7FF3ECE93170B01C1833ECA9387FAFFC6
:1063C000BA970143014A3ED46340830563050A003E
:1063D0005285EF609E9183A709008DC383A6490073
:1063E00091CE03A70B00184B058B19C3624719C741
:1063F00003A78900639BE72223A4D90045616F901E
:106400001DFB2EA072A061B7C247B30D6C4063D3D1
:10641000B701BE8D0547139B0D0123A8EC00135B4C
:106420000B416315031263432C1383A304018142C0
:10643000014593F30303125793170501C18763D7EF
:10644000E708D247338FA740420F135F0F41B30DC8
:106450002F038147A9A85247939F070193DF0F019C
:106460003307F74142074187B38557003306E902F6
:1064700086056E97EA950607930600036A9783D010
:106480000500B307F9022A9606066A96FA97860768
:10649000EA976394D302162296A10E230EA29223AA
:1064A00012A323901700850F93970F01C1870257FE
:1064B000E3C3E7FA0505CA92BDBF962396A10E2352
:1064C0008EA31E221EA323101600F1BF9C48414735
:1064D00093F70703639EE704B2471EA0A2575EA08E
:1064E0004A8BB30D630163C58D1303A78C01058B24
:1064F0006300071203A78C010583058B630A07104D
:10650000054723AAEC00528663130A006A86A28517
:106510002685EFF01FC203A70C01631E070EB30709
:106520002B0313930D011353034186073E9D69BD51
:106530009E202247FD17B3875741C207C183050735
:106540005EA0BA971247998F1EA059BF631A0A001E
:106550000D65130505801AD6EF60FEAF32532A8A07
:10656000B30069038C48DA835A8693F505036A8F72
:106570003387C34042074187634867039848C20D89
:106580001316030113770703C14593DD0D01418203
:106590006313B7063387CA00420741831AA07D17E9
:1065A000BA9D2312B40135BF930700033387C0405F
:1065B0006394F5001307F6FF0145931F050193DF70
:1065C0000F4163C62F01F2477D163E9F55B79312C8
:1065D0001500FA9283D20200931F1700D29F2390D6
:1065E0005F00930700036395F5005A970505F1B71F
:1065F00033076741E5BF9A207D1733075741118F55
:10660000420741835AA005073307B7411AA0D1BDFD
:1066100023AA0C00CDBD9854E30F07EE2685029700
:10662000DDBD6A86A2853A856DB923A4F900F9B368
:106630008280EF927DD52E840111AA848545228522
:10664000EFA09FF1631B050C0C08228503A98400B1
:10665000EFB0BFFC2285EFB0FFCF2A86AA850808DD
:10666000EF50BE9A1008CA852800EF505E9E01E9DF
:10667000B70508002285EFA03FEE014A1DC13C008E
:106680009CC42686D1452285EFA06F832686D545FA
:106690002285EFA0CF822686D9452285EFA02F82C2
:1066A000054AB70508002285EFA01FEB9309810179
:1066B0000DC92146CA854E85EF30507323A434019D
:1066C0002285EFF0AFF4AA8A814963833A031C4420
:1066D0001397290026859C438509BA978C43913FDF
:1066E000EDB713064401CA854E85EF505E9679F5E5
:1066F00063030A023C009CC42686DD452285EF9098
:106700001FFC2686E1452285EF907FFB2686E54526
:106710002285EF90DFFA23A4240105616F901DCA42
:10672000EF929DC62A89AE8499E503A5C1A1EF9099
:10673000FFD8AA8411C94A85A685EFF09FEF268568
:10674000EFF06FE92A8419E16F905DC72285EFF0C1
:10675000EFEBAA8A8149014A639659034A86DD45CF
:106760002285EF90DFF54A86E1452285EF903FF5DF
:106770004A86E5452285EF909FF42285EFF0AFE54C
:10678000A284C9B71C44139729009C43BA978C4331
:1067900063180A00B385B44013BA150085096DBFAC
:1067A0004A85EFF01FE9DDBFEF921DBEAA8403A565
:1067B000C1A15D711384C1A1EF801ECB1C4185E393
:1067C000084003A94400EF907FCFAA854A85EFF0E7
:1067D0009F991C40AA89CC4B99ED35ED25A05C41D1
:1067E0002A89F9FF184083270901F9DB08431C5562
:1067F000FDDB8297C5BFC840EFF0FF962A89639DF5
:10680000090439E90840EF807EBC2A890840EF80FE
:10681000BEBE1307F5FF9306F9FF4207C206418784
:10682000C186014681450808EF506EFA9C54C1C7E5
:106830002808EF80FF911C4010082C08D8572685A7
:106840003AD403C797022309E102BE37A30DE10042
:10685000FC869C54829701491C4003C78702058B24
:106860005DC36394090083A90701CE852685EFF0F7
:106870003FEB1C40DC4B81CB631309003E89CA858A
:106880002685EFF0FFE90840EF90DFC6AA85268550
:10689000EFF01FE90840EF90BFC7AA852685EFF00B
:1068A0003FE808401C419C4B898B99E3EFF05F92D5
:1068B00061616F90BDB01C40C85715C56C00EF906A
:1068C000BFA18547E319F5F82808EF603FDB1C40BE
:1068D00010082C0803C797022685A301E102D457AC
:1068E000EF603FE48DBF2808EF809F861C40D040BA
:1068F0002C08BA372685F88683C79702A30DF100C6
:10690000EF805F8A89BFDC4B81CB631309003E892E
:10691000CA852685EFF0DFE0639509001C4083A956
:106920000701CE85B1BFEF92DDA701112A8419E5D9
:106930002EC6EF805EA92A84B24501C9834784022E
:10694000918B81E791E52318041405616F90BDA731
:1069500022852EC602C8EF807EA77D15E88222859B
:10696000EF809EA9B2457D15E88310082808EF50F6
:106970000EEE61DD08401C49898B89CFC2471CD8C7
:10698000D2475CD8854748402318F4145DDDEF708A
:106990005EAE65BF1C4D99C32C0882978144835716
:1069A000041563E3F4027D47636DF702B8848E0734
:1069B000A2979ABBB885BABBB886DABBB887FABBD0
:1069C000835704158507C1B7938564008E0501467A
:1069D000A2952808EF503E902DF98504C204C1808D
:1069E0007DBFBC80231804141EB8BC813EB8BC8295
:1069F0005EB8BC837EB8E9B703A5C1A18280EF92DF
:106A00005D970111AA84EF807EA92AC202CA13846D
:106A1000C1A163860412DC4426851CC0EF70DEA48D
:106A20001C40884BEFC09FB91C40C84B19C1EFC038
:106A3000FFB81C400149C84FEFC05FB81C408853E5
:106A4000EFC0DFB71C40984B630F070E054A1C4090
:106A500083D90715636E390F23A001A2138B01A2FE
:106A600063890904FD197D57B386370183C6061370
:106A700089C6FD19E39AE9FE81499843814B930A3F
:106A800081015847142FF99A14AF142FF59A14AFB7
:106A900003C78702136747002384E702032D04001E
:106AA00083570D1563CEFB1283478D02ED9B2304A4
:106AB000FD02084083570515A5CF1C419C4B898BCF
:106AC0009DCBEF80BE90AA840840EF80FE92130712
:106AD000F5FF9386F4FF42072408C2062685418706
:106AE000C18601468145EF508ECE08401C419C5F17
:106AF000C4C3EFF0EFED0840930500101305050344
:106B0000EF60AEE008409305000213050513EF6047
:106B1000CEDF1C40124523980714EF809E991C403D
:106B20002ACA88435C5189C7D24503260B00829745
:106B3000EF606E9EEF80DED3EF70FFEB39A0EF8049
:106B40009E8808C0F1BD2398071405616F903D86AB
:106B5000CA9783C7071399C30509D5BD131B39000D
:106B6000930A0B038144084083570515E3F6F4FEAE
:106B7000B307950083C70713B5E36301990693999B
:106B8000340093890903B30535015695EF50CEF0D3
:106B900031C50C40280833863501D695EF506ED4A8
:106BA0002808EF50AEC42A8C08405695EF500EC40A
:106BB000AA8B08404E95EF506EC35E956370AC0291
:106BC0001C40B4843387670116BBB485A69736BBD7
:106BD000B48656BBB48776BB23884713850461B758
:106BE000B3077D0183C70713C9E703270D005C477F
:106BF00063963B01942F93E6160094AF942F13995C
:106C00003B00130C0903F59A94AF045F9C479CC0AA
:106C10001C4B8D8BADCF6A85EF804EFB2A890840D7
:106C2000EF808EFD1307F5FF9306F9FF4207C206BA
:106C30004187C186014681455685EF504EB91C40BB
:106C400023A254019C43984BDC47098B0DC7982F16
:106C50001367270098AF23A454012685EFF0DFB413
:106C600008406295EF508EB883270B003E95232095
:106C7000AB00850B25B5984F629D058B93161700C9
:106C8000982F759B558F98AF23A4A401F9B76A99E3
:106C9000831C6903835D4903835709030357290351
:106CA000850D138A1C00B38DFD40330AEA40C20DE6
:106CB000420A6A8593DD0D41135A0A41EF80CEF3F3
:106CC00063CCAC0A0840EF802EF37D15931C0501C0
:106CD00093DC0C411C409443DC46DC47B3DDB70336
:106CE00063D34D016E8A9C4ED1CF131D0A0102CC95
:106CF000231E0100135D0D411C40930DFDFFC20DCD
:106D0000884393DD0D41231FB1011C4DD685829729
:106D10008316E101BC858506B387F640C207C187AB
:106D2000635FFA046E8DE349B0FD014D93150D01CB
:106D300083172903C181814D1388F5FFB386A7010D
:106D4000FD16104063D2DC04E38CBCF183560903CA
:106D5000F48483564903FC851C42F486231F910169
:106D6000DC4723A2540123A45401984798C0982FCC
:106D70001367270098AFD5B5831C6903A1BF368A76
:106D8000E355A0FB528D5DB783560903139A0701A3
:106D9000135A0A01F48483564903FC85B3070A0198
:106DA000F4861442C207C187D446FC8723A254014B
:106DB000904623A4540190C063D4FC00231F91018A
:106DC000831DE1016396BC019C2E93E727009CAED6
:106DD000268542C62EC4EFF03F9DA2453248B387B8
:106DE0004501C207C18799BFEF92ADDB2A844841B4
:106DF000AE8411C1D53F1C4081C7A68522858297EC
:106E00006F906DDCEF92EDD919C5EFE07FF8EF9050
:106E1000EFF16F904DDBEF800EDBD5BFEF926DD8B9
:106E2000AA84EFF03FFE09CD370610002A84814581
:106E300026857D16EFE0AFE6A6852285EFF0DFFA26
:106E40006F906DD8EF92EDD5EFF0DFFB01C50A2909
:106E50006F906DD74545EF506EF3DDBFEF92CDD209
:106E600083944500839905000394650003992500E8
:106E70002A8AB28A93160401139604019315090114
:106E800013950901C1824182C1814181EF20807245
:106E9000B38534413304244105048505B385850257
:106EA0005685EF20C0755285EF806ED96F900DD159
:106EB000EF922DCF370501208566B7F50020938628
:106EC00006C801469385C5C313098558130585581F
:106ED000EF808EB9370401201305C453EF80CEB381
:106EE000B707F0009304C453938707149CC0B77787
:106EF00002009387C7E51305C453DCC823A6240109
:106F0000EF80EEB86F902DCCEF922DC7757185454F
:106F100013050002EF10F01D930700202318F10461
:106F200037140140C147BECC8C088D47130504407F
:106F3000BECAEF10E0459305002013050440EF1092
:106F40000052370503001305C56BEF908DF523A2A2
:106F5000A1A211E9370503001305456CEFA0CDD9B7
:106F600049616F900DC593053010EF906DFB3705AB
:106F700003001305856D938441A2EFA0EDD7014472
:106F800037090300B7090300370A0300B70A0300F3
:106F9000370B0300B70B0300370C03001306000286
:106FA00081450818EFA08D878840FD46101881455F
:106FB000EF903D826356A0029305096F0818EF30E9
:106FC000103841C5371501409305002013050540D1
:106FD000EF10A0480545E92A13054B6FEFA0CDD16E
:106FE00005049307100363FE87046808112A29E942
:106FF0008348C10283574102025546C63EC4EF3062
:1070000080492AC27245EF300049B2482258A2474F
:107010001247AA8613860B72930500048808EFA016
:10702000ADC880408808EFA0CD91AA868145900820
:107030002285EF90EDFB8C0813054C73EFA0CDCBB0
:1070400001445145EFA0DDE291BF93850970081816
:10705000EF30F02E11CD37150140930500201305B8
:107060000540EF10C03F0145A12213854A70BDB70E
:107070000C1813050A71EFA02DC89DB7EF926DB2E1
:10708000B70503003705012001469385C573130535
:10709000855BEF90DD986F900DB3EF928DB0370563
:1070A0000120FD551305855BEF903D9A6F90ADB1C2
:1070B000EF922DAF370501201305855BEF909DA55D
:1070C0006F906DB00DCDEF92CDAD41112AC6EFF0AE
:1070D000DFFCB2453704012051461305445AEF3016
:1070E000E050EFF0FFFC3705012001469305445ABC
:1070F0001305C56BEF905DB041016F90CDAC828000
:107100000DC5EF920DAA41112AC6EFF01FF93245C5
:10711000B705012051469385455AEF30204DEFF0D9
:107120003FF9014541016F900DAA7D558280EF9294
:107130004DA77971930700005146814528003EC054
:107140003EC2EF90BDED3705030013058574EFA037
:10715000ADBA6D2079245D263705030013058575CA
:10716000EFA08DB98567938447CE1384F7FF4C0059
:107170000A85712E09E582473EC492473EC6A9455D
:107180002D458926E88033059502334585022ACAB4
:107190006808EFF0FFF609E58347C102230CF10010
:1071A0002800EFF03FF21305803EEFA07DCCC1B781
:1071B000EF922D9F01112A846800EFF07FF46800A0
:1071C000230E8100EFF01FF0014505616F90AD9F28
:1071D000EF922D9D6164B75400402A891304146A0C
:1071E00093840440CA852685EF10A05301C501454C
:1071F0006F906D9D7D147DF40545DDBFEF926D9A16
:10720000011185452545EF10C06E854537052000E5
:10721000EF10007081450945EF1040259307000CE1
:107220007C8237150140F1474C003EC6130505C06E
:107230008D47375400403EC4EF10801513050440BD
:10724000EF10E032E1679387076A3EC8B707FFBFD8
:107250003ECAB70700043ECC0C08916713050440F2
:10726000FC86EF10E033854513050440EF10204302
:1072700005616F904D95EF922D91B75900402A8985
:107280002E84328A93840940B70502002685EF10C8
:10729000A04A7DF9854513850940EF10C0413705A7
:1072A00003000505EFF0DFF2854429E99315190085
:1072B000014693F5E50F13850940EF106045370946
:1072C000070013052908EFF0BFF0AA8415E1B759AC
:1072D0000040229A938A0940130949086313440322
:1072E00037550040854513050540EF10603E39A035
:1072F000854513850940EF10A03D894426856F9090
:10730000ED8B0C2056850504EF10C03F4A85EFF049
:107310003FEC69D5854513850940EF10603B8D44EE
:10732000F1BFEF926D86B7540040AA89AE8A328AC7
:1073300013840440B70502002285EF10E03F7DF979
:10734000854513850440EF10003737090300130506
:107350001900EFF0FFE7054431ED9395190005465C
:1073600093F5E50F13850440EF10803A13052900CB
:10737000EFF01FE62A840DE9B75900408144130B52
:10738000FAFF938909401309090463984403B75429
:107390000040138504408545EF10803385451385F3
:1073A0000440EF10803439A0854513850440EF1068
:1073B0002032094422856F906D8063169B008145C1
:1073C0004E85EF1080324A85EFF09FE009E94E8547
:1073D000EF108033B3879A0088A385047DB70D44EE
:1073E000D1BFEF821DFC79711306000281450808A8
:1073F00002C202C402C6EF80DDFD854513050021EF
:10740000EF10204F3165EF10403689474C0037159B
:1074100001407C8202C6EF00B07737240140B707F5
:107420000E003ECE0C088547130504402302F102EE
:1074300002C802CA02CC02D0EF00B0558545130540
:107440000440EF00705A13050440EF00F05A930413
:1074500004402685EF00F05A6DFD130504403724E3
:107460000140EF00905A130404402285EF00905A27
:107470006DFD45616F803DF5EF82BDF2372401401F
:10748000AA859D46130504400546EF00B05A130532
:10749000044085456164B7240140EF00305813046F
:1074A000046A1389044089454A85EF00B06419C510
:1074B00013850440EF0090636F80FDF07D1465F448
:1074C0000145DDBFEF82FDED41112A890144814470
:1074D0006319B40033D584024101420541816F80B4
:1074E0009DEE4A852EC6EFF03FF9AA941545EFA010
:1074F0003D9805041374F40FB245D9BFEF827DEABD
:1075000013054006EFA0DD9601456F80DDEBEF82AD
:10751000BDE741118D672A89AE899387C73A0D4629
:107520004C00130580037C8223030100EFF0BFD4DD
:1075300001CD3705030013058577EF90FDFB05446A
:10754000228541016F809DE713054006EFA05D9203
:1075500019462C0013058003EFF0BFDC2A8409C90B
:10756000370503001305C578EF901DF90944C9BF1D
:107570008307810063DA0700370503001305057AE6
:10758000EF909DF70D446DBF88853886B7070F00D3
:1075900093140501FD8C931787002183D98FC207AF
:1075A000C183DD8C18859C8411811207B207D98FA5
:1075B0005D8DEF207074B707030083A58776370AC7
:1075C0000300EF20700B8325CA76EF20F00A23A07A
:1075D000A9002685EF205072B707030083A507771F
:1075E000EF2090098325CA76EF201009B707030022
:1075F00083A54777EF2090312320A90091B78147D9
:107600008546130700023396F6006306A600850739
:10761000E39BE7FEFD573E858280EF829DD885453E
:1076200013050002EF10E02C6F80FDD9EF827DD7AB
:1076300085452145EF10E02B6F80FDD8EF827DD688
:1076400085451145EF10E02A6F80FDD7EF827DD58B
:1076500085454145EF10E0296F80FDD6EF827DD44E
:10766000854513050004EF10C0286F80DDD5EF823B
:107670005DD3B70503003715030001469385C57A2E
:10768000130545E9EFB09DE36F80FDD393074006F6
:1076900063EDA700931745003715030013054584D4
:1076A0003E951841FD576313F70001458280EF8234
:1076B0005DCF411113F5F50F32C6EFF03FFD11C557
:1076C0004E2532460845EF00D05941016F80BDCFAD
:1076D000EF823DCD13F5F50FEFF05FFBAA87014573
:1076E00089C7CE278847EF00B0566F80DDCDEF8287
:1076F0005DCB011113F5F50F3284EFF03FF905C5AD
:107700005C412AC6829732455C45FC82C1473ECE29
:107710008D473ECC09C41547631AE40002CE0845E4
:107720004C08EF00F04605616F80FDC90547631501
:10773000E40091473ECEE5B76315F400930780025D
:10774000D5BF89476315F40093078004E5B79147D7
:107750006314F400D147F9BF99476314F400F1476B
:10776000D1BF9D47E31DF4FAE147E9B7EF82DDC1E0
:1077700013F5F50FAE84B289368A3A89EFF01FF11E
:10778000994731CD4845EFF09FE73D472A84994717
:107790006367A704EFA07D9FB146B306D402B70785
:1077A00000201387470E2A869387470E3697831645
:1077B0000700639F96004C43639C45012E23639909
:1077C0003501184763162701EFA0FD9C814701A8EA
:1077D0007D576389E6003285EFA0FD9B9D473E857E
:1077E0006F80DDBD31453305A4023E9506A12322FD
:1077F000450123113501232425013285F1B7EF829C
:107800005DBA13F5F50FEFF07FE819471DC948453C
:10781000EFF0FFDEBD472A84194763E4A702EFA01B
:10782000DD96B1473304F402B70700209387470E73
:107830007D57A297839607006398E600EFA0BD9559
:1078400001473A856F803DB841677D1798C323A2F1
:10785000070023A40700DDB7EF821DB3011113F564
:10786000F50F328AEFF09FE2994721C185442A84BF
:1078700063169A104845EFF09FD83D47AA84994770
:107880006365A702EFA07D90B14AB387540337091F
:1078900000201309490EAA893E9903170900FD57D4
:1078A0006319F700EFA03D8F99473E8505616F8012
:1078B000FDB05C40829785450545EF1080035C4430
:1078C0000D473AC47C823EC88357290002CA52CE73
:1078D000638D4709C9C70947638EE70808444C0010
:1078E000EF00102B1844B7170140938607C00545D9
:1078F0006302D7020945630FF700938707400D45E0
:10790000630AF700B7270140938707800145631397
:10791000F700114593F5F40FEF00B0420808EF00AF
:10792000101EB70703009387477C8E04BE94D04097
:1079300037E700E093060005B307C7002380D74070
:10794000935756009387070485468A07B396C60067
:10795000BA9794C34E85EFA01D848147B9B79307AA
:1079600080023EC6A1473ECC95BF930780043EC629
:1079700056CCADB791473EC6C147F5B79947E31618
:107980000AF24845EFF0BFC73D479947E36FA7F0BC
:1079900093173500370503001305457C3E95584184
:1079A0009357570093870706B394E4008A0737E795
:1079B00000E0BA9784C30F10000045B7EF827D9EA8
:1079C000EFF0FFC3B1473305F502B70700209387F7
:1079D000470E3E955C4199C3084582976F80BD9ED6
:1079E00073110134EF908DC30545EF00F01719C5F1
:1079F0000545EFF0BFFC0545EF00F018EF90EDC432
:107A0000731101347300203073110134EF900DC1F4
:107A10000945EF00701519C50945EFF03FFA094512
:107A2000EF007016EF906DC27311013473002030B7
:107A300073110134EF908DBE1145EF00F01219C59E
:107A40001145EFF0BFF71145EF00F013EF90EDBFD8
:107A5000731101347300203073110134EF900DBCA9
:107A60002145EF00701019C52145EFF03FF5214584
:107A7000EF007011EF906DBD731101347300203071
:107A800073110134EF908DB94145EF00F00D19C528
:107A90004145EFF0BFF24145EF00F00EEF90EDBA37
:107AA000731101347300203073110134EF900DB75E
:107AB00013050002EF00500B1DCD13050002EFF07F
:107AC000FFEF13050004EFF07FEF13050008EFF060
:107AD000FFEE13050010EFF07FEE13050020EFF02E
:107AE000FFED1305003EEF00100AEF900DB6731185
:107AF00001347300203013050004EF00F00655FD3B
:107B000013050008EF0050064DF913050010EF00B3
:107B1000B00545F513050020EF00100559FDF1B73C
:107B200073110134EF908DAF13050040EF00D003C7
:107B300029C113050040EFF07FE8056513050580B6
:107B4000EFF0DFE70565EFF07FE70965EFF01FE78E
:107B50001165EFF0BFE62165EFF05FE641651305C3
:107B600005C0EF005002EF904DAE73110134730069
:107B70002030056513050580EF00007F5DF9056580
:107B8000EF00807E5DF50965EF00007E5DF1116517
:107B9000EF00807D59FD2165EF00007D59F9E1B7C7
:107BA00001458280EF82EDFF2041AA849305505267
:107BB0000848EF00106811C985452685EFB04DF9DA
:107BC000084893055052EF00906A6F80CDFFEF8216
:107BD0004DFA370B0120370C01201306CC5D9307BB
:107BE000CB6813075003D8CB7846B70400C0416A6E
:107BF000210A658F71643367470113040420B70DB0
:107C00000C0037490140B71A03001165011178C60D
:107C100020C613090980938A8AE923A4B70123A205
:107C200007008545110523225605B719014023A8F1
:107C3000270180C323960700EF00B04B9307002075
:107C40000D4DE14C2C00138509807C846AC666C802
:107C5000EF00007493070040914B2C0013850980BE
:107C60007C845EC8EF00C0729305CB684A85EF0044
:107C7000F04D4A858545EF007056B7C502001306E2
:107C800030109306CB689385C5EC1305CC5DEFB03F
:107C90008DE6370B012093074B6A370C0120130741
:107CA0006003D8CB13074C6374473749004020C7A3
:107CB000F58CB3E4440164C723A4B7011309094058
:107CC00023A207008545370502002322570523A874
:107CD000270180C323960700EF0090438545114597
:107CE000EF0030414C0813850980231A71016ACCDA
:107CF00066CE792DA1474C0813850980FC825ECEA3
:107D0000412D93054B6A4A85EF0050444A858545CD
:107D1000EF00D04CB705030093064B6A13063010F2
:107D20009385C56B13054C63EFB0EDDC0145056130
:107D30006F80EDE7EF82EDE69C412041A1464111C5
:107D40001CC0B1473EA4DC412316040013F7F70022
:107D50006301D702A546631ED70005675AA013D753
:107D600047000D8B01C785466308D7002313040025
:107D700031A023120400E5B709677AA099838D8B9F
:107D800005476389E70081C709476387E70623142E
:107D9000040021A0930700601EA41848B7470140C3
:107DA00093870780631DF704116585451105EF0072
:107DB000503493070020B71401407C820D49E147FD
:107DC0004C00138504803EC64AC4D9239307004063
:107DD0007C824AC491474C00138504803EC64D2BDB
:107DE0000848A285EF00903608488545EF00103F0F
:107DF000014541016F802DDD9307004071BFB747FA
:107E0000004093870740E315F7FE854537050200DC
:107E1000EF00103085451145EF00B02D91477C8271
:107E2000B7140140E1473EC64C008D4713850480DE
:107E30003EC4B92BA1477C8271BFEF828DD6204111
:107E4000930500020848EF00303E19C51C48CA23BC
:107E50001375F50F6F802DD77D55EDBFEF826DD473
:107E600024412E84884893050004EF00F03B7DD91F
:107E70009C4842044180C2A305456F80CDD4EF8267
:107E80004DD2C1473841638DF502C5476397F5026E
:107E9000544B054693D75600938707063316D600F2
:107EA0008A07B7E600E0B69790C30F1000000146BE
:107EB000084B93055052EF00D03301456F80ADD091
:107EC000544B054693D75600938707043316D600C4
:107ED0008A07B7E600E0B69790C30546D1BF731195
:107EE0000134EF80BDF3370501201305C55DEFF0C8
:107EF0007FCBEF809DF57311013473002030731137
:107F00000134EF80BDF13705012013054563EFF023
:107F10007FC9EF809DF3731101347300203073111A
:107F20000134EF80BDEF37150300130585EBEF90AB
:107F3000ADDCEF809DF173110134730020307311BB
:107F40000134EF80BDED371503001305C5EAEF904E
:107F5000ADDAEF809DEF7311013473002030EF82B2
:107F60004DC4370503001305C570EF90EDD83714E5
:107F70000300130584ECEF902DD83715030013058B
:107F800005EEEF906DD7130584ECEF90EDD6EFF092
:107F9000EF8E8566B775020037150300A94729479C
:107FA0009386068001469385E512130585EFEF90D1
:107FB0003DD61DC9EF907DF18566B7750200371576
:107FC0000300A9473147938606800146938585F0D3
:107FD000130505F2EF90DDD319CDEF901DEFEF10F3
:107FE000E02601456F802DBE37150300130505F00F
:107FF000EF908DD0D1B737150300130585F2EF90C0
:10800000ADCFF1BFB71702409843B706FFF041115B
:108010001367170098C3D84337060200758FD8C37B
:108020009843B706F7FEFD16758F98C39843B706B9
:10803000FCFFFD16758F98C3D843B70601FFFD16E8
:10804000758FD8C39843B70600ECFD16758F98C39B
:108050003707FF0098C723A6070202C402C6984349
:10806000C166558F98C3B716024005679C42F18FD1
:108070003EC6A24785073EC4B24781E7A247E397C1
:10808000E7FEB71702409C431397E70063570706C4
:1080900085473EC632478547631FF704B71702403E
:1080A000D843B706C1FFFD16D8C3D843D8C3D843B9
:1080B00013670740D8C3D843758FD8C3D843B706D2
:1080C0002900558FD8C39843B7060001558F98C330
:1080D000984393166700E3DD06FED843B7160240C7
:1080E000719BD8C3D84313672700D8C32147DC420C
:1080F000B18BE39EE7FE4101828002C661BF01A011
:10810000739012349791FD1F938141911701FF1FC6
:10811000130141EF179500001305C52D9785FD1F2D
:10812000938545EE1386018563FAC5008322050019
:1081300023A0550011059105E3EAC5FE13850185CD
:108140009785FE1F938545656377B500232005005D
:108150001105E36DB5FEFD42739002BCFD427390C4
:108160004280B7820000938202807390023097822F
:10817000FDFF938262E993E2320073905230EFF098
:108180007FE89782FDFF93826251739012347300EF
:1081900020305C413707F1E01307F7EF944D7D8FF6
:1081A0009C41D58FD44DD58FD441A206D58FD98F80
:1081B0005CC11C4537F7F1FF1307D77FD4457D8F8E
:1081C0009C49D58F94458606D58FD98F1CC55C55A3
:1081D000370710FF7D177D8FDC29FD1793F7F70F09
:1081E000D207D98F5CD582801C4589C593E71700DB
:1081F0001CC58280F99BEDBF1C4593E787001CC519
:10820000828008450D81058982801C4593E74700DF
:108210001CC5828008450981058982801C4591C55D
:1082200037075000D98F1CC582803707B0FF7D17F4
:10823000F98FD5BFA54763F7B7048D47138765FF4F
:108240003307F7020328C5009D47B397E70093C79C
:10825000F7FFB3F70701B396E600DD8E54C59947E3
:1082600063E3C70495477D163306F6025859FD4768
:10827000B397C70093C7F7FFF98F3396C5005D8E9C
:1082800050D982800D473387E502032805019D47B9
:10829000B397E70093C7F7FFB3F70701B396E6007C
:1082A000DD8E14C96DBFB14763E2C70295476516FD
:1082B0003306F6021859FD47B397C70093C7F7FF77
:1082C000F98F3396C5005D8E10D9828095474D1683
:1082D0003306F6025855FD47B397C70093C7F7FF1B
:1082E000F98FB395C500DD8D4CD582806845420578
:1082F0004181828008416D8D3335A00082805841D4
:10830000032805004C4537060140930706403E9779
:108310009346F8FFB1C583250640F58D2320B6406E
:10832000D043F18ED4C31443B3E6060114C31841FD
:1083300090479346F7FF758E90C7D047F18ED4C70C
:10834000144541466399C6009447D98E94C7D447D3
:10835000558FD8C78280B6979443558F98C3828033
:108360001C43F58F1CC38280B70701401387074069
:1083700083A70740584B698F09C77D8D3335A0000F
:10838000828001458280B707014023AAA7408280EE
:108390009C4513F7070113F8F70001C7D84133686C
:1083A000E8008E2113F7F50F39C318418146854E39
:1083B0003D4F930F800293028004214E3396DE00DE
:1083C000B3F8C500631116039398260033131F01F9
:1083D0001343F3FF3377E300B318180133E7E800E2
:1083E000639FF70550C98506E39AC6FD18C11307B8
:1083F000F00F6375B70454412146854E3D4F930FEE
:10840000800293028004414EB398CE0033F71501E9
:108410006392E8021317260001173313EF0013438A
:10842000F3FFB376D3003317E800D98E639DF701CD
:10843000232A15010506E319C6FD54C18280E39481
:1084400057FA10C94DB7E39757FE23281501DDB73A
:1084500008456D8D3335A00082800CC982804CC9DF
:10846000828019C20CC982804CC98280B707014042
:10847000635A0504DC4F93560501131805013707AD
:10848000300013F6F60013580801B376E500635088
:108490000506639BE602930606010D46B316D60059
:1084A00093C6F6FFF58F99C9135755011377F73F18
:1084B00012073317E800D98F6357050437070140C7
:1084C0005CCF8280DC4345BF1317B50063560700BD
:1084D0008D46B396C600E9B7135755011377F73F9A
:1084E00012073317E8001347F7FFF98F6DBF63904A
:1084F000E602370601405442370700F17D17F98F35
:10850000758F58C2D5F1370701405CC382801317BD
:10851000B500635C07008D46B396C60093C6F6FFB0
:10852000FD8EB707000FD58FF1BF13575501120706
:108530003317E8001347F7FF7D8FB707000FD98F78
:10854000D1B713F7C50F93F73500B7050140BA95BA
:1085500094458A073D473317F7001347F7FF758F98
:1085600098C598453315F500598D88C58280EF72FE
:108570005DE3B7570040938707408545631BF500CF
:10858000370520006D268145370520004D266F7088
:108590009DE337054000612E814537054000FDB75A
:1085A000EF723DE0797146212A8468082EC6F922CF
:1085B000925737470F001307072433D7E702C20447
:1085C000C18093F404FCC2049306C003C180B24589
:1085D00063F4E6001307C003131607014182D18C30
:1085E00046A0162061651305056AC206C182F99A84
:1085F000C206C18216A094416369D5048606B3D72A
:10860000D7029146139707014183BA876373D70056
:10861000914705064206C2074182C18312B05EAC93
:108620001E20DA21B62593E717001EA01E20558FC5
:10863000C207C18393F757BFD98F1EA09A25DE25A5
:10864000D98F1EA445616F701DD8EA2131667D1651
:10865000631DC5020D46B386C602B3D7D702C20753
:10866000C1839396470199E293E71700A166D58FDE
:108670009306C0123307D7029306803E3347D702D2
:108680000507420741831AB059BF6546B386C60243
:10869000B3D7D7029166C207C183D58FD9B71E2140
:1086A00089C593E717001EA18280C207C183F99B89
:1086B000C207C183CDBF1E2189C593E707101EA144
:1086C0008280C207C18393F7F7EFC207C183C5BF9A
:1086D0001E2189C593E707201EA18280C207C1839E
:1086E00093F7F7DFC207C183C5BF1E2189C593E792
:1086F00007401EA18280C207C18393F7F7BFC2075C
:10870000C183C5BF0EA982800A291375F50F828027
:1087100093F7E50F19C293E71500C207C1831EA99D
:1087200082805E290A2D42055D8D6D8D2205218195
:108730000D8D133515008280411102C402C693D7F6
:10874000C5012AC63EC4A247A205A18199CBB24762
:10875000D1073EC6B247884341016D8D3335A00035
:108760008280B247C181E107EDB7B7160240DC4213
:1087700051777D17F98F5D8DC8C28280371702400F
:108780005C439146B18B6385D700A1466382D706CF
:10879000B7177A00938707201CC1371602405C4246
:1087A000370700201307471A9183BD8BBA9794238C
:1087B0001C41B3D7D7005CC15442A1829D8ABA96AE
:1087C0009422B3D6D70014C55442AD829D8A369701
:1087D0001823B3D7E7005CC5584239839376370036
:1087E0001387C18236971823B3D7E7021CC982804A
:1087F0005C435843C166C983758FB7F6FF1F83A6D4
:10880000C670BD8B89071396160163480600C546DE
:1088100001466392D702C94739A88946638FD702B8
:10882000BD46638ED702C146638ED702C546014658
:108830006393D700C1471DEF3747024003270780E6
:10884000418B05C737177A0013070720B307F702D4
:108850001CC121D61C41858381B701466DBF0546E9
:10886000B547D1BF0146BD47F9B737173D001307DC
:108870000790E9BFB7150240D8559316F700D855B1
:1088800063DF060411833D8B9306170037177A00C8
:10889000130707203357D70218C1D455A182BD8AC8
:1088A0008DE295463307D702058318C1371702407A
:1088B000585714413D8B050733D7E60218C11841BC
:1088C00071B785456394B600E546E9BFBD4563963B
:1088D000B600D1463387E602C9BF8906E5BF3D8BA6
:1088E0009306170037177A00130707203357D7026C
:1088F000F1B799C5371702401C4F5D8D08CF8280B4
:10890000B7170240984F1345F5FF798D88CF8280C5
:1089100099C5371702405C4F5D8D48CF8280B717ED
:108920000240D84F1345F5FF798DC8CF828099C595
:10893000371702401C4B5D8D08CB8280B717024071
:10894000984B1345F5FF798D88CB8280EF727DA51A
:108950001629F577FD17F58FF621DA257971D58F70
:108960001EA95625FD779387379FF58FD6212A8438
:108970002EC6D58F9625D58FB625D58F5EA55E29B7
:10898000C207C18393F7F7CFD98F5EA96808EFF0CC
:10899000FFDEB747014093870780B245631EF402AC
:1089A000A2576547B387E7029841930640060A0736
:1089B000B3D7E70233D7D702B3F7D702120792072C
:1089C00093872703B3D7D702BD8BD98FC207C18343
:1089D0001EA445616F703D9F9257E1B791C55E251A
:1089E0000967D98F5EA582805A25F977FD17F98F1F
:1089F000D5BF13F7F50F85471583B395B7006319F6
:108A0000F7009307C500984301CED98D8CC38280AF
:108A1000894693074501E318D7FE93070501E5B79B
:108A200093C5F5FFF98DDDB70A216D8D3335A000B3
:108A3000828013F7F50F85461583B397B60063114F
:108A4000D7025A25F98F1A2101454207418381CB6C
:108A50000545A181B315B5006D8F3335E0008280E7
:108A600089466314D7001A29F1BF5A29E1BFA181B1
:108A70008547B397B70093C7F7FFC207C1831EA10D
:108A80008280EF721D922A84AE84EF50AECDA6850F
:108A90002285EF502ECEA6852285EF50AECAA68540
:108AA0002285EF502ECB6F701D92EF729D8F014685
:108AB00081452A84EFD0CF9A228501468145EFD0A7
:108AC0004F9B228501468145EFD04F970146814556
:108AD0002285EFD0CF976F701D8FEF721D8AAA8409
:108AE00009641385C1A3EF40BEF71304548CA2851B
:108AF0001385C1A3EF500ECB1385C1A39305F00FCF
:108B0000EF502ECC1385C1A3A945EF500EEE13856F
:108B1000C1A39145EFF0FFF681451385C1A3EF5046
:108B20006ED1138541A4EF40BEF3A285138541A405
:108B3000EF504EC7138541A49305F00FEF506EC858
:108B4000138541A4A145EF504EEA138541A49945F0
:108B5000EFF03FF38145138541A4EF50AECD26855C
:108B6000EF809F8B1306000F93050014AA84EF90EB
:108B70009F9B268501468145EF909F92856A93854C
:108B80004A8626850146EFD0EF8F2685014693055C
:108B9000F00FEFD02F91014681452685EFD00F933E
:108BA0002685EFF09FF02685EF801F8713060002D1
:108BB000930500142A84EF901F9722850146814572
:108BC000EF901F8E938A7A10D68522850146EFD0CA
:108BD0006F8B228501469305F00FEFD0AF8C228575
:108BE00001468145EFD04F96014681452285EFD061
:108BF000EF8D2285EFF07FEB2285EFF0CDFDB715ED
:108C00000300938585F42A84EFF0CDFE228501468A
:108C1000FD55EFD02F9081460146A5452285EF9066
:108C20009F9D2685EF804FFF130640059305600941
:108C30002A8BEF905F8F5A85130660029945EF905B
:108C40003F8601469385C1A35A85EFC0CFD85A8588
:108C5000EFF06DF8B7150300938585F5657A130A73
:108C60005AC5AA8BEFF00DF9D2855E850146EFD08B
:108C70006F8A8146014689455E85EF90DF975A8568
:108C8000EFA0FDC61384C1A41306A0039305A0039F
:108C900008C0EF905F89084009478146DE85394664
:108CA000EFA01F9508401306C003B155EFB0ADE724
:108CB000084081458D6BEFA0DDFF08401306E010F2
:108CC0008145EFA09DFC084093057008938B9B9411
:108CD000EFA05DFD084037060200930560B4EFD0B9
:108CE0006F810840370602009145EFC07FFF0840C2
:108CF000DE850146EFD00F80084001469145EFC068
:108D00003FFE0840370603008145EFC07FFD5A85CE
:108D1000EFF06DECB7150300138B01A5938545F6B5
:108D20002320AB00EFF00DED03250B000146FD55B0
:108D3000EFC05FFE0C4003250B002147814625460E
:108D4000EFA01F8B2685EF802FED130640059305BE
:108D500060092A8BEF902FFD5A851306E00799458D
:108D6000EF900FF401469385C1A35A85EFC0AFC6BB
:108D70005A85EFF04DE6B71503009385C5F6AA892D
:108D8000EFF04DE7D2854E850146EFC0BFF8814632
:108D9000014689454E85EF901F865A85EFA03DB567
:108DA0001384C1A21306A0039305A00308C0EF908B
:108DB0008FF7084009478146CE853946EFA05F838B
:108DC0000840130640068145EFB0EDD508408145C7
:108DD000EFA03DEE08401306E0108145EFA0FDEA4C
:108DE000084093057008938901A3EFA0BDEB0840EC
:108DF000370602009305F06BEFC0DFEF084037063F
:108E000002009145EFC0DFED0840DE850146EFC06E
:108E10007FEE084001469145EFC09FEC08403706C1
:108E200003008145EFC0DFEB5A85EFF0CDDAB715CF
:108E30000300938585F723A0A900EFF0ADDB03A520
:108E400009000146FD55EFC0FFEC0C4003A50900E9
:108E5000214781462546EFA0AFF92685EF80CFDB7D
:108E600013068003930560092A84EF90CFEB2285D7
:108E7000130660029305200AEF908FE20146938566
:108E800041A42285EFC02FB52285EFF0CDD4B715D0
:108E90000300938505F8AA89EFF0CDD5D2854E85DC
:108EA0000146EFC03FE78946014685454E85EF9074
:108EB0008FF42285EFF02DD2B7150300138481A221
:108EC0009385C5F808C0EFF0EDD208400146930540
:108ED00000EAEFC03FE40840F95601469145EF90A3
:108EE0008FF12685EF804FD3130680039305600929
:108EF0002A84EF904FE32285130620069305200A6B
:108F0000EF900FDA0146938541A42285EFC0AFAC04
:108F10002285EFF04DCCB7150300938505F9AA899A
:108F2000EFF04DCDD2854E850146EFC0BFDE8946BC
:108F3000014685454E85EF900FEC2285EFF0ADC9D7
:108F4000B7150300138441A5938505FA08C0EFF017
:108F50006DCA08400146930500EAEFC0BFDB084038
:108F6000F95601469145EF900FE92685EF80CFCA6B
:108F70001306800393056009AA89EF90CFDA4E8526
:108F80001306E0099305200AEF908FD101469385DF
:108F900041A44E85EFC02FA44E85EFF0CDC3B71589
:108FA0000300938585FA2A84EFF0CDC4D28522850B
:108FB0000146EFC03FD68946014685452285EF90A0
:108FC0008FE34E85EF800EBA138481A34146C145DD
:108FD00008C0EF904FD50840894619469D45EF904F
:108FE0008FE108409305007EEF80AEB908401389F9
:108FF00041A3EF806EBD4E85EFF0EDBDB7050300D8
:10900000938505702320A900EFF0CDBE032509004C
:10901000ED750146938555D5EFC0DFCF0C40032594
:1090200009000147A1465146EFA08FDC2685EF805D
:10903000AFBE4946930500142A84EF90CFCE228517
:109040001306E00D8145EF90AFC5D6852285014618
:10905000EFC05FC3228501469305F00FEFC09FC4A8
:10906000228501468145EFC03FCE014681452285DC
:10907000EFC0DFC52285EFF05FA32285EFF0ADB52D
:10908000B7150300938545FB2A84EFF0ADB69965CB
:109090002285014693851533EFC0DFC7814601461F
:1090A000A5452285EF902FD56F70ADB0EF72CDAD95
:1090B00003A4C1A43971AA8A2E8AB2893689BA84D6
:1090C0001DC0EF10403D9307C00363D4A7001305F4
:1090D000C003B1576353F500315593150501C185A0
:1090E0002285EFA01DBD138401A51C4085C35685B4
:1090F000EF10603AB71503002A86938585FD0A852F
:10910000EF10301908408A85EFF0CDAE03A4C1A25C
:1091100005C05285EF1020389307400663DCA70A8C
:109120001305400693150501C1852285EFA07DB882
:10913000138401A31C4085C35285EF10C035B715B9
:1091400003002A86938505FE0A85EF1090140840D7
:109150008A85EFF02DAA138481A21C4089CFB70520
:1091600003009385050F4E860A85EF109012084084
:109170008A85EFF02DA8138441A51C4089CFB7152F
:109180000300938585FE4A860A85EF1090100840FB
:109190008A85EFF02DA603A581A301C5A1C0EF80AC
:1091A000AEA103A541A3138441A315C19DE8B70552
:1091B000030093850570EFF0EDA308409305007E52
:1091C00081E4AD65938555D50146EFC0BFB42161FB
:1091D0006F70CD9EE35805F40145A9B7EF80CE9E90
:1091E000C9B7B70503009385056FF1B7EF726D9BA3
:1091F0004111B70401203704012015466C00138586
:10920000C46BEF707DAF1DE1FD551305C46EEF70AB
:10921000DD8309EDB2478843982BD4479227CC438E
:10922000EFF0DFE81305C46EEF70DD8EFD5513051A
:10923000C46EEF709D8119E5EF504E8A1305C46E20
:10924000EF705D8D5145EF80BDC245BFEF726D95EA
:1092500037150300130505FFEF800DAA752237159A
:10926000030013050501EF802DA9EF802F95EFD0A6
:109270003FC43715030013054502EF80EDA7B7156E
:1092800003003705012001469385C5031305C56E0C
:10929000EF70EDF837060120B71503003705012000
:1092A0000147930600021306067193858504130592
:1092B000C56BEF707D90EF600E91EF702FA0EFF017
:1092C000DF813715030013050505EF80EDA2B79583
:1092D000020037150300A9471147896601469385A7
:1092E000C51E13058506EF80BDA219C9EF80FDBD1F
:1092F000371503001305C508EF800DA06F70AD8C06
:109300003715030013050507EF800D9FD5B7FD57EF
:109310007D156313F500828001000100010001004A
:10932000C5BFEF726D86B7190140AA842144138925
:1093300009C0A1454A85EFF08F9293978401E18798
:10934000930500024A8563DC0702EFF00F91154593
:10935000EFF0FFFBA1454A85EFF02F907D148604C6
:1093600015451374F40F93F4F40FEFF05FFA71F0F6
:10937000A145138509C0EFF08F8E6F702D84EFF03B
:109380000F8EF1B7EF72ED8137240140AA84930567
:10939000000413050480EFF08F8CC1451305048091
:1093A000EFF0AF8B2685EFF0DFF793050004130590
:1093B0000480EFF08F8A6F700D81EF629DFE2A842A
:1093C0002181EFF03FFC1375F40FEFF0BFFB6F60EE
:1093D0009DFFEF621DFD37240140AA849305000420
:1093E00013050480EFF0AF87C14513050480EFF04B
:1093F0000F872685EFF0FFF2930500041305048024
:10940000EFF0AF856F603DFCEF62BDF9411185451E
:1094100013058004EFF0EFCD930780027C823715AF
:109420000140C1473EC64C008D47130505C0372497
:1094300001403EC4EFE0DFF5930780054C001305C3
:1094400004807C82EFE0DFF41305048093050004C0
:10945000EFF0AF8013050480C145EFF00F80A14508
:1094600013050480EFE07FFF61651305056AEFF0E7
:109470001FEA0545EFF0FFF575641305044CEFF0A6
:109480001FE91305F00CEFF0DFF40145EFF09FEF5B
:109490001305100CEFF01FEF13050003EFF09FEE24
:1094A0001305D00EEFF0FFF213054006EFF09FED2D
:1094B0000D45EFF03FED4945EFF0DFEC13051008E7
:1094C000EFF05FEC1305800EEFF0BFF013055008CE
:1094D000EFF05FEB0145EFF0FFEA13058007EFF0D7
:1094E0007FEA1305B00CEFF0DFEE13059003EFF009
:1094F0007FE91305C002EFF0FFE80145EFF09FE8B8
:1095000013054003EFF01FE80945EFF0BFE713052F
:10951000700FEFF01FEC13050002EFF0BFE613052C
:10952000A00EEFF01FEB0145EFF0DFE50145EFF096
:109530007FE51305000CEFF0DFE913053002EFF0D3
:109540007FE41305100CEFF0DFE84145EFF09FE3F7
:109550001305500CEFF0FFE71305E003EFF09FE277
:1095600013058002EFF01FE21305700CEFF07FE6A9
:1095700013056008EFF01FE11305A003EFF07FE58E
:1095800013055005EFF01FE013056003EFF07FE4D3
:1095900013050004EFF01FDF4545EFF09FE31305CF
:1095A000044CEFF0DFD613059002EFF09FE241018B
:1095B0006F607DE1EF62FDDE41112A841305A00298
:1095C00036C22EC632C4EFF0DFE02285EFF0FFDEB8
:1095D00022463285EFF07FDE1305B002EFF07FDF29
:1095E000B2452E85EFF07FDD92463685EFF0FFDC49
:1095F0001305C002EFF0FFDD41016F60DDDCEF62BB
:109600005DDA372901402A84AE8413050980930569
:109610000004EFE0DFE4C145130509808604EFE0B4
:10962000DFE3A294631C94003725014093050004F6
:1096300013050580EFE07FE26F60FDD80359040059
:10964000090413558900EFF0DFCD1375F90FEFF022
:109650005FCDC9BF138701831C43B70601209386E2
:1096600046793E95636BD500B786012093860680C8
:1096700063E5A60008C33E858280FD57EDBF31C17A
:10968000B307A0407D8DC167637FF5009307F00F9E
:10969000014763EAA70297870000938727A13E95B9
:1096A00008213A958280B70700016378F502978711
:1096B00000009387A79F41813E95082141473A9535
:1096C000828001458280978700009387279E2181B1
:1096D0003E95082121473A9582809787000093871D
:1096E000E79C61813E95082161473A958280C16778
:1096F000637CF5029307F00F1307000263EBA700EA
:10970000978700009387879AAA9788233305A740F5
:10971000828021819787000093874799AA978823A1
:1097200061473305A7408280B7070001636DF500EC
:1097300061819787000093876797AA9788232147BD
:109740003305A74082804181978700009387079661
:10975000AA97882341473305A7408280B687B288FD
:109760002A832E88639B061463F8C50A4167636BDE
:10977000E61AB70700016360F63493568601E147A5
:10978000178700001307879236971823BA97130795
:1097900000021D8F19CB3398E500B357F500B318BD
:1097A000E60033E807013313E50013D6080133550B
:1097B000C80293960801C182935703013377C80208
:1097C000B385A60242073368F700637AB80046986B
:1097D0009307F5FF636418016365B8303E8533086D
:1097E000B8403357C8024203135303013378C80209
:1097F000B386E602420833686800637BD800469867
:109800009307F7FF6365180179176363D8003E87F4
:109810004205598D8145828001E60547B358C7024C
:10982000416763E8E80EB707000163EAF82893D6BA
:109830008801E147178700001307478736971423ED
:10984000BE9693070002958FFDE7939E080133872C
:10985000154113DF080193DE0E018545935703017F
:109860003355E7033377E703B306D5034207D98FB0
:1098700063FAD700C6971307F5FF63E4170163E5A2
:10988000D7263A85958F33D7E70342031353030155
:10989000B3F7E703B30ED703C207B3E7670063FB71
:1098A000D701C6979306F7FF63E51701791763E3BE
:1098B000D70136874205598D828063E1D504C1679F
:1098C00063E1F604B707000163E3F61E13D78601D0
:1098D0006148977700009387677DBA979823130EA6
:1098E00000024297330EEE40631A0E0C63EDB61C75
:1098F0003335C500134515008145828081450145FA
:1099000082809307F00F63F3D71C13D7860021489A
:10991000C9B71307F00FC686E37E17F193D6880008
:10992000A14709BF1307F00FB286E37BC7E4935644
:109930008600A147B1B5B398F80033D6D50013DF40
:109940000801335EE6033397F500B356D500558F13
:10995000939E080193DE0E013313F5009355070122
:10996000B376E603B387CE03C206CD8E63FBF60063
:10997000C6961306FEFF63E4161763F2F616791E09
:10998000C6969D8E33D6E60393170701C183B3F6BF
:10999000E6033385CE02139706015D8F637BA70034
:1099A00046979307F6FF636817136376A712791635
:1099B000469793150E01098FD18D4DB5B357E6002B
:1099C000B396C601DD8E33D3E50013DF0601B3572E
:1099D000E303939E060193DE0E013398C5013357CE
:1099E000E50033680701935808013316C601337345
:1099F000E303B385FE024203B368130163FBB800BF
:109A0000B6981387F7FF63EAD80C63F8B80CF91718
:109A1000B698B388B84033D7E80342081358080112
:109A2000B3F8E8033383EE02C208B3E5080163FB31
:109A30006500B6951308F7FF63EDD50863FB65086D
:109A40007917B695C207416FD98F1307FFFFB3F699
:109A5000E70093D80701718F4182B38EE602B38588
:109A60006540B386C60213D80E013387E802BA9662
:109A7000C2963386C80263F3E6007A9693D806014D
:109A8000469663E2C5026385C5003E8581458280B6
:109A900041677D17F98EC206B3FEEE003315C5018E
:109AA000F696E374D5FE1385F7FF8145828013D7C0
:109AB0000601414839BD93560601C147D1B193D63D
:109AC0000801C14785BB814505458280368701482D
:109AD00009B5428785BF3E86E9BDBA871DBF328E74
:109AE0004DB579154698E5B97915C69761BBB68726
:109AF00032882A832E872E8E6391061463F0C50A5E
:109B000041676376E61A1307F00FB2866375C700E4
:109B100093568600A14717770000130727593697F9
:109B2000182393080002BA97B388F840638C0800A2
:109B3000B3951501B357F5003318160133EEB7008E
:109B40003313150113560801B357CE02131508013C
:109B5000418193560301337ECE02B307F502420ED4
:109B60003367DE006378F70042976365070163732C
:109B7000F70042971D8FB356C70293170301C183A5
:109B80003377C7023305D5024207D98F63EBA708A5
:109B90003385A740335515018145828001E605478D
:109BA0003358C7024167636BE80EB707000163646F
:109BB000F82A93568801E147177700001307074FEB
:109BC0003697182393080002BA97B388F840639A2F
:109BD000081E131E0801B385054113560801135EC4
:109BE0000E0113570301B3D6C502B3F5C502B38600
:109BF000C603C2054D8F6377D700429763640701A0
:109C0000636AD726158F3355C702420313530301E6
:109C10003377C7023305C5034207B367670063F8AC
:109C2000A700C29763E5070163F3A700C2973385D6
:109C3000A74033551501814582802A88E3EFD5F48A
:109C4000C16763E5F604B707000163E2F62013D3AA
:109C50008601E14897770000938747459A9703CE9E
:109C6000070013030002469E3303C3416319030434
:109C700063E4B6006369C5003308C540958D33378A
:109C800005013387E5404285BA8582809307F00F4E
:109C900063FBD71C13D38600A1486DBF1307F00FD9
:109CA000C286E37B07F193568800A14731B7B70717
:109CB00000016366F61A93568601E147A9BDB357C2
:109CC000C601B3966600DD8EB3D8C50113D7060171
:109CD000B3DEE802139F0601B357C501135F0F01FE
:109CE000B3956500DD8D13D8050133166600331575
:109CF0006500B3F8E802B307DF03C20833E80801E0
:109D0000637BF80036989388FEFF6363D81663710F
:109D1000F816F91E36983308F840B357E802C20522
:109D2000C1813378E802330FFF02131708014D8F0A
:109D3000637BE70136979385F7FF6369D7126377F3
:109D4000E713F9173697C20EC162B3EEFE0013880F
:109D5000F2FFB3F80E019355060193DE0E0133783E
:109D60000601B38F08033307E74133880E0393D707
:109D70000F01B388B802C298C697B38EBE0263F3D0
:109D80000701969E41687D1893D50701B3F7070137
:109D9000C207B3FF0F01F695FE976362B70A630E21
:109DA000B708B307F5403335F500B305B740898DE3
:109DB000339EC50133D567003365AE00B3D565006A
:109DC00082803318180133D7F50013560801B356B3
:109DD000C702131E0801B357F500135E0E01B395B9
:109DE0001501DD8D93DE0501331315013377C702AD
:109DF000B307DE0293160701B3E6D60163F8F60057
:109E0000C29663E5060163F3F600C2969D8E33D7D2
:109E1000C60293970501C183B3F6C6023307EE026B
:109E200093950601DD8D63F8E500C29563E50501B4
:109E300063F3E500C295998D6DB3E374F5F633864F
:109E4000C740B3B7C700B6979D8DB28799BF13D3EC
:109E50000601C14801B593560801C147B1BB9356ED
:109E60000601C1474DB936838148EDB3AE87E1BDE8
:109E7000C68E55B5429779B3797122D413547501C2
:109E80004ECE52CC9319950006D626D24AD056CA49
:109E90005AC81374F40F93D99900135AF50169C481
:109EA0009307F00F6308F40E939739003707000407
:109EB000B3E9E700130414F88144014B13D775018B
:109EC000939A95001377F70F93DA9A0013D9F50157
:109ED00045CF9307F00F630CF7028E0A130717F8AC
:109EE000B7070004B3EAFA003A94014633452A0161
:109EF000BD47AA869305140063E297101777000008
:109F00001307C72A8A04BA949C40BA97828713041D
:109F1000F40F63980A0C93E424000946C1BF01457D
:109F20001307F00FB7074000B2502254A6075E0790
:109F3000A5837E05D98F92540259F249624AD24ACA
:109F4000424B5D8D45618280CA86D689328B8947B6
:109F50006301FB0A8D47E304FBFC854736856312EA
:109F6000FB1A01478147C9B7639E090413D77501DE
:109F7000939A95001377F70F91440144054B93DAB8
:109F80009A0013D9F50131F7639D0A0093E4140098
:109F90000546A9BF63930902A1441304F00F094BBE
:109FA00031BF5685EFF0AFF49307B5FF098CB39A34
:109FB000FA001304A4F8014615BFB1441304F00FCE
:109FC0000D4BEDBD4E852EC6EFF06FF29307B5FF3A
:109FD0001304A0F8B399F900098C8144014BB245F0
:109FE000F1BD93E434000D4611B78947D286E313DF
:109FF000FBF636851307F00F81473DB741639306A3
:10A00000F3FF13D6090193D80A01B3F7D900B3FAC5
:10A01000DA0033885703B389F80213570801B30AEB
:10A020005603D6994E9733061603637357011A9653
:10A03000C167FD17B376F7003378F800C206C29601
:10A040009399660093570701B3393001E982B297BB
:10A050009A07B3E6D900B3E9D7009397490063D9CB
:10A06000070013D7190093F71900B369F7002E847E
:10A070001307F4076350E00493F7790099C793F747
:10A08000F90091466383D70091099397490063D9FA
:10A090000700B70700F8FD17B3F9F9001307040824
:10A0A0009307E00F63CBE70493976900A5831377C9
:10A0B000F70F9DBD8547B386E74011C76D46014741
:10A0C0008147E343D6E61307E4093397E9003337C2
:10A0D000E000B3D7D900D98F13F7770019C713F76A
:10A0E000F70091466303D700910713975700634C1D
:10A0F00007009A07A583014705BD1307F00F8147A5
:10A1000025B52E84B5B70547814739BD370780008F
:10A1100041117D179356750113D87501B377A700C8
:10A1200093F6F60F935EF5013376B70026C24AC068
:10A130001378F80F06C622C41303F00F3E8E36893B
:10A14000F684139F3700FD8113153600B38806414E
:10A150006303681093C51500638DBE106355100D21
:10A16000631108106305051EFD18B307AF40638631
:10A1700008029307F00F6389F616ED4763C81729A5
:10A1800013070002330717413317E500B3571501D2
:10A190003337E000D98FB307FF401397570063525E
:10A1A000071A370400047D147D8C2285EFF02FD42C
:10A1B0006D15B317A400634E251B33052541130409
:10A1C000150013070002018F3397E7003337E000D3
:10A1D000B3D78700D98F014913F7770019C713F751
:10A1E000F70091466303D700910713975700635E0A
:10A1F0000714930619001307F00F93FE14006386EB
:10A20000E6169A07A58393F6F60FA607B2402244F6
:10A2100013D59700DE069397FE01558D92440249AF
:10A220005D8D410182806392080A138716001377BF
:10A23000E70F631B07146394062263020F2071D596
:10A24000B307AF401397570063550722B307E541A3
:10A250000149AE8451B7E30F05EE638ABE0AE354A9
:10A2600010FD9307F00F6381F608B70700045D8DBA
:10A2700029B7635E1009630108089307F00F63852F
:10A28000F606B70700045D8DED4763C0171F13077F
:10A290000002330717413317E500B3571501333771
:10A2A000E000D98FFA9713975700635C07080509F8
:10A2B0001307F00F630BE90AB706007E13D71700E8
:10A2C000FD16858B758FD98F01BF3307D8406395F5
:10A2D0000610630D0F147D176303071A9307F00F21
:10A2E0006314F810AE84328E630F0E06814E93060F
:10A2F000F00FB707400011BF39C9FD18B307AF0011
:10A30000E38308FA9307F00FE390F6F8F1BF63993F
:10A310000808138916001377E90F63160712639B69
:10A32000061063030F16E30205EEB307AF001397A1
:10A330005700014963570700370700FC7D17F98F65
:10A34000054913F77700E31C07E813DE370093078E
:10A35000F00FE30BF9F893179E00A5839376F90F9E
:10A3600093FE14005DB593FE14009306F00F814731
:10A3700069BD370700FC7D17F98F13F777003309A4
:10A38000A940E31E07E4D1B73304AF40931754004C
:10A3900063C3070CE31B04E0814E81468147B5B5DA
:10A3A0003307D840B5C69307F00FE30EF8F2B707AE
:10A3B0000004336FFF00ED4763CDE70C9307000205
:10A3C000998FB317FF003357EF00B337F0005D8F5D
:10A3D000B307A7004289C1BD9307F00FE304F8F06B
:10A3E000B7070004336FFF00ED4763C2E708930728
:10A3F0000002998FB317FF003357EF00B337F00017
:10A40000D98FB307F5404289AE8441BB854761B31C
:10A41000630E0F067D17B307AF004289E30507E817
:10A420009307F00FE319F8F8328E7DBD328E428922
:10A43000AE8431BFE3090FEAE30805EA45BD0DCD5F
:10A44000AE8EB287D9B39307F00FE300F9F2B307EA
:10A45000AF008583FDB53304E541AE84B9B3E31D98
:10A460000FFCE30505E8AE84BDBD854725BD8547E6
:10A4700049BF0149E39707EC814E814779B3B307A0
:10A48000E5414289AE8411BBB28741B3328E428925
:10A490007DBD054735BF370680001357750193070B
:10A4A000F6FF1377F70F9305E007B3F6A70093576E
:10A4B000F50163FCE5009305D00963FAE500370573
:10A4C00000801345F5FF3E9582800145828093050B
:10A4D0005009D18E63CDE500130660093307E640CD
:10A4E00033D7E6003305E040F5F33A858280130761
:10A4F000A7F63397E600FDB7411106C622C41DCD6D
:10A500002A84EFF0CF9E9307E0093387A740930793
:10A51000600963C0E704A1469377F70F63D5A600EF
:10A5200061153314A40026042580260413559400D5
:10A53000B2402244DE075D8D410182800144260441
:10A5400013559400B24022448147DE075D8D4101DE
:10A5500082809307900963DDE7009307B501954674
:10A56000B317F400898EB337F0003354D4005D8CF8
:10A57000954763D6A7009307B5FF3314F400B706D9
:10A5800000FCFD16937774003376D40085C393776F
:10A59000F4009145638CB70011069317560063D7FA
:10A5A00007009307F009758E3387A74013146600E0
:10A5B0002580260413559400B24022449377F70F68
:10A5C000DE075D8D4101828001476314E60001458D
:10A5D0008280B307E5000507B386E5009C2383C6A8
:10A5E000F6FFE384D7FE3385D7408280B3C7A5004A
:10A5F0008D8B3307C50081E78D4763EDC700AA87C0
:10A60000637EE508942185078505A38FD7FEE3EBDC
:10A61000E7FE828093763500AA8789CA9421850750
:10A620008505A38FD7FE93F63700C5BF9376C7FF86
:10A63000138606FE63F0C70683A3050083A24500C8
:10A6400083AF850003AFC50083AE050103AE4501AE
:10A6500003A3850183A8C5019385450223A0770044
:10A6600003A8C5FF23A2570023A4F70123A6E701EF
:10A6700023A8D70123AAC70123AC670023AE170183
:10A680009387470223AE07FF75B790419107910565
:10A6900023AEC7FEE3EBD7FEE3E6E7F6828063F185
:10A6A000A504B386C500637DD5029345F6FF8147B7
:10A6B000FD176393F50082803387F6000348070097
:10A6C0003387C7002A9723000701DDB73387F500DA
:10A6D00014233307F500850714A3E319F6FE8280DF
:10A6E0008147E5BF797156CA9C49BA8A984522D4F8
:10A6F00026D24ECE52CC06D64AD05AC85EC6AA89B9
:10A700002E84B284368A63D3E700BA879CC003479D
:10A71000340419C385079CC01C4093F7070281C706
:10A720009C4089079CC00329040013796900631ABF
:10A730000900130B9401FD5B5C449840998F634CB6
:10A74000F9041C408346340493F70702B336D00063
:10A75000A5EB13063404D2854E85829AFD57630318
:10A76000F5041C4011469840998B544481446397EA
:10A77000C700B384E64063D3040081441C441848F6
:10A780006354F700998FBE94014969047D5B639817
:10A790002405014509A885465A86D2854E85829AA8
:10A7A000631E75017D55B250225492540259F249EC
:10A7B000624AD24A424BB24B456182800509ADBF25
:10A7C0003307D40013060003A301C704034754044E
:10A7D00093871600A2978906A381E7049DBF85464B
:10A7E0002286D2854E85829AE30E65FB050945B720
:10A7F000797122D426D24AD04ECE06D652CC56CA31
:10A800005AC8B689942D930790063289AA842E845B
:10A8100013863504638DF60263E2D706930780053D
:10A820006386F61863EDD700638E06209307300425
:10A83000638EF60A930A24042301D404C9A0930763
:10A8400030066385F60A93074006E395F6FE1C4042
:10A85000084393F6070893054500C5C61C410CC381
:10A8600063D807001307D002B307F040A301E40444
:10A870009776000093868697294765A89307000777
:10A880006382F61663E5D7029307E0066389F6183C
:10A890009307F006E390F6FA0C401C4313F8050802
:10A8A000138547006307080608C39C4385A89307E0
:10A8B0005007E383F6FE930780076389F612930738
:10A8C0003007E399F6F61C43D04181459386470053
:10A8D00014C383AA07005685692C01C53305554169
:10A8E00048C05C401CC8A301040461A81C43930A2F
:10A8F0002404938647009C4314C32301F404854732
:10A90000D5B793F607041C410CC3B9DAC207C18757
:10A9100081BF93F5050408C3C9D99E231307F00628
:10A920006387E60E977600009386468C2947A3013D
:10A9300004044C400CC463C5050008406D9908C070
:10A9400099E3B28A89CDB28AB3F5E702FD1AB695CA
:10A950008C212380BA00B3D5E70263F0E70CA1474E
:10A96000631EF7001C40858B91CB58401C4863C781
:10A97000E70093070003A38FFAFEFD1A3306564142
:10A9800010C84E87CA867000A2852685EFF09FD535
:10A990007D5A631D450B7D55B25022549254025985
:10A9A000F249624AD24A424B45618280A382D50471
:10A9B00097760000938686830C40084313F80508B9
:10A9C0001C411105630D080208C313F7150001C7E8
:10A9D00093E505020CC04147B9FB0C4093F5F5FD2A
:10A9E0000CC0B1B79C4193E707029CC19307800755
:10A9F000A302F404977600009386868075BF13F84F
:10AA0000050408C3E30308FCC207C1837DBF976642
:10AA100000009386A67D214719BFAE8735B79441C4
:10AA20001C43CC4913F80608138547006306080049
:10AA300008C39C438CC339A008C393F606049C4307
:10AA4000F5DA8EA323280400B28A25BF144856865F
:10AA5000CA8526858299E30045F51C40898B8DE7E0
:10AA6000B2474844E35AF5F23E853DB785465686DF
:10AA7000CA8526858299E30065F3050A5C4432475E
:10AA8000998FE345FAFEE9BF014A930A94017D5B81
:10AA9000F5B735713ECBB707008093C7F7FF3ECEC1
:10AAA0003EC8C1779387872032C536C73AC942CDA1
:10AAB00046CF3ECA938741832AC42ACC88433401B7
:10AAC0002E862C0086DE36C2852EA2472380070004
:10AAD000F6500D618280AA8798239386170009EBB0
:10AAE000850503C7F5FF8507A38FE7FE75FB828009
:10AAF000B687DDB7AA87982185078505A38FE7FE6E
:10AB00007DFB8280AA87850703C7F7FF6DFF33852A
:10AB1000A7407D15828015C27D160147B307E50069
:10AB2000B386E5009C2394226396D7006304C70094
:10AB30000507EDF73385D7408280014582801821D3
:10AB40009C2101E791C301458280814739A01C31D6
:10AB500013071500EDDB81473A853387F50018238D
:10AB600065D7B306F5009422E393E6FE85072A87AE
:10AB7000E5B793F5F50F2A966314C5000145828069
:10AB80001C21E38EB7FE0505C5BFCDC183A7C5FF58
:10AB9000411122C406C626C21384C5FF63D3070031
:10ABA0003E94AA840D2B938781A59C4399EB232285
:10ABB000040023AC81A42244B24026859244410182
:10ABC00021AB637EF40014403307D4006396E700A2
:10ABD0009843DC43369718C05CC0E1BFBA87D843BE
:10ABE00019C3E37DE4FE94433386D700631F8600D8
:10ABF0001040B29694C33386D700E31EC7FA1043C1
:10AC00005843B29694C3D8C37DB76375C400B147A7
:10AC10009CC055B71040B306C4006316D700144358
:10AC20005843B29614C058C0C0C371B78280011196
:10AC300026CA93843500F19806CE22CC4AC84EC667
:10AC4000A104B14763F1F404B14463E0B4042A8978
:10AC50005921938781A598433A8431E09387C1A510
:10AC60009C4391E781454A85352923AEA1A4A68559
:10AC70004A850D29FD5963173507B1472320F9008F
:10AC80004A85992929A0E3D204FCB1471CC101459A
:10AC9000F2406244D2444249B249056182801C407C
:10ACA000858F63CE0702AD4663F6F6001CC03E9466
:10ACB00004C031A05C406312870223ACF1A44A8532
:10ACC00021291305B4009307440061993307F54027
:10ACD00061D33A94898F1CC065BF5CC3CDB722870E
:10ACE0004040A5BF130435007198E30385FCB3050C
:10ACF000A4404A85452EE31D35FB41B781E5B28569
:10AD00006FF0FFF2011122CC06CE26CA4AC84EC609
:10AD1000328401EEEFF07FE70149F24062444A8558
:10AD2000D2444249B24905618280AE84AA8975261F
:10AD30002689E37485FEA2854E85EFF05FEF2A89B0
:10AD400069DDA6852286EFF07F8AA6854E85EFF025
:10AD5000DFE3E1B701114AC803A9850022CC52C440
:10AD60005AC006CE26CA4EC656C22E84328B368AAA
:10AD700063E92609DE2513F7074851C304408C49CF
:10AD80005848AA8AB389B4408D44B384E402094781
:10AD9000B3C4E402138716004E9763F3E400BA8449
:10ADA00093F70740BDCFA6855685EFF05FE82A8967
:10ADB0001DE1B14723A0FA005E247D5593E7070407
:10ADC0005EA4F2406244D2444249B249224A924AC5
:10ADD000024B056182800C484E86EFF03F815E2475
:10ADE00093F7F7B793E707085EA42328240144C824
:10ADF0004E99B38434412320240104C452896373DF
:10AE00002A01528908404A86DA85EFF05F891C449E
:10AE10000145B38727411CC41C403E9923202401CF
:10AE20004DB726865685EFF07FED2A895DFD0C48EB
:10AE30005685EFF09FD5B5BFDE25717126D34AD177
:10AE40004ECF06D722D552CD56CB5AC95EC762C562
:10AE500066C393F70708AA892E89B284B9C39C49AF
:10AE6000A9E39305000436C6EFF07FDC2320A90098
:10AE70002328A900B24615E1B14723A0F9007D556A
:10AE8000BA502A549A540A59FA496A4ADA4A4A4B39
:10AE9000BA4B2A4C9A4C4D61828093070004232AB6
:10AEA000F90093070002A30CF1029307000302DAF2
:10AEB000230DF10236CE930B5002976A0000938A5D
:10AEC0006A3B054C294B26841C2099C3639977095A
:10AED000B30C9440638E0C00E6862686CA854E85A8
:10AEE000EFF05FE7FD57630BF518D256E69636DABA
:10AEF0001C2063850718FD579304140002D002D666
:10AF00003ED202D4A301010682DC8C201546568570
:10AF1000EFF03FC613841400825721E513F70701B1
:10AF200009C713070002A301E10613F7870009C749
:10AF30001307B002A301E10694201307A002638A5D
:10AF4000E602B25726848146254618209305140050
:10AF5000130707FD6372E6068DC63ED61DA00504E5
:10AF6000A5B7330555413315AC00C98F3ED0A28437
:10AF700069BF724793064700184336CE63470702FE
:10AF80003AD618209307E002631DF70418309307A0
:10AF9000A002631BF702F2470904138747009C4392
:10AFA0003ACE63C107023ED22DA83307E04093E7B3
:10AFB00027003AD63ED0F1B7B387670385462E8483
:10AFC000BA9761B7FD57C5B7050402D281468147DC
:10AFD0002546182093051400130707FD6376E6063F
:10AFE000F9F20C200D461765000013052529EFF036
:10AFF0005FB811CD97670000938747281D8D930791
:10B000000004B397A700025505045D8D2AD00C20DB
:10B010001946176500001305A52693041400230C98
:10B02000B102EFF01FB525C59757FDFF938787FD48
:10B0300095E70257F2471377071009CF91073ECEE5
:10B04000D257D2973EDA41B5B387670385462E843F
:10B05000BA9741B79D07E19BA107D5B77808970636
:10B060000000938666CF4A860C104E85970000003C
:10B07000E7000000FD572A8AE314F5FC8357C90056
:10B080007D5593F70704E39D07DE5255D5BB78083D
:10B0900097060000938646CC4A860C104E85EFF04A
:10B0A0002FF5C9BF411122C42A842E859757FE1F50
:10B0B00023A2076E06C6EFE0EFD9FD576319F5002E
:10B0C0009757FE1F9387076D9C4391C31CC0B240E6
:10B0D0002244410182808280828083A7C5FF13853C
:10B0E000C7FF63D50700AA959C413E95828000006A
:10B0F000D8BB0200ECBB0200FCBB020010BC02008B
:10B100001CBC020028BC02002CBC02003CBC02009B
:10B110004CBC020054BC020068BC020078BC0200B7
:10B1200080BC02008CBC020098BC0200ACBC0200D7
:10B13000B4BC0200C4BC0200D4BC0200ECBC0200DF
:10B1400000112233445566778899AABBCCDDEEFF07
:10B1500000112233445566778899AABBCCDDEEFFF7
:10B160006D61696E00000000546F20696E6974693A
:10B17000616C697A65206465766963653A25732038
:10B180006661696C65642E20546865206572726F13
:10B190007220636F64652069732025640A000000D3
:10B1A0007469646C65000000000001000200010089
:10B1B0000300010002000100040001000200010080
:10B1C000030001000200010005000100020001006F
:10B1D0000300010002000100040001000200010060
:10B1E000030001000200010006000100020001004E
:10B1F0000300010002000100040001000200010040
:10B20000030001000200010005000100020001002E
:10B21000030001000200010004000100020001001F
:10B22000030001000200010007000100020001000C
:10B2300003000100020001000400010002000100FF
:10B2400003000100020001000500010002000100EE
:10B2500003000100020001000400010002000100DF
:10B2600003000100020001000600010002000100CD
:10B2700003000100020001000400010002000100BF
:10B2800003000100020001000500010002000100AE
:10B29000030001000200010004000100020001009F
:10B2A00003000100020001003031323334353637FB
:10B2B0003839414243444546000000000A205C20E2
:10B2C0007C202F0A000000002D205254202D202029
:10B2D000202020546872656164204F70657261742B
:10B2E000696E672053797374656D0A004A756C2026
:10B2F0003132203230323600202F207C205C20205A
:10B3000020202025642E25642E2564206275696C1A
:10B31000642025730A0000002032303036202D20B2
:10B320003230313920436F707972696768742062F6
:10B33000792072742D746872656164207465616D22
:10B340000A000000284E554C4C29000030313233A1
:10B350003435363738396162636465660000000051
:10B36000746F74616C206D656D6F72793A2025641D
:10B370000A00000075736564206D656D6F72792039
:10B380003A2025640A0000006D6178696D756D20B2
:10B39000616C6C6F6361746564206D656D6F72794B
:10B3A0003A2025640A0000006C697374206D656D95
:10B3B0006F727920757361676520696E666F726D53
:10B3C0006174696F6E0000006C6973745F6D656D08
:10B3D00000000000746F2066726565206120626164
:10B3E00064206461746120626C6F636B3A0A0000D0
:10B3F0006D656D3A203078253038782C207573656E
:10B400006420666C61673A2025642C206D61676951
:10B410006320636F64653A203078253034780A0001
:10B4200068656170000000006D656D20696E69746B
:10B430002C206572726F7220626567696E2061648C
:10B44000647265737320307825782C20616E6420D7
:10B45000656E64206164647265737320307825784A
:10B460000A0000001B5B324A1B5B48002D2D46750D
:10B470006E6374696F6E204C6973743A0A00000041
:10B480005F5F0000252D313673202D2D2025730A96
:10B49000000000006465766963650000252D2A2E92
:10B4A0007320202020202020202074797065202007
:10B4B0002020202020202072656620636F756E7426
:10B4C0000A000000202D2D2D2D2D2D2D2D2D2D2D63
:10B4D0002D2D2D2D2D2D2D2D2D202D2D2D2D2D2DA9
:10B4E0002D2D2D2D0A000000252D2A2E2A73202512
:10B4F0002D32307320252D38640A00006576656E84
:10B5000074000000252D2A2E732020202020207377
:10B5100065742020202073757370656E64207468D4
:10B52000726561640A00000020202D2D2D2D2D2D27
:10B530002D2D2D2D202D2D2D2D2D2D2D2D2D2D2D48
:10B540002D2D2D0A00000000252D2A2E2A732020E3
:10B5500030782530387820253033643A00000000F8
:10B56000252D2A2E2A732020307825303878203057
:10B570000A0000006D61696C626F7800252D2A2E2B
:10B580007320656E7472792073697A6520737573A0
:10B5900070656E64207468726561640A0000000062
:10B5A000202D2D2D2D20202D2D2D2D202D2D2D2DFF
:10B5B0002D2D2D2D2D2D2D2D2D2D0A00252D2A2E15
:10B5C0002A732025303464202025303464202564FB
:10B5D0003A000000252D2A2E2A73202530346420BD
:10B5E00020253034642025640A0000006D736771E3
:10B5F0007565756500000000252D2A2E7320656E87
:10B600007472792073757370656E642074687265E6
:10B6100061640A00202D2D2D2D20202D2D2D2D2D66
:10B620002D2D2D2D2D2D2D2D2D0A0000252D2A2ED1
:10B630002A732025303464202025643A000000005D
:10B64000252D2A2E2A732025303464202025640AD3
:10B65000000000006D75746578000000252D2A2E0D
:10B66000732020206F776E65722020686F6C6420D5
:10B6700073757370656E64207468726561640A0026
:10B68000202D2D2D2D2D2D2D2D202D2D2D2D202D11
:10B690002D2D2D2D2D2D2D2D2D2D2D2D2D0A000057
:10B6A000252D2A2E2A7320252D382E2A7320253069
:10B6B00034642025640A000073656D6170686F72E0
:10B6C00065000000252D2A2E73207620202073751A
:10B6D0007370656E64207468726561640A000000AE
:10B6E000202D2D2D202D2D2D2D2D2D2D2D2D2D2DA4
:10B6F0002D2D2D0A00000000252D2A2E2A7320252D
:10B700003033642025643A00252D2A2E2A73202503
:10B710003033642025640A00746872656164000037
:10B72000252D2A2E73207072692020737461747520
:10B73000732020202020207370202020202073746C
:10B7400061636B2073697A65206D6178207573651C
:10B7500064206C656674207469636B202065727266
:10B760006F720A00202D2D2D20202D2D2D2D2D2DF9
:10B770002D202D2D2D2D2D2D2D2D2D2D202D2D2D13
:10B780002D2D2D2D2D2D2D20202D2D2D2D2D2D2010
:10B79000202D2D2D2D2D2D2D2D2D2D202D2D2D0A16
:10B7A00000000000252D2A2E2A7320253364200056
:10B7B0002072656164792020000000002073757399
:10B7C00070656E640000000020696E69742020209E
:10B7D0000000000020636C6F7365202000000000F3
:10B7E000203078253038782030782530387820207F
:10B7F000202025303264252520202030782530383F
:10B800007820253033640A0074696D657200000089
:10B81000252D2A2E732020706572696F646963205C
:10B82000202074696D656F757420202020202020F1
:10B83000666C61670A000000202D2D2D2D2D2D2D09
:10B840002D2D2D202D2D2D2D2D2D2D2D2D2D202D42
:10B850002D2D2D2D2D2D2D2D2D2D0A00252D2A2E72
:10B860002A732030782530387820307825303878A1
:10B87000200000006163746976617465640A0000E9
:10B8800064656163746976617465640A0000000030
:10B8900063757272656E74207469636B3A307825D3
:10B8A0003038780A000000006C69737420616C6C99
:10B8B0002073796D626F6C20696E20737973746583
:10B8C0006D0000006C697374000000006C69737493
:10B8D0002064657669636520696E20737973746589
:10B8E0006D0000005F5F636D645F6C6973745F641B
:10B8F00065766963650000006C6973742064657621
:10B9000069636520696E2073797374656D0000004A
:10B910006C6973745F646576696365006C697374E0
:10B920002074696D657220696E2073797374656D1A
:10B93000000000005F5F636D645F6C6973745F7427
:10B94000696D6572000000006C6973742074696D24
:10B95000657220696E2073797374656D0000000054
:10B960006C6973745F74696D657200006C697374DF
:10B97000206D6573736167652071756575652069F4
:10B980006E2073797374656D000000005F5F636DF6
:10B99000645F6C6973745F6D73677175657565005D
:10B9A0006C697374206D657373616765207175656B
:10B9B000756520696E2073797374656D00000000F1
:10B9C0006C6973745F6D73677175657565000000F0
:10B9D0006C697374206D61696C20626F7820696E88
:10B9E0002073797374656D005F5F636D645F6C696C
:10B9F00073745F6D61696C626F7800006C69737459
:10BA0000206D61696C20626F7820696E2073797394
:10BA100074656D006C6973745F6D61696C626F78D9
:10BA2000000000006C697374206D7574657820697E
:10BA30006E2073797374656D000000005F5F636D45
:10BA4000645F6C6973745F6D7574657800000000E5
:10BA50006C697374206D7574657820696E207379D4
:10BA60007374656D000000006C6973745F6D7574AC
:10BA7000657800006C697374206576656E74206962
:10BA80006E2073797374656D000000005F5F636DF5
:10BA9000645F6C6973745F6576656E7400000000A6
:10BAA0006C697374206576656E7420696E20737995
:10BAB0007374656D000000006C6973745F65766572
:10BAC0006E7400006C6973742073656D6170686FCB
:10BAD000726520696E2073797374656D00000000D3
:10BAE0005F5F636D645F6C6973745F73656D0000A5
:10BAF0006C6973742073656D6170686F6E65206921
:10BB00006E2073797374656D000000006C69737446
:10BB10005F73656D000000006C6973742074687257
:10BB2000656164005F5F636D645F6C6973745F740B
:10BB300068726561640000006C69737420746872D7
:10BB4000656164006C6973745F7468726561640038
:10BB5000746865207465726D696E616C20736372C0
:10BB600065656E005F5F636D645F636C6561720045
:10BB7000746865207465726D696E616C20736372A0
:10BB800065656E00636C6561720000007265626FCE
:10BB90006F742074686520626F6172640000000039
:10BBA0005F5F636D645F7265626F6F7400000000B9
:10BBB0007265626F6F742074686520626F61726471
:10BBC000000000007265626F6F7400002D000000BD
:10BBD000257300002F000000436861726163746583
:10BBE000722044657669636500000000426C6F63F3
:10BBF0006B20446576696365000000004E657477CC
:10BC00006F726B20496E7465726661636500000037
:10BC10004D544420446576696365000043414E20DD
:10BC2000446576696365000052544300536F756E36
:10BC300064204465766963650000000047726170A6
:10BC40006869632044657669636500004932432072
:10BC50004275730055534220536C617665204465EC
:10BC6000766963650000000055534220486F737485
:10BC70002042757300000000535049204275730044
:10BC80005350492044657669636500005344494F29
:10BC90002042757300000000504D2050736575649C
:10BCA0006F20446576696365000000005069706527
:10BCB00000000000506F7274616C20446576696307
:10BCC0006500000054696D6572204465766963659E
:10BCD000000000004D697363656C6C616E656F7583
:10BCE000732044657669636500000000556E6B6ED5
:10BCF0006F776E00546F6F206D616E79206172678F
:10BD0000732021205765206F6E6C79205573653A3A
:10BD10000A0000002573200025733A20636F6D6DC3
:10BD2000616E64206E6F7420666F756E642E0A00FB
:10BD300052542D546872656164207368656C6C2080
:10BD4000636F6D6D616E64733A0A00005F5F636DCF
:10BD5000645F0000252D313673202D2025730A00E5
:10BD600052542D546872656164207368656C6C2050
:10BD700068656C70000000005F5F636D645F6865FC
:10BD80006C70000053686F7720746865206D656D76
:10BD90006F727920757361676520696E20746865BC
:10BDA0002073797374656D005F5F636D645F6672A5
:10BDB000656500004C697374207468726561647312
:10BDC00020696E207468652073797374656D000056
:10BDD0005F5F636D645F7073000000006D736820C7
:10BDE0000000000066696E73682000003E000000DD
:10BDF00066696E73683A2063616E206E6F742066A8
:10BE0000696E64206465766963653A2025730A006B
:10BE10006E6F206D656D6F727920666F722073682A
:10BE2000656C6C0A00000000747368656C6C00003F
:10BE300073687278000000000800000025630000AD
:10BE40000825732020080000082008001B5B324BE7
:10BE50000D00000025732573000000007265616409
:10BE6000207374617475732066726F6D20686172DF
:10BE700064776172652070696E00000070696E52AF
:10BE80006561640077726974652076616C75652000
:10BE9000746F2068617264776172652070696E00EA
:10BEA00070696E57726974650000000073657420D4
:10BEB00068617264776172652070696E206D6F646D
:10BEC0006500000070696E4D6F6465007561727485
:10BED000310000002C0603009C360000000000002A
:10BEE00000000000F63C000000000000010400001B
:10BEF0002C060300664B00007C430000000000009D
:10BF00001C4A000004010D00000600002C0603007E
:10BF1000584C00000000000000000000000000007D
:10BF2000D127D127440200002C0603001C56000034
:10BF3000924C0000000000005858000004018200EC
:10BF40008503000042746E310000000042746E32BE
:10BF50000000000042746E330000000042746E3432
:10BF60000000000042746E35000000002C06030043
:10BF7000105E00004A5E000000000000685E0000E5
:10BF8000D127D127C4020000436865636B20626F2C
:10BF9000780000002C06030062650000E8610000E4
:10BFA00000000000306B00008200D1270504000073
:10BFB000EF81B8004F7074696F6E20310A4F707452
:10BFC000696F6E20320A4F7074696F6E2033000003
:10BFD0002C060300B461000098610000000000001E
:10BFE000D668000000000000800200002C0603005C
:10BFF000D46E00002C6F0000000000007071000083
:10C00000D127D127C00300002C0603007085000053
:10C01000827800000000000070800000D127D12746
:10C02000C004000054657874000000002C06030072
:10C03000FE8900000000000000000000208A0000CF
:10C04000D127D127C00200002C060300088F000072
:10C05000000000000000000078910000D12782005D
:10C06000C50200004F7074696F6E20310A4F707402
:10C07000696F6E20320A4F7074696F6E20330A4FF9
:10C080007074696F6E20340A4F7074696F6E20355A
:10C090000000000008C002000000000000000000D6
:10C0A00000000000B28F000000000000C00400008B
:10C0B000F0BE02000C96000000000000000000002E
:10C0C0003297000000000000850700002C060300E6
:10C0D000809E0000709E000000000000A89E0000EE
:10C0E00034001E00840200002C06030034A300006C
:10C0F000E6A20000000000008CA90000D127D12793
:10C10000850300002C06030068B100003CAC000071
:10C110000000000056B70000040182000406000081
:10C120002A000000E280A2004EC500004AC50000BF
:10C130006AC5000074C500007EC5000006F2ECE888
:10C140003699D661963ABE245E05FA05B1046A4D69
:10C15000098EE7CE47FF00FEC0FCA4FAA97AF1637E
:10C16000F39C00008AEA8EE3D3EC7AFE5DFF0FEACF
:10C1700012F376F4DAFD3DFF37AA59BB9BCCFCE500
:10C180003EF7B87AB993FBB43DD63EEF585B397CA5
:10C190005B9D5DC65EEF3E45BE655F96FFBE9FE759
:10C1A000BE2D1E4EBF863FB7BFE73B269C4EFD8689
:10C1B0005EB7BFE73325B54D5886FBB69EE7CD6524
:10C1C0003086B4A639CFBDEF6C9EB0AE14C779DF10
:10C1D000DDF70AD72EDF73E7B8F7DCFF6BFF8EFFC2
:10C1E000B3FFD8FFFCFF45FEA9FE10FF76FFDCFF82
:10C1F00024FDA9FD70FE16FF9CFF88FB4CFC52FD40
:10C2000077FE5CFF6C8B4FA454BD79D65DEF937CB9
:10C210003595F8B5DBCE7EEFF7BD1CE77DEFBEF7B9
:10C22000DFFF0000C6E165D145C1E3B0CCD8CBC08B
:10C23000AAA869883589F478D368B148B659755188
:10C240003441D230553AF331B2290F195C1CBA1B74
:10C250003813340ADC045A04B703B3027805B40473
:10C2600011040C034F04CD034B0368020845673CDF
:10C27000E62BE41A887DE76C4554433346C6A5ADEA
:10C28000E49CA283C6FE05FE44FDE2F380FD00FDB2
:10C2900060FC60FB60FCE0F360EB80E283F243E271
:10C2A00002DAA1B9686A065AA54924396F53CC420B
:10C2B00029328721AE730C630842042100003C023E
:10C2C0007804B306EE08280B610D990FD0110614FF
:10C2D0003A166C189D1ACB1CF71E212148236C2599
:10C2E0008E27AC29C72BDF2DF32F033210341836DD
:10C2F0001C381C3A173C0E3EFF3FEC41D443B64578
:10C3000093476A493C4B084DCD4E8D504652F953E8
:10C31000A5554B57EA58825A135C9C5D1F5F9A6083
:10C320000D627963DD6439668D67D9681D6A596B62
:10C330008C6CB76DD96EF36F04710C720B73017452
:10C34000EE74D275AD767F7747780679BB79677AD8
:10C350000A7BA27B327CB77C337DA57D0D7E6C7E13
:10C36000C07E0B7F4B7F827FAF7FD27FEB7FFA7FD8
:10C37000FF7F000000040404040404040404020217
:10C380000C0C0E0E06060606060600000000000055
:10C39000000000000000000000000000020000009B
:10C3A0000000000000000400000200020200000083
:10C3B0000000000002020202000200000002000071
:10C3C0000000000002000000000101050505010554
:10C3D0000000000000000101010000000000040551
:10C3E00000000000202C2E3B3A2D5F0020000000B2
:10C3F0005F000100000000000000000000000200DB
:10C40000B0000000F3F76000B8F802000000000080
:10C410003E0003002CC40200ACE60200ECC30200A4
:10C420004CF7020010000228640300200EA0D90D72
:10C4300090C80C80B70A60110B80D91F0991F08851
:10C440001F0880F088000000000D203C00000F0055
:10C4500069002FFFFFFFF7015C11A610006900C300
:10C4600000008800D2009FFFFFFFF012C523E220EA
:10C4700000D203C00000F004B00000007000000013
:10C480000E00000000E0000019EFEA300CD6E6A72D
:10C4900002F40E00001F80E000006FEF5000001655
:10C4A000FFE500000E0AF00100E05F13F85E6EB0D9
:10C4B00005CFFE9100000E0000000070000008DDB6
:10C4C0003000A7004B02D004C0007700D01D200030
:10C4D0004B03D0A7000007DC34C4CC3000001D2D76
:10C4E00022D00000A63B00B30005C03A00A3001D07
:10C4F000200D00D000A60004CC40004DFC30000010
:10C50000F718C00001F205D00000BB6E4000005FCC
:10C51000F3000007E6DB03802F301DBAA05F0001A7
:10C52000DF401FB448FEC003BFFC40B20000000063
:10C53000001F01F01F00F0000003F10B900F404FAF
:10C54000007D009B00AA00AA009B007D004F000F09
:10C55000400B9003F15E000E6008C004F001F30090
:10C56000F500E600E600F501F304F008C00E605E99
:10C570000000930088A6C209FE404DDDB1429350F1
:10C58000005200000450000008A0000008A0001F96
:10C59000FFFFF30339B3300008A0000008A000013A
:10C5A00003F61E60E12C00000003FFF903331000C6
:10C5B00003F52E4000000E400004E000009A000049
:10C5C0000E400004F000009A00000E400003F0004E
:10C5D000009A00000E500003F000009A00000E5078
:10C5E0000003F00000004CFE70004FB68F900DB0BD
:10C5F000005F32F40000E74F20000CA4F20000CAF4
:10C600002F40000E70DB0005F204FB68F90004CF38
:10C61000E700EFFB44CB00AB00AB00AB00AB00ABE3
:10C6200000AB00AB00AB07DFEA108E857EC00100D7
:10C6300006F1000006F000000D900000CC00001C88
:10C64000C00001DB00001DE544427FFFFFF97FFFD2
:10C65000FFF024445F900000BC000009E100003FAF
:10C66000D81000046DD0000002F4100002F4BD7573
:10C670007DD019DFEA1000000DA0000000AC000022
:10C680000007E10000004F40100002F600F5001D19
:10C69000A000F5007FFFFFFFF3133333F7300000F6
:10C6A00000F500000000F50009FFFFF00AB4444067
:10C6B0000C8000000E7000000FFFFC4003345CF2A1
:10C6C000000000F7100000F78E856CF108DFFB30EA
:10C6D000002AEFD5003FD657400CC0000002F400FE
:10C6E00000004F5BFFA104FE845DD03F80003F301F
:10C6F000E80003F206F845DC0005DFE9109FFFFFC4
:10C70000FD9D4444E99C0004F200000BB000002FA2
:10C71000400000AD000001F6000008E000000E80BF
:10C7200000006F1000019EFE9100BE636EC00F609E
:10C73000006F00CC202BC002EFFFE200DC424CD0A7
:10C740005F20001F55F20002F50ED535DE001AEF0E
:10C75000EA1003BFEA202FA44BE18E0000E99D0000
:10C7600000DD4F7129FF07FFFC9E000210AC0000A6
:10C7700002F607658FB00AEFD7002E53F5000000D0
:10C780000000003F52E42E53F50000000000002E90
:10C7900052F60D21D001000000003100006CF201C2
:10C7A0008ED6000FC300000AFB40000017EE700099
:10C7B0000005C3000000001FFFFFF3033333300008
:10C7C000000000000000001FFFFFF30333333004BC
:10C7D0000000000ED71000005CF92000002AF200D3
:10C7E00003AFB106DE82001C6000000000000007FD
:10C7F000DFEA109E746EC0010006F0000009C00060
:10C80000008E200006F2000008700000000000000A
:10C810000B8000000C900000006CEFDA4000003D3F
:10C82000A41016D90001E509EE98CA900A80BD430C
:10C83000AFC0D30F13F2000CC0693C06D00007C094
:10C840003B4B06D00007C02C3C03F2000CC04A0F43
:10C8500010BD439EE3C50A8009EE91CF9001E5002B
:10C8600000000000003DA41028000000007CEFD96B
:10C87000100000000CF1000000003FD70000000095
:10C88000B96E00000002F20E50000009A007D000AF
:10C89000001F3000F400007FFFFFFB0000E7333390
:10C8A0004F2005F000000C900C90000006F18FFF67
:10C8B000FEC408E3334BF28E00001F58E00018F16D
:10C8C0008FFFFFF808E33337F68E000009C8E00059
:10C8D000009D8E33347F78FFFFFD700007CFFB4053
:10C8E00000CF966AF50AE20000301F600000004F9A
:10C8F000200000004F200000001F600000000AE23E
:10C9000000003001CF966AF50007DFFB408FFFFE85
:10C91000A4008E4446CF708E000007F38E00000006
:10C92000DA8E0000009D8E0000009D8E000000DA6F
:10C930008E000007F38E4446BF708FFFFEA4008F69
:10C94000FFFFF68E4444418E0000008E0000008FF1
:10C95000FFFFC08E3333208E0000008E0000008E5B
:10C960004444428FFFFFF98FFFFFF68E4444418E0F
:10C970000000008E0000008E0000008FFFFFC08EC0
:10C980003333208E0000008E0000008E0000000077
:10C9900007CFFC5000CF966AF60AE20000201F6025
:10C9A0000000004F200000004F200000B91F600071
:10C9B00000B90AE30000B900CF966AF80007DFFC6F
:10C9C000608E000008E8E000008E8E000008E8E0BD
:10C9D00000008E8FFFFFFFE8E333339E8E000008D8
:10C9E000E8E000008E8E000008E8E000008E8E8EE9
:10C9F0008E8E8E8E8E8E8E8E02FFFFC00444BC0003
:10CA00000009C000009C000009C000009C00000953
:10CA1000C02000BA0EB58F603CFE808E00004F50E3
:10CA20008E0004F6008E003F70008E03F800008E2A
:10CA30002EC000008EECF600008FB07F30008E001C
:10CA40000AE1008E0000CC008E00001EA08E0000C7
:10CA5000008E0000008E0000008E0000008E00009E
:10CA6000008E0000008E0000008E0000008E444406
:10CA7000408FFFFFF28E00000008E8F7000002FE82
:10CA80008FF10000BFE8DCA0004F9E8D2F300D8796
:10CA9000E8D09C06E07E8D01E7E507E8D006FC00C3
:10CAA0007E8D000A2007E8D00000007E8E1000086E
:10CAB000E8FC00008E8FF90008E8E6F6008E8E098B
:10CAC000F308E8E00CE18E8E001EB8E8E0003FEECF
:10CAD0008E00006FE8E00000AE0007CFEB500000D2
:10CAE000CF966BF9000AE200005F601F6000000A49
:10CAF000D04F20000006F04F20000006F01F60001D
:10CB0000000AD00AE200005F6000CF966BFA0000D6
:10CB100007DFEB50008FFFFD7008E4458FB08E00FB
:10CB2000005F38E00001F58E00003F48E0014DD085
:10CB30008FFFFFB208E33310008E00000008E00012
:10CB400000000007CFEB500000CF966BF9000AE21F
:10CB500000005F601F6000000AD04F20000006F058
:10CB60004F20000005F01F6000000AD00AE200001C
:10CB70005F6001DF855AFA000008DFFC500000000A
:10CB800001EC21940000001BFFC100000000120016
:10CB90008FFFFD7008E4458FB08E00005F38E00025
:10CBA00001F58E00003F38E0014DD08FFFFFC20835
:10CBB000E333DA008E0002F608E00005F3019EFD83
:10CBC000A200CE646B702F40000001F80000000648
:10CBD000FD950000016AEE500000009F0020000556
:10CBE000F13FA547EB004BEFE910FFFFFFFF2444A7
:10CBF000BD44400009C00000009C00000009C000C6
:10CC000000009C00000009C00000009C000000091A
:10CC1000C00000009C00009C00000BA9C00000BAEE
:10CC20009C00000BA9C00000BA9C00000BA9C0002A
:10CC300000BA8E00000D94F40003F50CF868FD00B6
:10CC400009EFE9100CB000000AC05F200001F500F8
:10CC5000E900008E0008F0000E70001F6005F10072
:10CC600000AD00C9000003F43F3000000CBAC00062
:10CC700000005FF500000000EE00006F10000DB036
:10CC80000002F21F60003FF10008D00BB0008BE6FD
:10CC9000000D7006F000E69B002F2001F503F14F18
:10CCA000108D0000CA09B00E60D800006F0E600938
:10CCB000B2F300001F9F1004F9D000000CFB00002D
:10CCC000EF80000007F600009F30003F50000DA0ED
:10CCD00008F2009D0000CC04F300002F9E700000BD
:10CCE00006FC00000009FE1000004F4DB00001E8F6
:10CCF00002F7000BD0007F207F20000BD00CB0008B
:10CD0000009C002F50002F30009E000C900000E887
:10CD100005F1000005F3E60000000CFD0000000036
:10CD20003F4000000002F3000000002F3000000030
:10CD300002F300004FFFFFFF9144444AF300000359
:10CD4000F6000001EA000000CC0000009E10000088
:10CD50006F4000003F7000001ED4444436FFFFFFC8
:10CD6000FC8FF68D318D008D008D008D008D008D36
:10CD7000008D008D008D008D008D318FF65D0000DF
:10CD800000F200000B8000006D000001F200000BBB
:10CD90008000006D000001F200000B7000006D00CB
:10CDA0000001F200000B7000006D000001F2BFF303
:10CDB00025F302F302F302F302F302F302F302F3A8
:10CDC00002F302F302F325F3BFF300AD00001EC42B
:10CDD000000885A000E20E105B00970B5002E0EE09
:10CDE000EEEEE00BC00009B004CFEA100B745DB0AA
:10CDF000000004F004CEEEF21F8214F24F1004F291
:10CE00001F703DF204DFD7F2BA000000BA00000044
:10CE1000BA000000BA8EFC30BFD54BF3BE1000CA7A
:10CE2000BA00007EBA00007EBE1000CABFD55BF318
:10CE3000B98EFC30007DFD6009F748F42F500020CA
:10CE40005F0000005F0000002F50002009F748F449
:10CE5000007DFD600000001F40000001F4000000A4
:10CE60001F4008EFC4F40AF748FF42F50007F45FDB
:10CE700000002F45F00001F42F50006F40AE637E9C
:10CE8000F4008EFC4F40008EFC400AD538F42F2071
:10CE9000008C5FEEEEFF5F2111112F70001009F87A
:10CEA00046E4007DFE80009EE305F44108C000CF0B
:10CEB000FFF029D32008D00008D00008D00008D007
:10CEC0000008D00008D000007EFC4E60AF747FF6F2
:10CED0002F50005F65F00000F65F00000F62F60063
:10CEE00006F609F747FF5007EFC4F50000003F20A2
:10CEF000CB646EB003AEFD8000BA000000BA000043
:10CF000000BA000000BA8EFB20BFC56DD0BE000382
:10CF1000F2BA0000F4BA0000F5BA0000F5BA000059
:10CF2000F5BA0000F5BAA800BABABABABABABABA2B
:10CF3000000AB0009900000000AB000AB000AB008E
:10CF40000AB000AB000AB000AB000AB000AA064E5F
:10CF500071DFA0BA000000BA000000BA000000BAF9
:10CF6000001CC0BA01CC00BA1CD100BBCF6000BF0E
:10CF7000DBE100BD11DC00BA003F70BA0007F3BA74
:10CF8000BABABABABABABABABABAB99EFA15DFD444
:10CF90000BFB45EDE64AF2BE0006F6000E7BA00054
:10CFA0004F2000C9BA0003F1000C9BA0003F100005
:10CFB000C9BA0003F1000C9BA0003F1000C9B99E44
:10CFC000FB20BFB45DD0BE0003F2BA0000F4BA008B
:10CFD00000F5BA0000F5BA0000F5BA0000F5007DD2
:10CFE000FD60009F748F702F50007F05F00001F3EB
:10CFF0005F00002F32F50007F009F748F70007DF60
:10D00000D600B98EFC30BFC43AF3BE1000CABA00D5
:10D01000007EBA00007EBE1000CABFD55BF3BA7EA8
:10D02000FC30BA000000BA000000BA000000008E18
:10D03000FC3F40AF748EF42F50007F45F00001F4A8
:10D040005F00002F42F50007F40AF748FF4008EFA1
:10D05000C4F40000001F40000001F40000001F4065
:10D06000B98E4BFD71BE100BB000BA000BA000BA18
:10D07000000BA00005DFEA13F735A06F000001EEFA
:10D080009610016AEF300000D96C646F62AEFD70DB
:10D0900008D00008D000CFFFF029D32008D0000826
:10D0A000D00008D00008D00005F551009FE3C8006B
:10D0B00002F3C80002F3C80002F3C80002F3C9007B
:10D0C00003F3AB0007F35F837EF306DFC5F30D9038
:10D0D000000AA06E0001F300F5007D0009C00E609B
:10D0E000003F24F00000C8B9000006FF3000000F28
:10D0F000C000C80006F1000D56D000CF6003F01F3D
:10D10000302F9C009A00B807B2F10E4005E0D60C13
:10D1100074E0000F6F007C990000AFA001FF400099
:10D1200005F4000BE0004F3007E109D02F4000D993
:10D13000D900003FD000004FE10001E7BB000BB079
:10D140001E707E1005F30D90000AA06F0001F30021
:10D15000F6007D0009C00D60002F34F00000C9A961
:10D16000000005FF2000000EC0000000E500009454
:10D17000AD00001BFC2000005FFFFFA13337F4006F
:10D1800001E70000CB00008E10004F40001EA333CB
:10D1900026FFFFFC006EA00F9201F4001F4001F477
:10D1A000003F303FC0006F3001F4001F4001F40029
:10D1B0001F4000FA2005EA8B8B8B8B8B8B8B8B8B24
:10D1C0008B8B8B8B8BBE5002AE0005F0005F000591
:10D1D000F0004F1000DF104F5005F0005F0005F029
:10D1E000005F002AE00BE40007EC40B41E25DFC01E
:10D1F0000100000004CC302B01C05700932B01C06C
:10D2000005CC3006A10FF60BE20000000000000084
:10D210000000000000027BFB000000049DFFFFD027
:10D220000003AFFFFFFFFD0000AFFFFFFFDFD000F7
:10D230000AFFFFB610ED0000AF9400000ED0000A08
:10D24000F1000000ED0000AF1000000ED0000AF168
:10D25000000045FD0000AF1001EFFFD0179DF10069
:10D260005FFFFC0EFFFF1000AFFD31FFFFE000008D
:10D27000010003BDA30000000000501888888884C6
:10D2800005FABFDDDDDDFDAFE47F100000CA4EE032
:10D290004F100000C80EFEEF100000CFEFE03FEE91
:10D2A000EEEEF80EF68F766666EB6FF8AF100000C4
:10D2B000CC8FE03F100000C80EFCDF655555EECF67
:10D2C000C25FFFFFFFF92C57750577777775FFFF72
:10D2D0001FFFFFFFFFFFFF2FFFFFFFFFEFFF0EFF0F
:10D2E000FFFFFE01100011111110EFFE0EFFFFFFF6
:10D2F000FEFFFF2FFFFFFFFFFFFF1FFFFFFFFF6886
:10D3000087078888888668870788888886FFFF1F40
:10D31000FFFFFFFFFFFF2FFFFFFFFFDFFD0DFFFF01
:10D32000FFFD0000000000015000000000001DF89B
:10D330000000000001DFFD000000001DFFE22D6085
:10D340000001DFFE20DFF7001DFFE2008FFF71DF2D
:10D35000FE200008FFFEFFE20000008FFFFE20001D
:10D36000000008FFE200000000007D200000000037
:10D37000000000007F60000BE2EFF600BFF84FFFF7
:10D380006BFFD104FFFFFD10005FFFE10000BFFF56
:10D39000F6000BFFDFFF60BFFD14FFF5CFD1004F9C
:10D3A000F6171000036000000011000000000000EC
:10D3B000FF000000006F21FF12F70006FF61FF165B
:10D3C000FF601FF901FF109FF16FE001FF100EF6E3
:10D3D000AF8001FF1008FACF6001FF1006FCAF809C
:10D3E00000AA0008FB7FD00000000DF71FF8000026
:10D3F000008FF107FF91002AFF70009FFFEEFFF9F9
:10D40000000005CFFFFD5000000002442000000096
:10D4100000000000000000000AFFA0000000000C57
:10D42000FFC0000003D6DFFFFD6D300EFFFFFFFFE2
:10D43000FFE05FFFFFAAFFFFF51AFFF4004FFFA117
:10D4400003FFD0000DFF3004FFF0000FFF404FFF3F
:10D45000FB22BFFFF42FFFFFFFFFFFF209FEFFFFDC
:10D46000FFEF9000505EFFE5050000000CFFC000DC
:10D47000000000047740000000000003100341009A
:10D480000000009FF50DF50000001BFDFF8DF5006D
:10D490000002DFB12DFFF500004FF83EC2BFF500DE
:10D4A00007FF55FFFE39FE409FE38FFFFFF56FF644
:10D4B000AC2AFFFFFFFF73E6005FFFFFFFFFF100F5
:10D4C000006FFFD77FFFF200006FFF900DFFF200AB
:10D4D000006FFF900DFFF200004FFF700BFFE100A7
:10D4E0000000003300000000000BFFB0000000004F
:10D4F0000CFFC0000000000CFFC0000000000CFF8B
:10D50000C0000000000CFFC00000008FFFFFFFF80C
:10D5100000002EFFFFFFE2000002EFFFFE200000F0
:10D52000002DFFE20000799982DE289997FFFFFB2A
:10D5300022BFFFFFFFFFFFFFFFFFFFFFFFFFFFFA1D
:10D54000B3CFACCCCCCCCCCCCA0006BBBBBBBA30C6
:10D5500000004FFFFFFFFFE10000EF30000006FB7F
:10D560000009F800000000CF504FD0000000002F4D
:10D57000E1DF84420000344BF9FFFFFD0001FFFFB3
:10D58000FBFFFFFF988BFFFFFCFFFFFFFFFFFFFF8D
:10D59000FCFFFFFFFFFFFFFFFB9FFFFFFFFFFFFF02
:10D5A000F60000000000003300018DFFC600EF0010
:10D5B0004EFFFFFFE4DF04FFB3004CFFFF0EF90056
:10D5C00000008FFF6FC00001FFFFFF8E500001DEE3
:10D5D000EEED0000000000000022222200000021E9
:10D5E000FFFFFF100008F8FFFBBC10001EF4FFFC5B
:10D5F000100001DFC0FEEFE8448EFE10FE1AFFFFB0
:10D60000FFC100FD0028BB94000000000270000272
:10D61000EF0002EFFDFFFFFFFFFFFFFFFFFFFFFF38
:10D62000FFFFFFFFFFFF3447FFF00005FF0000058D
:10D63000C00000000000027000000002EF000000C7
:10D6400002EFF0000DFFFFFF0220FFFFFFF08E1F33
:10D65000FFFFFF00E7FFFFFFF03F5FFFFFFF0890C6
:10D660003447FFF000000005FF0000000005C00087
:10D670000000000000000000000000077000000033
:10D6800002700005FA0000002EF000814F600002D9
:10D69000EFF001DD07F0DFFFFFF0321E80F6FFFF45
:10D6A000FFF08E27E0B9FFFFFFF00E73F19BFFFF45
:10D6B000FFF03F54F09AFFFFFFF0890AC0D83447CB
:10D6C000FFF0007F43F300005FF002F60CB00000B3
:10D6D00005C00000BF10000000000009E3000000CA
:10D6E00000000002100037888888888873EFFFFFE9
:10D6F000FFFFFFFEFE32DFFFFFFFFFF9007FFFFDB0
:10D70000FFFFFD10CFFFA07FFFFFFFFFFA0007FF25
:10D71000FFF35FA00000CFFF3003000000CFFC004C
:10D7200000000000CFFFCCCCCCCCCCFFAFFFFFFF84
:10D73000FFFFF900002000000001FA00000006FFD2
:10D740001000000DFF7000006FFFF10001EFFFFA05
:10D75000000BFFFFFF605FFFFFFFE0CFFFFFFFF663
:10D76000FEBFFFFFF9FD4FFFFFF9BF49FFFFF53F88
:10D77000E52EFFD006FFFFFD200028BA6000043030
:10D780000000311FE00006F91FE0007FFA1FE009EA
:10D79000FFFA1FE0AFFFFA1FEBFFFFFA1FFFFFFFCB
:10D7A000FA1FFFFFFFFA1FE6FFFFFA1FE05FFFFA15
:10D7B0001FE004FFFA1FE0003EFA0FD00002D7007E
:10D7C000000000000200000000000CFB2000000030
:10D7D00000FFFF900000000FFFFFE6000000FFFFCA
:10D7E000FFFC30000FFFFFFFFF9100FFFFFFFFFF77
:10D7F000E60FFFFFFFFFFFF2FFFFFFFFFFFD0FFF41
:10D80000FFFFFFF800FFFFFFFFB2000FFFFFFD402B
:10D810000000FFFFF70000000FFFA1000000006AFA
:10D820004000000000001444200144420DFFFF109E
:10D83000DFFFF1FFFFF30FFFFF3FFFFF40FFFFF4AC
:10D84000FFFFF40FFFFF4FFFFF40FFFFF4FFFFF468
:10D850000FFFFF4FFFFF40FFFFF4FFFFF40FFFFF3D
:10D860004FFFFF40FFFFF4FFFFF40FFFFF4FFFFFED
:10D8700030FFFFF39FFFC009FFFC00144444444401
:10D88000420DFFFFFFFFFFF1FFFFFFFFFFFF3FFF25
:10D89000FFFFFFFFF4FFFFFFFFFFFF4FFFFFFFFF53
:10D8A000FFF4FFFFFFFFFFFF4FFFFFFFFFFFF4FF4E
:10D8B000FFFFFFFFFF4FFFFFFFFFFFF4FFFFFFFF33
:10D8C000FFFF4FFFFFFFFFFFF39FFFFFFFFFFC0086
:10D8D00002100000420FE20003FB0FFE3004FB0FBA
:10D8E000FFF404FB0FFFFF54FB0FFFFFFAFB0FFFDA
:10D8F000FFFFFB0FFFFFFFFB0FFFFFD6FB0FFFFD3F
:10D9000014FB0FFFC104FB0FFB0004FB0CA0000382
:10D91000FA000000000000000012000000000003F8
:10D92000FF60000000002EFFF500000001EFFFFF88
:10D930004000001DFFFFFFF30000CFFFFFFFFE20B0
:10D940000AFFFFFFFFFFE00EFFFFFFFFFFF203995B
:10D950009999999950058888888888700FFFFFFFEA
:10D96000FFFFF30FFFFFFFFFFFF40BFFFFFFFFFFC2
:10D97000D1000000000000003F9000003FFC0000CC
:10D980003FFD10003FFD10003FFD10001FFD100087
:10D9900000CFF4000000CFF4000000CFF40000003E
:10D9A000CFF4000000CFE0000000A4000000000061
:10D9B00000CD1000001FFD1000003FFD1000003FD3
:10D9C000FD1000003FFD1000003FFD000008FF902B
:10D9D0000008FF900008FF900008FF900002FF90F1
:10D9E000000007800000000000045000000000025A
:10D9F000FF60000000003FF70000000003FF700020
:10DA00000000003FF7000006999AFFC99980FFFFC8
:10DA1000FFFFFFFF3DFFFFFFFFFFF201113FF71187
:10DA200010000003FF70000000003FF7000000003E
:10DA300003FF70000000000CD30000006999999961
:10DA400099980FFFFFFFFFFFF3DFFFFFFFFFFF20AE
:10DA50000000000000000000015664000000000308
:10DA6000BFFEEFF91000007FFA1003DFE40008FFAB
:10DA7000A009B41EFF504FFF200BFF26FFE1EFFF70
:10DA800009CFFF63FFFABFFF09FFFF54FFF61EFF38
:10DA900051DFFB09FFB003EFE204305FFC10002C04
:10DAA000FF956AFF9000000049DFFD920000000032
:10DAB00000000000000000CD200000000000000079
:10DAC0008FF50014664000000004EFACFFEFFF91FB
:10DAD0000000001CFFA1004DFE300000009FF5ABD0
:10DAE00031EFF40007B105FFFFE17FFE100FFE30BC
:10DAF0002DFFF54FFF900CFFE000AFF65FFF6002D7
:10DB0000FFF40006FFEFFB00004FFD10003EFFC0DA
:10DB1000000002DFE85401BFE300000005AEFF6033
:10DB200007FF60000000000000004EF6000000004B
:10DB300000000001A1000000000000000000000043
:10DB4000003ED00000000000000CFF80000000003C
:10DB50000006FFFF200000000000EFFFFB000000B8
:10DB600000008FFCCFF4000000002FFB00FFD0006E
:10DB700000000BFFC00FFF70000004FFFD01FFFF5E
:10DB8000100000DFFFE02FFFFA00007FFFFF9BFF88
:10DB9000FFF3001FFFFFB00EFFFFC00AFFFFFE24D0
:10DBA000FFFFFF60FFFFFFFFFFFFFFFA06CCCCCCBB
:10DBB000CCCCCCCB300000000000360000000000D0
:10DBC000007F80DDDB00008DEFF8FFFFB007FFFF77
:10DBD000FD556FF46FF8AFE2000574FF907E2000F2
:10DBE000003FFA0000000002EFB2504A00012EFD93
:10DBF0001DF48FB0FFFFD10BFFFFFBFFFE2000CF16
:10DC0000FFFB12210000029FC000000000005B002B
:10DC1000000007A00000000008FFB000000008FF9F
:10DC2000FFB0000008FF95FFB00008FF9005FFB0AF
:10DC300007FF900005FFB09F90000005FD00400029
:10DC4000000003104C20000000B60BFE200000CFA7
:10DC5000F02EFE2000CFF4002EFE20CFF400002E88
:10DC6000FECFF40000002EFFF4000000002EF400B0
:10DC70000000000013000000000830000000000059
:10DC80000000BFF308BBBBBB90000BFFFF39FFFFD9
:10DC9000FFF1008FCFCFF000000AF100382F948001
:10DCA00000000AF100002F900000000AF100002F90
:10DCB000900000030AF130002F9000001FCBF8F80D
:10DCC000002FEBBBBB39FFFFE2001FFFFFFFB09F40
:10DCD000FD2000000000000008D100378887000008
:10DCE0000000EFFFFFA0000000FFFFFFFDCCCCB65F
:10DCF000FFFFFFFFFFFFFFFFFFFFFFFFFFFFFFFF34
:10DD0000FFFFFFFFFFFFFFFFFFFFFFFFFFFFFFFF23
:10DD1000FFFFFFFFFFFFFFFFFFFFFFFFFFFFFFFF13
:10DD2000FFAFFFFFFFFFFFF9000000000000000051
:10DD30000001DD10000000001DFFD100000001DF28
:10DD4000FFFD1000001DFFFFFFD100009FFFFFFF40
:10DD5000F90000011CFFC1100000000CFFC0000012
:10DD600000000CFFC0000000000CFFC0000079990B
:10DD70003BFFB39997FFFFB2442BFFFFFFFFFEDD90
:10DD8000EFFFFFFFFFFFFFFAB3CFACCCCCCCCCCC86
:10DD9000CA00000000000200000000000004FFC7ED
:10DDA0000000000000AFFFF0000000001FFFFD00BA
:10DDB00000000006FFFFC00000000008FFF70000A1
:10DDC0000000000CFF300000000004FFC000000055
:10DDD0000001EFF300004A3002DFF80005DFFE1516
:10DDE000EFFB0000EFFFFFFFFA00000BFFFFFFF764
:10DDF0000000007FFFFFA200000002BA85000000C3
:10DE0000000004860000001006FFFA0002DFD1EFD8
:10DE10003CF101DFFA0EE0AF21DFFA009FEFF6DF01
:10DE2000FA00008DFFFFFB00000006FFFD00000070
:10DE300048EFFFF600006FFFFBFFF6000EF3CF2365
:10DE4000FFF600EE0AF204FFF609FEFC0004FFF103
:10DE500008DA100002620000000000000000006FFD
:10DE6000FFF987000008FFFF98F708A68FFFF95910
:10DE700090FFA8FFFFFCCC0FFA8FFFFFFFF1FFA878
:10DE8000FFFFFFFF1FFA8FFFFFFFF1FFA8FFFFFF5C
:10DE9000FF1FFA8FFFFFFFF1FFA8FFFFFFFF1FFA31
:10DEA0007FFFFFFFF0FFE3122222210FFFFFFFF9A8
:10DEB0000000ACCCCCCB5000004999999995000E4C
:10DEC000FFFFFFFFF600FD2222224FF60FC00000E9
:10DED00001FFF3FC0000001FFF6FC0000002FFF60F
:10DEE000FFFFFFFFFFFF6FFFFFDCFFFFF6FFFFB04D
:10DEF00005FFFF6FFFF6000FFFF6FFFFC006FFFFF5
:10DF00006FFFFFEDFFFFF69FFFFFFFFFFD10CDDD71
:10DF1000DDDDDDDD2FFFFFFFFFFFF31222222222D6
:10DF200022000000000000000000000000000FFFC1
:10DF3000FFFFFFFFF3DEEEEEEEEEEE20000000004E
:10DF400000000000000000000DEEEEEEEEEEE2FF3D
:10DF5000FFFFFFFFFF3000000000000037888888C7
:10DF6000888873EFFFFFFFFFFFFEEFFFFFFFFFFF5C
:10DF7000FE1CFFFFFFFFFFC1D28FFFFFFFF82DFF49
:10DF800064EFFFFE45FFFFFA2BFFB2AFFFFFFFD3A9
:10DF9000553DFFFFFFFFFFBBFFFFFFFFFFFFFFFF41
:10DFA000FFFFAFFFFFFFFFFFF9000000000001FFD0
:10DFB000FFF00004FFFFD00006FFFF800008FFFF16
:10DFC00030000AFFFFAAA60CFFFFFFF80EFFFFFFBD
:10DFD000E10BDDDFFF6000004FFD0000007FF3007C
:10DFE0000000BFA0000000FF10000003F8000000C8
:10DFF00003C000000000200000000455EFB55200EF
:10E0000000FFFD1FFFB0000FFFFFFFFC0000FFFF40
:10E01000533320000FFF97FFFB5700FFF8AFFFC6F9
:10E02000F80FFF8AFFFC4AA1FFF8AFFFE3220FFFC2
:10E030008AFFFFFFF4FFF8AFFFFFFF4FFF8AFFFFEC
:10E04000FFF43552AFFFFFFF40000AFFFFFFF4006F
:10E05000007FFFFFFE20000001100000000000AF65
:10E0600000000000018FFA30000002EFFFFF5000B7
:10E0700000BFFFFFFF10001FFFFFFFF50003FFFFC2
:10E08000FFFF70005FFFFFFFF90008FFFFFFFFC009
:10E0900000DFFFFFFFFF209FFFFFFFFFFD0EFFFFE1
:10E0A000FFFFFFF2022222222221000008FFC0000F
:10E0B00000000009A20000005BBBBBBBBBBBBBA355
:10E0C000FFFFFFFFFFFFFFFBFC0C30E11D0D11FC0C
:10E0D000FC0B30E01D0D10FCFFFEFFEFFEFEEFFC21
:10E0E000FFF15A0870A05FFCFFF37B2992C27FFC0E
:10E0F000FFBFCBBBBBBFCBFCFC0B2000000D00FC6B
:10E10000FFCFCCCCCCCFCCFB9FFFFFFFFFFFFFF6B8
:10E110000000000000000200000000000005DFB069
:10E120000000000007EFFFD000000018FFFFFF70A5
:10E13000000029FFFFFFFF00003BFFFFFFFFF8008B
:10E140000AFFFFFFFFFFF1000FFFFFFFFFFFA0002F
:10E15000049AAAAFFFFF20000000000EFFFB0000A2
:10E160000000000EFFF400000000000EFFC00000E1
:10E170000000000EFF5000000000000DFD00000038
:10E1800000000004B300000035555502000FFFFFEA
:10E19000F2F400FFFFFF2FF40FFFFFF2FFF3FFFF8A
:10E1A000FF32221FFFFFFFFFF7FFFFFFFFFF8FFF81
:10E1B000FFFFFFF8FFFFFFFFFF8FFFFFFFFFF8FFED
:10E1C000FFFFFFFF8FFFFFFFFFF8FFFFFFFFFF8F46
:10E1D000FFFFFFFFF88AAAAAAAAA30000000245570
:10E1E000310000000003AFFFFFFFC7000002BFFFC8
:10E1F000FEDEFFFFF6005FFFB51000038EFFB0DF0D
:10E20000D300000000008FF5180005AEFEC8100412
:10E21000600002DFFFFFFFF80000000CFF95347D77
:10E22000FF40000002A20000007700000000000292
:10E2300096000000000000000DFF500000000000EC
:10E24000000EFF6000000000000005DA0000000082
:10E250005BBBBBBBBBBBBBBA20FFFFFFFFFFFFFF2E
:10E26000FF90FC1222222222220FF7FC5FFFFFFF09
:10E27000FFFF2CFAFC5FFFFFFFFFFF21FAFC5FFFAF
:10E28000FFFFFFFF27FAFC2666666666661FFAFE3A
:10E29000BBBBBBBBBBBBBFB1AFFFFFFFFFFFFFFF04
:10E2A000500000000000000000005BBBBBBBBBBB1C
:10E2B000BBBA20FFFFFFFFFFFFFFFF90FC122222EF
:10E2C0002221000FF7FC5FFFFFFFF8000CFAFC5F54
:10E2D000FFFFFFF80001FAFC5FFFFFFFF80007FAFD
:10E2E000FC2666666663000FFAFEBBBBBBBBBBBB0E
:10E2F000BFB1AFFFFFFFFFFFFFFF500000000000B6
:10E30000000000005BBBBBBBBBBBBBBA20FFFFFF79
:10E31000FFFFFFFFFF90FC1222221000000FF7FC0E
:10E320005FFFFFD000000CFAFC5FFFFFD000000190
:10E33000FAFC5FFFFFD0000007FAFC26666650007B
:10E34000000FFAFEBBBBBBBBBBBBBFB1AFFFFFFF48
:10E35000FFFFFFFF500000000000000000005BBB5B
:10E36000BBBBBBBBBBBA20FFFFFFFFFFFFFFFF90A4
:10E37000FC1222000000000FF7FC5FFF30000000DD
:10E380000CFAFC5FFF3000000001FAFC5FFF300078
:10E39000000007FAFC2666100000000FFAFEBBBB67
:10E3A000BBBBBBBBBFB1AFFFFFFFFFFFFFFF500019
:10E3B00000000000000000005BBBBBBBBBBBBBBAE6
:10E3C00020FFFFFFFFFFFFFFFF90FC0000000000A9
:10E3D000000FF7FC0000000000000CFAFC00000039
:10E3E00000000001FAFC00000000000007FAFC0039
:10E3F00000000000000FFAFEBBBBBBBBBBBBBFB144
:10E40000AFFFFFFFFFFFFFFF500000000000000014
:10E4100000000000000007B20000000000000ADF5A
:10E42000FA000000000000A93DF5000000044002D1
:10E43000E00010000000AFF80B600000006C30FF3F
:10E44000FFFFFFFFFFFFFFF4AFF9000C5000006D6E
:10E450004005500004C00000100000000000C43E51
:10E46000E80000000000002EEFFA000000000000AD
:10E47000004FFA0000000000000000000000000053
:10E48000011000000007EFFFB30000AFFD8FFF2079
:10E4900004FFFD09FFB00AFEFD12AFF00EF55D2C82
:10E4A0000EF30FFF33129FF50FFFF307FFF60FFF79
:10E4B000E206FFF60FFE24137FF50DF57D2C0DF31C
:10E4C0000AFFFD11BFF003FFFE0BFFA0007FFEBFA0
:10E4D000FE100003ACDC8100000034430000056640
:10E4E0007FFFF96650FFFFFFFFFFFF356666666638
:10E4F00066501CCCCCCCCCC402FFFFFFFFFF602FCA
:10E50000F3FB7F6DF602FF2FB7F5DF602FF2FB7F85
:10E510005DF602FF2FB7F5DF602FF2FB7F5DF6029D
:10E52000FF2FB7F5DF602FF3FB7F6DF601FFFFFFD5
:10E53000FFFF5007BCCCCCCC9000000000000001D5
:10E5400020000000000004FF500000000002FFFF58
:10E55000500000000439FFFE00000004FF39FFA056
:10E56000000004FFFF39B0000004FFFFFF2000009F
:10E5700004FFFFFFB0000004FFFFFFB0000004FF36
:10E58000FFFFB0000004FFFFFFB0000000BFFFFF6F
:10E59000B00000000DFFFFB000000000FFFFB00062
:10E5A00000000009A8600000000000000017888833
:10E5B000888887400002EFFFFFFFFFFFF4003EFF67
:10E5C000FFCFFFCFFFF703EFFFF908F809FFF83E91
:10E5D000FFFFFE20402EFFF8DFFFFFFFE101EFFF0E
:10E5E000F89FFFFFFF80008FFFF809FFFFF902C2CD
:10E5F00009FFF8009FFFFE4EFE4EFFF80009FFFFE7
:10E60000FFFFFFFFF700008FFFFFFFFFFFC10000CC
:10E610000000000003EFFFFFE203FBFBCEBFA4FFFF
:10E620001D03A1FAFFF1D03A1FAFFFFFFFFFFAFF72
:10E63000FFFFFFFFAFFFFFFFFFFAFFFFFFFFFFAF8F
:10E64000FFFFFFFFFAFFFFFFFFFFAFFFFFFFFFFA34
:10E65000FFFFFFFFFFADFFFFFFFFF829AAAAAAA84F
:10E66000000000000000000300000000000004F1B2
:10E67000000820000001FF100BF70000002FF10C34
:10E68000FF94444445FF1BFFFFFFFFFFFFF18FFF97
:10E69000FFFFFFFFFD007FF70000000000006F603C
:10E6A000000000000000300000000000000000003A
:10E6B000000000000000C003000000000000C003D4
:10E6C000030A00000F008005050500051C00D009A5
:10E6D0000A0A00004E00B008090F00FE9200D00B9D
:10E6E0000C0A0000CE00A0090A0B00FF0501F00291
:10E6F000030500050D01B004040E01FD2901C0044D
:10E70000040E00FD4501A00506060005570120087E
:10E710000807000273013003030500FE7B0160055A
:10E720000503000383013003030300008801F004A4
:10E73000070EFFFFB9015009090A0000E601300584
:10E74000040A0000FA011008080A0000220200086A
:10E75000080A00004A0260090A0A00007C02100848
:10E76000080A0000A402A008090A0000D1026008FB
:10E77000080A0000F9020009090A00002603A0089F
:10E78000080A00004E033003030800005A03300358
:10E79000030B00FD6B032008080800018B03200811
:10E7A00008060002A303200808080001C3030008AC
:10E7B000080A0000EB03800E0E0D00FD4604400A1F
:10E7C0000C0AFF008204A00A090A0100AF04200A13
:10E7D0000A0A0000E104900B0A0A0100130560090F
:10E7E000080A01003B05E008080A01006305D00A99
:10E7F0000A0A00009505600B090A0100C2055004D1
:10E80000020A0100CC053007070AFF00EF05100AD5
:10E810000A0A010021065008080A01004906600D95
:10E820000B0A01008006600B090A0100AD06C00B4F
:10E830000C0A0000E906200A090A01001607C00BAD
:10E840000C0D00FD6407300A090A01009107B008A9
:10E85000090A0000BE073008090A0000EB07100B88
:10E86000090A01001808F0090B0AFF004F08C00F41
:10E87000100A00009F0870090A0A0000D108100958
:10E880000B0AFF0008093009090A00003509B00425
:10E89000040E01FD5109F004070EFFFF8209B004C8
:10E8A000040E00FD9E09300807060102B3090007A7
:10E8B000070100FFB709600805020109BC096008EB
:10E8C00008080000DC099009080B0100080A00088C
:10E8D00008080000280A9009090B00005A0A90084D
:10E8E000080800007A0AF004060B00009B0AB00931
:10E8F000090B00FDCD0A9009080B0100F90AE0039D
:10E90000020B0100040B0004050EFEFD270BA008FE
:10E91000080B0100530BE003020B01005E0BD00E4D
:10E920000D080100920B900908080100B20BE008E5
:10E9300009080000D60B9009080B01FD020C900994
:10E94000090B00FD340CC00505080100480C000748
:10E9500007080000640CD005060A0000820C80093C
:10E9600008080100A20CD0070908FF00C60C900C93
:10E970000D080000FA0CC007080800001A0DD007A7
:10E98000090BFFFD4C0D500707080000680DF0044F
:10E99000050E00FD8B0D3004020E01FD990DF004F3
:10E9A000050E00FDBC0D200808030003C80DE0059E
:10E9B00006050006D70D600404030003DD0D000EFC
:10E9C0000F0FFFFE4E0E000E0E0B00009B0E000EF2
:10E9D0000E0D00FFF60E000E0E0B0000430FA009F7
:10E9E0000A0B00007A0F000E0E0F00FEE30F000E60
:10E9F0000E0F00FE4C10C00F100D00FFB410000EE3
:10EA00000E0F00FE1D11C00F100B00007511000E3F
:10EA10000E0F00FEDE110007070C00FF0812800A2F
:10EA20000B0C00FF4A12C00F100E00FEBA12000EAF
:10EA30000E0B00000713A0090A0F00FE5213400C32
:10EA40000A0E01FE9813400C0D0F00FEFA13400C45
:10EA50000D0D00FF4F14400C0D0D00FFA414400CD1
:10EA60000A0E01FEEA14400C0E0DFFFF4515C0080A
:10EA7000090D00FF8015C008090D00FFBB15400CF3
:10EA80000D0D00FF1016400C0D0400032A16C00FD8
:10EA9000100B000082168011120F00FE0917C00F24
:10EAA000110FFFFE8917000E0E0D00FFE417400C3A
:10EAB0000D0800011818400C0D0800014C188011B9
:10EAC000120B0000AF18000E0E0B0000FC18000E19
:10EAD0000E0F00FE6519000E0F0FFFFED619400C39
:10EAE0000D0D00FF2B1A400C0D0F00FE8D1A400C6F
:10EAF0000D0D00FFE21A400C0D0C00FF301B000E44
:10EB00000E0B00007D1BC0080A0FFFFEC81B400C47
:10EB10000D0F00FE2A1C400C0D0F00FE8C1CC00FB8
:10EB2000100B0000E41C000E100FFFFE5C1D800A9D
:10EB30000B0F00FEAF1D8011120D00FF241E80116F
:10EB4000120A00007E1E8011120A0000D81E8011D9
:10EB5000120A0000321F8011120A00008C1F80115F
:10EB6000120A0000E61F8011120C00FF5220400C18
:10EB70000C0F00FEAC20400C0D0F00FE0E21000E0D
:10EB80000F0FFFFE7F218011120B0000E221800A8F
:10EB90000B0F00FE3522100E0F0A000000010000CE
:10EBA0000000000000010000020000000002000060
:10EBB0000000000000000000000000000000010054
:10EBC00000000000000000000000000000010A003A
:10EBD00006FB00000000F4F3020B0504F7020B0132
:10EBE00009020700000000000000000000000D0204
:10EBF000FE0000000000000000000000000400F91A
:10EC00000000000000FC04040000FE00FE0200FE04
:10EC100000FEFFFC00000000FE0000FDFD0000FE05
:10EC200000FC000000000000000000FEFE00FD00EF
:10EC3000FA00E50000FC0004070000FC02020704E3
:10EC4000FC040000F30000000000000000000000D1
:10EC5000F80000000000000000000000000000FAC2
:10EC6000FDF500F7FE00000000000900F9FEFF01BD
:10EC700000FC0000FEEF00000000000000000000AB
:10EC800000EEFE090000000000000000000000008F
:10EC9000F700000000000000000000070002000074
:10ECA000FC00000000000000000000000000000068
:10ECB0000000090201000000000000000000000048
:10ECC0000000000000000000000000000000000044
:10ECD000000000000000000000000000F80000003C
:10ECE0000000000000000000000000000000000024
:10ECF00000000002040207FE000004FEF9E1020623
:10ED00000400FD00080007000700EB00FD070007F6
:10ED1000FE0402000001FE0000FC120012000700C9
:10ED200009030407000000F80000000001FE0002D3
:10ED3000FCFDFC0200FE000000F7000000000000E7
:10ED40000000000000F100000000000000000000D2
:10ED5000000000000001F400F200000000FE0016B8
:10ED6000FDFD0202FE00FD020000F40000000000B4
:10ED7000000000000000EA000200000000000000A7
:10ED80000000000000F2000D0000F8000700F1EAAA
:10ED9000F1FC070000F10003FB00FD000000000093
:10EDA000000000000000000607E500000000000071
:10EDB0000000000000000B00020000000000020242
:10EDC000FDFC00FFFFFE0000FE000000FC00FE0056
:10EDD000FBFC00FAF9F9FC00FC00FC00000000FE5E
:10EDE0000000020002FE000100000002FE00000020
:10EDF000FE0202FF000000FC00FF00000000000116
:10EE00000003FE00FD00FC0000FE00070000FE0005
:10EE100000000000FF01FEFE0000FE00FE000000FA
:10EE2000000000000000FFFF00FEFD0000000000E9
:10EE3000010000FE00FEFEFE0000000000000000D9
:10EE400000FF00000000FEFD00FD00F9FEF90400D7
:10EE500000FC02040600FAFFFD00FFF502FE02F4CA
:10EE600002000001F400F4FEEDFE00F500040600CF
:10EE700003000000000000FCFD00F9000000FE009F
:10EE80000000FE0000000000FFFF00FFFD0000008A
:10EE900000000000FEFE00FEFDFE0000FE0000007F
:10EEA0000000000000000000FEFE00FD00FE00FC6F
:10EEB000020000FD010202000000000000FE000050
:10EEC000000000020000FE00FEFEFD000000000049
:10EED00000000200FE00000000FEFD00FC0007FE36
:10EEE00001F9000006F5F4F7FC0200FEF1FC00FC5D
:10EEF00000FC03FCF200FA000001FF02FE00020029
:10EF0000F9F700F5FBFBFBF9FDFA00FCFA01000143
:10EF100000FE0000000200020000000000000000EF
:10EF2000000000FE00FF00FFFE00FCFBFBFF00F9FD
:10EF3000000000000000FE0000000001FF000000D3
:10EF40000200000000000000000B000000000000B4
:10EF500002000000FE0000000000000000000000B1
:10EF6000FC000200000000000000000000000000A3
:10EF7000FE000000FC00000000F5F9000000FDF5B7
:10EF80000000FE0200FA0000000000000000000087
:10EF9000FC0000FC00000000000000000000000079
:10EFA0000200FC00000000030002FCFC00FEFEFD6D
:10EFB000000000000000F900FE00FDFE00FBFAF971
:10EFC000FE00FC00F900000000120000010000FD3E
:10EFD000000200F60000000000EBFC0707FEF7004F
:10EFE00002FD00F5FFFD02F0FE030003F8FDF8F955
:10EFF000F70000F3000D0000FF000000FFFFFEFA25
:10F00000F900EB000000000000000000010000001B
:10F0100000000000000000000000000000FE00FFF3
:10F02000FEFD0000FC00FE000000000000000000EB
:10F03000000000000000FF00FC000004FF0300FBD4
:10F0400002FEFFFAFE00FDFEFE00FDFC0000FEFFDA
:10F05000FEFCFD0000FE0002FE00FB000000FC00C4
:10F06000FC00FCFC020000000000000000FC0200AC
:10F07000FD00FEFDF9FEFEFEFFFEFDFF00000000AC
:10F0800000FEFEFE0000000003FE00FE000000FE89
:10F09000FDFEFEFDFE000209FF00FA00FE0400FE78
:10F0A000F7FD030000F5FC02FC0200FEFEF900FD86
:10F0B000010000FC0000000202FCFC00FCFEFDFE62
:10F0C000FE00FC01FCFC0700000000000000000046
:10F0D000020000000000000000000000000000002E
:10F0E0000000000000000000FC0000000000000024
:10F0F0000000000000000000000000000000000010
:10F1000000000000000000000000000000000000FF
:10F1100000000000FE0000000000000000000000F1
:10F1200000000000000000000000000000000000DF
:10F130000000FEFE000000000000000000000000D3
:10F14000FD0000FD0000FEFE00000000FE000000CB
:10F1500000FF0000000000FE00000000FD00FC00B9
:10F160000000F90002FB0400FEF50000FBFE00F7C2
:10F17000FAFA0000F6FEF7F7F500FA00020FFD00BC
:10F18000FBFEFFFEFCFAFCF8F7FBFE0000FE0001B0
:10F190000000F0FE0705FBF80001F900F5FEFE0493
:10F1A000EBFD010000F1FDF4FEF00000F0000D01A8
:10F1B00000FE00000000FFFEF7FE00F1000000006E
:10F1C000F900FE00FFFAF50000FFFDF9FE00FE0069
:10F1D000000000F6FEF9F9FEFCFAFEFC00FCFEF968
:10F1E000FD00FDFCFEFC000100FEF9000400FC0037
:10F1F000000000030002FC0900FEFEFD000000000C
:10F200000000F900FE00FDFE00FBFAF9FE00FC0222
:10F210000900000000120000010000FD00020000D3
:10F22000000000000000000000000000FEFC0000E4
:10F23000000000FF000000FEFE0000FCFE0000FCDD
:10F240000004FF00000000000001000000000304B3
:10F2500002FE00F9FC0007F9F9FCFC090402EDFECE
:10F2600004FE00FE02FEF800FE02FDFEF9FE0000B4
:10F27000070400FA00F4FD06FDF701FDF9F9FE09A7
:10F280000200FD00FA000207FBF8F7FA070001F0A0
:10F29000FE02FCFEFB00FBF8FDFDFE0000FBFBFE9A
:10F2A000000705FEF400F4FD00F8F3FFF9FCF9FA9D
:10F2B000060000FD00FCFE00FEFC0004F902000058
:10F2C000F400FEFBFCFEF9FAF9FB00F9FEFBFCF989
:10F2D000FE0000010BFC00F9FE00FEFCFBFAFAF751
:10F2E000FDFC0400FD00F5FD0104F9F8FCF907FE42
:10F2F00001EBFC04FBFCF800F9F7FDFEFEFEFBF958
:10F30000FF00000706FEF100F3FB05F7F1FCF8F73C
:10F31000F5F90400000000FD000002FD0402FC04F9
:10F320000000F9FF00FF000101FE000000000000E6
:10F33000FE0000000002070000FD00000000FEFECD
:10F34000FD0000000102000000000200FE000900B4
:10F35000040101FD000400000002000000000000A4
:10F360000000000000070006000000000000000090
:10F37000000000000000F300FE0400070000160378
:10F38000FCFC0202FE01F500000BF300000000008F
:10F39000000000000000F1091F0000000000000054
:10F3A0000000000000F3000000000000000000006A
:10F3B000000000000000000000000000000000004D
:10F3C000FC0000FCFE000000000000000000000047
:10F3D0000000000000000000FE00FA000001000034
:10F3E000021DFCFE0706FA0200000202FD000000FA
:10F3F0000000000000000000E30600000000000024
:10F400000000000000000000000000FA000000FA08
:10F4100000000000FBFF000000FB00FD00F5000005
:10F42000000000000000000000F1000000000100EA
:10F430000000000000FE0000FC00FD00FA000000DB
:10F44000FC02FD0000FAFEFB0000FA00FE00F500E1
:10F45000FE0000EEFCF7FEF80000F100FAFF0000ED
:10F46000000000000000FDFCFEFC00000000FB00AE
:10F47000FB03FE0400FEFBFEFCFC00FDFFFE02FAA7
:10F48000FF000000ECFEFD00FB00FEF5FE0000FEAC
:10F49000FE000000000200FEFCFE04000000000070
:10F4A000000000000000000000000000000000005C
:10F4B000000000000000000000000000000000004C
:10F4C00000000000000003000000000000FB00FE40
:10F4D000000000FC02000000FAFEFC0000FA00FE42
:10F4E00000F500000000EA00FCF8F50000F100FE65
:10F4F000FD0000000000000000FEFDFFFD01000017
:10F5000004FD00070BFEFEF9030B0405FA030903D3
:10F5100006050600000000000000000000000E0BC1
:10F52000FCFE00FE120A12000000020000080000AB
:10F53000FC000000000000000000FE0000000000D1
:10F540000000000300000000EDFDFEF7F50000F1F3
:10F5500000000000000000000000000000000000AB
:10F5600000FC000000000000000000FE00000000A1
:10F57000000000000300000000EDFDFEF7F50000B4
:10F58000F700000000000000000000000000000084
:10F5900000000000FE000000FB0200FE020402F971
:10F5A0000000FE02000200000000FA00FEFEFC0067
:10F5B000FEF7000EFE00FBFE00FEFC00FEFAFCFD66
:10F5C000000000FC000000000000000000FE000041
:10F5D0000000000000000300000000EDFDFEF7F554
:10F5E0000000F10000000000000B0000000000001F
:10F5F00000000000FC00F9FDFE07FEFEF701FF0120
:10F60000FEFA000500020102FBF7FD00F7FCFAF725
:10F61000F700FCFCFDFDFEFEFDFE00FEFF03000307
:10F62000FE0007000000000000000000000000FED7
:10F63000FEFE0000FA00FF00FC00000000000000D9
:10F6400000000000F30000000000000000000000C7
:10F65000FEFE00FD00000000FE0000FCFE0200FCBB
:10F66000FCFE00FAFEFBFEFD00FC000000000000B6
:10F670000000000000F100070000FC00000000FD99
:10F6800000FE0000FF0000FE00FB000009FDF9F98C
:10F6900002020200FA020302070207FEFA0000F764
:10F6A0000000F9FA0000FC00FDFC00FD00FD00FE7A
:10F6B0000300FEF9FE080000FE00FC000003FB0052
:10F6C00002FE020000F900FEFF00FE02FE00000044
:10F6D000F7FDFB00F90000F50008FE00FC0001004A
:10F6E000FE00FEF900FE0200000000FE000002FD28
:10F6F000010000FDFE00FD00000000000000000011
:10F700000000000000000000F200050000FE000004
:10F7100000000000FEFE00000004000500000000E4
:10F7200000F2F3010A0704F70209000800040000D0
:10F730000000000000000000000C000000000000BD
:10F740000000000000000000000000009CEB020030
:10F750005CF70200FCF702003D31000000000102EE
:10F760000003040502060708090A090A0B0C000D2C
:10F770000E0F101112130C14140000001516171898
:10F7800019161A1B1C1D1D1E1F201D1D16212223AC
:10F7900003241E2525262728292A2B002C002D2E60
:10F7A0002F303132332D343435302D2D2E2E363747
:10F7B0003839333A3A3B3A3C290000093D09000008
:10F7C0000000000000000000000000000000000039
:10F7D0000000000000000000000000000000000029
:10F7E0000000000000000000000000000000000019
:10F7F0000000000000000000000000000000010206
:10F800000003040502060708090A090A0B0C0D0E7D
:10F810000F10110C121314151500000016171819EB
:10F82000171919191719191A19191919171917194F
:10F83000031B1C1D1D1E1F20212223002400252622
:10F84000272727002726282926262A2A272A272A63
:10F850002B2C2D2E2E2F2E300000230931090000D5
:10F860000000000000000000000000000000000098
:10F870000000000000000000000000000000000088
:10F880000000000000000000000000000000000078
:10F89000000000000000000000000000FAF6000078
:10F8A000BCF600001000030000FF010014C40200B9
:10F8B00000000000000000000000721F51EF58EF30
:10F8C0005BEF5CEF5DEF61EF63EF65EF69EF6CEFAE
:10F8D00071EF76EF77EF78EF8EEF93EF98EF9BEF86
:10F8E0009CEF9DEFA1EFA2EFA3EFA4EFB7EFB8EF6E
:10F8F000BEEFC0EFC1EFC4EFC7EFC8EFC9EFCBEF6A
:10F90000E3EFE5EF14F015F017F019F030F037F0F1
:10F910003AF043F06CF074F0ABF03BF190F191F100
:10F9200092F193F194F1D7F1E3F13DF254F2AAF49C
:10F9300012F7F2F72C06030072F800000000000036
:10F94000000000000000000064206420400200006D
:10F950002C060300E8F80000000000000000000092
:10F960000000000000000000800200002C060300E0
:10F97000E6F90000000000000000000000000000A8
:10F9800000000000800200002C060300C8FA0000FE
:10F990005CFA00000000000002FD0000642064200A
:10F9A00000030000D4BE020032FE00000000000090
:10F9B0000000000000000000000000000000000047
:10F9C00004C10200F4FF000000000000000000007D
:10F9D0000E0101008200000041070000256C640058
:10F9E0002C060300000000000000000000000000E2
:10F9F0000000000064206420400200002C06030088
:10FA000000000000000000000000000000000000F6
:10FA10000401D127800300002C060300B602010078
:10FA20009602010000000000D60201000000000064
:10FA3000C00300002C060300660C0100160C010038
:10FA40000000000000000000C300040140060000A8
:10FA5000EF8193002C060300400C01000000000021
:10FA600000000000000000006420D127000000001A
:10FA70002C06030000000000000000000000000051
:10FA80000000000000000000000000002C06030041
:10FA90000000000000000000000000000000000066
:10FAA00000000000000000002C060300120E010000
:10FAB000FA0D010000000000000000006420D127C2
:10FAC000800200002C060300260C0100000000004C
:10FAD00000000000000000006420D12700000000AA
:10FAE0002C060300000000000000000000000000E1
:10FAF00000000000D127D127000000002C060300E1
:10FB000000000000000000000000000000000000F5
:10FB100000000000000000002C06030000000000B0
:10FB200000000000000000000000000000000000D5
:10FB3000000000000CBF02000000000000000000F8
:10FB400000000000000000000000000000000000B5
:10FB50002C06030000000000000000000000000070
:10FB600000000000C30004010000000008C0020003
:10FB70000000000000000000000000000000000085
:10FB800000000000000000002C06030046130100E6
:10FB90000000000000000000E21001001A001A003E
:10FBA000800200009501040204020402040204021F
:10FBB0000402040204020402040287009601030204
:10FBC000030203020302030203020302030203020D
:10FBD0008700810281020102010201020102010289
:10FBE000010201028102810281029201820006006B
:10FBF0008200920101000100010092010100010058
:10FC00000100920101000100010002000100010059
:10FC100001000100010000000102010201020102D5
:10FC200001020102010201020102010282009201AD
:10FC300001020102010201020102010201020102AC
:10FC4000010201020102010201020102010201029C
:10FC500001020102010201020102010201029201FC
:10FC6000820006008200920195010402040204024F
:10FC700004020402040204020402040204028700D3
:10FC800096010302030203020302030203020302BA
:10FC900003020302870081028102010201020102C4
:10FCA000010201020102010281028102810292012C
:10FCB000820006008200920140FF0200340003002F
:10FCC000380003000CBC0200A401030000B50200D0
:10FCD0003C00030040000300440003004800030010
:10FCE0004C00030060FF02000C0703003CFF020011
:10FCF00050000300CC01030054000300580003002F
:10FD00005C00030074010300600003006400030052
:10FD10007C01030058FF02000C07030018000300D9
:10FD2000CCBB02006800030058B602006C00030060
:10FD30007000030074000300780003007C000300DF
:10FD400088FF020030000300D0B502000C0703005A
:10FD500048FF020050FA0200741203005CFF020028
:10FD60004CFF0200440F0300D0BE0200C006030097
:10FD700068FF020048FF02000C0703006CFF02004E
:10FD800070FF020074FF02004CFF02000C0703002A
:10FD900078FF02007CFF020080FF020060FF02008B
:10FDA0000C07030064FF020084FF020088FF0200CA
:10FDB00050FA02005CFF0200440F0300D0BE0200B4
:10FDC000C006030068FF02006CFF020070FF020023
:10FDD00074FF020078FF02007CFF020080FF020037
:10FDE00084FF020060FF02000C07030038FF0200DE
:10FDF0008CFF0200CCBB0200D4BB020020C1020079
:10FE000090FF02007C0F030094FF020098FF0200A5
:10FE10009CFF0200A0FF0200ECBD02000C070300E3
:10FE2000A4FF0200A8FF0200ACFF0200B0FF020026
:10FE3000B4FF0200B8FF0200BCFF0200C0FF0200D6
:10FE4000C4FF0200C8FF0200CCFF0200D0FF020086
:10FE50000C07030048FF020050FA0200741203006E
:10FE60005CFF02004CFF0200440F030040FF020051
:10FE7000D4FF0200D8FF02009C0F0300DCFF020049
:10FE8000E0FF0200540F0300E4FF0200E8FF02005D
:10FE9000ECFF0200F0FF020060FF02000C0703000D
:10FEA00038FF0200F4FF0200F8FF0200FCFF02002E
:10FEB0000000030004000300080003000C0003001E
:10FEC000100003001400030058FF02000C07030099
:10FED00018000300CCBB02001C000300200003003C
:10FEE000880F0300A40F0300240003002800030070
:10FEF0002C00030088FF020030000300D0B5020090
:10FF00000C07030048FF020050FA020074120300BD
:10FF10005CFF02004CFF0200440F030028BF0200F8
:10FF2000721401000000000000000000000000004A
:10FF300064203220010400006162630041424300FA
:10FF400031230000EF808D00EF849C00EF808C0057
:10FF5000456E746572000000EFA2A200EF8194006C
:10FF6000EF959A002B2F2D00330000003400000085
:10FF700035000000360000003700000038000000A7
:10FF800039000000300000002E0000002B000000AF
:10FF90003D000000210000003F00000023000000A1
:10FFA0003C0000005C000000400000002400000055
:10FFB00028000000290000007B0000007D000000F8
:10FFC0005B0000005D0000003B000000220000001C
:10FFD0002700000051000000570000005200000000
:10FFE0005400000055000000490000004F000000D0
:10FFF00050000000410000005300000044000000D9
:020000023000CC
:100000004600000047000000480000004A000000D1
:100010004B0000004C0000005F0000005A00000090
:1000200058000000420000004E0000004D0000009B
:100030002C00000071000000770000007900000033
:1000400075000000690000006F00000070000000F3
:10005000610000006400000066000000670000000E
:100060006A0000006B0000007A00000063000000DE
:1000700076000000620000006E0000006D000000CD
:100080002C060300B618010000000000000000006C
:100090009419010004010401010400002C0603006E
:1000A000A82101004A21010000000000CE2B010020
:1000B00064200401C0080000F4000300F8000300FD
:1000C000FC00030000010300040103000801030019
:1000D0000C0103002C0603004A410100000000004F
:1000E0000000000000000000C300C300041C00006A
:1000F00025640000537500004D6F0000547500002A
:10010000576500005468000046720000536100000B
:100110002C0603005842010000000000000000000F
:100120000000000064202B00000000005C010300C0
:1001300064010300700103007801030080010300E3
:10014000840103008C010300940103009C0103005F
:10015000A8010300B0010300BC0103004A616E75F1
:100160006172790046656272756172790000000003
:100170004D61726368000000417072696C0000009C
:100180004D6179004A756E65000000004A756C7912
:10019000000000004175677573740000536570744A
:1001A000656D6265720000004F63746F6265720076
:1001B0004E6F76656D626572000000004465636590
:1001C0006D62657200000000256420257300000048
:1001D0002C06030010440100000000000000000095
:1001E000000000006420D1270000000032303233CC
:1001F0000A323032320A323032310A323032300A88
:10020000323031390A323031380A323031370A323D
:100210003031360A323031350A323031340A323038
:1002200031330A323031320A323031310A32303130
:10023000300A323030390A323030380A3230303712
:100240000A323030360A323030350A323030340A31
:10025000323030330A323030320A323030310A3202
:100260003030300A313939390A313939380A3139BF
:1002700039370A313939360A313939350A3139399C
:10028000340A313939330A313939320A313939319D
:100290000A313939300A313938390A313938380AAE
:1002A000313938370A313938360A313938350A3177
:1002B0003938340A313938330A313938320A313968
:1002C00038310A313938300A313937390A3139375A
:1002D000380A313937370A313937360A3139373543
:1002E0000A313937340A313937330A313937320A6A
:1002F000313937310A313937300A313936390A3133
:100300003936380A313936370A313936360A313911
:1003100036350A313936340A313936330A3139360D
:10032000320A313936310A313936300A3139353904
:100330000A313935380A313935370A313935360A13
:10034000313935350A313935340A313935330A31E5
:100350003935320A313935310A313935300A3139D6
:1003600034390A313934380A313934370A313934B9
:10037000360A313934350A313934340A31393433B3
:100380000A313934320A313934310A313934300AD8
:10039000313933390A313933380A313933370A318F
:1003A0003933360A313933350A313933340A313980
:1003B00033330A313933320A313933310A3139337F
:1003C000300A313932390A313932380A3139323763
:1003D0000A313932360A313932350A313932340A82
:1003E000313932330A313932320A313932310A3154
:1003F0003932300A313931390A313931380A313933
:1004000031370A313931360A313931350A3139312A
:10041000340A313931330A313931320A3139313123
:100420000A313931300A313930390A313930380A34
:10043000313930370A313930360A313930350A31FD
:100440003930340A313930330A313930320A3139EE
:100450003031000030310A30320A30330A30340A89
:1004600030350A30360A30370A30380A30390A3126
:10047000300A31310A313200210000002000000032
:100480000A0000000B0000000D0000000C0000003E
:100490000E0000000F000000640000006300000078
:1004A00000000000626F0100F86F01001070010091
:1004B000666F0100607001003A7001001870010061
:1004C000A47A0100907A0100E67A0100C67A010060
:1004D000B07A0100809101000E9201009C9201000F
:1004E00000112233445566778899AABBCCDDEEFF14
:1004F000000102030405060708090A0B0C0D0E0F84
:10050000101112131415161718191A1B1C1D1E1F73
:10051000202122232425262728292A2B2C2D2E2F63
:10052000303132333435363738393A3B3C3D3E3F53
:10053000404142434445464748494A4B4C4D4E4F43
:10054000505152535455565758595A5B5C5D5E5F33
:10055000606162636465666768696A6B6C6D6E6F23
:10056000707172737475767778797A7B7C7D7E7F13
:10057000808182838485868788898A8B8C8D8E8F03
:10058000909192939495969798999A9B9C9D9E9FF3
:10059000A0A1A2A3A4A5A6A7A8A9AAABACADAEAFE3
:1005A000B0B1B2B3B4B5B6B7B8B9BABBBCBDBEBFD3
:1005B000C0C1C2C3C4C5C6C7C8C9CACBCCCDCECFC3
:1005C000D0D1D2D3D4D5D6D7D8D9DADBDCDDDEDFB3
:1005D000E0E1E2E3E4E5E6E7E8E9EAEBECEDEEEFA3
:1005E000F0F1F2F3F4F5F6F7F8F9FAFBFCFDFEFF93
:1005F000808080818182828384858687898A8C8DB0
:100600008F91939597999B9EA0A2A5A7AAADAFB2F3
:10061000B5000000101810010204080102040800CF
:100620004E6F0A646174610062696E000000000030
:10063000920C0200D8180200000000007E15020093
:10064000820082004A020000902D0200A62D0200C6
:10065000C22D0200AE2D0200D02D0200E42D0200BA
:10066000D82D0200F42D02002A37020004370200C0
:100670008A360200BA37020094370200DA370200E5
:10068000EE37020010380200BC3602003E3802008D
:100690005638020092380200A4380200B038020036
:1006A000EA380200FC3802000E3902004C39020020
:1006B0006C39020078390200843902007561727465
:1006C0003200000075617274322066696E642066C3
:1006D00061696C65640D0A0055415254322073659E
:1006E00072766963652072656164790D0A000000A5
:1006F0004F4E00004C4544204F4E0D0A00000000B4
:100700004F4646004C4544204F46460D0A00000027
:1007100055415254322052583A25730D0A000000B8
:100720002425642C25642C25642C25642C25642325
:100730000D0A000054583A257300000073656E736B
:100740005F6D74780000000053656E736F722069EE
:100750006E69740D0A00000053656E736F7220722B
:10076000656164790D0A00000000C8420000803510
:100770000000484300004842444854323020777219
:10078000697465206661696C65640A004448543286
:10079000302072656164206661696C65640A0000DE
:1007A000444854323020627573790A00EE760200B4
:1007B000AE760200D07602006C770200FE7702006F
:1007C000587802000100000016000000020000003E
:1007D00017000000040000001800000008000000DE
:1007E00019000000100000001A00000020000000A6
:1007F00027000000400000002700000080000000EB
:100800002700000000010000270000000002000097
:10081000270000000004000038000000000800006D
:100820003800000000100000380000000020000028
:100830003800000000400000380000000080000088
:1008400038000000FFFFFFFF000000000000000074
:1008500000000000010000005C760200001801406A
:1008600004000000020000005C7602000018014055
:1008700008000000030000005C7602000018014040
:1008800010000000040000005C7602000018014027
:1008900020000000050000005C7602000018014006
:1008A00040000000FFFFFFFF00000000000000000C
:1008B00000000000070000004C760200001001401C
:1008C00000200000080000004C76020000100140EB
:1008D00000400000090000004C76020000100140BA
:1008E00000800000FFFFFFFF00000000000000008C
:1008F00000000000FFFFFFFF0000000000000000FC
:1009000000000000FFFFFFFF0000000000000000EB
:1009100000000000FFFFFFFF0000000000000000DB
:1009200000000000FFFFFFFF0000000000000000CB
:10093000000000000F0000004C7602000010014093
:1009400001000000100000004C7602000010014081
:1009500002000000110000004C760200001001406F
:1009600004000000120000004C760200001001405C
:1009700008000000FFFFFFFF000000000000000073
:1009800000000000FFFFFFFF00000000000000006B
:1009900000000000FFFFFFFF00000000000000005B
:1009A00000000000FFFFFFFF00000000000000004B
:1009B00000000000170000003C7602000008014023
:1009C00001000000180000003C7602000008014011
:1009D00002000000190000003C76020000080140FF
:1009E000040000001A0000003C76020000080140EC
:1009F00008000000FFFFFFFF0000000000000000F3
:100A000000000000FFFFFFFF0000000000000000EA
:100A1000000000001D0000003C76020000080140BC
:100A2000100000001E0000003C760200000801409B
:100A3000200000001F0000003C760200000801407A
:100A400040000000200000003C7602000008014049
:100A500080000000210000004C76020000100140E0
:100A600010000000220000004C760200001001403F
:100A700020000000230000002C760200000C014042
:100A800001000000240000002C760200000C014050
:100A900002000000250000002C760200000C01403E
:100AA00004000000260000005C76020000180140EF
:100AB00080000000270000005C7602000018014062
:100AC00000010000280000005C76020000180140D0
:100AD00000020000290000005C76020000180140BE
:100AE000000400002A0000005C76020000180140AB
:100AF000000800002B0000005C7602000018014096
:100B0000001000002C0000005C760200001801407C
:100B1000002000002D0000005C760200001801405B
:100B2000004000002E0000005C760200001801402A
:100B3000008000002F0000002C760200000C014015
:100B400000040000300000002C760200000C014080
:100B500000080000FFFFFFFF000000000000000091
:100B600000000000FFFFFFFF000000000000000089
:100B700000000000330000002C760200000C014051
:100B800000100000340000002C760200000C014030
:100B900000200000350000002C760200000C01400F
:100BA00000400000360000002C760200000C0140DE
:100BB00000800000370000001A7602000014014097
:100BC00000010000380000001A7602000014014005
:100BD00000020000390000001A76020000140140F3
:100BE000000400003A0000001A76020000140140E0
:100BF000000800003B0000001A76020000140140CB
:100C0000001000003C0000001A76020000140140B1
:100C1000002000003D0000001A7602000014014090
:100C2000004000003E0000001A760200001401405F
:100C3000008000003F0000004C76020000100140E0
:100C400040000000400000004C760200001001400F
:100C500080000000410000004C76020000100140BE
:100C600000010000420000004C760200001001402C
:100C700000020000430000003C7602000008014032
:100C800000010000440000003C7602000008014022
:100C900000020000450000003C7602000008014010
:100CA00000040000460000003C76020000080140FD
:100CB00000080000470000003C76020000080140E8
:100CC00000100000480000003C76020000080140CF
:100CD00000200000FFFFFFFF0000000000000000F8
:100CE00000000000FFFFFFFF000000000000000008
:100CF00000000000FFFFFFFF0000000000000000F8
:100D0000000000004C0000003C760200000801409A
:100D1000004000004D0000003C7602000008014049
:100D2000008000004E0000004C76020000100140E0
:100D3000000400004F0000004C760200001001404B
:100D400000080000500000004C7602000010014036
:100D500000100000510000001A760200001401404B
:100D600001000000520000001A7602000014014049
:100D700002000000530000001A7602000014014037
:100D800004000000540000001A7602000014014024
:100D900008000000550000001A760200001401400F
:100DA00010000000560000001A76020000140140F6
:100DB00020000000570000001A76020000140140D5
:100DC00040000000580000001A76020000140140A4
:100DD00080000000590000002C760200000C014049
:100DE000080000005A0000002C760200000C0140B0
:100DF000100000005B0000002C760200000C014097
:100E0000200000005C0000002C760200000C014075
:100E1000400000005D0000002C760200000C014044
:100E200080000000FFFFFFFF000000000000000046
:100E3000000000005F0000002C760200000C014062
:100E400000010000600000002C760200000C014050
:100E500000020000610000005C7602000018014002
:100E600001000000620000005C76020000180140F2
:100E700002000000FFFFFFFF000000000000000074
:100E800000000000FFFFFFFF000000000000000066
:100E90000000000070696E00347D02007E7E02005A
:100EA0005C7E02003A7E0200A07B02002068617234
:100EB0006466756C740D0A00204E4D492048616EC1
:100EC000646C65720D0A00003D3D3D3D3D3D3D3D7C
:100ED0003D3D3D3D3D3D3D3D3D3D3D3D0A0000002C
:100EE000536D617274204761746577617920537422
:100EF0006172740A0000000073656E736F72000007
:100F000073656E736F7220746872656164206372BA
:100F100065617465206661696C6564210D0A000075
:100F2000756172745F747800756172742074687290
:100F300065616420637265617465206661696C65D2
:100F400064210D0A00000000534D415254204741D6
:100F5000544557415900000054454D5045524154A5
:100F6000555245002D2D20430000000048554D49A5
:100F700044495459000000002D2D20252500000073
:100F80004C49474854204144430000002D2D0000A7
:100F90004C4947485420564F4C54414745000000A7
:100FA0002D2D206D560000004C45442053544154D3
:100FB0005553000052542D546872656164207C20A2
:100FC0004C56474C2076382E33207C204348333211
:100FD0005633303700000000256420430000000035
:100FE00025642025250000002564206D56000000A2
:100FF0000D0A3D3D3D3D3D2047554920494E495450
:10100000205354415254203D3D3D3D3D0D0A0000CA
:10101000494C493933343120494E4954204F4B0D06
:101020000A0000004C56474C20444953504C41594B
:1010300020494E4954204F4B0D0A00006C765F6DDD
:1010400075746578000000006775695F6D62000067
:101050004755492044415348424F41524420494E4C
:101060004954204F4B0D0A006C76676C000000005D
:101070004C56474C20544852454144204352454128
:101080005445204641494C45440D0A003D3D3D3DF7
:101090003D2047554920494E495420444F4E452054
:1010A0003D3D3D3D3D0D0A000001020203030303E7
:1010B00004040404040404040505050505050505E8
:1010C00005050505050505050606060606060606C8
:1010D00006060606060606060606060606060606B0
:1010E0000606060606060606070707070707070798
:1010F0000707070707070707070707070707070780
:10110000070707070707070707070707070707076F
:10111000070707070707070707070707070707075F
:101120000707070707070707080808080808080847
:10113000080808080808080808080808080808082F
:10114000080808080808080808080808080808081F
:10115000080808080808080808080808080808080F
:1011600008080808080808080808080808080808FF
:1011700008080808080808080808080808080808EF
:1011800008080808080808080808080808080808DF
:1011900008080808080808080808080808080808CF
:1011A0000808080808080808548EFFFFA28DFFFFF2
:1011B000A28DFFFFA08DFFFFA68DFFFFA68DFFFF75
:1011C000768DFFFFA08DFFFFA68DFFFF768DFFFFC1
:1011D000A68DFFFFA08DFFFF428EFFFF428EFFFF17
:1011E000428EFFFF768DFFFF303132333435363794
:1011F0003839414243444546000000003031323323
:101200003435363738396162636465660000000042
:1012100000000000000000000000000000000000CE
:1012200000000000000000000000000000000000BE
:1012300000000000000000000000000000000000AE
:10124000000000000000000000000000000000009E
:10125000000000000000000000000000000000008E
:10126000000000000000000000000000000000007E
:10127000232D302B20000000686C4C00656667450C
:1012800046470000C8B30200A8B30200461600009B
:10129000C4B80200A8B80200FA270000E4B80200AF
:1012A000CCB80200CA26000010B90200F8B802004B
:1012B000CA26000034B902001CB9020060270000F1
:1012C00060B9020048B90200602700008CB9020032
:1012D0006CB9020014260000C0B90200A0B90200D7
:1012E00014260000E8B90200D0B90200562500001B
:1012F00014BA0200FCB90200562500003CBA0200F4
:1013000024BA0200D424000068BA020050BA0200D5
:10131000D42400008CBA020074BA02002824000011
:10132000B8BA0200A0BA020028240000E0BA020005
:10133000C4BA0200722300000CBB0200F0BA020023
:101340007223000024BB020018BB02008E220000A2
:1013500044BB020038BB02008E22000064BB0200C6
:1013600050BB0200E421000084BB020070BB0200FD
:10137000E4210000A0BB02008CBB0200D2210000CF
:10138000C4BB0200B0BB0200D221000078BD020045
:1013900060BD020044280000A8BD020084BD020018
:1013A000FA2A0000D0BD0200B4BD0200EC2A000001
:1013B0007CBE02005CBE02004A340000A0BE0200F7
:1013C00084BE020030340000C4BE0200ACBE020085
:1013D00016340000EA050000F20500006E760200F7
:1013E000CE7B0200F60500001A2B0000EE0500007F
:1013F0000100000004000020040000208000000024
:101400000200000014000020140000202000000052
:10141000030000002400002024000020240000001D
:1014200004000000340000203400002020000000F0
:1014300005000000440000204400002030000000AF
:10144000060000005400002054000020340000007A
:101450000900000064000020640000204400000037
:101460000A00000074000020740000202C0000001E
:1014700044BF02004CBF020054BF02000C0703002F
:101480005CBF020064BF0200440F0300A4FB020023
:1014900068FC020018FC0200F4FB0200A4FB02003E
:1014A000A4FB0200A4FB0200A4FB02000000000059
:1014B000B8FC02006CFE0200BCFD020068FD0200E8
:1014C000B8FC0200B8FC0200B8FC0200B8FC020044
:1014D00000000000FFFF000000000000000000000E
:1014E000FFFF00000000000000000000FFFF000000
:1014F0000000000000000000FFFF000000000000EE
:1015000000000000FFFF00000000000000000000DD
:10151000FFFF00000000000000000000FFFF0000CF
:101520000000000000000000FFFF000000000000BD
:1015300000000000FFFF00000000000000000000AD
:10154000FFFF00000000000000000000FFFF00009F
:101550000000000000000000FFFF0000000000008D
:1015600000000000FFFF000000000000000000007D
:10157000FFFF00000000000000000000FFFF00006F
:101580000000000000000000FFFF0000000000005D
:101590000000000000000000010203040102030437
:1015A0000607080900000000301203005012030073
:1015B0001012030000000000000000000000000006
:1015C000000000000000000000000000000000001B
:1015D000000000000000000000000000000000000B
:1015E00000000000000000000000000000000000FB
:1015F00000000000000000000000000000000000EB
:101600000000000000000000D4C3B2A16F00000081
:1016100084EB0000BAEB00005CEA0000AEEC0000D6
:1016200022EA0000E4EB000010EC0000FF010000E3
:1016300000D8B8050204060894070120B401002070
:1016400000FF00000055AAFF0A0B0C0D0E0F000052
:08165000FF1FFF1F01E001E094
:00000001FF
