
Tiny_RTGW_RV307.elf:     file format elf32-littleriscv
Tiny_RTGW_RV307.elf
architecture: riscv:rv32, flags 0x00000112:
EXEC_P, HAS_SYMS, D_PAGED
start address 0x00000000

Program Header:
    LOAD off    0x00001000 vaddr 0x00000000 paddr 0x00000000 align 2**12
         filesz 0x00006f94 memsz 0x00006f94 flags r-x
    LOAD off    0x00008000 vaddr 0x20000000 paddr 0x00006f94 align 2**12
         filesz 0x00000158 memsz 0x00004780 flags rw-
    LOAD off    0x00008800 vaddr 0x20017800 paddr 0x20017800 align 2**12
         filesz 0x00000000 memsz 0x00000800 flags rw-

Sections:
Idx Name          Size      VMA       LMA       File off  Algn
  0 .init         00000004  00000000  00000000  00001000  2**1
                  CONTENTS, ALLOC, LOAD, READONLY, CODE
  1 .vector       000001bc  00000004  00000004  00001004  2**1
                  CONTENTS, ALLOC, LOAD, READONLY, CODE
  2 .text         00006dd4  000001c0  000001c0  000011c0  2**2
                  CONTENTS, ALLOC, LOAD, READONLY, CODE
  3 .fini         00000000  00006f94  00006f94  00008158  2**0
                  CONTENTS, ALLOC, LOAD, CODE
  4 .dalign       00000000  20000000  20000000  00008158  2**0
                  CONTENTS
  5 .dlalign      00000000  00006f94  00006f94  00008158  2**0
                  CONTENTS
  6 .data         00000158  20000000  00006f94  00008000  2**2
                  CONTENTS, ALLOC, LOAD, DATA
  7 .bss          00004628  20000158  000070ec  00008158  2**2
                  ALLOC
  8 .stack        00000800  20017800  20017800  00008800  2**0
                  ALLOC
  9 .debug_info   0002864e  00000000  00000000  00008158  2**0
                  CONTENTS, READONLY, DEBUGGING
 10 .debug_abbrev 00007532  00000000  00000000  000307a6  2**0
                  CONTENTS, READONLY, DEBUGGING
 11 .debug_loc    0000b15f  00000000  00000000  00037cd8  2**0
                  CONTENTS, READONLY, DEBUGGING
 12 .debug_aranges 00001260  00000000  00000000  00042e38  2**3
                  CONTENTS, READONLY, DEBUGGING
 13 .debug_ranges 000018c0  00000000  00000000  00044098  2**3
                  CONTENTS, READONLY, DEBUGGING
 14 .debug_line   0001c857  00000000  00000000  00045958  2**0
                  CONTENTS, READONLY, DEBUGGING
 15 .debug_str    00006c6d  00000000  00000000  000621af  2**0
                  CONTENTS, READONLY, DEBUGGING
 16 .comment      00000033  00000000  00000000  00068e1c  2**0
                  CONTENTS, READONLY
 17 .debug_frame  00003260  00000000  00000000  00068e50  2**2
                  CONTENTS, READONLY, DEBUGGING
 18 .stabstr      00000183  00000000  00000000  0006c0b0  2**0
                  CONTENTS, READONLY, DEBUGGING
SYMBOL TABLE:
00000000 l    d  .init	00000000 .init
00000004 l    d  .vector	00000000 .vector
000001c0 l    d  .text	00000000 .text
00006f94 l    d  .fini	00000000 .fini
20000000 l    d  .dalign	00000000 .dalign
00006f94 l    d  .dlalign	00000000 .dlalign
20000000 l    d  .data	00000000 .data
20000158 l    d  .bss	00000000 .bss
20017800 l    d  .stack	00000000 .stack
00000000 l    d  .debug_info	00000000 .debug_info
00000000 l    d  .debug_abbrev	00000000 .debug_abbrev
00000000 l    d  .debug_loc	00000000 .debug_loc
00000000 l    d  .debug_aranges	00000000 .debug_aranges
00000000 l    d  .debug_ranges	00000000 .debug_ranges
00000000 l    d  .debug_line	00000000 .debug_line
00000000 l    d  .debug_str	00000000 .debug_str
00000000 l    d  .comment	00000000 .comment
00000000 l    d  .debug_frame	00000000 .debug_frame
00000000 l    d  .stabstr	00000000 .stabstr
00000000 l    df *ABS*	00000000 ./Startup/startup_ch32v30x_D8C.o
00000004 l       .vector	00000000 _vector_base
00000000 l    df *ABS*	00000000 clock.c
20000158 l     O .bss	00000004 rt_tick
00000000 l    df *ABS*	00000000 components.c
000004d0 l     F .text	00000004 rti_start
000004d4 l     F .text	00000004 rti_end
000004d8 l     F .text	00000004 rti_board_start
000004dc l     F .text	00000004 rti_board_end
00000000 l    df *ABS*	00000000 device.c
00000000 l    df *ABS*	00000000 idle.c
00000764 l     F .text	0000001c rt_thread_idle_entry
20000210 l     O .bss	00000080 idle
20000290 l     O .bss	00000010 idle_hook_list
200002a0 l     O .bss	00000200 rt_thread_stack
00000000 l    df *ABS*	00000000 ipc.c
000007b6 l     F .text	0000005a rt_ipc_list_suspend
00000000 l    df *ABS*	00000000 irq.c
2000015c l     O .bss	00000004 rt_interrupt_enter_hook
20000160 l     O .bss	00000004 rt_interrupt_leave_hook
00000000 l    df *ABS*	00000000 kservice.c
00000aee l     F .text	0000017e print_number
200004a0 l     O .bss	00000080 rt_log_buf.2693
0000581c l     O .text	00000011 large_digits.2583
000058c0 l     O .text	00000011 small_digits.2582
20000168 l     O .bss	00000004 __rt_errno
2000016c l     O .bss	00000004 _console_device
00000000 l    df *ABS*	00000000 mem.c
00001256 l     F .text	00000058 plug_holes
20000520 l     O .bss	00000020 heap_sem
20000170 l     O .bss	00000004 heap_end
20000174 l     O .bss	00000004 heap_ptr
20000178 l     O .bss	00000004 lfree
2000017c l     O .bss	00000004 max_mem
20000180 l     O .bss	00000004 mem_size_aligned
20000184 l     O .bss	00000004 rt_free_hook
20000188 l     O .bss	00000004 rt_malloc_hook
2000018c l     O .bss	00000004 used_mem
00000000 l    df *ABS*	00000000 object.c
20000000 l     O .data	00000080 rt_object_container
20000190 l     O .bss	00000004 rt_object_attach_hook
20000194 l     O .bss	00000004 rt_object_detach_hook
00000000 l    df *ABS*	00000000 scheduler.c
200001ac l     O .bss	00000004 rt_scheduler_hook
200001b0 l     O .bss	00000002 rt_scheduler_lock_nest
00000000 l    df *ABS*	00000000 thread.c
0000188c l     F .text	0000008e _rt_thread_init.isra.0
200001c0 l     O .bss	00000004 rt_thread_inited_hook
200001c4 l     O .bss	00000004 rt_thread_resume_hook
200001c8 l     O .bss	00000004 rt_thread_suspend_hook
00000000 l    df *ABS*	00000000 timer.c
00001bbe l     F .text	00000012 _rt_timer_remove.part.1
200001cc l     O .bss	00000004 random_nr.2483
200001d0 l     O .bss	00000004 rt_timer_enter_hook
200001d4 l     O .bss	00000004 rt_timer_exit_hook
200001d8 l     O .bss	00000008 rt_timer_list
00000000 l    df *ABS*	00000000 cpuport.c
00000000 l    df *ABS*	00000000 cmd.c
00001e1e l     F .text	00000012 rt_list_len
00001e58 l     F .text	00000020 object_split
00001e78 l     F .text	00000036 show_wait_queue
00001eae l     F .text	0000003e object_name_maxlen
00000000 l    df *ABS*	00000000 msh.c
00000000 l    df *ABS*	00000000 msh_cmd.c
00000000 l    df *ABS*	00000000 shell.c
00002764 l     F .text	00000012 finsh_rx_ind
0000284a l     F .text	0000002e shell_handle_history
200005c0 l     O .bss	00000081 finsh_prompt.4315
00000000 l    df *ABS*	00000000 serial.c
00002d06 l     F .text	00000020 rt_serial_init
00002d26 l     F .text	00000042 rt_serial_write
00002d68 l     F .text	0000009e rt_serial_open
00002e06 l     F .text	0000006e rt_serial_control
00002e74 l     F .text	0000009e rt_serial_read
00002f12 l     F .text	00000040 rt_serial_close
00000000 l    df *ABS*	00000000 pin.c
00003056 l     F .text	0000001c _pin_control
000030be l     F .text	0000002e _pin_read
000030ec l     F .text	0000002c _pin_write
20000644 l     O .bss	00000048 _hw_pin
00000000 l    df *ABS*	00000000 board.c
2000068c l     O .bss	00004000 rt_heap
00000000 l    df *ABS*	00000000 lv_hal_tick.c
20000200 l     O .bss	00000004 sys_time
20000204 l     O .bss	00000001 tick_irq_flag
00000000 l    df *ABS*	00000000 uart_service.c
20000208 l     O .bss	00000004 uart_dev
00000000 l    df *ABS*	00000000 sensor_service.c
2000468c l     O .bss	00000014 sensor_data
2000020c l     O .bss	00000004 sensor_mutex
00000000 l    df *ABS*	00000000 bsp_i2c1.c
000034b4 l     F .text	0000002c I2C_Wait.constprop.0
00000000 l    df *ABS*	00000000 bsp_adc.c
00000000 l    df *ABS*	00000000 DHT20.c
00000000 l    df *ABS*	00000000 drv_gpio.c
000038e2 l     F .text	0000001c bit2bitno
000038fe l     F .text	00000012 GPIOD_CLK_ENABLE
00003910 l     F .text	00000010 GPIOB_CLK_ENABLE
00003920 l     F .text	00000010 GPIOA_CLK_ENABLE
00003930 l     F .text	00000010 GPIOC_CLK_ENABLE
00003940 l     F .text	00000012 GPIOE_CLK_ENABLE
00006554 l     O .text	00000018 _ch32_pin_ops
0000656c l     O .text	00000080 pin_irq_map
000065ec l     O .text	00000650 pins
00000000 l    df *ABS*	00000000 drv_usart.c
00003e80 l     F .text	0000002a uart_isr
0000400e l     F .text	00000106 ch32_configure
00004114 l     F .text	00000022 ch32_getc
00004136 l     F .text	00000022 ch32_putc
00004158 l     F .text	00000060 ch32_control
00006c40 l     O .text	00000014 ch32_uart_ops
00000000 l    df *ABS*	00000000 ch32v30x_it.c
00000000 l    df *ABS*	00000000 main.c
00000000 l    df *ABS*	00000000 system_ch32v30x.c
00000000 l    df *ABS*	00000000 ch32v30x_adc.c
00000000 l    df *ABS*	00000000 ch32v30x_exti.c
00000000 l    df *ABS*	00000000 ch32v30x_gpio.c
00000000 l    df *ABS*	00000000 ch32v30x_i2c.c
00000000 l    df *ABS*	00000000 ch32v30x_rcc.c
20000140 l     O .data	00000010 APBAHBPrescTable
20000154 l     O .data	00000004 ADCPrescTable
00000000 l    df *ABS*	00000000 ch32v30x_usart.c
00000000 l    df *ABS*	00000000 libgcc2.c
00000000 l    df *ABS*	00000000 mulsf3.c
00000000 l    df *ABS*	00000000 subsf3.c
00000000 l    df *ABS*	00000000 fixsfsi.c
00000000 l    df *ABS*	00000000 floatunsisf.c
00000000 l    df *ABS*	00000000 memcmp.c
00000000 l    df *ABS*	00000000 memcpy.c
00000000 l    df *ABS*	00000000 strcat.c
00000000 l    df *ABS*	00000000 strcpy.c
00000000 l    df *ABS*	00000000 strlen.c
00000000 l    df *ABS*	00000000 strncmp.c
00000000 l    df *ABS*	00000000 strstr.c
00000000 l    df *ABS*	00000000 libgcc2.c
00000000 l    df *ABS*	00000000 symbol.c
00000000 l    df *ABS*	00000000 close.c
00003d0c g     F .text	00000028 EXTI2_IRQHandler
000043d0  w      .text	00000000 TIM8_TRG_COM_IRQHandler
00001488 g     F .text	00000024 rt_calloc
000043d0  w      .text	00000000 TIM8_CC_IRQHandler
00003606 g     F .text	000000c0 I2C_Read
00006ef4 g     O .text	0000000c __fsym_list_thread
00000578 g     F .text	0000000a entry
00005606 g     F .text	00000010 strcpy
00001eec g     F .text	000000e4 list_thread
000028f6 g     F .text	00000410 finsh_thread_entry
00001694 g     F .text	00000008 rt_object_is_systemobject
00000d58 g     F .text	0000002c rt_strncpy
00001d96 g     F .text	00000036 rt_hw_stack_init
00001ad2 g     F .text	0000000e rt_thread_mdelay
000034e0 g     F .text	0000007a I2C1_Init
000043d0  w      .text	00000000 UART8_IRQHandler
000024fc g     F .text	000001aa msh_exec
00005f88 g     O .text	0000000d __fsym_list_mailbox_name
0000160c g     F .text	00000056 rt_object_allocate
00006f54 g     O .text	0000000c __fsym_pinRead
0000571c g     O .text	00000100 __lowest_bit_bitmap
20000950 g       .data	00000000 __global_pointer$
000016ca g     F .text	0000002c rt_system_scheduler_start
0000037a g     F .text	00000028 .hidden __riscv_save_8
000043d0  w      .text	00000000 TIM1_CC_IRQHandler
200001e4 g     O .bss	00000004 rt_interrupt_to_thread
000049da g     F .text	00000008 I2C_ReceiveData
00004218 g     F .text	00000020 HardFault_Handler
00006080 g     O .text	00000009 __fsym_list_sem_name
000003c6 g     F .text	0000000c .hidden __riscv_restore_3
000043d0  w      .text	00000000 TIM6_IRQHandler
000006ea g     F .text	00000006 rt_device_set_rx_indicate
000031f6 g     F .text	00000024 SysTick_Handler
000044dc g     F .text	0000000a ADC_StartCalibration
000014ac g     F .text	000000aa rt_free
200001e0 g     O .bss	00000004 rt_interrupt_from_thread
000012e0 g     F .text	0000007c rt_system_heap_init
000043d0  w      .text	00000000 PVD_IRQHandler
0000051c g     F .text	0000000c main_thread_entry
000043d0  w      .text	00000000 SDIO_IRQHandler
000043d0  w      .text	00000000 TIM9_BRK_IRQHandler
00006138 g     O .text	00000007 __fsym_reboot_name
00001d12 g     F .text	00000078 rt_timer_check
000003b2 g     F .text	00000020 .hidden __riscv_restore_10
00001760 g     F .text	00000048 rt_schedule_insert_thread
00001fd0 g     F .text	000000b6 list_sem
00000600 g     F .text	0000007a rt_device_open
000043d0  w      .text	00000000 DMA2_Channel8_IRQHandler
000041f8 g     F .text	00000020 NMI_Handler
000053e0 g     F .text	00000062 .hidden __fixsfsi
0000322a g     F .text	00000174 uart_service_thread
000043d0  w      .text	00000000 CAN2_RX1_IRQHandler
00003d34 g     F .text	00000028 EXTI3_IRQHandler
0000037a g     F .text	00000028 .hidden __riscv_save_11
00002456 g     F .text	0000004a list
0000593c g     O .text	00000009 __fsym_list_mem_name
200001f8 g     O .bss	00000004 _sysvar_table_begin
00005fb0 g     O .text	00000011 __fsym___cmd_list_mutex_name
00006f94 g       .text	00000000 __rtmsymtab_start
000043d0  w      .text	00000000 USBHS_IRQHandler
00004cfa g     F .text	0000000a USART_GetFlagStatus
000043d0  w      .text	00000000 DMA2_Channel9_IRQHandler
000006f0 g     F .text	00000074 rt_thread_idle_excute
00001a48 g     F .text	0000004a rt_thread_suspend
00001162 g     F .text	00000068 rt_kprintf
000043d0  w      .text	00000000 TIM10_CC_IRQHandler
00000ae8 g     F .text	00000006 rt_interrupt_get_nest
20000158 g       .bss	00000000 _sbss
00000800 g       *ABS*	00000000 __stack_size
000045c6 g     F .text	0000000a ADC_GetFlagStatus
00005056 g     F .text	0000038a .hidden __subsf3
0000191a g     F .text	00000020 rt_thread_timeout
000060d8 g     O .text	0000000c __fsym___cmd_clear_name
00002756 g     F .text	0000000e cmd_free
000043d0  w      .text	00000000 USBFS_IRQHandler
0000344c g     F .text	0000003c sensor_get_data
00006014 g     O .text	00000015 __fsym_list_event_desc
00006e7c g     O .text	0000000c __fsym_list_msgqueue
00006f78 g       .text	00000000 __rt_init_start
000021b4 g     F .text	000000be list_mailbox
000003c6 g     F .text	0000000c .hidden __riscv_restore_2
00006420 g     O .text	00000016 __fsym_pinMode_desc
00006f78 g       .text	00000000 __fsymtab_end
0000308c g     F .text	0000001a rt_pin_write
000060c4 g     O .text	00000014 __fsym___cmd_clear_desc
000006b2 g     F .text	0000001c rt_device_read
200001ec g     O .bss	00000004 shell
00005536 g     F .text	000000b2 memcpy
000044ba g     F .text	00000010 ADC_Cmd
0000473e g     F .text	000000d6 GPIO_PinRemapConfig
00002776 g     F .text	00000098 finsh_system_init
000004fe g     F .text	0000001e rt_components_init
00003cbc g     F .text	00000028 EXTI0_IRQHandler
000043d0  w      .text	00000000 I2C2_EV_IRQHandler
000043d0  w      .text	00000000 TIM10_TRG_COM_IRQHandler
00001bd0 g     F .text	0000003a rt_timer_init
00006f94 g       .text	00000000 __rt_init_end
00000780 g     F .text	00000036 rt_thread_idle_init
20000150 g     O .data	00000004 SystemCoreClock
00006eac g     O .text	0000000c __fsym_list_mutex
200001f4 g     O .bss	00000004 _syscall_table_end
20004750 g     O .bss	00000018 uart1
0000169c g     F .text	0000002e rt_system_scheduler_init
00000582 g     F .text	0000004a rt_device_find
000001c0 g       .text	00000000 rt_hw_context_switch_to
00006f80 g     O .text	00000004 __rt_init_rt_hw_pin_init
00000004 g       .init	00000000 _einit
200001e8 g     O .bss	00000004 rt_thread_switch_interrupt_flag
00004bc4 g     F .text	0000001e RCC_APB2PeriphClockCmd
00000372 g     F .text	00000030 .hidden __riscv_save_12
000043d0  w      .text	00000000 CAN2_SCE_IRQHandler
000043d0  w      .text	00000000 ADC1_2_IRQHandler
00006f90 g     O .text	00000004 __rt_init_rti_end
00004662 g     F .text	000000c0 GPIO_Init
00006054 g     O .text	0000000f __fsym___cmd_list_sem_name
00004a3c g     F .text	00000012 RCC_ADCCLKConfig
000043d0  w      .text	00000000 Break_Point_Handler
00006e70 g     O .text	0000000c __fsym___cmd_list_msgqueue
00005e1c g     O .text	0000001a __fsym_list_desc
000003b2 g     F .text	00000020 .hidden __riscv_restore_11
000043d0  w      .text	00000000 SPI1_IRQHandler
000044ca g     F .text	0000000a ADC_ResetCalibration
00001b58 g     F .text	00000066 rt_thread_control
00002f52 g     F .text	0000005a rt_hw_serial_register
00004cae g     F .text	00000016 USART_Cmd
00005e38 g     O .text	00000005 __fsym_list_name
00001dfc g     F .text	00000022 rt_hw_context_switch_interrupt
00006114 g     O .text	0000000d __fsym___cmd_reboot_name
000043d0  w      .text	00000000 TAMPER_IRQHandler
000003a2 g     F .text	0000000c .hidden __riscv_save_1
000003c6 g     F .text	0000000c .hidden __riscv_restore_0
0000608c g     O .text	0000000c __fsym___cmd_list_thread_desc
000060f8 g     O .text	00000006 __fsym_clear_name
00001972 g     F .text	00000046 rt_thread_create
000019b8 g     F .text	0000003e rt_thread_delete
00000388 g     F .text	0000001a .hidden __riscv_save_7
00006f94 g       .text	00000000 __rtmsymtab_end
00005ed4 g     O .text	0000000b __fsym_list_timer_name
00004d40 g     F .text	00000014 USART_ClearITPendingBit
000043d0  w      .text	00000000 CAN2_RX0_IRQHandler
0000375c g     F .text	0000004c ADC_Read
000019f6 g     F .text	00000052 rt_thread_yield
000043d0  w      .text	00000000 TIM8_UP_IRQHandler
00000528 g     F .text	00000028 rt_application_init
00004be2 g     F .text	0000001e RCC_APB1PeriphClockCmd
000043d0  w      .text	00000000 Ecall_M_Mode_Handler
0000135c g     F .text	0000012c rt_malloc
20017800 g       .stack	00000000 _heap_end
000008b8 g     F .text	00000040 rt_sem_release
00006edc g     O .text	0000000c __fsym_list_sem
000003bc g     F .text	00000016 .hidden __riscv_restore_5
0000316c  w    F .text	0000000a rt_heap_begin_get
000043d0  w      .text	00000000 DMA2_Channel2_IRQHandler
00006e34 g     O .text	0000000c __fsym_list
000043d0  w      .text	00000000 DMA1_Channel4_IRQHandler
00004506 g     F .text	000000b8 ADC_RegularChannelConfig
00001dcc g     F .text	00000010 sw_setpend
000049d6 g     F .text	00000004 I2C_SendData
000045be g     F .text	00000008 ADC_GetConversionValue
20000080 g     O .data	000000c0 pin_irq_hdr_tab
00006098 g     O .text	00000012 __fsym___cmd_list_thread_name
00006438 g     O .text	00000008 __fsym_pinMode_name
00006f18 g     O .text	0000000c __fsym___cmd_reboot
0000355a g     F .text	000000ac I2C_Write
00005f70 g     O .text	00000018 __fsym_list_mailbox_desc
00001c0a g     F .text	0000001e rt_timer_detach
00004872 g     F .text	000000fe I2C_Init
000043d0  w      .text	00000000 TIM9_UP_IRQHandler
000024f8 g     F .text	00000004 msh_is_used
000003bc g     F .text	00000016 .hidden __riscv_restore_6
000043d0  w      .text	00000000 USART3_IRQHandler
00004658 g     F .text	0000000a EXTI_ClearITPendingBit
000004e0 g     F .text	0000001e rt_components_board_init
000043d0  w      .text	00000000 RTC_IRQHandler
00006124 g     O .text	00000011 __fsym_reboot_desc
000044e6 g     F .text	00000008 ADC_GetCalibrationStatus
000011ca g     F .text	0000003e rt_show_version
20004780 g       .bss	00000000 _ebss
00004d04 g     F .text	0000003c USART_GetITStatus
00006f78 g     O .text	00000004 __rt_init_rti_start
000043d0  w      .text	00000000 DMA1_Channel7_IRQHandler
000044ee g     F .text	00000018 ADC_SoftwareStartConvCmd
00003180 g     F .text	00000076 rt_hw_board_init
00003118 g     F .text	00000054 rt_device_pin_register
000044d4 g     F .text	00000008 ADC_GetResetCalibrationStatus
00006f00 g     O .text	0000000c __fsym___cmd_clear
000043d0  w      .text	00000000 CAN1_RX1_IRQHandler
00001ae0 g     F .text	0000004c rt_thread_resume
00000550 g     F .text	00000028 rtthread_startup
00003ade g     F .text	0000005a ch32_pin_dettach_irq
000043d0  w      .text	00000000 DVP_IRQHandler
000043d0  w      .text	00000000 UART5_IRQHandler
0000321a g     F .text	00000010 lv_tick_inc
00005f34 g     O .text	0000000e __fsym_list_msgqueue_name
00001cda g     F .text	00000038 rt_timer_control
00001556 g     F .text	0000002a rt_object_get_information
20000540 g     O .bss	00000080 rt_thread_priority_table
0000472c g     F .text	00000004 GPIO_SetBits
200046a0 g     O .bss	00000058 serial1
000043d0  w      .text	00000000 TIM4_IRQHandler
000063d0 g     O .text	0000001e __fsym_pinRead_desc
00001e42 g     F .text	00000016 clear
20000198 g     O .bss	00000004 rt_object_put_hook
0000037a g     F .text	00000028 .hidden __riscv_save_9
00004734 g     F .text	0000000a GPIO_WriteBit
000055e8 g     F .text	0000001e strcat
0000183c g     F .text	00000050 rt_thread_exit
000043d0  w      .text	00000000 DMA2_Channel1_IRQHandler
00005fe8 g     O .text	00000015 __fsym___cmd_list_event_desc
000005cc g     F .text	00000034 rt_device_register
00000d10 g     F .text	00000048 rt_memmove
00004988 g     F .text	0000001a I2C_GenerateSTART
00000388 g     F .text	0000001a .hidden __riscv_save_4
00003c98 g     F .text	00000024 HAL_GPIO_EXTI_Callback
00001e30 g     F .text	00000012 reboot
000043d0  w      .text	00000000 I2C1_EV_IRQHandler
00006e88 g     O .text	0000000c __fsym___cmd_list_mailbox
00004a4e g     F .text	00000176 RCC_GetClocksFreq
00006414 g     O .text	00000009 __fsym_pinWrite_name
000043d0  w      .text	00000000 DMA1_Channel6_IRQHandler
00004d54 g     F .text	0000006e .hidden __clzsi2
00002272 g     F .text	000000b6 list_msgqueue
000043d0  w      .text	00000000 UART4_IRQHandler
000043d0  w      .text	00000000 DMA2_Channel4_IRQHandler
00004c1e g     F .text	00000090 USART_Init
000043d0  w      .text	00000000 TIM3_IRQHandler
000043d0  w      .text	00000000 RCC_IRQHandler
00000dae g     F .text	00000012 rt_strlen
000003a2 g     F .text	0000000c .hidden __riscv_save_3
000043d0  w      .text	00000000 TIM1_TRG_COM_IRQHandler
00006f24 g     O .text	0000000c __fsym_reboot
00006f30 g     O .text	0000000c __fsym___cmd_help
000043d0  w      .text	00000000 DMA1_Channel1_IRQHandler
200001a4 g     O .bss	00000001 rt_current_priority
000039ce g     F .text	0000007e ch32_pin_mode
00006e58 g     O .text	0000000c __fsym___cmd_list_timer
00000000 g       .init	00000000 _start
00005f44 g     O .text	00000018 __fsym___cmd_list_mailbox_desc
000043d0  w      .text	00000000 DMA2_Channel7_IRQHandler
00005650 g     F .text	00000034 strstr
00004a0a g     F .text	00000032 I2C_GetFlagStatus
000008f8 g     F .text	00000028 rt_mutex_create
00001112 g     F .text	0000001a rt_snprintf
00002086 g     F .text	000000ac list_event
00003dfc g     F .text	00000080 EXTI15_10_IRQHandler
00005628 g     F .text	00000028 strncmp
00003072 g     F .text	0000001a rt_pin_mode
00004cc4 g     F .text	00000036 USART_ITConfig
00006f6c g     O .text	0000000c __fsym_pinMode
00005e40 g     O .text	00000016 __fsym___cmd_list_device_desc
000045d0 g     F .text	0000006a EXTI_Init
00006e4c g     O .text	0000000c __fsym_list_device
00006ea0 g     O .text	0000000c __fsym___cmd_list_mutex
000030a6 g     F .text	00000018 rt_pin_read
000062ec g     O .text	0000000b __fsym___cmd_help_name
00000480 g     F .text	00000028 rt_tick_increase
00004840 g     F .text	00000032 I2C_DeInit
000012ae g     F .text	00000032 list_mem
00004970 g     F .text	00000018 I2C_Cmd
00006328 g     O .text	0000001b __fsym___cmd_ps_desc
00004730 g     F .text	00000004 GPIO_ResetBits
000043d0  w      .text	00000000 TIM7_IRQHandler
00005fc4 g     O .text	00000015 __fsym_list_mutex_desc
00001ca8 g     F .text	00000032 rt_timer_stop
000043d0  w      .text	00000000 CAN2_TX_IRQHandler
000062f8 g     O .text	00000024 __fsym___cmd_free_desc
20000000 g       .dalign	00000000 _data_vma
00000dc0 g     F .text	00000352 rt_vsnprintf
00006ee8 g     O .text	0000000c __fsym___cmd_list_thread
000043d0  w      .text	00000000 TIM5_IRQHandler
00005512 g     F .text	00000024 memcmp
0000398e g     F .text	00000022 ch32_pin_write
00003d84 g     F .text	00000078 EXTI9_5_IRQHandler
000060e4 g     O .text	00000014 __fsym_clear_desc
00001ddc g     F .text	0000000e sw_clearpend
000004a8 g     F .text	00000028 rt_tick_from_millisecond
000037f2 g     F .text	000000f0 DHT20_Read
200001f0 g     O .bss	00000004 _syscall_table_begin
00003176  w    F .text	0000000a rt_heap_end_get
00004814 g     F .text	0000002c GPIO_EXTILineConfig
0000037a g     F .text	00000028 .hidden __riscv_save_10
00003e7c g     F .text	00000004 ch32dma_transmit
000049e2 g     F .text	00000012 I2C_Send7bitAddress
0000280e g     F .text	0000003c finsh_get_prompt
000043d0  w      .text	00000000 ETH_WKUP_IRQHandler
000003bc g     F .text	00000016 .hidden __riscv_restore_4
000003b2 g     F .text	00000020 .hidden __riscv_restore_8
00001208 g     F .text	0000004e __rt_ffs
00000388 g     F .text	0000001a .hidden __riscv_save_6
0000463a g     F .text	0000001e EXTI_GetITStatus
000043d0  w      .text	00000000 SPI2_IRQHandler
000026a6 g     F .text	000000a2 msh_auto_complete
200001fc g     O .bss	00000004 _sysvar_table_end
000017ee g     F .text	0000001a rt_enter_critical
00001a92 g     F .text	00000040 rt_thread_sleep
000003d2 g     F .text	000000a8 memset
000003b2 g     F .text	00000020 .hidden __riscv_restore_9
000003bc g     F .text	00000016 .hidden __riscv_restore_7
00004238 g     F .text	0000009e main
000062d4 g     O .text	00000015 __fsym___cmd_help_desc
000043d0  w      .text	00000000 TIM10_BRK_IRQHandler
00000aba g     F .text	0000002e rt_interrupt_leave
000043d0  w      .text	00000000 TIM9_CC_IRQHandler
00005ea8 g     O .text	00000011 __fsym___cmd_list_timer_name
000043d0  w      .text	00000000 DMA2_Channel5_IRQHandler
00001d94 g     F .text	00000002 rt_system_timer_thread_init
0000193a g     F .text	00000032 rt_thread_init
00005e90 g     O .text	00000015 __fsym___cmd_list_timer_desc
00003488 g     F .text	0000002c sensor_set_led_state
000037a8 g     F .text	00000038 ADC_Read_Avg
00006f78 g       .text	00000000 __vsymtab_start
000043d0  w      .text	00000000 DMA1_Channel5_IRQHandler
00003d5c g     F .text	00000028 EXTI4_IRQHandler
00006038 g     O .text	00000019 __fsym___cmd_list_sem_desc
20000164 g     O .bss	00000001 rt_interrupt_nest
000043d0  w      .text	00000000 USB_LP_CAN1_RX0_IRQHandler
00006100 g     O .text	00000011 __fsym___cmd_reboot_desc
00005f98 g     O .text	00000015 __fsym___cmd_list_mutex_desc
00001160  w    F .text	00000002 rt_hw_console_output
00004dc2 g     F .text	00000294 .hidden __mulsf3
000037e0 g     F .text	00000012 DHT20_Init
2000019c g     O .bss	00000004 rt_object_take_hook
000023bc g     F .text	0000009a list_timer
00005ee0 g     O .text	0000001d __fsym___cmd_list_msgqueue_desc
000042d6 g     F .text	000000fa SystemInit
000043d0  w      .text	00000000 RNG_IRQHandler
0000631c g     O .text	0000000b __fsym___cmd_free_name
00001dea g     F .text	0000000c rt_hw_interrupt_disable
00000920 g     F .text	000000c8 rt_mutex_take
00001b2c g     F .text	0000002c rt_thread_startup
200001a8 g     O .bss	00000004 rt_current_thread
0000112c g     F .text	00000006 rt_console_get_device
000043d0  w      .text	00000000 USB_HP_CAN1_TX_IRQHandler
00006ce8 g     O .text	00000100 .hidden __clz_tab
00000000 g       .init	00000000 _sinit
00005fdc g     O .text	0000000b __fsym_list_mutex_name
000043d0  w      .text	00000000 DMA1_Channel3_IRQHandler
200001bc g     O .bss	00000004 rt_thread_ready_priority_group
000043d0  w      .text	00000000 ETH_IRQHandler
00006f3c g     O .text	0000000c __fsym___cmd_free
000043d0  w      .text	00000000 TIM1_UP_IRQHandler
00005f5c g     O .text	00000013 __fsym___cmd_list_mailbox_name
00005e58 g     O .text	00000012 __fsym___cmd_list_device_name
200001b4 g     O .bss	00000008 rt_thread_defunct
00006f88 g     O .text	00000004 __rt_init_rti_board_end
000043d0  w      .text	00000000 WWDG_IRQHandler
00006f60 g     O .text	0000000c __fsym_pinWrite
00000810 g     F .text	00000028 rt_sem_init
00000236 g       .text	00000000 rt_hw_context_switch_exit
000043d0  w      .text	00000000 USBHSWakeup_IRQHandler
00000c88 g     F .text	00000088 rt_memset
000043d0  w      .text	00000000 DMA2_Channel11_IRQHandler
00002328 g     F .text	00000094 list_device
00004c00 g     F .text	0000001e RCC_APB1PeriphResetCmd
000043d0  w      .text	00000000 Ecall_U_Mode_Handler
00006e94 g     O .text	0000000c __fsym_list_mailbox
00000d84 g     F .text	0000002a rt_strncmp
00006eb8 g     O .text	0000000c __fsym___cmd_list_event
000043d0  w      .text	00000000 DMA2_Channel6_IRQHandler
00006f78 g       .text	00000000 __vsymtab_end
000063f0 g     O .text	00000008 __fsym_pinRead_name
00006344 g     O .text	00000009 __fsym___cmd_ps_name
00006e64 g     O .text	0000000c __fsym_list_timer
000043d0  w      .text	00000000 TIM2_IRQHandler
20004768 g     O .bss	00000018 uart2
20018000 g       .stack	00000000 _eusrstack
000015de g     F .text	0000002e rt_object_detach
000003a2 g     F .text	0000000c .hidden __riscv_save_2
00000290 g       .text	00000000 SW_Handler
000036c6 g     F .text	00000096 ADC1_Init
00006f84 g     O .text	00000004 __rt_init_rt_hw_usart_init
00000c6c g     F .text	0000001c rt_set_errno
00001d8a g     F .text	0000000a rt_system_timer_init
000043d0  w      .text	00000000 TIM1_BRK_IRQHandler
000017a8 g     F .text	00000046 rt_schedule_remove_thread
00004464 g     F .text	00000056 ADC_Init
00000a8c g     F .text	0000002e rt_interrupt_enter
000043d0  w      .text	00000000 DMA2_Channel10_IRQHandler
00003ce4 g     F .text	00000028 EXTI1_IRQHandler
00001df6 g     F .text	00000006 rt_hw_interrupt_enable
00000388 g     F .text	0000001a .hidden __riscv_save_5
00006e28 g     O .text	0000000c __fsym_list_mem
20000158 g       .data	00000000 _edata
00006e40 g     O .text	0000000c __fsym___cmd_list_device
20004780 g       .bss	00000000 _end
00005f00 g     O .text	00000014 __fsym___cmd_list_msgqueue_name
00001808 g     F .text	00000034 rt_exit_critical
000043d0  w      .text	00000000 RTCAlarm_IRQHandler
00002132 g     F .text	00000082 list_mutex
00002748 g     F .text	0000000e cmd_ps
00006f94 g       .dlalign	00000000 _data_lma
00002878 g     F .text	0000007e finsh_set_device
000043d0  w      .text	00000000 TIM10_UP_IRQHandler
000043d0  w      .text	00000000 TIM9_TRG_COM_IRQHandler
000043d0  w      .text	00000000 UART7_IRQHandler
0000396e g     F .text	00000020 get_pin
000041d8 g     F .text	00000020 USART2_IRQHandler
000043d0  w      .text	00000000 UART6_IRQHandler
0000067a g     F .text	00000038 rt_device_close
0000196c g     F .text	00000006 rt_thread_self
00006f8c g     O .text	00000004 __rt_init_finsh_system_init
00005e6c g     O .text	00000016 __fsym_list_device_desc
00005442 g     F .text	000000d0 .hidden __floatunsisf
000060ac g     O .text	0000000c __fsym_list_thread_desc
000043d0  w      .text	00000000 I2C2_ER_IRQHandler
000043d0  w      .text	00000000 DMA1_Channel2_IRQHandler
000009e8 g     F .text	000000a4 rt_mutex_release
00001662 g     F .text	00000032 rt_object_delete
00003eaa g     F .text	00000164 rt_hw_usart_init
0000047a g     F .text	00000006 rt_tick_get
000003ae g     F .text	00000024 .hidden __riscv_restore_12
000043d0  w      .text	00000000 TIM8_BRK_IRQHandler
0000602c g     O .text	0000000b __fsym_list_event_name
000043d2  w      .text	00000000 handle_reset
000043d0  w      .text	00000000 CAN1_SCE_IRQHandler
00006ec4 g     O .text	0000000c __fsym_list_event
200001a0 g     O .bss	00000004 rt_object_trytake_hook
000043d0  w      .text	00000000 FLASH_IRQHandler
000003a2 g     F .text	0000000c .hidden __riscv_save_0
00006000 g     O .text	00000011 __fsym___cmd_list_event_name
0000591c g     O .text	0000001e __fsym_list_mem_desc
00000838 g     F .text	00000080 rt_sem_take
000041b8 g     F .text	00000020 USART1_IRQHandler
00006ed0 g     O .text	0000000c __fsym___cmd_list_sem
000049bc g     F .text	0000001a I2C_AcknowledgeConfig
00005616 g     F .text	00000012 strlen
000043d0  w      .text	00000000 SPI3_IRQHandler
00005ebc g     O .text	00000015 __fsym_list_timer_desc
000049f4 g     F .text	00000016 I2C_CheckEvent
000049a2 g     F .text	0000001a I2C_GenerateSTOP
00001132 g     F .text	0000002e rt_console_set_device
00003a4c g     F .text	00000092 ch32_pin_attach_irq
000043d0  w      .text	00000000 I2C1_ER_IRQHandler
00006f7c g     O .text	00000004 __rt_init_rti_board_start
000006ce g     F .text	0000001c rt_device_write
000060b8 g     O .text	0000000c __fsym_list_thread_name
00006e28 g       .text	00000000 __fsymtab_start
000003c6 g     F .text	0000000c .hidden __riscv_restore_1
00003952 g     F .text	0000001c rt_hw_pin_init
200046f8 g     O .bss	00000058 serial2
00006f0c g     O .text	0000000c __fsym_clear
000016f6 g     F .text	0000006a rt_schedule
00001580 g     F .text	0000005e rt_object_init
000039b0 g     F .text	0000001e ch32_pin_read
00006f48 g     O .text	0000000c __fsym___cmd_ps
00004722 g     F .text	0000000a GPIO_ReadInputDataBit
000063f8 g     O .text	0000001c __fsym_pinWrite_desc
0000339e g     F .text	000000ae sensor_service_thread
00001c28 g     F .text	00000080 rt_timer_start
000024a0 g     F .text	00000058 msh_help
00002fac g     F .text	000000aa rt_hw_serial_isr
000043d0  w      .text	00000000 USBWakeUp_IRQHandler
000001dc g       .text	00000000 rt_hw_context_switch
000043d0  w      .text	00000000 DMA2_Channel3_IRQHandler
00003b38 g     F .text	00000160 ch32_pin_irq_enable
00005e84 g     O .text	0000000c __fsym_list_device_name
00005f14 g     O .text	0000001d __fsym_list_msgqueue_desc
00006064 g     O .text	00000019 __fsym_list_sem_desc



Disassembly of section .init:

00000000 <_sinit>:
   0:	3d20406f          	j	43d2 <handle_reset>

Disassembly of section .vector:

00000004 <_vector_base>:
	...
   c:	41f8                	lw	a4,68(a1)
   e:	0000                	unimp
  10:	4218                	lw	a4,0(a2)
  12:	0000                	unimp
  14:	0000                	unimp
  16:	0000                	unimp
  18:	43d0                	lw	a2,4(a5)
	...
  22:	0000                	unimp
  24:	43d0                	lw	a2,4(a5)
  26:	0000                	unimp
  28:	43d0                	lw	a2,4(a5)
	...
  32:	0000                	unimp
  34:	31f6                	lhu	a3,38(a1)
  36:	0000                	unimp
  38:	0000                	unimp
  3a:	0000                	unimp
  3c:	0290                	addi	a2,sp,320
  3e:	0000                	unimp
  40:	0000                	unimp
  42:	0000                	unimp
  44:	43d0                	lw	a2,4(a5)
  46:	0000                	unimp
  48:	43d0                	lw	a2,4(a5)
  4a:	0000                	unimp
  4c:	43d0                	lw	a2,4(a5)
  4e:	0000                	unimp
  50:	43d0                	lw	a2,4(a5)
  52:	0000                	unimp
  54:	43d0                	lw	a2,4(a5)
  56:	0000                	unimp
  58:	43d0                	lw	a2,4(a5)
  5a:	0000                	unimp
  5c:	3cbc                	lbu	a5,27(s1)
  5e:	0000                	unimp
  60:	3ce4                	lbu	s1,31(s1)
  62:	0000                	unimp
  64:	3d0c                	lbu	a1,25(a0)
  66:	0000                	unimp
  68:	3d34                	lbu	a3,27(a0)
  6a:	0000                	unimp
  6c:	3d5c                	lbu	a5,29(a0)
  6e:	0000                	unimp
  70:	43d0                	lw	a2,4(a5)
  72:	0000                	unimp
  74:	43d0                	lw	a2,4(a5)
  76:	0000                	unimp
  78:	43d0                	lw	a2,4(a5)
  7a:	0000                	unimp
  7c:	43d0                	lw	a2,4(a5)
  7e:	0000                	unimp
  80:	43d0                	lw	a2,4(a5)
  82:	0000                	unimp
  84:	43d0                	lw	a2,4(a5)
  86:	0000                	unimp
  88:	43d0                	lw	a2,4(a5)
  8a:	0000                	unimp
  8c:	43d0                	lw	a2,4(a5)
  8e:	0000                	unimp
  90:	43d0                	lw	a2,4(a5)
  92:	0000                	unimp
  94:	43d0                	lw	a2,4(a5)
  96:	0000                	unimp
  98:	43d0                	lw	a2,4(a5)
  9a:	0000                	unimp
  9c:	43d0                	lw	a2,4(a5)
  9e:	0000                	unimp
  a0:	3d84                	lbu	s1,25(a1)
  a2:	0000                	unimp
  a4:	43d0                	lw	a2,4(a5)
  a6:	0000                	unimp
  a8:	43d0                	lw	a2,4(a5)
  aa:	0000                	unimp
  ac:	43d0                	lw	a2,4(a5)
  ae:	0000                	unimp
  b0:	43d0                	lw	a2,4(a5)
  b2:	0000                	unimp
  b4:	43d0                	lw	a2,4(a5)
  b6:	0000                	unimp
  b8:	43d0                	lw	a2,4(a5)
  ba:	0000                	unimp
  bc:	43d0                	lw	a2,4(a5)
  be:	0000                	unimp
  c0:	43d0                	lw	a2,4(a5)
  c2:	0000                	unimp
  c4:	43d0                	lw	a2,4(a5)
  c6:	0000                	unimp
  c8:	43d0                	lw	a2,4(a5)
  ca:	0000                	unimp
  cc:	43d0                	lw	a2,4(a5)
  ce:	0000                	unimp
  d0:	43d0                	lw	a2,4(a5)
  d2:	0000                	unimp
  d4:	43d0                	lw	a2,4(a5)
  d6:	0000                	unimp
  d8:	41b8                	lw	a4,64(a1)
  da:	0000                	unimp
  dc:	41d8                	lw	a4,4(a1)
  de:	0000                	unimp
  e0:	43d0                	lw	a2,4(a5)
  e2:	0000                	unimp
  e4:	3dfc                	lbu	a5,31(a1)
  e6:	0000                	unimp
  e8:	43d0                	lw	a2,4(a5)
  ea:	0000                	unimp
  ec:	43d0                	lw	a2,4(a5)
  ee:	0000                	unimp
  f0:	43d0                	lw	a2,4(a5)
  f2:	0000                	unimp
  f4:	43d0                	lw	a2,4(a5)
  f6:	0000                	unimp
  f8:	43d0                	lw	a2,4(a5)
  fa:	0000                	unimp
  fc:	43d0                	lw	a2,4(a5)
  fe:	0000                	unimp
 100:	43d0                	lw	a2,4(a5)
 102:	0000                	unimp
 104:	0000                	unimp
 106:	0000                	unimp
 108:	43d0                	lw	a2,4(a5)
 10a:	0000                	unimp
 10c:	43d0                	lw	a2,4(a5)
 10e:	0000                	unimp
 110:	43d0                	lw	a2,4(a5)
 112:	0000                	unimp
 114:	43d0                	lw	a2,4(a5)
 116:	0000                	unimp
 118:	43d0                	lw	a2,4(a5)
 11a:	0000                	unimp
 11c:	43d0                	lw	a2,4(a5)
 11e:	0000                	unimp
 120:	43d0                	lw	a2,4(a5)
 122:	0000                	unimp
 124:	43d0                	lw	a2,4(a5)
 126:	0000                	unimp
 128:	43d0                	lw	a2,4(a5)
 12a:	0000                	unimp
 12c:	43d0                	lw	a2,4(a5)
 12e:	0000                	unimp
 130:	43d0                	lw	a2,4(a5)
 132:	0000                	unimp
 134:	43d0                	lw	a2,4(a5)
 136:	0000                	unimp
 138:	43d0                	lw	a2,4(a5)
 13a:	0000                	unimp
 13c:	43d0                	lw	a2,4(a5)
 13e:	0000                	unimp
 140:	43d0                	lw	a2,4(a5)
 142:	0000                	unimp
 144:	43d0                	lw	a2,4(a5)
 146:	0000                	unimp
 148:	43d0                	lw	a2,4(a5)
 14a:	0000                	unimp
 14c:	43d0                	lw	a2,4(a5)
 14e:	0000                	unimp
 150:	43d0                	lw	a2,4(a5)
 152:	0000                	unimp
 154:	43d0                	lw	a2,4(a5)
 156:	0000                	unimp
 158:	43d0                	lw	a2,4(a5)
 15a:	0000                	unimp
 15c:	43d0                	lw	a2,4(a5)
 15e:	0000                	unimp
 160:	43d0                	lw	a2,4(a5)
 162:	0000                	unimp
 164:	43d0                	lw	a2,4(a5)
 166:	0000                	unimp
 168:	43d0                	lw	a2,4(a5)
 16a:	0000                	unimp
 16c:	43d0                	lw	a2,4(a5)
 16e:	0000                	unimp
 170:	43d0                	lw	a2,4(a5)
 172:	0000                	unimp
 174:	43d0                	lw	a2,4(a5)
 176:	0000                	unimp
 178:	43d0                	lw	a2,4(a5)
 17a:	0000                	unimp
 17c:	43d0                	lw	a2,4(a5)
 17e:	0000                	unimp
 180:	43d0                	lw	a2,4(a5)
 182:	0000                	unimp
 184:	43d0                	lw	a2,4(a5)
 186:	0000                	unimp
 188:	43d0                	lw	a2,4(a5)
 18a:	0000                	unimp
 18c:	43d0                	lw	a2,4(a5)
 18e:	0000                	unimp
 190:	43d0                	lw	a2,4(a5)
 192:	0000                	unimp
 194:	43d0                	lw	a2,4(a5)
 196:	0000                	unimp
 198:	43d0                	lw	a2,4(a5)
 19a:	0000                	unimp
 19c:	43d0                	lw	a2,4(a5)
 19e:	0000                	unimp
 1a0:	43d0                	lw	a2,4(a5)
	...

Disassembly of section .text:

000001c0 <rt_hw_context_switch_to>:
     1c0:	20018297          	auipc	t0,0x20018
     1c4:	e4028293          	addi	t0,t0,-448 # 20018000 <_eusrstack>
     1c8:	e0028293          	addi	t0,t0,-512
     1cc:	34029073          	csrw	mscratch,t0
     1d0:	00052103          	lw	sp,0(a0)
     1d4:	4522                	lw	a0,8(sp)
     1d6:	30051073          	csrw	mstatus,a0
     1da:	a8b1                	j	236 <rt_hw_context_switch_exit>

000001dc <rt_hw_context_switch>:
     1dc:	7119                	addi	sp,sp,-128
     1de:	00252023          	sw	sp,0(a0)
     1e2:	c006                	sw	ra,0(sp)
     1e4:	c206                	sw	ra,4(sp)
     1e6:	ca16                	sw	t0,20(sp)
     1e8:	300022f3          	csrr	t0,mstatus
     1ec:	0082f293          	andi	t0,t0,8
     1f0:	00028463          	beqz	t0,1f8 <rt_hw_context_switch+0x1c>
     1f4:	08000293          	li	t0,128
     1f8:	c416                	sw	t0,8(sp)
     1fa:	c812                	sw	tp,16(sp)
     1fc:	cc1a                	sw	t1,24(sp)
     1fe:	ce1e                	sw	t2,28(sp)
     200:	d022                	sw	s0,32(sp)
     202:	d226                	sw	s1,36(sp)
     204:	d42a                	sw	a0,40(sp)
     206:	d62e                	sw	a1,44(sp)
     208:	d832                	sw	a2,48(sp)
     20a:	da36                	sw	a3,52(sp)
     20c:	dc3a                	sw	a4,56(sp)
     20e:	de3e                	sw	a5,60(sp)
     210:	c0c2                	sw	a6,64(sp)
     212:	c2c6                	sw	a7,68(sp)
     214:	c4ca                	sw	s2,72(sp)
     216:	c6ce                	sw	s3,76(sp)
     218:	c8d2                	sw	s4,80(sp)
     21a:	cad6                	sw	s5,84(sp)
     21c:	ccda                	sw	s6,88(sp)
     21e:	cede                	sw	s7,92(sp)
     220:	d0e2                	sw	s8,96(sp)
     222:	d2e6                	sw	s9,100(sp)
     224:	d4ea                	sw	s10,104(sp)
     226:	d6ee                	sw	s11,108(sp)
     228:	d8f2                	sw	t3,112(sp)
     22a:	daf6                	sw	t4,116(sp)
     22c:	dcfa                	sw	t5,120(sp)
     22e:	defe                	sw	t6,124(sp)
     230:	0005a103          	lw	sp,0(a1)
     234:	a009                	j	236 <rt_hw_context_switch_exit>

00000236 <rt_hw_context_switch_exit>:
     236:	4502                	lw	a0,0(sp)
     238:	34151073          	csrw	mepc,a0
     23c:	4092                	lw	ra,4(sp)
     23e:	00008537          	lui	a0,0x8
     242:	80050513          	addi	a0,a0,-2048 # 7800 <__rt_init_end+0x86c>
     246:	30052073          	csrs	mstatus,a0
     24a:	4522                	lw	a0,8(sp)
     24c:	30052073          	csrs	mstatus,a0
     250:	4242                	lw	tp,16(sp)
     252:	42d2                	lw	t0,20(sp)
     254:	4362                	lw	t1,24(sp)
     256:	43f2                	lw	t2,28(sp)
     258:	5402                	lw	s0,32(sp)
     25a:	5492                	lw	s1,36(sp)
     25c:	5522                	lw	a0,40(sp)
     25e:	55b2                	lw	a1,44(sp)
     260:	5642                	lw	a2,48(sp)
     262:	56d2                	lw	a3,52(sp)
     264:	5762                	lw	a4,56(sp)
     266:	57f2                	lw	a5,60(sp)
     268:	4806                	lw	a6,64(sp)
     26a:	4896                	lw	a7,68(sp)
     26c:	4926                	lw	s2,72(sp)
     26e:	49b6                	lw	s3,76(sp)
     270:	4a46                	lw	s4,80(sp)
     272:	4ad6                	lw	s5,84(sp)
     274:	4b66                	lw	s6,88(sp)
     276:	4bf6                	lw	s7,92(sp)
     278:	5c06                	lw	s8,96(sp)
     27a:	5c96                	lw	s9,100(sp)
     27c:	5d26                	lw	s10,104(sp)
     27e:	5db6                	lw	s11,108(sp)
     280:	5e46                	lw	t3,112(sp)
     282:	5ed6                	lw	t4,116(sp)
     284:	5f66                	lw	t5,120(sp)
     286:	5ff6                	lw	t6,124(sp)
     288:	6109                	addi	sp,sp,128
     28a:	30200073          	mret
	...

00000290 <SW_Handler>:
     290:	7119                	addi	sp,sp,-128
     292:	ca16                	sw	t0,20(sp)
     294:	08000293          	li	t0,128
     298:	c416                	sw	t0,8(sp)
     29a:	02000293          	li	t0,32
     29e:	8042a073          	csrs	0x804,t0
     2a2:	c206                	sw	ra,4(sp)
     2a4:	c812                	sw	tp,16(sp)
     2a6:	cc1a                	sw	t1,24(sp)
     2a8:	ce1e                	sw	t2,28(sp)
     2aa:	d022                	sw	s0,32(sp)
     2ac:	d226                	sw	s1,36(sp)
     2ae:	d42a                	sw	a0,40(sp)
     2b0:	d62e                	sw	a1,44(sp)
     2b2:	d832                	sw	a2,48(sp)
     2b4:	da36                	sw	a3,52(sp)
     2b6:	dc3a                	sw	a4,56(sp)
     2b8:	de3e                	sw	a5,60(sp)
     2ba:	c0c2                	sw	a6,64(sp)
     2bc:	c2c6                	sw	a7,68(sp)
     2be:	c4ca                	sw	s2,72(sp)
     2c0:	c6ce                	sw	s3,76(sp)
     2c2:	c8d2                	sw	s4,80(sp)
     2c4:	cad6                	sw	s5,84(sp)
     2c6:	ccda                	sw	s6,88(sp)
     2c8:	cede                	sw	s7,92(sp)
     2ca:	d0e2                	sw	s8,96(sp)
     2cc:	d2e6                	sw	s9,100(sp)
     2ce:	d4ea                	sw	s10,104(sp)
     2d0:	d6ee                	sw	s11,108(sp)
     2d2:	d8f2                	sw	t3,112(sp)
     2d4:	daf6                	sw	t4,116(sp)
     2d6:	dcfa                	sw	t5,120(sp)
     2d8:	defe                	sw	t6,124(sp)
     2da:	34011173          	csrrw	sp,mscratch,sp
     2de:	7ae000ef          	jal	ra,a8c <rt_interrupt_enter>
     2e2:	2fb010ef          	jal	ra,1ddc <sw_clearpend>
     2e6:	7d4000ef          	jal	ra,aba <rt_interrupt_leave>
     2ea:	34011173          	csrrw	sp,mscratch,sp
     2ee:	89818413          	addi	s0,gp,-1896 # 200001e8 <rt_thread_switch_interrupt_flag>
     2f2:	00042903          	lw	s2,0(s0)
     2f6:	02090463          	beqz	s2,31e <SW_Handler+0x8e>
     2fa:	00042023          	sw	zero,0(s0)
     2fe:	34102573          	csrr	a0,mepc
     302:	c02a                	sw	a0,0(sp)
     304:	89018413          	addi	s0,gp,-1904 # 200001e0 <rt_interrupt_from_thread>
     308:	4004                	lw	s1,0(s0)
     30a:	0024a023          	sw	sp,0(s1)
     30e:	89418413          	addi	s0,gp,-1900 # 200001e4 <rt_interrupt_to_thread>
     312:	4004                	lw	s1,0(s0)
     314:	0004a103          	lw	sp,0(s1)
     318:	4502                	lw	a0,0(sp)
     31a:	34151073          	csrw	mepc,a0
     31e:	4092                	lw	ra,4(sp)
     320:	000082b7          	lui	t0,0x8
     324:	80028293          	addi	t0,t0,-2048 # 7800 <__rt_init_end+0x86c>
     328:	3002a073          	csrs	mstatus,t0
     32c:	42a2                	lw	t0,8(sp)
     32e:	3002a073          	csrs	mstatus,t0
     332:	4242                	lw	tp,16(sp)
     334:	42d2                	lw	t0,20(sp)
     336:	4362                	lw	t1,24(sp)
     338:	43f2                	lw	t2,28(sp)
     33a:	5402                	lw	s0,32(sp)
     33c:	5492                	lw	s1,36(sp)
     33e:	5522                	lw	a0,40(sp)
     340:	55b2                	lw	a1,44(sp)
     342:	5642                	lw	a2,48(sp)
     344:	56d2                	lw	a3,52(sp)
     346:	5762                	lw	a4,56(sp)
     348:	57f2                	lw	a5,60(sp)
     34a:	4806                	lw	a6,64(sp)
     34c:	4896                	lw	a7,68(sp)
     34e:	4926                	lw	s2,72(sp)
     350:	49b6                	lw	s3,76(sp)
     352:	4a46                	lw	s4,80(sp)
     354:	4ad6                	lw	s5,84(sp)
     356:	4b66                	lw	s6,88(sp)
     358:	4bf6                	lw	s7,92(sp)
     35a:	5c06                	lw	s8,96(sp)
     35c:	5c96                	lw	s9,100(sp)
     35e:	5d26                	lw	s10,104(sp)
     360:	5db6                	lw	s11,108(sp)
     362:	5e46                	lw	t3,112(sp)
     364:	5ed6                	lw	t4,116(sp)
     366:	5f66                	lw	t5,120(sp)
     368:	5ff6                	lw	t6,124(sp)
     36a:	6109                	addi	sp,sp,128
     36c:	30200073          	mret
	...

00000372 <__riscv_save_12>:
     372:	7139                	addi	sp,sp,-64
     374:	4301                	li	t1,0
     376:	c66e                	sw	s11,12(sp)
     378:	a019                	j	37e <__riscv_save_10+0x4>

0000037a <__riscv_save_10>:
     37a:	7139                	addi	sp,sp,-64
     37c:	5341                	li	t1,-16
     37e:	c86a                	sw	s10,16(sp)
     380:	ca66                	sw	s9,20(sp)
     382:	cc62                	sw	s8,24(sp)
     384:	ce5e                	sw	s7,28(sp)
     386:	a019                	j	38c <__riscv_save_4+0x4>

00000388 <__riscv_save_4>:
     388:	7139                	addi	sp,sp,-64
     38a:	5301                	li	t1,-32
     38c:	d05a                	sw	s6,32(sp)
     38e:	d256                	sw	s5,36(sp)
     390:	d452                	sw	s4,40(sp)
     392:	d64e                	sw	s3,44(sp)
     394:	d84a                	sw	s2,48(sp)
     396:	da26                	sw	s1,52(sp)
     398:	dc22                	sw	s0,56(sp)
     39a:	de06                	sw	ra,60(sp)
     39c:	40610133          	sub	sp,sp,t1
     3a0:	8282                	jr	t0

000003a2 <__riscv_save_0>:
     3a2:	1141                	addi	sp,sp,-16
     3a4:	c04a                	sw	s2,0(sp)
     3a6:	c226                	sw	s1,4(sp)
     3a8:	c422                	sw	s0,8(sp)
     3aa:	c606                	sw	ra,12(sp)
     3ac:	8282                	jr	t0

000003ae <__riscv_restore_12>:
     3ae:	4db2                	lw	s11,12(sp)
     3b0:	0141                	addi	sp,sp,16

000003b2 <__riscv_restore_10>:
     3b2:	4d02                	lw	s10,0(sp)
     3b4:	4c92                	lw	s9,4(sp)
     3b6:	4c22                	lw	s8,8(sp)
     3b8:	4bb2                	lw	s7,12(sp)
     3ba:	0141                	addi	sp,sp,16

000003bc <__riscv_restore_4>:
     3bc:	4b02                	lw	s6,0(sp)
     3be:	4a92                	lw	s5,4(sp)
     3c0:	4a22                	lw	s4,8(sp)
     3c2:	49b2                	lw	s3,12(sp)
     3c4:	0141                	addi	sp,sp,16

000003c6 <__riscv_restore_0>:
     3c6:	4902                	lw	s2,0(sp)
     3c8:	4492                	lw	s1,4(sp)
     3ca:	4422                	lw	s0,8(sp)
     3cc:	40b2                	lw	ra,12(sp)
     3ce:	0141                	addi	sp,sp,16
     3d0:	8082                	ret

000003d2 <memset>:
     3d2:	433d                	li	t1,15
     3d4:	872a                	mv	a4,a0
     3d6:	02c37363          	bgeu	t1,a2,3fc <memset+0x2a>
     3da:	00f77793          	andi	a5,a4,15
     3de:	efbd                	bnez	a5,45c <memset+0x8a>
     3e0:	e5ad                	bnez	a1,44a <memset+0x78>
     3e2:	ff067693          	andi	a3,a2,-16
     3e6:	8a3d                	andi	a2,a2,15
     3e8:	96ba                	add	a3,a3,a4
     3ea:	c30c                	sw	a1,0(a4)
     3ec:	c34c                	sw	a1,4(a4)
     3ee:	c70c                	sw	a1,8(a4)
     3f0:	c74c                	sw	a1,12(a4)
     3f2:	0741                	addi	a4,a4,16
     3f4:	fed76be3          	bltu	a4,a3,3ea <memset+0x18>
     3f8:	e211                	bnez	a2,3fc <memset+0x2a>
     3fa:	8082                	ret
     3fc:	40c306b3          	sub	a3,t1,a2
     400:	068a                	slli	a3,a3,0x2
     402:	00000297          	auipc	t0,0x0
     406:	9696                	add	a3,a3,t0
     408:	00a68067          	jr	10(a3)
     40c:	00b70723          	sb	a1,14(a4)
     410:	00b706a3          	sb	a1,13(a4)
     414:	00b70623          	sb	a1,12(a4)
     418:	00b705a3          	sb	a1,11(a4)
     41c:	00b70523          	sb	a1,10(a4)
     420:	00b704a3          	sb	a1,9(a4)
     424:	00b70423          	sb	a1,8(a4)
     428:	00b703a3          	sb	a1,7(a4)
     42c:	00b70323          	sb	a1,6(a4)
     430:	00b702a3          	sb	a1,5(a4)
     434:	00b70223          	sb	a1,4(a4)
     438:	00b701a3          	sb	a1,3(a4)
     43c:	00b70123          	sb	a1,2(a4)
     440:	00b700a3          	sb	a1,1(a4)
     444:	00b70023          	sb	a1,0(a4)
     448:	8082                	ret
     44a:	0ff5f593          	andi	a1,a1,255
     44e:	00859693          	slli	a3,a1,0x8
     452:	8dd5                	or	a1,a1,a3
     454:	01059693          	slli	a3,a1,0x10
     458:	8dd5                	or	a1,a1,a3
     45a:	b761                	j	3e2 <memset+0x10>
     45c:	00279693          	slli	a3,a5,0x2
     460:	00000297          	auipc	t0,0x0
     464:	9696                	add	a3,a3,t0
     466:	8286                	mv	t0,ra
     468:	fa8680e7          	jalr	-88(a3)
     46c:	8096                	mv	ra,t0
     46e:	17c1                	addi	a5,a5,-16
     470:	8f1d                	sub	a4,a4,a5
     472:	963e                	add	a2,a2,a5
     474:	f8c374e3          	bgeu	t1,a2,3fc <memset+0x2a>
     478:	b7a5                	j	3e0 <memset+0xe>

0000047a <rt_tick_get>:
     47a:	8081a503          	lw	a0,-2040(gp) # 20000158 <_edata>
     47e:	8082                	ret

00000480 <rt_tick_increase>:
     480:	f23ff2ef          	jal	t0,3a2 <__riscv_save_0>
     484:	80818793          	addi	a5,gp,-2040 # 20000158 <_edata>
     488:	4398                	lw	a4,0(a5)
     48a:	0705                	addi	a4,a4,1
     48c:	c398                	sw	a4,0(a5)
     48e:	4de010ef          	jal	ra,196c <rt_thread_self>
     492:	453c                	lw	a5,72(a0)
     494:	17fd                	addi	a5,a5,-1
     496:	c53c                	sw	a5,72(a0)
     498:	e789                	bnez	a5,4a2 <rt_tick_increase+0x22>
     49a:	417c                	lw	a5,68(a0)
     49c:	c53c                	sw	a5,72(a0)
     49e:	558010ef          	jal	ra,19f6 <rt_thread_yield>
     4a2:	071010ef          	jal	ra,1d12 <rt_timer_check>
     4a6:	b705                	j	3c6 <__riscv_restore_0>

000004a8 <rt_tick_from_millisecond>:
     4a8:	02054263          	bltz	a0,4cc <rt_tick_from_millisecond+0x24>
     4ac:	3e800793          	li	a5,1000
     4b0:	02f54733          	div	a4,a0,a5
     4b4:	02f56533          	rem	a0,a0,a5
     4b8:	02f50533          	mul	a0,a0,a5
     4bc:	3e750513          	addi	a0,a0,999
     4c0:	02f54533          	div	a0,a0,a5
     4c4:	02f70733          	mul	a4,a4,a5
     4c8:	953a                	add	a0,a0,a4
     4ca:	8082                	ret
     4cc:	557d                	li	a0,-1
     4ce:	8082                	ret

000004d0 <rti_start>:
     4d0:	4501                	li	a0,0
     4d2:	8082                	ret

000004d4 <rti_end>:
     4d4:	4501                	li	a0,0
     4d6:	8082                	ret

000004d8 <rti_board_start>:
     4d8:	4501                	li	a0,0
     4da:	8082                	ret

000004dc <rti_board_end>:
     4dc:	4501                	li	a0,0
     4de:	8082                	ret

000004e0 <rt_components_board_init>:
     4e0:	ec3ff2ef          	jal	t0,3a2 <__riscv_save_0>
     4e4:	641d                	lui	s0,0x7
     4e6:	649d                	lui	s1,0x7
     4e8:	f7c40413          	addi	s0,s0,-132 # 6f7c <__rt_init_rti_board_start>
     4ec:	f8848493          	addi	s1,s1,-120 # 6f88 <__rt_init_rti_board_end>
     4f0:	00946363          	bltu	s0,s1,4f6 <rt_components_board_init+0x16>
     4f4:	bdc9                	j	3c6 <__riscv_restore_0>
     4f6:	401c                	lw	a5,0(s0)
     4f8:	0411                	addi	s0,s0,4
     4fa:	9782                	jalr	a5
     4fc:	bfd5                	j	4f0 <rt_components_board_init+0x10>

000004fe <rt_components_init>:
     4fe:	ea5ff2ef          	jal	t0,3a2 <__riscv_save_0>
     502:	641d                	lui	s0,0x7
     504:	649d                	lui	s1,0x7
     506:	f8840413          	addi	s0,s0,-120 # 6f88 <__rt_init_rti_board_end>
     50a:	f9048493          	addi	s1,s1,-112 # 6f90 <__rt_init_rti_end>
     50e:	00946363          	bltu	s0,s1,514 <rt_components_init+0x16>
     512:	bd55                	j	3c6 <__riscv_restore_0>
     514:	401c                	lw	a5,0(s0)
     516:	0411                	addi	s0,s0,4
     518:	9782                	jalr	a5
     51a:	bfd5                	j	50e <rt_components_init+0x10>

0000051c <main_thread_entry>:
     51c:	e87ff2ef          	jal	t0,3a2 <__riscv_save_0>
     520:	3ff9                	jal	4fe <rt_components_init>
     522:	517030ef          	jal	ra,4238 <main>
     526:	b545                	j	3c6 <__riscv_restore_0>

00000528 <rt_application_init>:
     528:	e7bff2ef          	jal	t0,3a2 <__riscv_save_0>
     52c:	000005b7          	lui	a1,0x0
     530:	00005537          	lui	a0,0x5
     534:	47d1                	li	a5,20
     536:	4715                	li	a4,5
     538:	20000693          	li	a3,512
     53c:	4601                	li	a2,0
     53e:	51c58593          	addi	a1,a1,1308 # 51c <main_thread_entry>
     542:	6d450513          	addi	a0,a0,1748 # 56d4 <strstr+0x84>
     546:	42c010ef          	jal	ra,1972 <rt_thread_create>
     54a:	5e2010ef          	jal	ra,1b2c <rt_thread_startup>
     54e:	bda5                	j	3c6 <__riscv_restore_0>

00000550 <rtthread_startup>:
     550:	e53ff2ef          	jal	t0,3a2 <__riscv_save_0>
     554:	097010ef          	jal	ra,1dea <rt_hw_interrupt_disable>
     558:	429020ef          	jal	ra,3180 <rt_hw_board_init>
     55c:	46f000ef          	jal	ra,11ca <rt_show_version>
     560:	02b010ef          	jal	ra,1d8a <rt_system_timer_init>
     564:	138010ef          	jal	ra,169c <rt_system_scheduler_init>
     568:	37c1                	jal	528 <rt_application_init>
     56a:	02b010ef          	jal	ra,1d94 <rt_system_timer_thread_init>
     56e:	2c09                	jal	780 <rt_thread_idle_init>
     570:	15a010ef          	jal	ra,16ca <rt_system_scheduler_start>
     574:	4501                	li	a0,0
     576:	bd81                	j	3c6 <__riscv_restore_0>

00000578 <entry>:
     578:	e2bff2ef          	jal	t0,3a2 <__riscv_save_0>
     57c:	3fd1                	jal	550 <rtthread_startup>
     57e:	4501                	li	a0,0
     580:	b599                	j	3c6 <__riscv_restore_0>

00000582 <rt_device_find>:
     582:	e07ff2ef          	jal	t0,388 <__riscv_save_4>
     586:	89aa                	mv	s3,a0
     588:	3e4010ef          	jal	ra,196c <rt_thread_self>
     58c:	c119                	beqz	a0,592 <rt_device_find+0x10>
     58e:	260010ef          	jal	ra,17ee <rt_enter_critical>
     592:	4525                	li	a0,9
     594:	7c3000ef          	jal	ra,1556 <rt_object_get_information>
     598:	4144                	lw	s1,4(a0)
     59a:	00450413          	addi	s0,a0,4
     59e:	00849663          	bne	s1,s0,5aa <rt_device_find+0x28>
     5a2:	3ca010ef          	jal	ra,196c <rt_thread_self>
     5a6:	4901                	li	s2,0
     5a8:	a819                	j	5be <rt_device_find+0x3c>
     5aa:	ff448913          	addi	s2,s1,-12
     5ae:	4621                	li	a2,8
     5b0:	85ce                	mv	a1,s3
     5b2:	854a                	mv	a0,s2
     5b4:	7d0000ef          	jal	ra,d84 <rt_strncmp>
     5b8:	e901                	bnez	a0,5c8 <rt_device_find+0x46>
     5ba:	3b2010ef          	jal	ra,196c <rt_thread_self>
     5be:	c119                	beqz	a0,5c4 <rt_device_find+0x42>
     5c0:	248010ef          	jal	ra,1808 <rt_exit_critical>
     5c4:	854a                	mv	a0,s2
     5c6:	bbdd                	j	3bc <__riscv_restore_4>
     5c8:	4084                	lw	s1,0(s1)
     5ca:	bfd1                	j	59e <rt_device_find+0x1c>

000005cc <rt_device_register>:
     5cc:	e509                	bnez	a0,5d6 <rt_device_register+0xa>
     5ce:	557d                	li	a0,-1
     5d0:	8082                	ret
     5d2:	557d                	li	a0,-1
     5d4:	bbcd                	j	3c6 <__riscv_restore_0>
     5d6:	dcdff2ef          	jal	t0,3a2 <__riscv_save_0>
     5da:	842a                	mv	s0,a0
     5dc:	852e                	mv	a0,a1
     5de:	8932                	mv	s2,a2
     5e0:	84ae                	mv	s1,a1
     5e2:	3745                	jal	582 <rt_device_find>
     5e4:	f57d                	bnez	a0,5d2 <rt_device_register+0x6>
     5e6:	8522                	mv	a0,s0
     5e8:	8626                	mv	a2,s1
     5ea:	45a5                	li	a1,9
     5ec:	795000ef          	jal	ra,1580 <rt_object_init>
     5f0:	4501                	li	a0,0
     5f2:	01241c23          	sh	s2,24(s0)
     5f6:	00040e23          	sb	zero,28(s0)
     5fa:	00041d23          	sh	zero,26(s0)
     5fe:	bfd9                	j	5d4 <rt_device_register+0x8>

00000600 <rt_device_open>:
     600:	da3ff2ef          	jal	t0,3a2 <__riscv_save_0>
     604:	2d1e                	lhu	a5,24(a0)
     606:	1141                	addi	sp,sp,-16
     608:	842a                	mv	s0,a0
     60a:	8bc1                	andi	a5,a5,16
     60c:	e79d                	bnez	a5,63a <rt_device_open+0x3a>
     60e:	551c                	lw	a5,40(a0)
     610:	c38d                	beqz	a5,632 <rt_device_open+0x32>
     612:	c62e                	sw	a1,12(sp)
     614:	9782                	jalr	a5
     616:	84aa                	mv	s1,a0
     618:	45b2                	lw	a1,12(sp)
     61a:	cd01                	beqz	a0,632 <rt_device_open+0x32>
     61c:	862a                	mv	a2,a0
     61e:	00005537          	lui	a0,0x5
     622:	85a2                	mv	a1,s0
     624:	6dc50513          	addi	a0,a0,1756 # 56dc <strstr+0x8c>
     628:	33b000ef          	jal	ra,1162 <rt_kprintf>
     62c:	8526                	mv	a0,s1
     62e:	0141                	addi	sp,sp,16
     630:	bb59                	j	3c6 <__riscv_restore_0>
     632:	2c1e                	lhu	a5,24(s0)
     634:	0107e793          	ori	a5,a5,16
     638:	ac1e                	sh	a5,24(s0)
     63a:	2c1e                	lhu	a5,24(s0)
     63c:	8ba1                	andi	a5,a5,8
     63e:	c789                	beqz	a5,648 <rt_device_open+0x48>
     640:	2c3e                	lhu	a5,26(s0)
     642:	54e5                	li	s1,-7
     644:	8ba1                	andi	a5,a5,8
     646:	f3fd                	bnez	a5,62c <rt_device_open+0x2c>
     648:	545c                	lw	a5,44(s0)
     64a:	cf89                	beqz	a5,664 <rt_device_open+0x64>
     64c:	8522                	mv	a0,s0
     64e:	9782                	jalr	a5
     650:	84aa                	mv	s1,a0
     652:	e105                	bnez	a0,672 <rt_device_open+0x72>
     654:	2c3e                	lhu	a5,26(s0)
     656:	0087e793          	ori	a5,a5,8
     65a:	ac3e                	sh	a5,26(s0)
     65c:	2c5c                	lbu	a5,28(s0)
     65e:	0785                	addi	a5,a5,1
     660:	ac5c                	sb	a5,28(s0)
     662:	b7e9                	j	62c <rt_device_open+0x2c>
     664:	6785                	lui	a5,0x1
     666:	f0f78793          	addi	a5,a5,-241 # f0f <rt_vsnprintf+0x14f>
     66a:	8dfd                	and	a1,a1,a5
     66c:	ac2e                	sh	a1,26(s0)
     66e:	4481                	li	s1,0
     670:	b7d5                	j	654 <rt_device_open+0x54>
     672:	57e9                	li	a5,-6
     674:	faf51ce3          	bne	a0,a5,62c <rt_device_open+0x2c>
     678:	bff1                	j	654 <rt_device_open+0x54>

0000067a <rt_device_close>:
     67a:	2d5c                	lbu	a5,28(a0)
     67c:	cb85                	beqz	a5,6ac <rt_device_close+0x32>
     67e:	d25ff2ef          	jal	t0,3a2 <__riscv_save_0>
     682:	17fd                	addi	a5,a5,-1
     684:	0ff7f793          	andi	a5,a5,255
     688:	ad5c                	sb	a5,28(a0)
     68a:	842a                	mv	s0,a0
     68c:	4701                	li	a4,0
     68e:	ef89                	bnez	a5,6a8 <rt_device_close+0x2e>
     690:	591c                	lw	a5,48(a0)
     692:	e789                	bnez	a5,69c <rt_device_close+0x22>
     694:	4701                	li	a4,0
     696:	00041d23          	sh	zero,26(s0)
     69a:	a039                	j	6a8 <rt_device_close+0x2e>
     69c:	9782                	jalr	a5
     69e:	872a                	mv	a4,a0
     6a0:	d975                	beqz	a0,694 <rt_device_close+0x1a>
     6a2:	57e9                	li	a5,-6
     6a4:	fef509e3          	beq	a0,a5,696 <rt_device_close+0x1c>
     6a8:	853a                	mv	a0,a4
     6aa:	bb31                	j	3c6 <__riscv_restore_0>
     6ac:	577d                	li	a4,-1
     6ae:	853a                	mv	a0,a4
     6b0:	8082                	ret

000006b2 <rt_device_read>:
     6b2:	cf1ff2ef          	jal	t0,3a2 <__riscv_save_0>
     6b6:	2d58                	lbu	a4,28(a0)
     6b8:	e709                	bnez	a4,6c2 <rt_device_read+0x10>
     6ba:	557d                	li	a0,-1
     6bc:	2b45                	jal	c6c <rt_set_errno>
     6be:	4501                	li	a0,0
     6c0:	a021                	j	6c8 <rt_device_read+0x16>
     6c2:	595c                	lw	a5,52(a0)
     6c4:	c399                	beqz	a5,6ca <rt_device_read+0x18>
     6c6:	9782                	jalr	a5
     6c8:	b9fd                	j	3c6 <__riscv_restore_0>
     6ca:	5569                	li	a0,-6
     6cc:	bfc5                	j	6bc <rt_device_read+0xa>

000006ce <rt_device_write>:
     6ce:	cd5ff2ef          	jal	t0,3a2 <__riscv_save_0>
     6d2:	2d58                	lbu	a4,28(a0)
     6d4:	e709                	bnez	a4,6de <rt_device_write+0x10>
     6d6:	557d                	li	a0,-1
     6d8:	2b51                	jal	c6c <rt_set_errno>
     6da:	4501                	li	a0,0
     6dc:	a021                	j	6e4 <rt_device_write+0x16>
     6de:	5d1c                	lw	a5,56(a0)
     6e0:	c399                	beqz	a5,6e6 <rt_device_write+0x18>
     6e2:	9782                	jalr	a5
     6e4:	b1cd                	j	3c6 <__riscv_restore_0>
     6e6:	5569                	li	a0,-6
     6e8:	bfc5                	j	6d8 <rt_device_write+0xa>

000006ea <rt_device_set_rx_indicate>:
     6ea:	d10c                	sw	a1,32(a0)
     6ec:	4501                	li	a0,0
     6ee:	8082                	ret

000006f0 <rt_thread_idle_excute>:
     6f0:	c99ff2ef          	jal	t0,388 <__riscv_save_4>
     6f4:	86418993          	addi	s3,gp,-1948 # 200001b4 <rt_thread_defunct>
     6f8:	4a85                	li	s5,1
     6fa:	8641a783          	lw	a5,-1948(gp) # 200001b4 <rt_thread_defunct>
     6fe:	05378663          	beq	a5,s3,74a <rt_thread_idle_excute+0x5a>
     702:	6e8010ef          	jal	ra,1dea <rt_hw_interrupt_disable>
     706:	8641a783          	lw	a5,-1948(gp) # 200001b4 <rt_thread_defunct>
     70a:	8a2a                	mv	s4,a0
     70c:	03378d63          	beq	a5,s3,746 <rt_thread_idle_excute+0x56>
     710:	8641a403          	lw	s0,-1948(gp) # 200001b4 <rt_thread_defunct>
     714:	405c                	lw	a5,4(s0)
     716:	4018                	lw	a4,0(s0)
     718:	fec40913          	addi	s2,s0,-20
     71c:	c35c                	sw	a5,4(a4)
     71e:	c398                	sw	a4,0(a5)
     720:	c040                	sw	s0,4(s0)
     722:	c000                	sw	s0,0(s0)
     724:	0ca010ef          	jal	ra,17ee <rt_enter_critical>
     728:	507c                	lw	a5,100(s0)
     72a:	c399                	beqz	a5,730 <rt_thread_idle_excute+0x40>
     72c:	854a                	mv	a0,s2
     72e:	9782                	jalr	a5
     730:	854a                	mv	a0,s2
     732:	763000ef          	jal	ra,1694 <rt_object_is_systemobject>
     736:	01551b63          	bne	a0,s5,74c <rt_thread_idle_excute+0x5c>
     73a:	854a                	mv	a0,s2
     73c:	6a3000ef          	jal	ra,15de <rt_object_detach>
     740:	0c8010ef          	jal	ra,1808 <rt_exit_critical>
     744:	8552                	mv	a0,s4
     746:	6b0010ef          	jal	ra,1df6 <rt_hw_interrupt_enable>
     74a:	b98d                	j	3bc <__riscv_restore_4>
     74c:	0bc010ef          	jal	ra,1808 <rt_exit_critical>
     750:	8552                	mv	a0,s4
     752:	6a4010ef          	jal	ra,1df6 <rt_hw_interrupt_enable>
     756:	4848                	lw	a0,20(s0)
     758:	555000ef          	jal	ra,14ac <rt_free>
     75c:	854a                	mv	a0,s2
     75e:	705000ef          	jal	ra,1662 <rt_object_delete>
     762:	bf61                	j	6fa <rt_thread_idle_excute+0xa>

00000764 <rt_thread_idle_entry>:
     764:	c3fff2ef          	jal	t0,3a2 <__riscv_save_0>
     768:	94018413          	addi	s0,gp,-1728 # 20000290 <idle_hook_list>
     76c:	01040913          	addi	s2,s0,16
     770:	401c                	lw	a5,0(s0)
     772:	c391                	beqz	a5,776 <rt_thread_idle_entry+0x12>
     774:	9782                	jalr	a5
     776:	0411                	addi	s0,s0,4
     778:	ff241ce3          	bne	s0,s2,770 <rt_thread_idle_entry+0xc>
     77c:	3f95                	jal	6f0 <rt_thread_idle_excute>
     77e:	b7ed                	j	768 <rt_thread_idle_entry+0x4>

00000780 <rt_thread_idle_init>:
     780:	c23ff2ef          	jal	t0,3a2 <__riscv_save_0>
     784:	00000637          	lui	a2,0x0
     788:	000055b7          	lui	a1,0x5
     78c:	02000893          	li	a7,32
     790:	483d                	li	a6,15
     792:	20000793          	li	a5,512
     796:	95018713          	addi	a4,gp,-1712 # 200002a0 <rt_thread_stack>
     79a:	4681                	li	a3,0
     79c:	76460613          	addi	a2,a2,1892 # 764 <rt_thread_idle_entry>
     7a0:	71458593          	addi	a1,a1,1812 # 5714 <strstr+0xc4>
     7a4:	8c018513          	addi	a0,gp,-1856 # 20000210 <idle>
     7a8:	192010ef          	jal	ra,193a <rt_thread_init>
     7ac:	8c018513          	addi	a0,gp,-1856 # 20000210 <idle>
     7b0:	37c010ef          	jal	ra,1b2c <rt_thread_startup>
     7b4:	b909                	j	3c6 <__riscv_restore_0>

000007b6 <rt_ipc_list_suspend>:
     7b6:	bedff2ef          	jal	t0,3a2 <__riscv_save_0>
     7ba:	1141                	addi	sp,sp,-16
     7bc:	842a                	mv	s0,a0
     7be:	852e                	mv	a0,a1
     7c0:	c632                	sw	a2,12(sp)
     7c2:	c42e                	sw	a1,8(sp)
     7c4:	284010ef          	jal	ra,1a48 <rt_thread_suspend>
     7c8:	4632                	lw	a2,12(sp)
     7ca:	45a2                	lw	a1,8(sp)
     7cc:	c619                	beqz	a2,7da <rt_ipc_list_suspend+0x24>
     7ce:	4785                	li	a5,1
     7d0:	00f60d63          	beq	a2,a5,7ea <rt_ipc_list_suspend+0x34>
     7d4:	4501                	li	a0,0
     7d6:	0141                	addi	sp,sp,16
     7d8:	b6fd                	j	3c6 <__riscv_restore_0>
     7da:	4058                	lw	a4,4(s0)
     7dc:	01458793          	addi	a5,a1,20
     7e0:	c31c                	sw	a5,0(a4)
     7e2:	cd98                	sw	a4,24(a1)
     7e4:	c05c                	sw	a5,4(s0)
     7e6:	c9c0                	sw	s0,20(a1)
     7e8:	b7f5                	j	7d4 <rt_ipc_list_suspend+0x1e>
     7ea:	401c                	lw	a5,0(s0)
     7ec:	00878863          	beq	a5,s0,7fc <rt_ipc_list_suspend+0x46>
     7f0:	0355c683          	lbu	a3,53(a1)
     7f4:	0217c703          	lbu	a4,33(a5)
     7f8:	00e6fa63          	bgeu	a3,a4,80c <__stack_size+0xc>
     7fc:	43d4                	lw	a3,4(a5)
     7fe:	01458713          	addi	a4,a1,20
     802:	c298                	sw	a4,0(a3)
     804:	cd94                	sw	a3,24(a1)
     806:	c3d8                	sw	a4,4(a5)
     808:	c9dc                	sw	a5,20(a1)
     80a:	b7e9                	j	7d4 <rt_ipc_list_suspend+0x1e>
     80c:	439c                	lw	a5,0(a5)
     80e:	bff9                	j	7ec <rt_ipc_list_suspend+0x36>

00000810 <rt_sem_init>:
     810:	b93ff2ef          	jal	t0,3a2 <__riscv_save_0>
     814:	1141                	addi	sp,sp,-16
     816:	84b2                	mv	s1,a2
     818:	862e                	mv	a2,a1
     81a:	4589                	li	a1,2
     81c:	842a                	mv	s0,a0
     81e:	c636                	sw	a3,12(sp)
     820:	561000ef          	jal	ra,1580 <rt_object_init>
     824:	46b2                	lw	a3,12(sp)
     826:	01440793          	addi	a5,s0,20
     82a:	cc1c                	sw	a5,24(s0)
     82c:	c85c                	sw	a5,20(s0)
     82e:	ac46                	sh	s1,28(s0)
     830:	b414                	sb	a3,9(s0)
     832:	4501                	li	a0,0
     834:	0141                	addi	sp,sp,16
     836:	be41                	j	3c6 <__riscv_restore_0>

00000838 <rt_sem_take>:
     838:	b51ff2ef          	jal	t0,388 <__riscv_save_4>
     83c:	8501a783          	lw	a5,-1968(gp) # 200001a0 <rt_object_trytake_hook>
     840:	1141                	addi	sp,sp,-16
     842:	c62e                	sw	a1,12(sp)
     844:	842a                	mv	s0,a0
     846:	c391                	beqz	a5,84a <rt_sem_take+0x12>
     848:	9782                	jalr	a5
     84a:	5a0010ef          	jal	ra,1dea <rt_hw_interrupt_disable>
     84e:	2c5e                	lhu	a5,28(s0)
     850:	89aa                	mv	s3,a0
     852:	cf89                	beqz	a5,86c <rt_sem_take+0x34>
     854:	17fd                	addi	a5,a5,-1
     856:	ac5e                	sh	a5,28(s0)
     858:	59e010ef          	jal	ra,1df6 <rt_hw_interrupt_enable>
     85c:	84c1a783          	lw	a5,-1972(gp) # 2000019c <rt_object_take_hook>
     860:	4501                	li	a0,0
     862:	cb91                	beqz	a5,876 <rt_sem_take+0x3e>
     864:	8522                	mv	a0,s0
     866:	9782                	jalr	a5
     868:	4501                	li	a0,0
     86a:	a031                	j	876 <rt_sem_take+0x3e>
     86c:	47b2                	lw	a5,12(sp)
     86e:	e791                	bnez	a5,87a <rt_sem_take+0x42>
     870:	586010ef          	jal	ra,1df6 <rt_hw_interrupt_enable>
     874:	5579                	li	a0,-2
     876:	0141                	addi	sp,sp,16
     878:	b691                	j	3bc <__riscv_restore_4>
     87a:	0f2010ef          	jal	ra,196c <rt_thread_self>
     87e:	02052823          	sw	zero,48(a0)
     882:	3410                	lbu	a2,9(s0)
     884:	85aa                	mv	a1,a0
     886:	84aa                	mv	s1,a0
     888:	01440513          	addi	a0,s0,20
     88c:	372d                	jal	7b6 <rt_ipc_list_suspend>
     88e:	47b2                	lw	a5,12(sp)
     890:	00f05c63          	blez	a5,8a8 <rt_sem_take+0x70>
     894:	04c48913          	addi	s2,s1,76
     898:	0070                	addi	a2,sp,12
     89a:	4581                	li	a1,0
     89c:	854a                	mv	a0,s2
     89e:	43c010ef          	jal	ra,1cda <rt_timer_control>
     8a2:	854a                	mv	a0,s2
     8a4:	384010ef          	jal	ra,1c28 <rt_timer_start>
     8a8:	854e                	mv	a0,s3
     8aa:	54c010ef          	jal	ra,1df6 <rt_hw_interrupt_enable>
     8ae:	649000ef          	jal	ra,16f6 <rt_schedule>
     8b2:	5888                	lw	a0,48(s1)
     8b4:	d545                	beqz	a0,85c <rt_sem_take+0x24>
     8b6:	b7c1                	j	876 <rt_sem_take+0x3e>

000008b8 <rt_sem_release>:
     8b8:	aebff2ef          	jal	t0,3a2 <__riscv_save_0>
     8bc:	8481a783          	lw	a5,-1976(gp) # 20000198 <rt_object_put_hook>
     8c0:	842a                	mv	s0,a0
     8c2:	c391                	beqz	a5,8c6 <rt_sem_release+0xe>
     8c4:	9782                	jalr	a5
     8c6:	524010ef          	jal	ra,1dea <rt_hw_interrupt_disable>
     8ca:	84aa                	mv	s1,a0
     8cc:	4848                	lw	a0,20(s0)
     8ce:	01440793          	addi	a5,s0,20
     8d2:	00f50e63          	beq	a0,a5,8ee <rt_sem_release+0x36>
     8d6:	1531                	addi	a0,a0,-20
     8d8:	208010ef          	jal	ra,1ae0 <rt_thread_resume>
     8dc:	4405                	li	s0,1
     8de:	8526                	mv	a0,s1
     8e0:	516010ef          	jal	ra,1df6 <rt_hw_interrupt_enable>
     8e4:	c019                	beqz	s0,8ea <rt_sem_release+0x32>
     8e6:	611000ef          	jal	ra,16f6 <rt_schedule>
     8ea:	4501                	li	a0,0
     8ec:	bce9                	j	3c6 <__riscv_restore_0>
     8ee:	2c5e                	lhu	a5,28(s0)
     8f0:	0785                	addi	a5,a5,1
     8f2:	ac5e                	sh	a5,28(s0)
     8f4:	4401                	li	s0,0
     8f6:	b7e5                	j	8de <rt_sem_release+0x26>

000008f8 <rt_mutex_create>:
     8f8:	aabff2ef          	jal	t0,3a2 <__riscv_save_0>
     8fc:	842e                	mv	s0,a1
     8fe:	85aa                	mv	a1,a0
     900:	450d                	li	a0,3
     902:	50b000ef          	jal	ra,160c <rt_object_allocate>
     906:	cd01                	beqz	a0,91e <rt_mutex_create+0x26>
     908:	01450793          	addi	a5,a0,20
     90c:	cd1c                	sw	a5,24(a0)
     90e:	c95c                	sw	a5,20(a0)
     910:	00ff07b7          	lui	a5,0xff0
     914:	0785                	addi	a5,a5,1
     916:	cd5c                	sw	a5,28(a0)
     918:	02052023          	sw	zero,32(a0)
     91c:	b500                	sb	s0,9(a0)
     91e:	b465                	j	3c6 <__riscv_restore_0>

00000920 <rt_mutex_take>:
     920:	a69ff2ef          	jal	t0,388 <__riscv_save_4>
     924:	1141                	addi	sp,sp,-16
     926:	c62e                	sw	a1,12(sp)
     928:	842a                	mv	s0,a0
     92a:	042010ef          	jal	ra,196c <rt_thread_self>
     92e:	84aa                	mv	s1,a0
     930:	4ba010ef          	jal	ra,1dea <rt_hw_interrupt_disable>
     934:	8501a783          	lw	a5,-1968(gp) # 200001a0 <rt_object_trytake_hook>
     938:	892a                	mv	s2,a0
     93a:	c399                	beqz	a5,940 <rt_mutex_take+0x20>
     93c:	8522                	mv	a0,s0
     93e:	9782                	jalr	a5
     940:	501c                	lw	a5,32(s0)
     942:	0204a823          	sw	zero,48(s1)
     946:	02978163          	beq	a5,s1,968 <rt_mutex_take+0x48>
     94a:	03548a93          	addi	s5,s1,53
     94e:	01440b13          	addi	s6,s0,20
     952:	04c48993          	addi	s3,s1,76
     956:	5a5d                	li	s4,-9
     958:	2c5e                	lhu	a5,28(s0)
     95a:	c78d                	beqz	a5,984 <rt_mutex_take+0x64>
     95c:	17fd                	addi	a5,a5,-1
     95e:	ac5e                	sh	a5,28(s0)
     960:	d004                	sw	s1,32(s0)
     962:	0354c783          	lbu	a5,53(s1)
     966:	ac7c                	sb	a5,30(s0)
     968:	3c7c                	lbu	a5,31(s0)
     96a:	0785                	addi	a5,a5,1
     96c:	bc7c                	sb	a5,31(s0)
     96e:	854a                	mv	a0,s2
     970:	486010ef          	jal	ra,1df6 <rt_hw_interrupt_enable>
     974:	84c1a783          	lw	a5,-1972(gp) # 2000019c <rt_object_take_hook>
     978:	4501                	li	a0,0
     97a:	cf89                	beqz	a5,994 <rt_mutex_take+0x74>
     97c:	8522                	mv	a0,s0
     97e:	9782                	jalr	a5
     980:	4501                	li	a0,0
     982:	a809                	j	994 <rt_mutex_take+0x74>
     984:	47b2                	lw	a5,12(sp)
     986:	eb89                	bnez	a5,998 <rt_mutex_take+0x78>
     988:	57f9                	li	a5,-2
     98a:	854a                	mv	a0,s2
     98c:	d89c                	sw	a5,48(s1)
     98e:	468010ef          	jal	ra,1df6 <rt_hw_interrupt_enable>
     992:	5579                	li	a0,-2
     994:	0141                	addi	sp,sp,16
     996:	b41d                	j	3bc <__riscv_restore_4>
     998:	5008                	lw	a0,32(s0)
     99a:	0354c703          	lbu	a4,53(s1)
     99e:	03554783          	lbu	a5,53(a0)
     9a2:	00f77663          	bgeu	a4,a5,9ae <rt_mutex_take+0x8e>
     9a6:	8656                	mv	a2,s5
     9a8:	4589                	li	a1,2
     9aa:	1ae010ef          	jal	ra,1b58 <rt_thread_control>
     9ae:	3410                	lbu	a2,9(s0)
     9b0:	85a6                	mv	a1,s1
     9b2:	855a                	mv	a0,s6
     9b4:	3509                	jal	7b6 <rt_ipc_list_suspend>
     9b6:	47b2                	lw	a5,12(sp)
     9b8:	00f05a63          	blez	a5,9cc <rt_mutex_take+0xac>
     9bc:	0070                	addi	a2,sp,12
     9be:	4581                	li	a1,0
     9c0:	854e                	mv	a0,s3
     9c2:	318010ef          	jal	ra,1cda <rt_timer_control>
     9c6:	854e                	mv	a0,s3
     9c8:	260010ef          	jal	ra,1c28 <rt_timer_start>
     9cc:	854a                	mv	a0,s2
     9ce:	428010ef          	jal	ra,1df6 <rt_hw_interrupt_enable>
     9d2:	525000ef          	jal	ra,16f6 <rt_schedule>
     9d6:	5888                	lw	a0,48(s1)
     9d8:	c501                	beqz	a0,9e0 <rt_mutex_take+0xc0>
     9da:	f7450fe3          	beq	a0,s4,958 <rt_mutex_take+0x38>
     9de:	bf5d                	j	994 <rt_mutex_take+0x74>
     9e0:	40a010ef          	jal	ra,1dea <rt_hw_interrupt_disable>
     9e4:	892a                	mv	s2,a0
     9e6:	b761                	j	96e <rt_mutex_take+0x4e>

000009e8 <rt_mutex_release>:
     9e8:	9a1ff2ef          	jal	t0,388 <__riscv_save_4>
     9ec:	1141                	addi	sp,sp,-16
     9ee:	842a                	mv	s0,a0
     9f0:	77d000ef          	jal	ra,196c <rt_thread_self>
     9f4:	84aa                	mv	s1,a0
     9f6:	3f4010ef          	jal	ra,1dea <rt_hw_interrupt_disable>
     9fa:	8481a783          	lw	a5,-1976(gp) # 20000198 <rt_object_put_hook>
     9fe:	89aa                	mv	s3,a0
     a00:	c399                	beqz	a5,a06 <rt_mutex_release+0x1e>
     a02:	8522                	mv	a0,s0
     a04:	9782                	jalr	a5
     a06:	501c                	lw	a5,32(s0)
     a08:	00978b63          	beq	a5,s1,a1e <rt_mutex_release+0x36>
     a0c:	57fd                	li	a5,-1
     a0e:	854e                	mv	a0,s3
     a10:	d89c                	sw	a5,48(s1)
     a12:	3e4010ef          	jal	ra,1df6 <rt_hw_interrupt_enable>
     a16:	557d                	li	a0,-1
     a18:	0141                	addi	sp,sp,16
     a1a:	9a3ff06f          	j	3bc <__riscv_restore_4>
     a1e:	3c7c                	lbu	a5,31(s0)
     a20:	4901                	li	s2,0
     a22:	17fd                	addi	a5,a5,-1
     a24:	0ff7f793          	andi	a5,a5,255
     a28:	bc7c                	sb	a5,31(s0)
     a2a:	ef8d                	bnez	a5,a64 <rt_mutex_release+0x7c>
     a2c:	2c78                	lbu	a4,30(s0)
     a2e:	0354c783          	lbu	a5,53(s1)
     a32:	00f70863          	beq	a4,a5,a42 <rt_mutex_release+0x5a>
     a36:	01e40613          	addi	a2,s0,30
     a3a:	4589                	li	a1,2
     a3c:	8526                	mv	a0,s1
     a3e:	11a010ef          	jal	ra,1b58 <rt_thread_control>
     a42:	485c                	lw	a5,20(s0)
     a44:	01440713          	addi	a4,s0,20
     a48:	02e78963          	beq	a5,a4,a7a <rt_mutex_release+0x92>
     a4c:	fec78513          	addi	a0,a5,-20 # feffec <__rt_init_end+0xfe9058>
     a50:	d008                	sw	a0,32(s0)
     a52:	0217c783          	lbu	a5,33(a5)
     a56:	4905                	li	s2,1
     a58:	ac7c                	sb	a5,30(s0)
     a5a:	3c7c                	lbu	a5,31(s0)
     a5c:	0785                	addi	a5,a5,1
     a5e:	bc7c                	sb	a5,31(s0)
     a60:	080010ef          	jal	ra,1ae0 <rt_thread_resume>
     a64:	854e                	mv	a0,s3
     a66:	390010ef          	jal	ra,1df6 <rt_hw_interrupt_enable>
     a6a:	4501                	li	a0,0
     a6c:	fa0906e3          	beqz	s2,a18 <rt_mutex_release+0x30>
     a70:	c62a                	sw	a0,12(sp)
     a72:	485000ef          	jal	ra,16f6 <rt_schedule>
     a76:	4532                	lw	a0,12(sp)
     a78:	b745                	j	a18 <rt_mutex_release+0x30>
     a7a:	2c5e                	lhu	a5,28(s0)
     a7c:	02042023          	sw	zero,32(s0)
     a80:	4901                	li	s2,0
     a82:	0785                	addi	a5,a5,1
     a84:	ac5e                	sh	a5,28(s0)
     a86:	57fd                	li	a5,-1
     a88:	ac7c                	sb	a5,30(s0)
     a8a:	bfe9                	j	a64 <rt_mutex_release+0x7c>

00000a8c <rt_interrupt_enter>:
     a8c:	917ff2ef          	jal	t0,3a2 <__riscv_save_0>
     a90:	1141                	addi	sp,sp,-16
     a92:	358010ef          	jal	ra,1dea <rt_hw_interrupt_disable>
     a96:	81418713          	addi	a4,gp,-2028 # 20000164 <rt_interrupt_nest>
     a9a:	231c                	lbu	a5,0(a4)
     a9c:	0785                	addi	a5,a5,1
     a9e:	0ff7f793          	andi	a5,a5,255
     aa2:	a31c                	sb	a5,0(a4)
     aa4:	80c1a783          	lw	a5,-2036(gp) # 2000015c <rt_interrupt_enter_hook>
     aa8:	c781                	beqz	a5,ab0 <rt_interrupt_enter+0x24>
     aaa:	c62a                	sw	a0,12(sp)
     aac:	9782                	jalr	a5
     aae:	4532                	lw	a0,12(sp)
     ab0:	346010ef          	jal	ra,1df6 <rt_hw_interrupt_enable>
     ab4:	0141                	addi	sp,sp,16
     ab6:	911ff06f          	j	3c6 <__riscv_restore_0>

00000aba <rt_interrupt_leave>:
     aba:	8e9ff2ef          	jal	t0,3a2 <__riscv_save_0>
     abe:	1141                	addi	sp,sp,-16
     ac0:	32a010ef          	jal	ra,1dea <rt_hw_interrupt_disable>
     ac4:	81418713          	addi	a4,gp,-2028 # 20000164 <rt_interrupt_nest>
     ac8:	231c                	lbu	a5,0(a4)
     aca:	17fd                	addi	a5,a5,-1
     acc:	0ff7f793          	andi	a5,a5,255
     ad0:	a31c                	sb	a5,0(a4)
     ad2:	8101a783          	lw	a5,-2032(gp) # 20000160 <rt_interrupt_leave_hook>
     ad6:	c781                	beqz	a5,ade <rt_interrupt_leave+0x24>
     ad8:	c62a                	sw	a0,12(sp)
     ada:	9782                	jalr	a5
     adc:	4532                	lw	a0,12(sp)
     ade:	318010ef          	jal	ra,1df6 <rt_hw_interrupt_enable>
     ae2:	0141                	addi	sp,sp,16
     ae4:	8e3ff06f          	j	3c6 <__riscv_restore_0>

00000ae8 <rt_interrupt_get_nest>:
     ae8:	8141c503          	lbu	a0,-2028(gp) # 20000164 <rt_interrupt_nest>
     aec:	8082                	ret

00000aee <print_number>:
     aee:	04087893          	andi	a7,a6,64
     af2:	1141                	addi	sp,sp,-16
     af4:	00089e63          	bnez	a7,b10 <print_number+0x22>
     af8:	6899                	lui	a7,0x6
     afa:	8c088893          	addi	a7,a7,-1856 # 58c0 <small_digits.2582>
     afe:	01087393          	andi	t2,a6,16
     b02:	00038b63          	beqz	t2,b18 <print_number+0x2a>
     b06:	ffe87813          	andi	a6,a6,-2
     b0a:	02000e93          	li	t4,32
     b0e:	a819                	j	b24 <print_number+0x36>
     b10:	6899                	lui	a7,0x6
     b12:	81c88893          	addi	a7,a7,-2020 # 581c <large_digits.2583>
     b16:	b7e5                	j	afe <print_number+0x10>
     b18:	00187313          	andi	t1,a6,1
     b1c:	03000e93          	li	t4,48
     b20:	fe0305e3          	beqz	t1,b0a <print_number+0x1c>
     b24:	00287313          	andi	t1,a6,2
     b28:	06030e63          	beqz	t1,ba4 <print_number+0xb6>
     b2c:	02065863          	bgez	a2,b5c <print_number+0x6e>
     b30:	40c00633          	neg	a2,a2
     b34:	02d00293          	li	t0,45
     b38:	8e0a                	mv	t3,sp
     b3a:	4f81                	li	t6,0
     b3c:	4f29                	li	t5,10
     b3e:	07e69563          	bne	a3,t5,ba8 <print_number+0xba>
     b42:	02d67333          	remu	t1,a2,a3
     b46:	02d65633          	divu	a2,a2,a3
     b4a:	9346                	add	t1,t1,a7
     b4c:	00034303          	lbu	t1,0(t1)
     b50:	0f85                	addi	t6,t6,1
     b52:	0e05                	addi	t3,t3,1
     b54:	fe6e0fa3          	sb	t1,-1(t3)
     b58:	f27d                	bnez	a2,b3e <print_number+0x50>
     b5a:	a00d                	j	b7c <print_number+0x8e>
     b5c:	00487313          	andi	t1,a6,4
     b60:	02b00293          	li	t0,43
     b64:	00031763          	bnez	t1,b72 <print_number+0x84>
     b68:	00887293          	andi	t0,a6,8
     b6c:	005032b3          	snez	t0,t0
     b70:	0296                	slli	t0,t0,0x5
     b72:	f279                	bnez	a2,b38 <print_number+0x4a>
     b74:	03000693          	li	a3,48
     b78:	8054                	sb	a3,0(sp)
     b7a:	4f85                	li	t6,1
     b7c:	86fe                	mv	a3,t6
     b7e:	00ffd363          	bge	t6,a5,b84 <print_number+0x96>
     b82:	86be                	mv	a3,a5
     b84:	01187813          	andi	a6,a6,17
     b88:	8f15                	sub	a4,a4,a3
     b8a:	04081363          	bnez	a6,bd0 <print_number+0xe2>
     b8e:	00028563          	beqz	t0,b98 <print_number+0xaa>
     b92:	00e05363          	blez	a4,b98 <print_number+0xaa>
     b96:	177d                	addi	a4,a4,-1
     b98:	862a                	mv	a2,a0
     b9a:	00e508b3          	add	a7,a0,a4
     b9e:	02000313          	li	t1,32
     ba2:	a821                	j	bba <print_number+0xcc>
     ba4:	4281                	li	t0,0
     ba6:	b7f1                	j	b72 <print_number+0x84>
     ba8:	00f67313          	andi	t1,a2,15
     bac:	8211                	srli	a2,a2,0x4
     bae:	bf71                	j	b4a <print_number+0x5c>
     bb0:	00b67463          	bgeu	a2,a1,bb8 <print_number+0xca>
     bb4:	00660023          	sb	t1,0(a2)
     bb8:	0605                	addi	a2,a2,1
     bba:	40c88833          	sub	a6,a7,a2
     bbe:	ff0049e3          	bgtz	a6,bb0 <print_number+0xc2>
     bc2:	863a                	mv	a2,a4
     bc4:	00075363          	bgez	a4,bca <print_number+0xdc>
     bc8:	4601                	li	a2,0
     bca:	177d                	addi	a4,a4,-1
     bcc:	9532                	add	a0,a0,a2
     bce:	8f11                	sub	a4,a4,a2
     bd0:	00028863          	beqz	t0,be0 <print_number+0xf2>
     bd4:	00b57463          	bgeu	a0,a1,bdc <print_number+0xee>
     bd8:	00550023          	sb	t0,0(a0)
     bdc:	177d                	addi	a4,a4,-1
     bde:	0505                	addi	a0,a0,1
     be0:	02038763          	beqz	t2,c0e <print_number+0x120>
     be4:	96aa                	add	a3,a3,a0
     be6:	03000813          	li	a6,48
     bea:	a81d                	j	c20 <print_number+0x132>
     bec:	00b67463          	bgeu	a2,a1,bf4 <print_number+0x106>
     bf0:	01d60023          	sb	t4,0(a2)
     bf4:	0605                	addi	a2,a2,1
     bf6:	40c88833          	sub	a6,a7,a2
     bfa:	ff0049e3          	bgtz	a6,bec <print_number+0xfe>
     bfe:	863a                	mv	a2,a4
     c00:	00075363          	bgez	a4,c06 <print_number+0x118>
     c04:	4601                	li	a2,0
     c06:	177d                	addi	a4,a4,-1
     c08:	9532                	add	a0,a0,a2
     c0a:	8f11                	sub	a4,a4,a2
     c0c:	bfe1                	j	be4 <print_number+0xf6>
     c0e:	862a                	mv	a2,a0
     c10:	00e508b3          	add	a7,a0,a4
     c14:	b7cd                	j	bf6 <print_number+0x108>
     c16:	00b57463          	bgeu	a0,a1,c1e <print_number+0x130>
     c1a:	01050023          	sb	a6,0(a0)
     c1e:	0505                	addi	a0,a0,1
     c20:	40a68633          	sub	a2,a3,a0
     c24:	fecfc9e3          	blt	t6,a2,c16 <print_number+0x128>
     c28:	56fd                	li	a3,-1
     c2a:	1ffd                	addi	t6,t6,-1
     c2c:	00df8363          	beq	t6,a3,c32 <print_number+0x144>
     c30:	e799                	bnez	a5,c3e <print_number+0x150>
     c32:	87aa                	mv	a5,a0
     c34:	00e50633          	add	a2,a0,a4
     c38:	02000813          	li	a6,32
     c3c:	a831                	j	c58 <print_number+0x16a>
     c3e:	00b57663          	bgeu	a0,a1,c4a <print_number+0x15c>
     c42:	01f10633          	add	a2,sp,t6
     c46:	2210                	lbu	a2,0(a2)
     c48:	a110                	sb	a2,0(a0)
     c4a:	0505                	addi	a0,a0,1
     c4c:	bff9                	j	c2a <print_number+0x13c>
     c4e:	00b7f463          	bgeu	a5,a1,c56 <print_number+0x168>
     c52:	01078023          	sb	a6,0(a5)
     c56:	0785                	addi	a5,a5,1
     c58:	40f606b3          	sub	a3,a2,a5
     c5c:	fed049e3          	bgtz	a3,c4e <print_number+0x160>
     c60:	00075363          	bgez	a4,c66 <print_number+0x178>
     c64:	4701                	li	a4,0
     c66:	953a                	add	a0,a0,a4
     c68:	0141                	addi	sp,sp,16
     c6a:	8082                	ret

00000c6c <rt_set_errno>:
     c6c:	f36ff2ef          	jal	t0,3a2 <__riscv_save_0>
     c70:	842a                	mv	s0,a0
     c72:	3d9d                	jal	ae8 <rt_interrupt_get_nest>
     c74:	c509                	beqz	a0,c7e <rt_set_errno+0x12>
     c76:	8081ac23          	sw	s0,-2024(gp) # 20000168 <__rt_errno>
     c7a:	f4cff06f          	j	3c6 <__riscv_restore_0>
     c7e:	4ef000ef          	jal	ra,196c <rt_thread_self>
     c82:	d975                	beqz	a0,c76 <rt_set_errno+0xa>
     c84:	d900                	sw	s0,48(a0)
     c86:	bfd5                	j	c7a <rt_set_errno+0xe>

00000c88 <rt_memset>:
     c88:	470d                	li	a4,3
     c8a:	87aa                	mv	a5,a0
     c8c:	00c77663          	bgeu	a4,a2,c98 <rt_memset+0x10>
     c90:	00357793          	andi	a5,a0,3
     c94:	c791                	beqz	a5,ca0 <rt_memset+0x18>
     c96:	87aa                	mv	a5,a0
     c98:	963e                	add	a2,a2,a5
     c9a:	06c79763          	bne	a5,a2,d08 <rt_memset+0x80>
     c9e:	8082                	ret
     ca0:	0ff5f793          	andi	a5,a1,255
     ca4:	00879713          	slli	a4,a5,0x8
     ca8:	8fd9                	or	a5,a5,a4
     caa:	01079713          	slli	a4,a5,0x10
     cae:	8f5d                	or	a4,a4,a5
     cb0:	00c508b3          	add	a7,a0,a2
     cb4:	87aa                	mv	a5,a0
     cb6:	46bd                	li	a3,15
     cb8:	40f88833          	sub	a6,a7,a5
     cbc:	0306eb63          	bltu	a3,a6,cf2 <rt_memset+0x6a>
     cc0:	00465793          	srli	a5,a2,0x4
     cc4:	56c1                	li	a3,-16
     cc6:	02d786b3          	mul	a3,a5,a3
     cca:	0792                	slli	a5,a5,0x4
     ccc:	97aa                	add	a5,a5,a0
     cce:	480d                	li	a6,3
     cd0:	9636                	add	a2,a2,a3
     cd2:	00c78333          	add	t1,a5,a2
     cd6:	86be                	mv	a3,a5
     cd8:	40d308b3          	sub	a7,t1,a3
     cdc:	03186263          	bltu	a6,a7,d00 <rt_memset+0x78>
     ce0:	00265713          	srli	a4,a2,0x2
     ce4:	56f1                	li	a3,-4
     ce6:	02d706b3          	mul	a3,a4,a3
     cea:	070a                	slli	a4,a4,0x2
     cec:	97ba                	add	a5,a5,a4
     cee:	9636                	add	a2,a2,a3
     cf0:	b765                	j	c98 <rt_memset+0x10>
     cf2:	c398                	sw	a4,0(a5)
     cf4:	c3d8                	sw	a4,4(a5)
     cf6:	c798                	sw	a4,8(a5)
     cf8:	07c1                	addi	a5,a5,16
     cfa:	fee7ae23          	sw	a4,-4(a5)
     cfe:	bf6d                	j	cb8 <rt_memset+0x30>
     d00:	0691                	addi	a3,a3,4
     d02:	fee6ae23          	sw	a4,-4(a3)
     d06:	bfc9                	j	cd8 <rt_memset+0x50>
     d08:	0785                	addi	a5,a5,1
     d0a:	feb78fa3          	sb	a1,-1(a5)
     d0e:	b771                	j	c9a <rt_memset+0x12>

00000d10 <rt_memmove>:
     d10:	04a5f263          	bgeu	a1,a0,d54 <rt_memmove+0x44>
     d14:	00c586b3          	add	a3,a1,a2
     d18:	02d57e63          	bgeu	a0,a3,d54 <rt_memmove+0x44>
     d1c:	fff64593          	not	a1,a2
     d20:	4781                	li	a5,0
     d22:	17fd                	addi	a5,a5,-1
     d24:	00f59363          	bne	a1,a5,d2a <rt_memmove+0x1a>
     d28:	8082                	ret
     d2a:	00f68733          	add	a4,a3,a5
     d2e:	00070803          	lb	a6,0(a4)
     d32:	00c78733          	add	a4,a5,a2
     d36:	972a                	add	a4,a4,a0
     d38:	01070023          	sb	a6,0(a4)
     d3c:	b7dd                	j	d22 <rt_memmove+0x12>
     d3e:	00f58733          	add	a4,a1,a5
     d42:	00070683          	lb	a3,0(a4)
     d46:	00f50733          	add	a4,a0,a5
     d4a:	0785                	addi	a5,a5,1
     d4c:	a314                	sb	a3,0(a4)
     d4e:	fef618e3          	bne	a2,a5,d3e <rt_memmove+0x2e>
     d52:	8082                	ret
     d54:	4781                	li	a5,0
     d56:	bfe5                	j	d4e <rt_memmove+0x3e>

00000d58 <rt_strncpy>:
     d58:	c60d                	beqz	a2,d82 <rt_strncpy+0x2a>
     d5a:	87aa                	mv	a5,a0
     d5c:	0585                	addi	a1,a1,1
     d5e:	fff58703          	lb	a4,-1(a1)
     d62:	0785                	addi	a5,a5,1
     d64:	fff60693          	addi	a3,a2,-1
     d68:	fee78fa3          	sb	a4,-1(a5)
     d6c:	eb09                	bnez	a4,d7e <rt_strncpy+0x26>
     d6e:	963e                	add	a2,a2,a5
     d70:	0785                	addi	a5,a5,1
     d72:	00c79363          	bne	a5,a2,d78 <rt_strncpy+0x20>
     d76:	8082                	ret
     d78:	fe078fa3          	sb	zero,-1(a5)
     d7c:	bfd5                	j	d70 <rt_strncpy+0x18>
     d7e:	8636                	mv	a2,a3
     d80:	fef1                	bnez	a3,d5c <rt_strncpy+0x4>
     d82:	8082                	ret

00000d84 <rt_strncmp>:
     d84:	4701                	li	a4,0
     d86:	00e61463          	bne	a2,a4,d8e <rt_strncmp+0xa>
     d8a:	4781                	li	a5,0
     d8c:	a839                	j	daa <rt_strncmp+0x26>
     d8e:	00e507b3          	add	a5,a0,a4
     d92:	00078683          	lb	a3,0(a5)
     d96:	00e587b3          	add	a5,a1,a4
     d9a:	239c                	lbu	a5,0(a5)
     d9c:	40f687b3          	sub	a5,a3,a5
     da0:	07e2                	slli	a5,a5,0x18
     da2:	87e1                	srai	a5,a5,0x18
     da4:	e399                	bnez	a5,daa <rt_strncmp+0x26>
     da6:	0705                	addi	a4,a4,1
     da8:	fef9                	bnez	a3,d86 <rt_strncmp+0x2>
     daa:	853e                	mv	a0,a5
     dac:	8082                	ret

00000dae <rt_strlen>:
     dae:	87aa                	mv	a5,a0
     db0:	00078703          	lb	a4,0(a5)
     db4:	e701                	bnez	a4,dbc <rt_strlen+0xe>
     db6:	40a78533          	sub	a0,a5,a0
     dba:	8082                	ret
     dbc:	0785                	addi	a5,a5,1
     dbe:	bfcd                	j	db0 <rt_strlen+0x2>

00000dc0 <rt_vsnprintf>:
     dc0:	dbaff2ef          	jal	t0,37a <__riscv_save_10>
     dc4:	892e                	mv	s2,a1
     dc6:	01250bb3          	add	s7,a0,s2
     dca:	1141                	addi	sp,sp,-16
     dcc:	8c2a                	mv	s8,a0
     dce:	85b6                	mv	a1,a3
     dd0:	00abf563          	bgeu	s7,a0,dda <rt_vsnprintf+0x1a>
     dd4:	fff54913          	not	s2,a0
     dd8:	5bfd                	li	s7,-1
     dda:	69c1                	lui	s3,0x10
     ddc:	00006a37          	lui	s4,0x6
     de0:	8462                	mv	s0,s8
     de2:	02b00a93          	li	s5,43
     de6:	02000b13          	li	s6,32
     dea:	19fd                	addi	s3,s3,-1
     dec:	8b8a0a13          	addi	s4,s4,-1864 # 58b8 <large_digits.2583+0x9c>
     df0:	a831                	j	e0c <rt_vsnprintf+0x4c>
     df2:	02500713          	li	a4,37
     df6:	02e78963          	beq	a5,a4,e28 <rt_vsnprintf+0x68>
     dfa:	01747363          	bgeu	s0,s7,e00 <rt_vsnprintf+0x40>
     dfe:	a01c                	sb	a5,0(s0)
     e00:	00140513          	addi	a0,s0,1
     e04:	84b2                	mv	s1,a2
     e06:	00148613          	addi	a2,s1,1
     e0a:	842a                	mv	s0,a0
     e0c:	00060783          	lb	a5,0(a2)
     e10:	f3ed                	bnez	a5,df2 <rt_vsnprintf+0x32>
     e12:	00090663          	beqz	s2,e1e <rt_vsnprintf+0x5e>
     e16:	2f747b63          	bgeu	s0,s7,110c <rt_vsnprintf+0x34c>
     e1a:	00040023          	sb	zero,0(s0)
     e1e:	41840533          	sub	a0,s0,s8
     e22:	0141                	addi	sp,sp,16
     e24:	d8eff06f          	j	3b2 <__riscv_restore_10>
     e28:	4801                	li	a6,0
     e2a:	02d00713          	li	a4,45
     e2e:	02300693          	li	a3,35
     e32:	03000513          	li	a0,48
     e36:	a031                	j	e42 <rt_vsnprintf+0x82>
     e38:	01579e63          	bne	a5,s5,e54 <rt_vsnprintf+0x94>
     e3c:	00486813          	ori	a6,a6,4
     e40:	8626                	mv	a2,s1
     e42:	00160783          	lb	a5,1(a2)
     e46:	00160493          	addi	s1,a2,1
     e4a:	fee797e3          	bne	a5,a4,e38 <rt_vsnprintf+0x78>
     e4e:	01086813          	ori	a6,a6,16
     e52:	b7fd                	j	e40 <rt_vsnprintf+0x80>
     e54:	01679563          	bne	a5,s6,e5e <rt_vsnprintf+0x9e>
     e58:	00886813          	ori	a6,a6,8
     e5c:	b7d5                	j	e40 <rt_vsnprintf+0x80>
     e5e:	00d79563          	bne	a5,a3,e68 <rt_vsnprintf+0xa8>
     e62:	02086813          	ori	a6,a6,32
     e66:	bfe9                	j	e40 <rt_vsnprintf+0x80>
     e68:	00a79563          	bne	a5,a0,e72 <rt_vsnprintf+0xb2>
     e6c:	00186813          	ori	a6,a6,1
     e70:	bfc1                	j	e40 <rt_vsnprintf+0x80>
     e72:	fd078713          	addi	a4,a5,-48
     e76:	46a5                	li	a3,9
     e78:	04e6e663          	bltu	a3,a4,ec4 <rt_vsnprintf+0x104>
     e7c:	4701                	li	a4,0
     e7e:	46a5                	li	a3,9
     e80:	4529                	li	a0,10
     e82:	a039                	j	e90 <rt_vsnprintf+0xd0>
     e84:	02a70733          	mul	a4,a4,a0
     e88:	0485                	addi	s1,s1,1
     e8a:	973e                	add	a4,a4,a5
     e8c:	fd070713          	addi	a4,a4,-48
     e90:	00048783          	lb	a5,0(s1)
     e94:	fd078613          	addi	a2,a5,-48
     e98:	fec6f6e3          	bgeu	a3,a2,e84 <rt_vsnprintf+0xc4>
     e9c:	00048603          	lb	a2,0(s1)
     ea0:	02e00693          	li	a3,46
     ea4:	57fd                	li	a5,-1
     ea6:	04d61f63          	bne	a2,a3,f04 <rt_vsnprintf+0x144>
     eaa:	00148783          	lb	a5,1(s1)
     eae:	4625                	li	a2,9
     eb0:	00148693          	addi	a3,s1,1
     eb4:	fd078513          	addi	a0,a5,-48
     eb8:	0aa66563          	bltu	a2,a0,f62 <rt_vsnprintf+0x1a2>
     ebc:	4781                	li	a5,0
     ebe:	4525                	li	a0,9
     ec0:	4329                	li	t1,10
     ec2:	a03d                	j	ef0 <rt_vsnprintf+0x130>
     ec4:	02a00693          	li	a3,42
     ec8:	577d                	li	a4,-1
     eca:	fcd799e3          	bne	a5,a3,e9c <rt_vsnprintf+0xdc>
     ece:	4198                	lw	a4,0(a1)
     ed0:	00260493          	addi	s1,a2,2
     ed4:	0591                	addi	a1,a1,4
     ed6:	fc0753e3          	bgez	a4,e9c <rt_vsnprintf+0xdc>
     eda:	40e00733          	neg	a4,a4
     ede:	01086813          	ori	a6,a6,16
     ee2:	bf6d                	j	e9c <rt_vsnprintf+0xdc>
     ee4:	026787b3          	mul	a5,a5,t1
     ee8:	0685                	addi	a3,a3,1
     eea:	97b2                	add	a5,a5,a2
     eec:	fd078793          	addi	a5,a5,-48
     ef0:	00068603          	lb	a2,0(a3)
     ef4:	fd060893          	addi	a7,a2,-48
     ef8:	ff1576e3          	bgeu	a0,a7,ee4 <rt_vsnprintf+0x124>
     efc:	0007d363          	bgez	a5,f02 <rt_vsnprintf+0x142>
     f00:	4781                	li	a5,0
     f02:	84b6                	mv	s1,a3
     f04:	00048683          	lb	a3,0(s1)
     f08:	06800613          	li	a2,104
     f0c:	4501                	li	a0,0
     f0e:	ffb6f893          	andi	a7,a3,-5
     f12:	00c89563          	bne	a7,a2,f1c <rt_vsnprintf+0x15c>
     f16:	0ff6f513          	andi	a0,a3,255
     f1a:	0485                	addi	s1,s1,1
     f1c:	00048603          	lb	a2,0(s1)
     f20:	06900693          	li	a3,105
     f24:	06d60363          	beq	a2,a3,f8a <rt_vsnprintf+0x1ca>
     f28:	06c6c563          	blt	a3,a2,f92 <rt_vsnprintf+0x1d2>
     f2c:	05800693          	li	a3,88
     f30:	1cd60363          	beq	a2,a3,10f6 <rt_vsnprintf+0x336>
     f34:	04c6c363          	blt	a3,a2,f7a <rt_vsnprintf+0x1ba>
     f38:	02500793          	li	a5,37
     f3c:	1af60763          	beq	a2,a5,10ea <rt_vsnprintf+0x32a>
     f40:	01747563          	bgeu	s0,s7,f4a <rt_vsnprintf+0x18a>
     f44:	02500793          	li	a5,37
     f48:	a01c                	sb	a5,0(s0)
     f4a:	00048783          	lb	a5,0(s1)
     f4e:	00140513          	addi	a0,s0,1
     f52:	1a078663          	beqz	a5,10fe <rt_vsnprintf+0x33e>
     f56:	01757363          	bgeu	a0,s7,f5c <rt_vsnprintf+0x19c>
     f5a:	b01c                	sb	a5,1(s0)
     f5c:	00240513          	addi	a0,s0,2
     f60:	b55d                	j	e06 <rt_vsnprintf+0x46>
     f62:	02a00613          	li	a2,42
     f66:	00c79763          	bne	a5,a2,f74 <rt_vsnprintf+0x1b4>
     f6a:	419c                	lw	a5,0(a1)
     f6c:	00248693          	addi	a3,s1,2
     f70:	0591                	addi	a1,a1,4
     f72:	b769                	j	efc <rt_vsnprintf+0x13c>
     f74:	84b6                	mv	s1,a3
     f76:	4781                	li	a5,0
     f78:	b771                	j	f04 <rt_vsnprintf+0x144>
     f7a:	06300693          	li	a3,99
     f7e:	08d60263          	beq	a2,a3,1002 <rt_vsnprintf+0x242>
     f82:	06400693          	li	a3,100
     f86:	fad61de3          	bne	a2,a3,f40 <rt_vsnprintf+0x180>
     f8a:	00286813          	ori	a6,a6,2
     f8e:	46a9                	li	a3,10
     f90:	a099                	j	fd6 <rt_vsnprintf+0x216>
     f92:	07300693          	li	a3,115
     f96:	0cd60363          	beq	a2,a3,105c <rt_vsnprintf+0x29c>
     f9a:	02c6c563          	blt	a3,a2,fc4 <rt_vsnprintf+0x204>
     f9e:	06f00693          	li	a3,111
     fa2:	16d60063          	beq	a2,a3,1102 <rt_vsnprintf+0x342>
     fa6:	07000693          	li	a3,112
     faa:	f8d61be3          	bne	a2,a3,f40 <rt_vsnprintf+0x180>
     fae:	56fd                	li	a3,-1
     fb0:	00d71563          	bne	a4,a3,fba <rt_vsnprintf+0x1fa>
     fb4:	00186813          	ori	a6,a6,1
     fb8:	4721                	li	a4,8
     fba:	00458c93          	addi	s9,a1,4
     fbe:	46c1                	li	a3,16
     fc0:	4190                	lw	a2,0(a1)
     fc2:	a81d                	j	ff8 <rt_vsnprintf+0x238>
     fc4:	07500693          	li	a3,117
     fc8:	fcd603e3          	beq	a2,a3,f8e <rt_vsnprintf+0x1ce>
     fcc:	07800893          	li	a7,120
     fd0:	46c1                	li	a3,16
     fd2:	f71617e3          	bne	a2,a7,f40 <rt_vsnprintf+0x180>
     fd6:	06c00613          	li	a2,108
     fda:	00458c93          	addi	s9,a1,4
     fde:	fec501e3          	beq	a0,a2,fc0 <rt_vsnprintf+0x200>
     fe2:	06800613          	li	a2,104
     fe6:	fcc51de3          	bne	a0,a2,fc0 <rt_vsnprintf+0x200>
     fea:	4190                	lw	a2,0(a1)
     fec:	00287593          	andi	a1,a6,2
     ff0:	10059b63          	bnez	a1,1106 <rt_vsnprintf+0x346>
     ff4:	01367633          	and	a2,a2,s3
     ff8:	85de                	mv	a1,s7
     ffa:	8522                	mv	a0,s0
     ffc:	3ccd                	jal	aee <print_number>
     ffe:	85e6                	mv	a1,s9
    1000:	b519                	j	e06 <rt_vsnprintf+0x46>
    1002:	01087813          	andi	a6,a6,16
    1006:	02081563          	bnez	a6,1030 <rt_vsnprintf+0x270>
    100a:	87ba                	mv	a5,a4
    100c:	02000693          	li	a3,32
    1010:	a029                	j	101a <rt_vsnprintf+0x25a>
    1012:	01747363          	bgeu	s0,s7,1018 <rt_vsnprintf+0x258>
    1016:	a014                	sb	a3,0(s0)
    1018:	0405                	addi	s0,s0,1
    101a:	17fd                	addi	a5,a5,-1
    101c:	fef04be3          	bgtz	a5,1012 <rt_vsnprintf+0x252>
    1020:	fff70793          	addi	a5,a4,-1
    1024:	00e04363          	bgtz	a4,102a <rt_vsnprintf+0x26a>
    1028:	4705                	li	a4,1
    102a:	40e78733          	sub	a4,a5,a4
    102e:	0705                	addi	a4,a4,1
    1030:	00458793          	addi	a5,a1,4
    1034:	01747463          	bgeu	s0,s7,103c <rt_vsnprintf+0x27c>
    1038:	4194                	lw	a3,0(a1)
    103a:	a014                	sb	a3,0(s0)
    103c:	00140513          	addi	a0,s0,1
    1040:	9722                	add	a4,a4,s0
    1042:	02000613          	li	a2,32
    1046:	40a706b3          	sub	a3,a4,a0
    104a:	00d04463          	bgtz	a3,1052 <rt_vsnprintf+0x292>
    104e:	85be                	mv	a1,a5
    1050:	bb5d                	j	e06 <rt_vsnprintf+0x46>
    1052:	01757363          	bgeu	a0,s7,1058 <rt_vsnprintf+0x298>
    1056:	a110                	sb	a2,0(a0)
    1058:	0505                	addi	a0,a0,1
    105a:	b7f5                	j	1046 <rt_vsnprintf+0x286>
    105c:	0005ac83          	lw	s9,0(a1)
    1060:	00458d13          	addi	s10,a1,4
    1064:	000c9363          	bnez	s9,106a <rt_vsnprintf+0x2aa>
    1068:	8cd2                	mv	s9,s4
    106a:	8566                	mv	a0,s9
    106c:	c63e                	sw	a5,12(sp)
    106e:	c43a                	sw	a4,8(sp)
    1070:	c242                	sw	a6,4(sp)
    1072:	3b35                	jal	dae <rt_strlen>
    1074:	47b2                	lw	a5,12(sp)
    1076:	86aa                	mv	a3,a0
    1078:	4812                	lw	a6,4(sp)
    107a:	4722                	lw	a4,8(sp)
    107c:	00f05563          	blez	a5,1086 <rt_vsnprintf+0x2c6>
    1080:	00a7d363          	bge	a5,a0,1086 <rt_vsnprintf+0x2c6>
    1084:	86be                	mv	a3,a5
    1086:	01087813          	andi	a6,a6,16
    108a:	00081e63          	bnez	a6,10a6 <rt_vsnprintf+0x2e6>
    108e:	87ba                	mv	a5,a4
    1090:	02000613          	li	a2,32
    1094:	a031                	j	10a0 <rt_vsnprintf+0x2e0>
    1096:	01747363          	bgeu	s0,s7,109c <rt_vsnprintf+0x2dc>
    109a:	a010                	sb	a2,0(s0)
    109c:	0405                	addi	s0,s0,1
    109e:	87ba                	mv	a5,a4
    10a0:	177d                	addi	a4,a4,-1
    10a2:	fef6cae3          	blt	a3,a5,1096 <rt_vsnprintf+0x2d6>
    10a6:	4781                	li	a5,0
    10a8:	02d7c163          	blt	a5,a3,10ca <rt_vsnprintf+0x30a>
    10ac:	87b6                	mv	a5,a3
    10ae:	0006d363          	bgez	a3,10b4 <rt_vsnprintf+0x2f4>
    10b2:	4781                	li	a5,0
    10b4:	00f40533          	add	a0,s0,a5
    10b8:	972a                	add	a4,a4,a0
    10ba:	02000613          	li	a2,32
    10be:	40a707b3          	sub	a5,a4,a0
    10c2:	00f6cf63          	blt	a3,a5,10e0 <rt_vsnprintf+0x320>
    10c6:	85ea                	mv	a1,s10
    10c8:	bb3d                	j	e06 <rt_vsnprintf+0x46>
    10ca:	00f40633          	add	a2,s0,a5
    10ce:	01767763          	bgeu	a2,s7,10dc <rt_vsnprintf+0x31c>
    10d2:	00fc85b3          	add	a1,s9,a5
    10d6:	00058583          	lb	a1,0(a1)
    10da:	a20c                	sb	a1,0(a2)
    10dc:	0785                	addi	a5,a5,1
    10de:	b7e9                	j	10a8 <rt_vsnprintf+0x2e8>
    10e0:	01757363          	bgeu	a0,s7,10e6 <rt_vsnprintf+0x326>
    10e4:	a110                	sb	a2,0(a0)
    10e6:	0505                	addi	a0,a0,1
    10e8:	bfd9                	j	10be <rt_vsnprintf+0x2fe>
    10ea:	01747363          	bgeu	s0,s7,10f0 <rt_vsnprintf+0x330>
    10ee:	a010                	sb	a2,0(s0)
    10f0:	00140513          	addi	a0,s0,1
    10f4:	bb09                	j	e06 <rt_vsnprintf+0x46>
    10f6:	04086813          	ori	a6,a6,64
    10fa:	46c1                	li	a3,16
    10fc:	bde9                	j	fd6 <rt_vsnprintf+0x216>
    10fe:	14fd                	addi	s1,s1,-1
    1100:	b319                	j	e06 <rt_vsnprintf+0x46>
    1102:	46a1                	li	a3,8
    1104:	bdc9                	j	fd6 <rt_vsnprintf+0x216>
    1106:	0642                	slli	a2,a2,0x10
    1108:	8641                	srai	a2,a2,0x10
    110a:	b5fd                	j	ff8 <rt_vsnprintf+0x238>
    110c:	fe0b8fa3          	sb	zero,-1(s7)
    1110:	b339                	j	e1e <rt_vsnprintf+0x5e>

00001112 <rt_snprintf>:
    1112:	7139                	addi	sp,sp,-64
    1114:	d636                	sw	a3,44(sp)
    1116:	1074                	addi	a3,sp,44
    1118:	ce06                	sw	ra,28(sp)
    111a:	d83a                	sw	a4,48(sp)
    111c:	da3e                	sw	a5,52(sp)
    111e:	dc42                	sw	a6,56(sp)
    1120:	de46                	sw	a7,60(sp)
    1122:	c636                	sw	a3,12(sp)
    1124:	3971                	jal	dc0 <rt_vsnprintf>
    1126:	40f2                	lw	ra,28(sp)
    1128:	6121                	addi	sp,sp,64
    112a:	8082                	ret

0000112c <rt_console_get_device>:
    112c:	81c1a503          	lw	a0,-2020(gp) # 2000016c <_console_device>
    1130:	8082                	ret

00001132 <rt_console_set_device>:
    1132:	a70ff2ef          	jal	t0,3a2 <__riscv_save_0>
    1136:	81c1a903          	lw	s2,-2020(gp) # 2000016c <_console_device>
    113a:	c48ff0ef          	jal	ra,582 <rt_device_find>
    113e:	cd11                	beqz	a0,115a <rt_console_set_device+0x28>
    1140:	81c18413          	addi	s0,gp,-2020 # 2000016c <_console_device>
    1144:	84aa                	mv	s1,a0
    1146:	4008                	lw	a0,0(s0)
    1148:	c119                	beqz	a0,114e <rt_console_set_device+0x1c>
    114a:	d30ff0ef          	jal	ra,67a <rt_device_close>
    114e:	04300593          	li	a1,67
    1152:	8526                	mv	a0,s1
    1154:	cacff0ef          	jal	ra,600 <rt_device_open>
    1158:	c004                	sw	s1,0(s0)
    115a:	854a                	mv	a0,s2
    115c:	a6aff06f          	j	3c6 <__riscv_restore_0>

00001160 <rt_hw_console_output>:
    1160:	8082                	ret

00001162 <rt_kprintf>:
    1162:	7139                	addi	sp,sp,-64
    1164:	ca26                	sw	s1,20(sp)
    1166:	d22e                	sw	a1,36(sp)
    1168:	d432                	sw	a2,40(sp)
    116a:	d636                	sw	a3,44(sp)
    116c:	862a                	mv	a2,a0
    116e:	1054                	addi	a3,sp,36
    1170:	07f00593          	li	a1,127
    1174:	b5018513          	addi	a0,gp,-1200 # 200004a0 <rt_log_buf.2693>
    1178:	da3e                	sw	a5,52(sp)
    117a:	c636                	sw	a3,12(sp)
    117c:	ce06                	sw	ra,28(sp)
    117e:	cc22                	sw	s0,24(sp)
    1180:	d83a                	sw	a4,48(sp)
    1182:	dc42                	sw	a6,56(sp)
    1184:	de46                	sw	a7,60(sp)
    1186:	392d                	jal	dc0 <rt_vsnprintf>
    1188:	86aa                	mv	a3,a0
    118a:	81c1a503          	lw	a0,-2020(gp) # 2000016c <_console_device>
    118e:	e909                	bnez	a0,11a0 <rt_kprintf+0x3e>
    1190:	b5018513          	addi	a0,gp,-1200 # 200004a0 <rt_log_buf.2693>
    1194:	37f1                	jal	1160 <rt_hw_console_output>
    1196:	40f2                	lw	ra,28(sp)
    1198:	4462                	lw	s0,24(sp)
    119a:	44d2                	lw	s1,20(sp)
    119c:	6121                	addi	sp,sp,64
    119e:	8082                	ret
    11a0:	8626                	mv	a2,s1
    11a2:	2d26                	lhu	s1,26(a0)
    11a4:	81c18413          	addi	s0,gp,-2020 # 2000016c <_console_device>
    11a8:	0404e793          	ori	a5,s1,64
    11ac:	ad3e                	sh	a5,26(a0)
    11ae:	07f00793          	li	a5,127
    11b2:	00d7f463          	bgeu	a5,a3,11ba <rt_kprintf+0x58>
    11b6:	07f00693          	li	a3,127
    11ba:	b5018613          	addi	a2,gp,-1200 # 200004a0 <rt_log_buf.2693>
    11be:	4581                	li	a1,0
    11c0:	d0eff0ef          	jal	ra,6ce <rt_device_write>
    11c4:	401c                	lw	a5,0(s0)
    11c6:	afa6                	sh	s1,26(a5)
    11c8:	b7f9                	j	1196 <rt_kprintf+0x34>

000011ca <rt_show_version>:
    11ca:	9d8ff2ef          	jal	t0,3a2 <__riscv_save_0>
    11ce:	00006537          	lui	a0,0x6
    11d2:	83050513          	addi	a0,a0,-2000 # 5830 <large_digits.2583+0x14>
    11d6:	3771                	jal	1162 <rt_kprintf>
    11d8:	00006537          	lui	a0,0x6
    11dc:	83c50513          	addi	a0,a0,-1988 # 583c <large_digits.2583+0x20>
    11e0:	3749                	jal	1162 <rt_kprintf>
    11e2:	00006737          	lui	a4,0x6
    11e6:	00006537          	lui	a0,0x6
    11ea:	86070713          	addi	a4,a4,-1952 # 5860 <large_digits.2583+0x44>
    11ee:	468d                	li	a3,3
    11f0:	4605                	li	a2,1
    11f2:	458d                	li	a1,3
    11f4:	86c50513          	addi	a0,a0,-1940 # 586c <large_digits.2583+0x50>
    11f8:	37ad                	jal	1162 <rt_kprintf>
    11fa:	00006537          	lui	a0,0x6
    11fe:	88c50513          	addi	a0,a0,-1908 # 588c <large_digits.2583+0x70>
    1202:	3785                	jal	1162 <rt_kprintf>
    1204:	9c2ff06f          	j	3c6 <__riscv_restore_0>

00001208 <__rt_ffs>:
    1208:	c531                	beqz	a0,1254 <__rt_ffs+0x4c>
    120a:	6695                	lui	a3,0x5
    120c:	0ff57713          	andi	a4,a0,255
    1210:	71c68693          	addi	a3,a3,1820 # 571c <__lowest_bit_bitmap>
    1214:	c709                	beqz	a4,121e <__rt_ffs+0x16>
    1216:	96ba                	add	a3,a3,a4
    1218:	2288                	lbu	a0,0(a3)
    121a:	0505                	addi	a0,a0,1
    121c:	8082                	ret
    121e:	67c1                	lui	a5,0x10
    1220:	f0078793          	addi	a5,a5,-256 # ff00 <__rt_init_end+0x8f6c>
    1224:	8fe9                	and	a5,a5,a0
    1226:	cb81                	beqz	a5,1236 <__rt_ffs+0x2e>
    1228:	8521                	srai	a0,a0,0x8
    122a:	0ff57713          	andi	a4,a0,255
    122e:	9736                	add	a4,a4,a3
    1230:	2308                	lbu	a0,0(a4)
    1232:	0525                	addi	a0,a0,9
    1234:	8082                	ret
    1236:	00ff07b7          	lui	a5,0xff0
    123a:	8fe9                	and	a5,a5,a0
    123c:	cb81                	beqz	a5,124c <__rt_ffs+0x44>
    123e:	8541                	srai	a0,a0,0x10
    1240:	0ff57793          	andi	a5,a0,255
    1244:	97b6                	add	a5,a5,a3
    1246:	2388                	lbu	a0,0(a5)
    1248:	0545                	addi	a0,a0,17
    124a:	8082                	ret
    124c:	8161                	srli	a0,a0,0x18
    124e:	9536                	add	a0,a0,a3
    1250:	2108                	lbu	a0,0(a0)
    1252:	0565                	addi	a0,a0,25
    1254:	8082                	ret

00001256 <plug_holes>:
    1256:	8241a703          	lw	a4,-2012(gp) # 20000174 <heap_ptr>
    125a:	415c                	lw	a5,4(a0)
    125c:	97ba                	add	a5,a5,a4
    125e:	02f50563          	beq	a0,a5,1288 <plug_holes+0x32>
    1262:	23b6                	lhu	a3,2(a5)
    1264:	e295                	bnez	a3,1288 <plug_holes+0x32>
    1266:	8201a683          	lw	a3,-2016(gp) # 20000170 <heap_end>
    126a:	00f68f63          	beq	a3,a5,1288 <plug_holes+0x32>
    126e:	82818693          	addi	a3,gp,-2008 # 20000178 <lfree>
    1272:	4290                	lw	a2,0(a3)
    1274:	00f61363          	bne	a2,a5,127a <plug_holes+0x24>
    1278:	c288                	sw	a0,0(a3)
    127a:	43d4                	lw	a3,4(a5)
    127c:	c154                	sw	a3,4(a0)
    127e:	43dc                	lw	a5,4(a5)
    1280:	40e506b3          	sub	a3,a0,a4
    1284:	97ba                	add	a5,a5,a4
    1286:	c794                	sw	a3,8(a5)
    1288:	4510                	lw	a2,8(a0)
    128a:	00c707b3          	add	a5,a4,a2
    128e:	00f50f63          	beq	a0,a5,12ac <plug_holes+0x56>
    1292:	23b6                	lhu	a3,2(a5)
    1294:	ee81                	bnez	a3,12ac <plug_holes+0x56>
    1296:	82818693          	addi	a3,gp,-2008 # 20000178 <lfree>
    129a:	428c                	lw	a1,0(a3)
    129c:	00a59363          	bne	a1,a0,12a2 <plug_holes+0x4c>
    12a0:	c29c                	sw	a5,0(a3)
    12a2:	4154                	lw	a3,4(a0)
    12a4:	c3d4                	sw	a3,4(a5)
    12a6:	415c                	lw	a5,4(a0)
    12a8:	973e                	add	a4,a4,a5
    12aa:	c710                	sw	a2,8(a4)
    12ac:	8082                	ret

000012ae <list_mem>:
    12ae:	8f4ff2ef          	jal	t0,3a2 <__riscv_save_0>
    12b2:	8301a583          	lw	a1,-2000(gp) # 20000180 <mem_size_aligned>
    12b6:	00006537          	lui	a0,0x6
    12ba:	8d450513          	addi	a0,a0,-1836 # 58d4 <small_digits.2582+0x14>
    12be:	3555                	jal	1162 <rt_kprintf>
    12c0:	83c1a583          	lw	a1,-1988(gp) # 2000018c <used_mem>
    12c4:	00006537          	lui	a0,0x6
    12c8:	8e850513          	addi	a0,a0,-1816 # 58e8 <small_digits.2582+0x28>
    12cc:	3d59                	jal	1162 <rt_kprintf>
    12ce:	82c1a583          	lw	a1,-2004(gp) # 2000017c <max_mem>
    12d2:	00006537          	lui	a0,0x6
    12d6:	8fc50513          	addi	a0,a0,-1796 # 58fc <small_digits.2582+0x3c>
    12da:	3561                	jal	1162 <rt_kprintf>
    12dc:	8eaff06f          	j	3c6 <__riscv_restore_0>

000012e0 <rt_system_heap_init>:
    12e0:	8c2ff2ef          	jal	t0,3a2 <__riscv_save_0>
    12e4:	ffc5f713          	andi	a4,a1,-4
    12e8:	46e1                	li	a3,24
    12ea:	862e                	mv	a2,a1
    12ec:	06e6f163          	bgeu	a3,a4,134e <rt_system_heap_init+0x6e>
    12f0:	00350793          	addi	a5,a0,3
    12f4:	9bf1                	andi	a5,a5,-4
    12f6:	fe870693          	addi	a3,a4,-24
    12fa:	04f6ea63          	bltu	a3,a5,134e <rt_system_heap_init+0x6e>
    12fe:	8f1d                	sub	a4,a4,a5
    1300:	fe870613          	addi	a2,a4,-24
    1304:	82c1a823          	sw	a2,-2000(gp) # 20000180 <mem_size_aligned>
    1308:	6689                	lui	a3,0x2
    130a:	1751                	addi	a4,a4,-12
    130c:	82418413          	addi	s0,gp,-2012 # 20000174 <heap_ptr>
    1310:	ea068693          	addi	a3,a3,-352 # 1ea0 <show_wait_queue+0x28>
    1314:	c3d8                	sw	a4,4(a5)
    1316:	c394                	sw	a3,0(a5)
    1318:	0007a423          	sw	zero,8(a5) # ff0008 <__rt_init_end+0xfe9074>
    131c:	c01c                	sw	a5,0(s0)
    131e:	97ba                	add	a5,a5,a4
    1320:	82f1a023          	sw	a5,-2016(gp) # 20000170 <heap_end>
    1324:	66c9                	lui	a3,0x12
    1326:	ea068693          	addi	a3,a3,-352 # 11ea0 <__rt_init_end+0xaf0c>
    132a:	000065b7          	lui	a1,0x6
    132e:	c394                	sw	a3,0(a5)
    1330:	c3d8                	sw	a4,4(a5)
    1332:	c798                	sw	a4,8(a5)
    1334:	4681                	li	a3,0
    1336:	4605                	li	a2,1
    1338:	99458593          	addi	a1,a1,-1644 # 5994 <__fsym_list_mem_name+0x58>
    133c:	bd018513          	addi	a0,gp,-1072 # 20000520 <heap_sem>
    1340:	cd0ff0ef          	jal	ra,810 <rt_sem_init>
    1344:	4018                	lw	a4,0(s0)
    1346:	82e1a423          	sw	a4,-2008(gp) # 20000178 <lfree>
    134a:	87cff06f          	j	3c6 <__riscv_restore_0>
    134e:	85aa                	mv	a1,a0
    1350:	00006537          	lui	a0,0x6
    1354:	99c50513          	addi	a0,a0,-1636 # 599c <__fsym_list_mem_name+0x60>
    1358:	3529                	jal	1162 <rt_kprintf>
    135a:	bfc5                	j	134a <rt_system_heap_init+0x6a>

0000135c <rt_malloc>:
    135c:	846ff2ef          	jal	t0,3a2 <__riscv_save_0>
    1360:	c539                	beqz	a0,13ae <rt_malloc+0x52>
    1362:	8301a703          	lw	a4,-2000(gp) # 20000180 <mem_size_aligned>
    1366:	00350413          	addi	s0,a0,3
    136a:	9871                	andi	s0,s0,-4
    136c:	83018913          	addi	s2,gp,-2000 # 20000180 <mem_size_aligned>
    1370:	4481                	li	s1,0
    1372:	0e876663          	bltu	a4,s0,145e <rt_malloc+0x102>
    1376:	47b1                	li	a5,12
    1378:	00f47363          	bgeu	s0,a5,137e <rt_malloc+0x22>
    137c:	4431                	li	s0,12
    137e:	55fd                	li	a1,-1
    1380:	bd018513          	addi	a0,gp,-1072 # 20000520 <heap_sem>
    1384:	cb4ff0ef          	jal	ra,838 <rt_sem_take>
    1388:	8281a783          	lw	a5,-2008(gp) # 20000178 <lfree>
    138c:	8241a583          	lw	a1,-2012(gp) # 20000174 <heap_ptr>
    1390:	00092883          	lw	a7,0(s2)
    1394:	8526                	mv	a0,s1
    1396:	40b78633          	sub	a2,a5,a1
    139a:	408886b3          	sub	a3,a7,s0
    139e:	82818813          	addi	a6,gp,-2008 # 20000178 <lfree>
    13a2:	00d66863          	bltu	a2,a3,13b2 <rt_malloc+0x56>
    13a6:	bd018513          	addi	a0,gp,-1072 # 20000520 <heap_sem>
    13aa:	d0eff0ef          	jal	ra,8b8 <rt_sem_release>
    13ae:	4481                	li	s1,0
    13b0:	a07d                	j	145e <rt_malloc+0x102>
    13b2:	00c584b3          	add	s1,a1,a2
    13b6:	20ba                	lhu	a4,2(s1)
    13b8:	0044ae03          	lw	t3,4(s1)
    13bc:	e761                	bnez	a4,1484 <rt_malloc+0x128>
    13be:	40ce0733          	sub	a4,t3,a2
    13c2:	ff470f93          	addi	t6,a4,-12
    13c6:	0a8fef63          	bltu	t6,s0,1484 <rt_malloc+0x128>
    13ca:	83c18f13          	addi	t5,gp,-1988 # 2000018c <used_mem>
    13ce:	82c18e93          	addi	t4,gp,-2004 # 2000017c <max_mem>
    13d2:	01840313          	addi	t1,s0,24
    13d6:	000f2683          	lw	a3,0(t5)
    13da:	000ea383          	lw	t2,0(t4)
    13de:	83c18913          	addi	s2,gp,-1988 # 2000018c <used_mem>
    13e2:	82c18293          	addi	t0,gp,-2004 # 2000017c <max_mem>
    13e6:	066fef63          	bltu	t6,t1,1464 <rt_malloc+0x108>
    13ea:	00c40713          	addi	a4,s0,12
    13ee:	9732                	add	a4,a4,a2
    13f0:	6e89                	lui	t4,0x2
    13f2:	00e58333          	add	t1,a1,a4
    13f6:	ea0e8e93          	addi	t4,t4,-352 # 1ea0 <show_wait_queue+0x28>
    13fa:	01c32223          	sw	t3,4(t1)
    13fe:	00c32423          	sw	a2,8(t1)
    1402:	01d32023          	sw	t4,0(t1)
    1406:	4605                	li	a2,1
    1408:	c0d8                	sw	a4,4(s1)
    140a:	a0b2                	sh	a2,2(s1)
    140c:	00432603          	lw	a2,4(t1)
    1410:	08b1                	addi	a7,a7,12
    1412:	01160463          	beq	a2,a7,141a <rt_malloc+0xbe>
    1416:	962e                	add	a2,a2,a1
    1418:	c618                	sw	a4,8(a2)
    141a:	00c68713          	addi	a4,a3,12
    141e:	9722                	add	a4,a4,s0
    1420:	00e92023          	sw	a4,0(s2)
    1424:	00e3f463          	bgeu	t2,a4,142c <rt_malloc+0xd0>
    1428:	00e2a023          	sw	a4,0(t0) # 460 <memset+0x8e>
    142c:	6709                	lui	a4,0x2
    142e:	ea070713          	addi	a4,a4,-352 # 1ea0 <show_wait_queue+0x28>
    1432:	a09a                	sh	a4,0(s1)
    1434:	00979a63          	bne	a5,s1,1448 <rt_malloc+0xec>
    1438:	8201a683          	lw	a3,-2016(gp) # 20000170 <heap_end>
    143c:	4701                	li	a4,0
    143e:	23b2                	lhu	a2,2(a5)
    1440:	ee05                	bnez	a2,1478 <rt_malloc+0x11c>
    1442:	c319                	beqz	a4,1448 <rt_malloc+0xec>
    1444:	00f82023          	sw	a5,0(a6)
    1448:	bd018513          	addi	a0,gp,-1072 # 20000520 <heap_sem>
    144c:	c6cff0ef          	jal	ra,8b8 <rt_sem_release>
    1450:	8381a783          	lw	a5,-1992(gp) # 20000188 <rt_malloc_hook>
    1454:	04b1                	addi	s1,s1,12
    1456:	c781                	beqz	a5,145e <rt_malloc+0x102>
    1458:	85a2                	mv	a1,s0
    145a:	8526                	mv	a0,s1
    145c:	9782                	jalr	a5
    145e:	8526                	mv	a0,s1
    1460:	f67fe06f          	j	3c6 <__riscv_restore_0>
    1464:	4605                	li	a2,1
    1466:	9736                	add	a4,a4,a3
    1468:	a0b2                	sh	a2,2(s1)
    146a:	00ef2023          	sw	a4,0(t5)
    146e:	fae3ffe3          	bgeu	t2,a4,142c <rt_malloc+0xd0>
    1472:	00eea023          	sw	a4,0(t4)
    1476:	bf5d                	j	142c <rt_malloc+0xd0>
    1478:	fcd785e3          	beq	a5,a3,1442 <rt_malloc+0xe6>
    147c:	43dc                	lw	a5,4(a5)
    147e:	4705                	li	a4,1
    1480:	97ae                	add	a5,a5,a1
    1482:	bf75                	j	143e <rt_malloc+0xe2>
    1484:	8672                	mv	a2,t3
    1486:	bf31                	j	13a2 <rt_malloc+0x46>

00001488 <rt_calloc>:
    1488:	f1bfe2ef          	jal	t0,3a2 <__riscv_save_0>
    148c:	02b50633          	mul	a2,a0,a1
    1490:	1141                	addi	sp,sp,-16
    1492:	8532                	mv	a0,a2
    1494:	c632                	sw	a2,12(sp)
    1496:	35d9                	jal	135c <rt_malloc>
    1498:	842a                	mv	s0,a0
    149a:	c509                	beqz	a0,14a4 <rt_calloc+0x1c>
    149c:	4632                	lw	a2,12(sp)
    149e:	4581                	li	a1,0
    14a0:	fe8ff0ef          	jal	ra,c88 <rt_memset>
    14a4:	8522                	mv	a0,s0
    14a6:	0141                	addi	sp,sp,16
    14a8:	f1ffe06f          	j	3c6 <__riscv_restore_0>

000014ac <rt_free>:
    14ac:	c545                	beqz	a0,1554 <rt_free+0xa8>
    14ae:	edbfe2ef          	jal	t0,388 <__riscv_save_4>
    14b2:	8341a783          	lw	a5,-1996(gp) # 20000184 <rt_free_hook>
    14b6:	842a                	mv	s0,a0
    14b8:	c391                	beqz	a5,14bc <rt_free+0x10>
    14ba:	9782                	jalr	a5
    14bc:	8241a783          	lw	a5,-2012(gp) # 20000174 <heap_ptr>
    14c0:	82418913          	addi	s2,gp,-2012 # 20000174 <heap_ptr>
    14c4:	08f46663          	bltu	s0,a5,1550 <rt_free+0xa4>
    14c8:	8201a783          	lw	a5,-2016(gp) # 20000170 <heap_end>
    14cc:	08f47263          	bgeu	s0,a5,1550 <rt_free+0xa4>
    14d0:	55fd                	li	a1,-1
    14d2:	bd018513          	addi	a0,gp,-1072 # 20000520 <heap_sem>
    14d6:	b62ff0ef          	jal	ra,838 <rt_sem_take>
    14da:	ff645783          	lhu	a5,-10(s0)
    14de:	ff440993          	addi	s3,s0,-12
    14e2:	cb81                	beqz	a5,14f2 <rt_free+0x46>
    14e4:	ff445703          	lhu	a4,-12(s0)
    14e8:	6789                	lui	a5,0x2
    14ea:	ea078793          	addi	a5,a5,-352 # 1ea0 <show_wait_queue+0x28>
    14ee:	02f70163          	beq	a4,a5,1510 <rt_free+0x64>
    14f2:	00006537          	lui	a0,0x6
    14f6:	94850513          	addi	a0,a0,-1720 # 5948 <__fsym_list_mem_name+0xc>
    14fa:	31a5                	jal	1162 <rt_kprintf>
    14fc:	ff445683          	lhu	a3,-12(s0)
    1500:	ff645603          	lhu	a2,-10(s0)
    1504:	00006537          	lui	a0,0x6
    1508:	85ce                	mv	a1,s3
    150a:	96450513          	addi	a0,a0,-1692 # 5964 <__fsym_list_mem_name+0x28>
    150e:	3991                	jal	1162 <rt_kprintf>
    1510:	6789                	lui	a5,0x2
    1512:	ea078793          	addi	a5,a5,-352 # 1ea0 <show_wait_queue+0x28>
    1516:	fef41a23          	sh	a5,-12(s0)
    151a:	82818793          	addi	a5,gp,-2008 # 20000178 <lfree>
    151e:	4398                	lw	a4,0(a5)
    1520:	fe041b23          	sh	zero,-10(s0)
    1524:	00e9f463          	bgeu	s3,a4,152c <rt_free+0x80>
    1528:	0137a023          	sw	s3,0(a5)
    152c:	83c18713          	addi	a4,gp,-1988 # 2000018c <used_mem>
    1530:	431c                	lw	a5,0(a4)
    1532:	ff842683          	lw	a3,-8(s0)
    1536:	854e                	mv	a0,s3
    1538:	8f95                	sub	a5,a5,a3
    153a:	00092683          	lw	a3,0(s2)
    153e:	40d986b3          	sub	a3,s3,a3
    1542:	97b6                	add	a5,a5,a3
    1544:	c31c                	sw	a5,0(a4)
    1546:	3b01                	jal	1256 <plug_holes>
    1548:	bd018513          	addi	a0,gp,-1072 # 20000520 <heap_sem>
    154c:	b6cff0ef          	jal	ra,8b8 <rt_sem_release>
    1550:	e6dfe06f          	j	3bc <__riscv_restore_4>
    1554:	8082                	ret

00001556 <rt_object_get_information>:
    1556:	200007b7          	lui	a5,0x20000
    155a:	00078693          	mv	a3,a5
    155e:	4701                	li	a4,0
    1560:	00078793          	mv	a5,a5
    1564:	4621                	li	a2,8
    1566:	428c                	lw	a1,0(a3)
    1568:	00a59663          	bne	a1,a0,1574 <rt_object_get_information+0x1e>
    156c:	00471513          	slli	a0,a4,0x4
    1570:	953e                	add	a0,a0,a5
    1572:	8082                	ret
    1574:	0705                	addi	a4,a4,1
    1576:	06c1                	addi	a3,a3,16
    1578:	fec717e3          	bne	a4,a2,1566 <rt_object_get_information+0x10>
    157c:	4501                	li	a0,0
    157e:	8082                	ret

00001580 <rt_object_init>:
    1580:	e09fe2ef          	jal	t0,388 <__riscv_save_4>
    1584:	842a                	mv	s0,a0
    1586:	852e                	mv	a0,a1
    1588:	89ae                	mv	s3,a1
    158a:	8a32                	mv	s4,a2
    158c:	37e9                	jal	1556 <rt_object_get_information>
    158e:	892a                	mv	s2,a0
    1590:	2cb9                	jal	17ee <rt_enter_critical>
    1592:	00492483          	lw	s1,4(s2)
    1596:	00490793          	addi	a5,s2,4
    159a:	04f49063          	bne	s1,a5,15da <rt_object_init+0x5a>
    159e:	24ad                	jal	1808 <rt_exit_critical>
    15a0:	f809e993          	ori	s3,s3,-128
    15a4:	01340423          	sb	s3,8(s0)
    15a8:	4621                	li	a2,8
    15aa:	85d2                	mv	a1,s4
    15ac:	8522                	mv	a0,s0
    15ae:	faaff0ef          	jal	ra,d58 <rt_strncpy>
    15b2:	8401a783          	lw	a5,-1984(gp) # 20000190 <rt_object_attach_hook>
    15b6:	c399                	beqz	a5,15bc <rt_object_init+0x3c>
    15b8:	8522                	mv	a0,s0
    15ba:	9782                	jalr	a5
    15bc:	02f000ef          	jal	ra,1dea <rt_hw_interrupt_disable>
    15c0:	00492703          	lw	a4,4(s2)
    15c4:	00c40793          	addi	a5,s0,12
    15c8:	c35c                	sw	a5,4(a4)
    15ca:	c458                	sw	a4,12(s0)
    15cc:	00f92223          	sw	a5,4(s2)
    15d0:	c804                	sw	s1,16(s0)
    15d2:	025000ef          	jal	ra,1df6 <rt_hw_interrupt_enable>
    15d6:	de7fe06f          	j	3bc <__riscv_restore_4>
    15da:	4084                	lw	s1,0(s1)
    15dc:	bf7d                	j	159a <rt_object_init+0x1a>

000015de <rt_object_detach>:
    15de:	dc5fe2ef          	jal	t0,3a2 <__riscv_save_0>
    15e2:	8441a783          	lw	a5,-1980(gp) # 20000194 <rt_object_detach_hook>
    15e6:	842a                	mv	s0,a0
    15e8:	c391                	beqz	a5,15ec <rt_object_detach+0xe>
    15ea:	9782                	jalr	a5
    15ec:	00040423          	sb	zero,8(s0)
    15f0:	7fa000ef          	jal	ra,1dea <rt_hw_interrupt_disable>
    15f4:	4454                	lw	a3,12(s0)
    15f6:	4818                	lw	a4,16(s0)
    15f8:	00c40793          	addi	a5,s0,12
    15fc:	c2d8                	sw	a4,4(a3)
    15fe:	c314                	sw	a3,0(a4)
    1600:	c81c                	sw	a5,16(s0)
    1602:	c45c                	sw	a5,12(s0)
    1604:	7f2000ef          	jal	ra,1df6 <rt_hw_interrupt_enable>
    1608:	dbffe06f          	j	3c6 <__riscv_restore_0>

0000160c <rt_object_allocate>:
    160c:	d7dfe2ef          	jal	t0,388 <__riscv_save_4>
    1610:	892e                	mv	s2,a1
    1612:	89aa                	mv	s3,a0
    1614:	3789                	jal	1556 <rt_object_get_information>
    1616:	84aa                	mv	s1,a0
    1618:	4548                	lw	a0,12(a0)
    161a:	3389                	jal	135c <rt_malloc>
    161c:	842a                	mv	s0,a0
    161e:	cd1d                	beqz	a0,165c <rt_object_allocate+0x50>
    1620:	44d0                	lw	a2,12(s1)
    1622:	4581                	li	a1,0
    1624:	e64ff0ef          	jal	ra,c88 <rt_memset>
    1628:	4621                	li	a2,8
    162a:	01340423          	sb	s3,8(s0)
    162e:	000404a3          	sb	zero,9(s0)
    1632:	85ca                	mv	a1,s2
    1634:	8522                	mv	a0,s0
    1636:	f22ff0ef          	jal	ra,d58 <rt_strncpy>
    163a:	8401a783          	lw	a5,-1984(gp) # 20000190 <rt_object_attach_hook>
    163e:	c399                	beqz	a5,1644 <rt_object_allocate+0x38>
    1640:	8522                	mv	a0,s0
    1642:	9782                	jalr	a5
    1644:	7a6000ef          	jal	ra,1dea <rt_hw_interrupt_disable>
    1648:	40d8                	lw	a4,4(s1)
    164a:	00c40793          	addi	a5,s0,12
    164e:	0491                	addi	s1,s1,4
    1650:	c35c                	sw	a5,4(a4)
    1652:	c458                	sw	a4,12(s0)
    1654:	c09c                	sw	a5,0(s1)
    1656:	c804                	sw	s1,16(s0)
    1658:	79e000ef          	jal	ra,1df6 <rt_hw_interrupt_enable>
    165c:	8522                	mv	a0,s0
    165e:	d5ffe06f          	j	3bc <__riscv_restore_4>

00001662 <rt_object_delete>:
    1662:	d41fe2ef          	jal	t0,3a2 <__riscv_save_0>
    1666:	8441a783          	lw	a5,-1980(gp) # 20000194 <rt_object_detach_hook>
    166a:	842a                	mv	s0,a0
    166c:	c391                	beqz	a5,1670 <rt_object_delete+0xe>
    166e:	9782                	jalr	a5
    1670:	00040423          	sb	zero,8(s0)
    1674:	776000ef          	jal	ra,1dea <rt_hw_interrupt_disable>
    1678:	4454                	lw	a3,12(s0)
    167a:	4818                	lw	a4,16(s0)
    167c:	00c40793          	addi	a5,s0,12
    1680:	c2d8                	sw	a4,4(a3)
    1682:	c314                	sw	a3,0(a4)
    1684:	c81c                	sw	a5,16(s0)
    1686:	c45c                	sw	a5,12(s0)
    1688:	76e000ef          	jal	ra,1df6 <rt_hw_interrupt_enable>
    168c:	8522                	mv	a0,s0
    168e:	3d39                	jal	14ac <rt_free>
    1690:	d37fe06f          	j	3c6 <__riscv_restore_0>

00001694 <rt_object_is_systemobject>:
    1694:	00850503          	lb	a0,8(a0)
    1698:	817d                	srli	a0,a0,0x1f
    169a:	8082                	ret

0000169c <rt_system_scheduler_init>:
    169c:	86019023          	sh	zero,-1952(gp) # 200001b0 <rt_scheduler_lock_nest>
    16a0:	bf018793          	addi	a5,gp,-1040 # 20000540 <rt_thread_priority_table>
    16a4:	08078713          	addi	a4,a5,128 # 20000080 <pin_irq_hdr_tab>
    16a8:	c3dc                	sw	a5,4(a5)
    16aa:	c39c                	sw	a5,0(a5)
    16ac:	07a1                	addi	a5,a5,8
    16ae:	fee79de3          	bne	a5,a4,16a8 <rt_system_scheduler_init+0xc>
    16b2:	473d                	li	a4,15
    16b4:	84e18a23          	sb	a4,-1964(gp) # 200001a4 <rt_current_priority>
    16b8:	8401ac23          	sw	zero,-1960(gp) # 200001a8 <rt_current_thread>
    16bc:	8601a623          	sw	zero,-1940(gp) # 200001bc <rt_thread_ready_priority_group>
    16c0:	86418793          	addi	a5,gp,-1948 # 200001b4 <rt_thread_defunct>
    16c4:	c3dc                	sw	a5,4(a5)
    16c6:	c39c                	sw	a5,0(a5)
    16c8:	8082                	ret

000016ca <rt_system_scheduler_start>:
    16ca:	cd9fe2ef          	jal	t0,3a2 <__riscv_save_0>
    16ce:	86c1a503          	lw	a0,-1940(gp) # 200001bc <rt_thread_ready_priority_group>
    16d2:	b37ff0ef          	jal	ra,1208 <__rt_ffs>
    16d6:	157d                	addi	a0,a0,-1
    16d8:	00351793          	slli	a5,a0,0x3
    16dc:	bf018513          	addi	a0,gp,-1040 # 20000540 <rt_thread_priority_table>
    16e0:	953e                	add	a0,a0,a5
    16e2:	4108                	lw	a0,0(a0)
    16e4:	fec50713          	addi	a4,a0,-20
    16e8:	0521                	addi	a0,a0,8
    16ea:	84e1ac23          	sw	a4,-1960(gp) # 200001a8 <rt_current_thread>
    16ee:	ad3fe0ef          	jal	ra,1c0 <rt_hw_context_switch_to>
    16f2:	cd5fe06f          	j	3c6 <__riscv_restore_0>

000016f6 <rt_schedule>:
    16f6:	cadfe2ef          	jal	t0,3a2 <__riscv_save_0>
    16fa:	6f0000ef          	jal	ra,1dea <rt_hw_interrupt_disable>
    16fe:	86019783          	lh	a5,-1952(gp) # 200001b0 <rt_scheduler_lock_nest>
    1702:	892a                	mv	s2,a0
    1704:	e7b1                	bnez	a5,1750 <rt_schedule+0x5a>
    1706:	86c1a503          	lw	a0,-1940(gp) # 200001bc <rt_thread_ready_priority_group>
    170a:	affff0ef          	jal	ra,1208 <__rt_ffs>
    170e:	157d                	addi	a0,a0,-1
    1710:	00351713          	slli	a4,a0,0x3
    1714:	bf018793          	addi	a5,gp,-1040 # 20000540 <rt_thread_priority_table>
    1718:	97ba                	add	a5,a5,a4
    171a:	4384                	lw	s1,0(a5)
    171c:	85818793          	addi	a5,gp,-1960 # 200001a8 <rt_current_thread>
    1720:	4380                	lw	s0,0(a5)
    1722:	fec48593          	addi	a1,s1,-20
    1726:	02b40563          	beq	s0,a1,1750 <rt_schedule+0x5a>
    172a:	c38c                	sw	a1,0(a5)
    172c:	85c1a783          	lw	a5,-1956(gp) # 200001ac <rt_scheduler_hook>
    1730:	84a18a23          	sb	a0,-1964(gp) # 200001a4 <rt_current_priority>
    1734:	c399                	beqz	a5,173a <rt_schedule+0x44>
    1736:	8522                	mv	a0,s0
    1738:	9782                	jalr	a5
    173a:	8141c783          	lbu	a5,-2028(gp) # 20000164 <rt_interrupt_nest>
    173e:	01c40513          	addi	a0,s0,28
    1742:	00848593          	addi	a1,s1,8
    1746:	0ff7f793          	andi	a5,a5,255
    174a:	eb81                	bnez	a5,175a <rt_schedule+0x64>
    174c:	a91fe0ef          	jal	ra,1dc <rt_hw_context_switch>
    1750:	854a                	mv	a0,s2
    1752:	6a4000ef          	jal	ra,1df6 <rt_hw_interrupt_enable>
    1756:	c71fe06f          	j	3c6 <__riscv_restore_0>
    175a:	6a2000ef          	jal	ra,1dfc <rt_hw_context_switch_interrupt>
    175e:	bfcd                	j	1750 <rt_schedule+0x5a>

00001760 <rt_schedule_insert_thread>:
    1760:	c43fe2ef          	jal	t0,3a2 <__riscv_save_0>
    1764:	842a                	mv	s0,a0
    1766:	684000ef          	jal	ra,1dea <rt_hw_interrupt_disable>
    176a:	03444783          	lbu	a5,52(s0)
    176e:	01440693          	addi	a3,s0,20
    1772:	9bc1                	andi	a5,a5,-16
    1774:	0017e793          	ori	a5,a5,1
    1778:	02f40a23          	sb	a5,52(s0)
    177c:	03544783          	lbu	a5,53(s0)
    1780:	00379713          	slli	a4,a5,0x3
    1784:	bf018793          	addi	a5,gp,-1040 # 20000540 <rt_thread_priority_table>
    1788:	97ba                	add	a5,a5,a4
    178a:	43d8                	lw	a4,4(a5)
    178c:	c314                	sw	a3,0(a4)
    178e:	cc18                	sw	a4,24(s0)
    1790:	c3d4                	sw	a3,4(a5)
    1792:	c85c                	sw	a5,20(s0)
    1794:	86c18793          	addi	a5,gp,-1940 # 200001bc <rt_thread_ready_priority_group>
    1798:	4394                	lw	a3,0(a5)
    179a:	5c18                	lw	a4,56(s0)
    179c:	8f55                	or	a4,a4,a3
    179e:	c398                	sw	a4,0(a5)
    17a0:	656000ef          	jal	ra,1df6 <rt_hw_interrupt_enable>
    17a4:	c23fe06f          	j	3c6 <__riscv_restore_0>

000017a8 <rt_schedule_remove_thread>:
    17a8:	bfbfe2ef          	jal	t0,3a2 <__riscv_save_0>
    17ac:	842a                	mv	s0,a0
    17ae:	63c000ef          	jal	ra,1dea <rt_hw_interrupt_disable>
    17b2:	4c18                	lw	a4,24(s0)
    17b4:	4854                	lw	a3,20(s0)
    17b6:	01440793          	addi	a5,s0,20
    17ba:	c2d8                	sw	a4,4(a3)
    17bc:	c314                	sw	a3,0(a4)
    17be:	c85c                	sw	a5,20(s0)
    17c0:	cc1c                	sw	a5,24(s0)
    17c2:	03544783          	lbu	a5,53(s0)
    17c6:	00379713          	slli	a4,a5,0x3
    17ca:	bf018793          	addi	a5,gp,-1040 # 20000540 <rt_thread_priority_table>
    17ce:	97ba                	add	a5,a5,a4
    17d0:	4398                	lw	a4,0(a5)
    17d2:	00f71a63          	bne	a4,a5,17e6 <rt_schedule_remove_thread+0x3e>
    17d6:	86c18713          	addi	a4,gp,-1940 # 200001bc <rt_thread_ready_priority_group>
    17da:	5c1c                	lw	a5,56(s0)
    17dc:	4314                	lw	a3,0(a4)
    17de:	fff7c793          	not	a5,a5
    17e2:	8ff5                	and	a5,a5,a3
    17e4:	c31c                	sw	a5,0(a4)
    17e6:	610000ef          	jal	ra,1df6 <rt_hw_interrupt_enable>
    17ea:	bddfe06f          	j	3c6 <__riscv_restore_0>

000017ee <rt_enter_critical>:
    17ee:	bb5fe2ef          	jal	t0,3a2 <__riscv_save_0>
    17f2:	5f8000ef          	jal	ra,1dea <rt_hw_interrupt_disable>
    17f6:	86018793          	addi	a5,gp,-1952 # 200001b0 <rt_scheduler_lock_nest>
    17fa:	239a                	lhu	a4,0(a5)
    17fc:	0705                	addi	a4,a4,1
    17fe:	a39a                	sh	a4,0(a5)
    1800:	5f6000ef          	jal	ra,1df6 <rt_hw_interrupt_enable>
    1804:	bc3fe06f          	j	3c6 <__riscv_restore_0>

00001808 <rt_exit_critical>:
    1808:	b9bfe2ef          	jal	t0,3a2 <__riscv_save_0>
    180c:	5de000ef          	jal	ra,1dea <rt_hw_interrupt_disable>
    1810:	86018713          	addi	a4,gp,-1952 # 200001b0 <rt_scheduler_lock_nest>
    1814:	231e                	lhu	a5,0(a4)
    1816:	17fd                	addi	a5,a5,-1
    1818:	07c2                	slli	a5,a5,0x10
    181a:	87c1                	srai	a5,a5,0x10
    181c:	a31e                	sh	a5,0(a4)
    181e:	00f04c63          	bgtz	a5,1836 <rt_exit_critical+0x2e>
    1822:	00071023          	sh	zero,0(a4)
    1826:	5d0000ef          	jal	ra,1df6 <rt_hw_interrupt_enable>
    182a:	8581a783          	lw	a5,-1960(gp) # 200001a8 <rt_current_thread>
    182e:	c391                	beqz	a5,1832 <rt_exit_critical+0x2a>
    1830:	35d9                	jal	16f6 <rt_schedule>
    1832:	b95fe06f          	j	3c6 <__riscv_restore_0>
    1836:	5c0000ef          	jal	ra,1df6 <rt_hw_interrupt_enable>
    183a:	bfe5                	j	1832 <rt_exit_critical+0x2a>

0000183c <rt_thread_exit>:
    183c:	b67fe2ef          	jal	t0,3a2 <__riscv_save_0>
    1840:	8581a403          	lw	s0,-1960(gp) # 200001a8 <rt_current_thread>
    1844:	235d                	jal	1dea <rt_hw_interrupt_disable>
    1846:	84aa                	mv	s1,a0
    1848:	8522                	mv	a0,s0
    184a:	3fb9                	jal	17a8 <rt_schedule_remove_thread>
    184c:	4791                	li	a5,4
    184e:	02f40a23          	sb	a5,52(s0)
    1852:	04c40513          	addi	a0,s0,76
    1856:	2e55                	jal	1c0a <rt_timer_detach>
    1858:	8522                	mv	a0,s0
    185a:	3d2d                	jal	1694 <rt_object_is_systemobject>
    185c:	4785                	li	a5,1
    185e:	00f51b63          	bne	a0,a5,1874 <rt_thread_exit+0x38>
    1862:	5c3c                	lw	a5,120(s0)
    1864:	eb81                	bnez	a5,1874 <rt_thread_exit+0x38>
    1866:	8522                	mv	a0,s0
    1868:	3b9d                	jal	15de <rt_object_detach>
    186a:	8526                	mv	a0,s1
    186c:	2369                	jal	1df6 <rt_hw_interrupt_enable>
    186e:	3561                	jal	16f6 <rt_schedule>
    1870:	b57fe06f          	j	3c6 <__riscv_restore_0>
    1874:	8641a683          	lw	a3,-1948(gp) # 200001b4 <rt_thread_defunct>
    1878:	01440713          	addi	a4,s0,20
    187c:	86e1a223          	sw	a4,-1948(gp) # 200001b4 <rt_thread_defunct>
    1880:	c2d8                	sw	a4,4(a3)
    1882:	86418793          	addi	a5,gp,-1948 # 200001b4 <rt_thread_defunct>
    1886:	c854                	sw	a3,20(s0)
    1888:	cc1c                	sw	a5,24(s0)
    188a:	b7c5                	j	186a <rt_thread_exit+0x2e>

0000188c <_rt_thread_init.isra.0>:
    188c:	b17fe2ef          	jal	t0,3a2 <__riscv_save_0>
    1890:	842a                	mv	s0,a0
    1892:	0551                	addi	a0,a0,20
    1894:	1141                	addi	sp,sp,-16
    1896:	cc08                	sw	a0,24(s0)
    1898:	c848                	sw	a0,20(s0)
    189a:	d00c                	sw	a1,32(s0)
    189c:	d050                	sw	a2,36(s0)
    189e:	d414                	sw	a3,40(s0)
    18a0:	863a                	mv	a2,a4
    18a2:	d458                	sw	a4,44(s0)
    18a4:	02300593          	li	a1,35
    18a8:	8536                	mv	a0,a3
    18aa:	c63e                	sw	a5,12(sp)
    18ac:	c442                	sw	a6,8(sp)
    18ae:	bdaff0ef          	jal	ra,c88 <rt_memset>
    18b2:	5458                	lw	a4,44(s0)
    18b4:	5410                	lw	a2,40(s0)
    18b6:	504c                	lw	a1,36(s0)
    18b8:	5008                	lw	a0,32(s0)
    18ba:	1771                	addi	a4,a4,-4
    18bc:	000026b7          	lui	a3,0x2
    18c0:	963a                	add	a2,a2,a4
    18c2:	83c68693          	addi	a3,a3,-1988 # 183c <rt_thread_exit>
    18c6:	29c1                	jal	1d96 <rt_hw_stack_init>
    18c8:	47b2                	lw	a5,12(sp)
    18ca:	4822                	lw	a6,8(sp)
    18cc:	00002637          	lui	a2,0x2
    18d0:	cc48                	sw	a0,28(s0)
    18d2:	02f40b23          	sb	a5,54(s0)
    18d6:	02f40aa3          	sb	a5,53(s0)
    18da:	02042c23          	sw	zero,56(s0)
    18de:	4781                	li	a5,0
    18e0:	05042223          	sw	a6,68(s0)
    18e4:	05042423          	sw	a6,72(s0)
    18e8:	02042823          	sw	zero,48(s0)
    18ec:	02040a23          	sb	zero,52(s0)
    18f0:	06042c23          	sw	zero,120(s0)
    18f4:	06042e23          	sw	zero,124(s0)
    18f8:	4701                	li	a4,0
    18fa:	86a2                	mv	a3,s0
    18fc:	91a60613          	addi	a2,a2,-1766 # 191a <rt_thread_timeout>
    1900:	85a2                	mv	a1,s0
    1902:	04c40513          	addi	a0,s0,76
    1906:	24e9                	jal	1bd0 <rt_timer_init>
    1908:	8701a783          	lw	a5,-1936(gp) # 200001c0 <rt_thread_inited_hook>
    190c:	c399                	beqz	a5,1912 <_rt_thread_init.isra.0+0x86>
    190e:	8522                	mv	a0,s0
    1910:	9782                	jalr	a5
    1912:	4501                	li	a0,0
    1914:	0141                	addi	sp,sp,16
    1916:	ab1fe06f          	j	3c6 <__riscv_restore_0>

0000191a <rt_thread_timeout>:
    191a:	a89fe2ef          	jal	t0,3a2 <__riscv_save_0>
    191e:	4950                	lw	a2,20(a0)
    1920:	4d14                	lw	a3,24(a0)
    1922:	5779                	li	a4,-2
    1924:	d918                	sw	a4,48(a0)
    1926:	c254                	sw	a3,4(a2)
    1928:	01450713          	addi	a4,a0,20
    192c:	c290                	sw	a2,0(a3)
    192e:	cd18                	sw	a4,24(a0)
    1930:	c958                	sw	a4,20(a0)
    1932:	353d                	jal	1760 <rt_schedule_insert_thread>
    1934:	33c9                	jal	16f6 <rt_schedule>
    1936:	a91fe06f          	j	3c6 <__riscv_restore_0>

0000193a <rt_thread_init>:
    193a:	a69fe2ef          	jal	t0,3a2 <__riscv_save_0>
    193e:	1141                	addi	sp,sp,-16
    1940:	84b2                	mv	s1,a2
    1942:	862e                	mv	a2,a1
    1944:	4585                	li	a1,1
    1946:	842a                	mv	s0,a0
    1948:	8936                	mv	s2,a3
    194a:	c046                	sw	a7,0(sp)
    194c:	c63a                	sw	a4,12(sp)
    194e:	c43e                	sw	a5,8(sp)
    1950:	c242                	sw	a6,4(sp)
    1952:	c2fff0ef          	jal	ra,1580 <rt_object_init>
    1956:	4802                	lw	a6,0(sp)
    1958:	4792                	lw	a5,4(sp)
    195a:	4722                	lw	a4,8(sp)
    195c:	46b2                	lw	a3,12(sp)
    195e:	864a                	mv	a2,s2
    1960:	85a6                	mv	a1,s1
    1962:	8522                	mv	a0,s0
    1964:	3725                	jal	188c <_rt_thread_init.isra.0>
    1966:	0141                	addi	sp,sp,16
    1968:	a5ffe06f          	j	3c6 <__riscv_restore_0>

0000196c <rt_thread_self>:
    196c:	8581a503          	lw	a0,-1960(gp) # 200001a8 <rt_current_thread>
    1970:	8082                	ret

00001972 <rt_thread_create>:
    1972:	a17fe2ef          	jal	t0,388 <__riscv_save_4>
    1976:	1141                	addi	sp,sp,-16
    1978:	892e                	mv	s2,a1
    197a:	85aa                	mv	a1,a0
    197c:	4505                	li	a0,1
    197e:	c632                	sw	a2,12(sp)
    1980:	84b6                	mv	s1,a3
    1982:	89ba                	mv	s3,a4
    1984:	8a3e                	mv	s4,a5
    1986:	c87ff0ef          	jal	ra,160c <rt_object_allocate>
    198a:	842a                	mv	s0,a0
    198c:	c911                	beqz	a0,19a0 <rt_thread_create+0x2e>
    198e:	8526                	mv	a0,s1
    1990:	9cdff0ef          	jal	ra,135c <rt_malloc>
    1994:	4632                	lw	a2,12(sp)
    1996:	e909                	bnez	a0,19a8 <rt_thread_create+0x36>
    1998:	8522                	mv	a0,s0
    199a:	cc9ff0ef          	jal	ra,1662 <rt_object_delete>
    199e:	4401                	li	s0,0
    19a0:	8522                	mv	a0,s0
    19a2:	0141                	addi	sp,sp,16
    19a4:	a19fe06f          	j	3bc <__riscv_restore_4>
    19a8:	86aa                	mv	a3,a0
    19aa:	8852                	mv	a6,s4
    19ac:	87ce                	mv	a5,s3
    19ae:	8726                	mv	a4,s1
    19b0:	85ca                	mv	a1,s2
    19b2:	8522                	mv	a0,s0
    19b4:	3de1                	jal	188c <_rt_thread_init.isra.0>
    19b6:	b7ed                	j	19a0 <rt_thread_create+0x2e>

000019b8 <rt_thread_delete>:
    19b8:	9ebfe2ef          	jal	t0,3a2 <__riscv_save_0>
    19bc:	03454783          	lbu	a5,52(a0)
    19c0:	842a                	mv	s0,a0
    19c2:	8bbd                	andi	a5,a5,15
    19c4:	c399                	beqz	a5,19ca <rt_thread_delete+0x12>
    19c6:	de3ff0ef          	jal	ra,17a8 <rt_schedule_remove_thread>
    19ca:	04c40513          	addi	a0,s0,76
    19ce:	2c35                	jal	1c0a <rt_timer_detach>
    19d0:	4791                	li	a5,4
    19d2:	02f40a23          	sb	a5,52(s0)
    19d6:	2911                	jal	1dea <rt_hw_interrupt_disable>
    19d8:	8641a683          	lw	a3,-1948(gp) # 200001b4 <rt_thread_defunct>
    19dc:	01440713          	addi	a4,s0,20
    19e0:	86e1a223          	sw	a4,-1948(gp) # 200001b4 <rt_thread_defunct>
    19e4:	c2d8                	sw	a4,4(a3)
    19e6:	86418793          	addi	a5,gp,-1948 # 200001b4 <rt_thread_defunct>
    19ea:	c854                	sw	a3,20(s0)
    19ec:	cc1c                	sw	a5,24(s0)
    19ee:	2121                	jal	1df6 <rt_hw_interrupt_enable>
    19f0:	4501                	li	a0,0
    19f2:	9d5fe06f          	j	3c6 <__riscv_restore_0>

000019f6 <rt_thread_yield>:
    19f6:	9adfe2ef          	jal	t0,3a2 <__riscv_save_0>
    19fa:	2ec5                	jal	1dea <rt_hw_interrupt_disable>
    19fc:	8581a783          	lw	a5,-1960(gp) # 200001a8 <rt_current_thread>
    1a00:	4605                	li	a2,1
    1a02:	86aa                	mv	a3,a0
    1a04:	0347c703          	lbu	a4,52(a5)
    1a08:	8b3d                	andi	a4,a4,15
    1a0a:	02c71c63          	bne	a4,a2,1a42 <rt_thread_yield+0x4c>
    1a0e:	4bd0                	lw	a2,20(a5)
    1a10:	4f98                	lw	a4,24(a5)
    1a12:	02e60863          	beq	a2,a4,1a42 <rt_thread_yield+0x4c>
    1a16:	c258                	sw	a4,4(a2)
    1a18:	c310                	sw	a2,0(a4)
    1a1a:	0357c603          	lbu	a2,53(a5)
    1a1e:	01478693          	addi	a3,a5,20
    1a22:	060e                	slli	a2,a2,0x3
    1a24:	bf018713          	addi	a4,gp,-1040 # 20000540 <rt_thread_priority_table>
    1a28:	cf94                	sw	a3,24(a5)
    1a2a:	9732                	add	a4,a4,a2
    1a2c:	4350                	lw	a2,4(a4)
    1a2e:	c214                	sw	a3,0(a2)
    1a30:	cf90                	sw	a2,24(a5)
    1a32:	c354                	sw	a3,4(a4)
    1a34:	cbd8                	sw	a4,20(a5)
    1a36:	26c1                	jal	1df6 <rt_hw_interrupt_enable>
    1a38:	cbfff0ef          	jal	ra,16f6 <rt_schedule>
    1a3c:	4501                	li	a0,0
    1a3e:	989fe06f          	j	3c6 <__riscv_restore_0>
    1a42:	8536                	mv	a0,a3
    1a44:	2e4d                	jal	1df6 <rt_hw_interrupt_enable>
    1a46:	bfdd                	j	1a3c <rt_thread_yield+0x46>

00001a48 <rt_thread_suspend>:
    1a48:	03454783          	lbu	a5,52(a0)
    1a4c:	4705                	li	a4,1
    1a4e:	8bbd                	andi	a5,a5,15
    1a50:	02e79f63          	bne	a5,a4,1a8e <rt_thread_suspend+0x46>
    1a54:	94ffe2ef          	jal	t0,3a2 <__riscv_save_0>
    1a58:	842a                	mv	s0,a0
    1a5a:	2e41                	jal	1dea <rt_hw_interrupt_disable>
    1a5c:	03444783          	lbu	a5,52(s0)
    1a60:	84aa                	mv	s1,a0
    1a62:	8522                	mv	a0,s0
    1a64:	9bc1                	andi	a5,a5,-16
    1a66:	0027e793          	ori	a5,a5,2
    1a6a:	02f40a23          	sb	a5,52(s0)
    1a6e:	d3bff0ef          	jal	ra,17a8 <rt_schedule_remove_thread>
    1a72:	04c40513          	addi	a0,s0,76
    1a76:	2c0d                	jal	1ca8 <rt_timer_stop>
    1a78:	8526                	mv	a0,s1
    1a7a:	2eb5                	jal	1df6 <rt_hw_interrupt_enable>
    1a7c:	8781a783          	lw	a5,-1928(gp) # 200001c8 <rt_thread_suspend_hook>
    1a80:	4501                	li	a0,0
    1a82:	c781                	beqz	a5,1a8a <rt_thread_suspend+0x42>
    1a84:	8522                	mv	a0,s0
    1a86:	9782                	jalr	a5
    1a88:	4501                	li	a0,0
    1a8a:	93dfe06f          	j	3c6 <__riscv_restore_0>
    1a8e:	557d                	li	a0,-1
    1a90:	8082                	ret

00001a92 <rt_thread_sleep>:
    1a92:	911fe2ef          	jal	t0,3a2 <__riscv_save_0>
    1a96:	1141                	addi	sp,sp,-16
    1a98:	c62a                	sw	a0,12(sp)
    1a9a:	2e81                	jal	1dea <rt_hw_interrupt_disable>
    1a9c:	8581a403          	lw	s0,-1960(gp) # 200001a8 <rt_current_thread>
    1aa0:	892a                	mv	s2,a0
    1aa2:	8522                	mv	a0,s0
    1aa4:	3755                	jal	1a48 <rt_thread_suspend>
    1aa6:	04c40493          	addi	s1,s0,76
    1aaa:	0070                	addi	a2,sp,12
    1aac:	4581                	li	a1,0
    1aae:	8526                	mv	a0,s1
    1ab0:	242d                	jal	1cda <rt_timer_control>
    1ab2:	8526                	mv	a0,s1
    1ab4:	2a95                	jal	1c28 <rt_timer_start>
    1ab6:	854a                	mv	a0,s2
    1ab8:	2e3d                	jal	1df6 <rt_hw_interrupt_enable>
    1aba:	c3dff0ef          	jal	ra,16f6 <rt_schedule>
    1abe:	5818                	lw	a4,48(s0)
    1ac0:	57f9                	li	a5,-2
    1ac2:	00f71463          	bne	a4,a5,1aca <rt_thread_sleep+0x38>
    1ac6:	02042823          	sw	zero,48(s0)
    1aca:	4501                	li	a0,0
    1acc:	0141                	addi	sp,sp,16
    1ace:	8f9fe06f          	j	3c6 <__riscv_restore_0>

00001ad2 <rt_thread_mdelay>:
    1ad2:	8d1fe2ef          	jal	t0,3a2 <__riscv_save_0>
    1ad6:	9d3fe0ef          	jal	ra,4a8 <rt_tick_from_millisecond>
    1ada:	3f65                	jal	1a92 <rt_thread_sleep>
    1adc:	8ebfe06f          	j	3c6 <__riscv_restore_0>

00001ae0 <rt_thread_resume>:
    1ae0:	03454783          	lbu	a5,52(a0)
    1ae4:	4709                	li	a4,2
    1ae6:	8bbd                	andi	a5,a5,15
    1ae8:	04e79063          	bne	a5,a4,1b28 <rt_thread_resume+0x48>
    1aec:	8b7fe2ef          	jal	t0,3a2 <__riscv_save_0>
    1af0:	842a                	mv	s0,a0
    1af2:	2ce5                	jal	1dea <rt_hw_interrupt_disable>
    1af4:	4854                	lw	a3,20(s0)
    1af6:	4c18                	lw	a4,24(s0)
    1af8:	01440793          	addi	a5,s0,20
    1afc:	84aa                	mv	s1,a0
    1afe:	c2d8                	sw	a4,4(a3)
    1b00:	c314                	sw	a3,0(a4)
    1b02:	cc1c                	sw	a5,24(s0)
    1b04:	c85c                	sw	a5,20(s0)
    1b06:	04c40513          	addi	a0,s0,76
    1b0a:	2a79                	jal	1ca8 <rt_timer_stop>
    1b0c:	8526                	mv	a0,s1
    1b0e:	24e5                	jal	1df6 <rt_hw_interrupt_enable>
    1b10:	8522                	mv	a0,s0
    1b12:	c4fff0ef          	jal	ra,1760 <rt_schedule_insert_thread>
    1b16:	8741a783          	lw	a5,-1932(gp) # 200001c4 <rt_thread_resume_hook>
    1b1a:	4501                	li	a0,0
    1b1c:	c781                	beqz	a5,1b24 <rt_thread_resume+0x44>
    1b1e:	8522                	mv	a0,s0
    1b20:	9782                	jalr	a5
    1b22:	4501                	li	a0,0
    1b24:	8a3fe06f          	j	3c6 <__riscv_restore_0>
    1b28:	557d                	li	a0,-1
    1b2a:	8082                	ret

00001b2c <rt_thread_startup>:
    1b2c:	877fe2ef          	jal	t0,3a2 <__riscv_save_0>
    1b30:	03654683          	lbu	a3,54(a0)
    1b34:	4705                	li	a4,1
    1b36:	00d71733          	sll	a4,a4,a3
    1b3a:	dd18                	sw	a4,56(a0)
    1b3c:	4709                	li	a4,2
    1b3e:	02d50aa3          	sb	a3,53(a0)
    1b42:	02e50a23          	sb	a4,52(a0)
    1b46:	3f69                	jal	1ae0 <rt_thread_resume>
    1b48:	8581a783          	lw	a5,-1960(gp) # 200001a8 <rt_current_thread>
    1b4c:	c399                	beqz	a5,1b52 <rt_thread_startup+0x26>
    1b4e:	ba9ff0ef          	jal	ra,16f6 <rt_schedule>
    1b52:	4501                	li	a0,0
    1b54:	873fe06f          	j	3c6 <__riscv_restore_0>

00001b58 <rt_thread_control>:
    1b58:	831fe2ef          	jal	t0,388 <__riscv_save_4>
    1b5c:	4905                	li	s2,1
    1b5e:	05258d63          	beq	a1,s2,1bb8 <rt_thread_control+0x60>
    1b62:	4789                	li	a5,2
    1b64:	00f58663          	beq	a1,a5,1b70 <rt_thread_control+0x18>
    1b68:	c5b1                	beqz	a1,1bb4 <rt_thread_control+0x5c>
    1b6a:	4501                	li	a0,0
    1b6c:	851fe06f          	j	3bc <__riscv_restore_4>
    1b70:	842a                	mv	s0,a0
    1b72:	89b2                	mv	s3,a2
    1b74:	2c9d                	jal	1dea <rt_hw_interrupt_disable>
    1b76:	03444483          	lbu	s1,52(s0)
    1b7a:	8a2a                	mv	s4,a0
    1b7c:	88bd                	andi	s1,s1,15
    1b7e:	03249263          	bne	s1,s2,1ba2 <rt_thread_control+0x4a>
    1b82:	8522                	mv	a0,s0
    1b84:	c25ff0ef          	jal	ra,17a8 <rt_schedule_remove_thread>
    1b88:	0009c783          	lbu	a5,0(s3) # 10000 <__rt_init_end+0x906c>
    1b8c:	8522                	mv	a0,s0
    1b8e:	00f494b3          	sll	s1,s1,a5
    1b92:	02f40aa3          	sb	a5,53(s0)
    1b96:	dc04                	sw	s1,56(s0)
    1b98:	bc9ff0ef          	jal	ra,1760 <rt_schedule_insert_thread>
    1b9c:	8552                	mv	a0,s4
    1b9e:	2ca1                	jal	1df6 <rt_hw_interrupt_enable>
    1ba0:	b7e9                	j	1b6a <rt_thread_control+0x12>
    1ba2:	0009c783          	lbu	a5,0(s3)
    1ba6:	00f91933          	sll	s2,s2,a5
    1baa:	02f40aa3          	sb	a5,53(s0)
    1bae:	03242c23          	sw	s2,56(s0)
    1bb2:	b7ed                	j	1b9c <rt_thread_control+0x44>
    1bb4:	3fa5                	jal	1b2c <rt_thread_startup>
    1bb6:	bf5d                	j	1b6c <rt_thread_control+0x14>
    1bb8:	e01ff0ef          	jal	ra,19b8 <rt_thread_delete>
    1bbc:	bf45                	j	1b6c <rt_thread_control+0x14>

00001bbe <_rt_timer_remove.part.1>:
    1bbe:	4954                	lw	a3,20(a0)
    1bc0:	4d18                	lw	a4,24(a0)
    1bc2:	01450793          	addi	a5,a0,20
    1bc6:	c2d8                	sw	a4,4(a3)
    1bc8:	c314                	sw	a3,0(a4)
    1bca:	cd1c                	sw	a5,24(a0)
    1bcc:	c95c                	sw	a5,20(a0)
    1bce:	8082                	ret

00001bd0 <rt_timer_init>:
    1bd0:	fd2fe2ef          	jal	t0,3a2 <__riscv_save_0>
    1bd4:	1141                	addi	sp,sp,-16
    1bd6:	84b2                	mv	s1,a2
    1bd8:	862e                	mv	a2,a1
    1bda:	45a9                	li	a1,10
    1bdc:	842a                	mv	s0,a0
    1bde:	c636                	sw	a3,12(sp)
    1be0:	c43a                	sw	a4,8(sp)
    1be2:	c23e                	sw	a5,4(sp)
    1be4:	99dff0ef          	jal	ra,1580 <rt_object_init>
    1be8:	4792                	lw	a5,4(sp)
    1bea:	46b2                	lw	a3,12(sp)
    1bec:	4722                	lw	a4,8(sp)
    1bee:	9bf9                	andi	a5,a5,-2
    1bf0:	b41c                	sb	a5,9(s0)
    1bf2:	01440793          	addi	a5,s0,20
    1bf6:	cc44                	sw	s1,28(s0)
    1bf8:	d014                	sw	a3,32(s0)
    1bfa:	02042423          	sw	zero,40(s0)
    1bfe:	d058                	sw	a4,36(s0)
    1c00:	cc1c                	sw	a5,24(s0)
    1c02:	c85c                	sw	a5,20(s0)
    1c04:	0141                	addi	sp,sp,16
    1c06:	fc0fe06f          	j	3c6 <__riscv_restore_0>

00001c0a <rt_timer_detach>:
    1c0a:	f98fe2ef          	jal	t0,3a2 <__riscv_save_0>
    1c0e:	842a                	mv	s0,a0
    1c10:	2ae9                	jal	1dea <rt_hw_interrupt_disable>
    1c12:	84aa                	mv	s1,a0
    1c14:	8522                	mv	a0,s0
    1c16:	3765                	jal	1bbe <_rt_timer_remove.part.1>
    1c18:	8526                	mv	a0,s1
    1c1a:	2af1                	jal	1df6 <rt_hw_interrupt_enable>
    1c1c:	8522                	mv	a0,s0
    1c1e:	9c1ff0ef          	jal	ra,15de <rt_object_detach>
    1c22:	4501                	li	a0,0
    1c24:	fa2fe06f          	j	3c6 <__riscv_restore_0>

00001c28 <rt_timer_start>:
    1c28:	f7afe2ef          	jal	t0,3a2 <__riscv_save_0>
    1c2c:	842a                	mv	s0,a0
    1c2e:	2a75                	jal	1dea <rt_hw_interrupt_disable>
    1c30:	84aa                	mv	s1,a0
    1c32:	8522                	mv	a0,s0
    1c34:	3769                	jal	1bbe <_rt_timer_remove.part.1>
    1c36:	341c                	lbu	a5,9(s0)
    1c38:	8526                	mv	a0,s1
    1c3a:	9bf9                	andi	a5,a5,-2
    1c3c:	b41c                	sb	a5,9(s0)
    1c3e:	2a65                	jal	1df6 <rt_hw_interrupt_enable>
    1c40:	84c1a783          	lw	a5,-1972(gp) # 2000019c <rt_object_take_hook>
    1c44:	c399                	beqz	a5,1c4a <rt_timer_start+0x22>
    1c46:	8522                	mv	a0,s0
    1c48:	9782                	jalr	a5
    1c4a:	831fe0ef          	jal	ra,47a <rt_tick_get>
    1c4e:	505c                	lw	a5,36(s0)
    1c50:	953e                	add	a0,a0,a5
    1c52:	d408                	sw	a0,40(s0)
    1c54:	2a59                	jal	1dea <rt_hw_interrupt_disable>
    1c56:	88818713          	addi	a4,gp,-1912 # 200001d8 <rt_timer_list>
    1c5a:	00472803          	lw	a6,4(a4)
    1c5e:	80000637          	lui	a2,0x80000
    1c62:	88818793          	addi	a5,gp,-1912 # 200001d8 <rt_timer_list>
    1c66:	ffe64613          	xori	a2,a2,-2
    1c6a:	4398                	lw	a4,0(a5)
    1c6c:	02f81563          	bne	a6,a5,1c96 <rt_timer_start+0x6e>
    1c70:	87c18693          	addi	a3,gp,-1924 # 200001cc <random_nr.2483>
    1c74:	4290                	lw	a2,0(a3)
    1c76:	0605                	addi	a2,a2,1
    1c78:	c290                	sw	a2,0(a3)
    1c7a:	01440693          	addi	a3,s0,20
    1c7e:	c354                	sw	a3,4(a4)
    1c80:	c858                	sw	a4,20(s0)
    1c82:	c394                	sw	a3,0(a5)
    1c84:	cc1c                	sw	a5,24(s0)
    1c86:	341c                	lbu	a5,9(s0)
    1c88:	0017e793          	ori	a5,a5,1
    1c8c:	b41c                	sb	a5,9(s0)
    1c8e:	22a5                	jal	1df6 <rt_hw_interrupt_enable>
    1c90:	4501                	li	a0,0
    1c92:	f34fe06f          	j	3c6 <__riscv_restore_0>
    1c96:	4b54                	lw	a3,20(a4)
    1c98:	540c                	lw	a1,40(s0)
    1c9a:	00b68563          	beq	a3,a1,1ca4 <rt_timer_start+0x7c>
    1c9e:	8e8d                	sub	a3,a3,a1
    1ca0:	fcd678e3          	bgeu	a2,a3,1c70 <rt_timer_start+0x48>
    1ca4:	87ba                	mv	a5,a4
    1ca6:	b7d1                	j	1c6a <rt_timer_start+0x42>

00001ca8 <rt_timer_stop>:
    1ca8:	351c                	lbu	a5,9(a0)
    1caa:	8b85                	andi	a5,a5,1
    1cac:	c78d                	beqz	a5,1cd6 <rt_timer_stop+0x2e>
    1cae:	ef4fe2ef          	jal	t0,3a2 <__riscv_save_0>
    1cb2:	8481a783          	lw	a5,-1976(gp) # 20000198 <rt_object_put_hook>
    1cb6:	842a                	mv	s0,a0
    1cb8:	c391                	beqz	a5,1cbc <rt_timer_stop+0x14>
    1cba:	9782                	jalr	a5
    1cbc:	223d                	jal	1dea <rt_hw_interrupt_disable>
    1cbe:	84aa                	mv	s1,a0
    1cc0:	8522                	mv	a0,s0
    1cc2:	efdff0ef          	jal	ra,1bbe <_rt_timer_remove.part.1>
    1cc6:	8526                	mv	a0,s1
    1cc8:	223d                	jal	1df6 <rt_hw_interrupt_enable>
    1cca:	341c                	lbu	a5,9(s0)
    1ccc:	4501                	li	a0,0
    1cce:	9bf9                	andi	a5,a5,-2
    1cd0:	b41c                	sb	a5,9(s0)
    1cd2:	ef4fe06f          	j	3c6 <__riscv_restore_0>
    1cd6:	557d                	li	a0,-1
    1cd8:	8082                	ret

00001cda <rt_timer_control>:
    1cda:	4785                	li	a5,1
    1cdc:	02f58163          	beq	a1,a5,1cfe <rt_timer_control+0x24>
    1ce0:	00b7c563          	blt	a5,a1,1cea <rt_timer_control+0x10>
    1ce4:	c185                	beqz	a1,1d04 <rt_timer_control+0x2a>
    1ce6:	4501                	li	a0,0
    1ce8:	8082                	ret
    1cea:	4789                	li	a5,2
    1cec:	00f58f63          	beq	a1,a5,1d0a <rt_timer_control+0x30>
    1cf0:	478d                	li	a5,3
    1cf2:	fef59ae3          	bne	a1,a5,1ce6 <rt_timer_control+0xc>
    1cf6:	351c                	lbu	a5,9(a0)
    1cf8:	0027e793          	ori	a5,a5,2
    1cfc:	a809                	j	1d0e <rt_timer_control+0x34>
    1cfe:	515c                	lw	a5,36(a0)
    1d00:	c21c                	sw	a5,0(a2)
    1d02:	b7d5                	j	1ce6 <rt_timer_control+0xc>
    1d04:	421c                	lw	a5,0(a2)
    1d06:	d15c                	sw	a5,36(a0)
    1d08:	bff9                	j	1ce6 <rt_timer_control+0xc>
    1d0a:	351c                	lbu	a5,9(a0)
    1d0c:	9bf5                	andi	a5,a5,-3
    1d0e:	b51c                	sb	a5,9(a0)
    1d10:	bfd9                	j	1ce6 <rt_timer_control+0xc>

00001d12 <rt_timer_check>:
    1d12:	e68fe2ef          	jal	t0,37a <__riscv_save_10>
    1d16:	f64fe0ef          	jal	ra,47a <rt_tick_get>
    1d1a:	8c2a                	mv	s8,a0
    1d1c:	20f9                	jal	1dea <rt_hw_interrupt_disable>
    1d1e:	800009b7          	lui	s3,0x80000
    1d22:	8a2a                	mv	s4,a0
    1d24:	88818493          	addi	s1,gp,-1912 # 200001d8 <rt_timer_list>
    1d28:	ffe9c993          	xori	s3,s3,-2
    1d2c:	4b8d                	li	s7,3
    1d2e:	4080                	lw	s0,0(s1)
    1d30:	00941663          	bne	s0,s1,1d3c <rt_timer_check+0x2a>
    1d34:	8552                	mv	a0,s4
    1d36:	20c1                	jal	1df6 <rt_hw_interrupt_enable>
    1d38:	e7afe06f          	j	3b2 <__riscv_restore_10>
    1d3c:	4848                	lw	a0,20(s0)
    1d3e:	fec40913          	addi	s2,s0,-20
    1d42:	40ac0533          	sub	a0,s8,a0
    1d46:	fea9e7e3          	bltu	s3,a0,1d34 <rt_timer_check+0x22>
    1d4a:	8801a783          	lw	a5,-1920(gp) # 200001d0 <rt_timer_enter_hook>
    1d4e:	c399                	beqz	a5,1d54 <rt_timer_check+0x42>
    1d50:	854a                	mv	a0,s2
    1d52:	9782                	jalr	a5
    1d54:	854a                	mv	a0,s2
    1d56:	e69ff0ef          	jal	ra,1bbe <_rt_timer_remove.part.1>
    1d5a:	441c                	lw	a5,8(s0)
    1d5c:	4448                	lw	a0,12(s0)
    1d5e:	9782                	jalr	a5
    1d60:	f1afe0ef          	jal	ra,47a <rt_tick_get>
    1d64:	8841a783          	lw	a5,-1916(gp) # 200001d4 <rt_timer_exit_hook>
    1d68:	8c2a                	mv	s8,a0
    1d6a:	c399                	beqz	a5,1d70 <rt_timer_check+0x5e>
    1d6c:	854a                	mv	a0,s2
    1d6e:	9782                	jalr	a5
    1d70:	ff544783          	lbu	a5,-11(s0)
    1d74:	0fe7f713          	andi	a4,a5,254
    1d78:	fee40aa3          	sb	a4,-11(s0)
    1d7c:	8b8d                	andi	a5,a5,3
    1d7e:	fb7798e3          	bne	a5,s7,1d2e <rt_timer_check+0x1c>
    1d82:	854a                	mv	a0,s2
    1d84:	ea5ff0ef          	jal	ra,1c28 <rt_timer_start>
    1d88:	b75d                	j	1d2e <rt_timer_check+0x1c>

00001d8a <rt_system_timer_init>:
    1d8a:	88818793          	addi	a5,gp,-1912 # 200001d8 <rt_timer_list>
    1d8e:	c3dc                	sw	a5,4(a5)
    1d90:	c39c                	sw	a5,0(a5)
    1d92:	8082                	ret

00001d94 <rt_system_timer_thread_init>:
    1d94:	8082                	ret

00001d96 <rt_hw_stack_init>:
    1d96:	0611                	addi	a2,a2,4
    1d98:	9a71                	andi	a2,a2,-4
    1d9a:	882a                	mv	a6,a0
    1d9c:	deadc737          	lui	a4,0xdeadc
    1da0:	f8060513          	addi	a0,a2,-128 # 7fffff80 <_eusrstack+0x5ffe7f80>
    1da4:	87aa                	mv	a5,a0
    1da6:	eef70713          	addi	a4,a4,-273 # deadbeef <_eusrstack+0xbeac3eef>
    1daa:	00f61e63          	bne	a2,a5,1dc6 <rt_hw_stack_init+0x30>
    1dae:	67a1                	lui	a5,0x8
    1db0:	88078793          	addi	a5,a5,-1920 # 7880 <__rt_init_end+0x8ec>
    1db4:	f8d62223          	sw	a3,-124(a2)
    1db8:	fab62423          	sw	a1,-88(a2)
    1dbc:	f9062023          	sw	a6,-128(a2)
    1dc0:	f8f62423          	sw	a5,-120(a2)
    1dc4:	8082                	ret
    1dc6:	c398                	sw	a4,0(a5)
    1dc8:	0791                	addi	a5,a5,4
    1dca:	b7c5                	j	1daa <rt_hw_stack_init+0x14>

00001dcc <sw_setpend>:
    1dcc:	e000f737          	lui	a4,0xe000f
    1dd0:	431c                	lw	a5,0(a4)
    1dd2:	800006b7          	lui	a3,0x80000
    1dd6:	8fd5                	or	a5,a5,a3
    1dd8:	c31c                	sw	a5,0(a4)
    1dda:	8082                	ret

00001ddc <sw_clearpend>:
    1ddc:	e000f737          	lui	a4,0xe000f
    1de0:	431c                	lw	a5,0(a4)
    1de2:	0786                	slli	a5,a5,0x1
    1de4:	8385                	srli	a5,a5,0x1
    1de6:	c31c                	sw	a5,0(a4)
    1de8:	8082                	ret

00001dea <rt_hw_interrupt_disable>:
    1dea:	6521                	lui	a0,0x8
    1dec:	80050513          	addi	a0,a0,-2048 # 7800 <__rt_init_end+0x86c>
    1df0:	30051573          	csrrw	a0,mstatus,a0
    1df4:	8082                	ret

00001df6 <rt_hw_interrupt_enable>:
    1df6:	30051073          	csrw	mstatus,a0
    1dfa:	8082                	ret

00001dfc <rt_hw_context_switch_interrupt>:
    1dfc:	da6fe2ef          	jal	t0,3a2 <__riscv_save_0>
    1e00:	89818713          	addi	a4,gp,-1896 # 200001e8 <rt_thread_switch_interrupt_flag>
    1e04:	4318                	lw	a4,0(a4)
    1e06:	89818793          	addi	a5,gp,-1896 # 200001e8 <rt_thread_switch_interrupt_flag>
    1e0a:	e319                	bnez	a4,1e10 <rt_hw_context_switch_interrupt+0x14>
    1e0c:	88a1a823          	sw	a0,-1904(gp) # 200001e0 <rt_interrupt_from_thread>
    1e10:	88b1aa23          	sw	a1,-1900(gp) # 200001e4 <rt_interrupt_to_thread>
    1e14:	4705                	li	a4,1
    1e16:	c398                	sw	a4,0(a5)
    1e18:	3f55                	jal	1dcc <sw_setpend>
    1e1a:	dacfe06f          	j	3c6 <__riscv_restore_0>

00001e1e <rt_list_len>:
    1e1e:	872a                	mv	a4,a0
    1e20:	4781                	li	a5,0
    1e22:	4318                	lw	a4,0(a4)
    1e24:	00a71463          	bne	a4,a0,1e2c <rt_list_len+0xe>
    1e28:	853e                	mv	a0,a5
    1e2a:	8082                	ret
    1e2c:	0785                	addi	a5,a5,1
    1e2e:	bfd5                	j	1e22 <rt_list_len+0x4>

00001e30 <reboot>:
    1e30:	beef07b7          	lui	a5,0xbeef0
    1e34:	e000e737          	lui	a4,0xe000e
    1e38:	08078793          	addi	a5,a5,128 # beef0080 <_eusrstack+0x9eed8080>
    1e3c:	c73c                	sw	a5,72(a4)
    1e3e:	4501                	li	a0,0
    1e40:	8082                	ret

00001e42 <clear>:
    1e42:	d60fe2ef          	jal	t0,3a2 <__riscv_save_0>
    1e46:	00006537          	lui	a0,0x6
    1e4a:	9d850513          	addi	a0,a0,-1576 # 59d8 <__fsym_list_mem_name+0x9c>
    1e4e:	b14ff0ef          	jal	ra,1162 <rt_kprintf>
    1e52:	4501                	li	a0,0
    1e54:	d72fe06f          	j	3c6 <__riscv_restore_0>

00001e58 <object_split>:
    1e58:	d4afe2ef          	jal	t0,3a2 <__riscv_save_0>
    1e5c:	842a                	mv	s0,a0
    1e5e:	54fd                	li	s1,-1
    1e60:	00006937          	lui	s2,0x6
    1e64:	147d                	addi	s0,s0,-1
    1e66:	00941463          	bne	s0,s1,1e6e <object_split+0x16>
    1e6a:	d5cfe06f          	j	3c6 <__riscv_restore_0>
    1e6e:	14090513          	addi	a0,s2,320 # 6140 <__fsym_reboot_name+0x8>
    1e72:	af0ff0ef          	jal	ra,1162 <rt_kprintf>
    1e76:	b7fd                	j	1e64 <object_split+0xc>

00001e78 <show_wait_queue>:
    1e78:	d10fe2ef          	jal	t0,388 <__riscv_save_4>
    1e7c:	4100                	lw	s0,0(a0)
    1e7e:	84aa                	mv	s1,a0
    1e80:	00006937          	lui	s2,0x6
    1e84:	000069b7          	lui	s3,0x6
    1e88:	00941463          	bne	s0,s1,1e90 <show_wait_queue+0x18>
    1e8c:	d30fe06f          	j	3bc <__riscv_restore_4>
    1e90:	fec40593          	addi	a1,s0,-20
    1e94:	14490513          	addi	a0,s2,324 # 6144 <__fsym_reboot_name+0xc>
    1e98:	acaff0ef          	jal	ra,1162 <rt_kprintf>
    1e9c:	401c                	lw	a5,0(s0)
    1e9e:	00978663          	beq	a5,s1,1eaa <show_wait_queue+0x32>
    1ea2:	14898513          	addi	a0,s3,328 # 6148 <__fsym_reboot_name+0x10>
    1ea6:	abcff0ef          	jal	ra,1162 <rt_kprintf>
    1eaa:	4000                	lw	s0,0(s0)
    1eac:	bff1                	j	1e88 <show_wait_queue+0x10>

00001eae <object_name_maxlen>:
    1eae:	cf4fe2ef          	jal	t0,3a2 <__riscv_save_0>
    1eb2:	892e                	mv	s2,a1
    1eb4:	efbfe0ef          	jal	ra,dae <rt_strlen>
    1eb8:	842a                	mv	s0,a0
    1eba:	935ff0ef          	jal	ra,17ee <rt_enter_critical>
    1ebe:	00092483          	lw	s1,0(s2)
    1ec2:	01249c63          	bne	s1,s2,1eda <object_name_maxlen+0x2c>
    1ec6:	943ff0ef          	jal	ra,1808 <rt_exit_critical>
    1eca:	47a1                	li	a5,8
    1ecc:	0087c363          	blt	a5,s0,1ed2 <object_name_maxlen+0x24>
    1ed0:	e011                	bnez	s0,1ed4 <object_name_maxlen+0x26>
    1ed2:	4421                	li	s0,8
    1ed4:	8522                	mv	a0,s0
    1ed6:	cf0fe06f          	j	3c6 <__riscv_restore_0>
    1eda:	ff448513          	addi	a0,s1,-12
    1ede:	ed1fe0ef          	jal	ra,dae <rt_strlen>
    1ee2:	00a45363          	bge	s0,a0,1ee8 <object_name_maxlen+0x3a>
    1ee6:	842a                	mv	s0,a0
    1ee8:	4084                	lw	s1,0(s1)
    1eea:	bfe1                	j	1ec2 <object_name_maxlen+0x14>

00001eec <list_thread>:
    1eec:	c8efe2ef          	jal	t0,37a <__riscv_save_10>
    1ef0:	4505                	li	a0,1
    1ef2:	e64ff0ef          	jal	ra,1556 <rt_object_get_information>
    1ef6:	000069b7          	lui	s3,0x6
    1efa:	00450913          	addi	s2,a0,4
    1efe:	842a                	mv	s0,a0
    1f00:	85ca                	mv	a1,s2
    1f02:	c8c98513          	addi	a0,s3,-884 # 5c8c <__fsym_list_mem_name+0x350>
    1f06:	fa9ff0ef          	jal	ra,1eae <object_name_maxlen>
    1f0a:	85aa                	mv	a1,a0
    1f0c:	84aa                	mv	s1,a0
    1f0e:	00006537          	lui	a0,0x6
    1f12:	c8c98613          	addi	a2,s3,-884
    1f16:	c9450513          	addi	a0,a0,-876 # 5c94 <__fsym_list_mem_name+0x358>
    1f1a:	a48ff0ef          	jal	ra,1162 <rt_kprintf>
    1f1e:	8526                	mv	a0,s1
    1f20:	f39ff0ef          	jal	ra,1e58 <object_split>
    1f24:	00006537          	lui	a0,0x6
    1f28:	cd850513          	addi	a0,a0,-808 # 5cd8 <__fsym_list_mem_name+0x39c>
    1f2c:	a36ff0ef          	jal	ra,1162 <rt_kprintf>
    1f30:	4040                	lw	s0,4(s0)
    1f32:	000069b7          	lui	s3,0x6
    1f36:	4a05                	li	s4,1
    1f38:	4a89                	li	s5,2
    1f3a:	00006b37          	lui	s6,0x6
    1f3e:	00006bb7          	lui	s7,0x6
    1f42:	00006c37          	lui	s8,0x6
    1f46:	00006cb7          	lui	s9,0x6
    1f4a:	00006d37          	lui	s10,0x6
    1f4e:	00891563          	bne	s2,s0,1f58 <list_thread+0x6c>
    1f52:	4501                	li	a0,0
    1f54:	c5efe06f          	j	3b2 <__riscv_restore_10>
    1f58:	02944703          	lbu	a4,41(s0)
    1f5c:	d1898513          	addi	a0,s3,-744 # 5d18 <__fsym_list_mem_name+0x3dc>
    1f60:	ff440693          	addi	a3,s0,-12
    1f64:	4621                	li	a2,8
    1f66:	85a6                	mv	a1,s1
    1f68:	9faff0ef          	jal	ra,1162 <rt_kprintf>
    1f6c:	02844783          	lbu	a5,40(s0)
    1f70:	d24c8513          	addi	a0,s9,-732 # 5d24 <__fsym_list_mem_name+0x3e8>
    1f74:	8bbd                	andi	a5,a5,15
    1f76:	01478e63          	beq	a5,s4,1f92 <list_thread+0xa6>
    1f7a:	d30c0513          	addi	a0,s8,-720 # 5d30 <__fsym_list_mem_name+0x3f4>
    1f7e:	01578a63          	beq	a5,s5,1f92 <list_thread+0xa6>
    1f82:	d3cb8513          	addi	a0,s7,-708 # 5d3c <__fsym_list_mem_name+0x400>
    1f86:	c791                	beqz	a5,1f92 <list_thread+0xa6>
    1f88:	4711                	li	a4,4
    1f8a:	00e79663          	bne	a5,a4,1f96 <list_thread+0xaa>
    1f8e:	d48b0513          	addi	a0,s6,-696 # 5d48 <__fsym_list_mem_name+0x40c>
    1f92:	9d0ff0ef          	jal	ra,1162 <rt_kprintf>
    1f96:	4c4c                	lw	a1,28(s0)
    1f98:	02300793          	li	a5,35
    1f9c:	86ae                	mv	a3,a1
    1f9e:	2298                	lbu	a4,0(a3)
    1fa0:	02f70663          	beq	a4,a5,1fcc <list_thread+0xe0>
    1fa4:	5010                	lw	a2,32(s0)
    1fa6:	06400793          	li	a5,100
    1faa:	4808                	lw	a0,16(s0)
    1fac:	95b2                	add	a1,a1,a2
    1fae:	40d586b3          	sub	a3,a1,a3
    1fb2:	02f686b3          	mul	a3,a3,a5
    1fb6:	5c58                	lw	a4,60(s0)
    1fb8:	505c                	lw	a5,36(s0)
    1fba:	8d89                	sub	a1,a1,a0
    1fbc:	d54d0513          	addi	a0,s10,-684 # 5d54 <__fsym_list_mem_name+0x418>
    1fc0:	02c6d6b3          	divu	a3,a3,a2
    1fc4:	99eff0ef          	jal	ra,1162 <rt_kprintf>
    1fc8:	4000                	lw	s0,0(s0)
    1fca:	b751                	j	1f4e <list_thread+0x62>
    1fcc:	0685                	addi	a3,a3,1
    1fce:	bfc1                	j	1f9e <list_thread+0xb2>

00001fd0 <list_sem>:
    1fd0:	bb8fe2ef          	jal	t0,388 <__riscv_save_4>
    1fd4:	1141                	addi	sp,sp,-16
    1fd6:	4509                	li	a0,2
    1fd8:	d7eff0ef          	jal	ra,1556 <rt_object_get_information>
    1fdc:	00450993          	addi	s3,a0,4
    1fe0:	00006937          	lui	s2,0x6
    1fe4:	842a                	mv	s0,a0
    1fe6:	85ce                	mv	a1,s3
    1fe8:	c2c90513          	addi	a0,s2,-980 # 5c2c <__fsym_list_mem_name+0x2f0>
    1fec:	ec3ff0ef          	jal	ra,1eae <object_name_maxlen>
    1ff0:	85aa                	mv	a1,a0
    1ff2:	84aa                	mv	s1,a0
    1ff4:	00006537          	lui	a0,0x6
    1ff8:	c2c90613          	addi	a2,s2,-980
    1ffc:	c3850513          	addi	a0,a0,-968 # 5c38 <__fsym_list_mem_name+0x2fc>
    2000:	962ff0ef          	jal	ra,1162 <rt_kprintf>
    2004:	8526                	mv	a0,s1
    2006:	e53ff0ef          	jal	ra,1e58 <object_split>
    200a:	00006537          	lui	a0,0x6
    200e:	c5450513          	addi	a0,a0,-940 # 5c54 <__fsym_list_mem_name+0x318>
    2012:	950ff0ef          	jal	ra,1162 <rt_kprintf>
    2016:	4040                	lw	s0,4(s0)
    2018:	00006a37          	lui	s4,0x6
    201c:	00006ab7          	lui	s5,0x6
    2020:	00006b37          	lui	s6,0x6
    2024:	00899663          	bne	s3,s0,2030 <list_sem+0x60>
    2028:	4501                	li	a0,0
    202a:	0141                	addi	sp,sp,16
    202c:	b90fe06f          	j	3bc <__riscv_restore_4>
    2030:	281a                	lhu	a4,16(s0)
    2032:	441c                	lw	a5,8(s0)
    2034:	ff440693          	addi	a3,s0,-12
    2038:	00840913          	addi	s2,s0,8
    203c:	c636                	sw	a3,12(sp)
    203e:	c43a                	sw	a4,8(sp)
    2040:	854a                	mv	a0,s2
    2042:	02f90663          	beq	s2,a5,206e <list_sem+0x9e>
    2046:	dd9ff0ef          	jal	ra,1e1e <rt_list_len>
    204a:	4722                	lw	a4,8(sp)
    204c:	46b2                	lw	a3,12(sp)
    204e:	87aa                	mv	a5,a0
    2050:	4621                	li	a2,8
    2052:	85a6                	mv	a1,s1
    2054:	c6ca8513          	addi	a0,s5,-916 # 5c6c <__fsym_list_mem_name+0x330>
    2058:	90aff0ef          	jal	ra,1162 <rt_kprintf>
    205c:	854a                	mv	a0,s2
    205e:	e1bff0ef          	jal	ra,1e78 <show_wait_queue>
    2062:	498b0513          	addi	a0,s6,1176 # 6498 <__fsym_pinMode_name+0x60>
    2066:	8fcff0ef          	jal	ra,1162 <rt_kprintf>
    206a:	4000                	lw	s0,0(s0)
    206c:	bf65                	j	2024 <list_sem+0x54>
    206e:	db1ff0ef          	jal	ra,1e1e <rt_list_len>
    2072:	4722                	lw	a4,8(sp)
    2074:	46b2                	lw	a3,12(sp)
    2076:	87aa                	mv	a5,a0
    2078:	4621                	li	a2,8
    207a:	85a6                	mv	a1,s1
    207c:	c7ca0513          	addi	a0,s4,-900 # 5c7c <__fsym_list_mem_name+0x340>
    2080:	8e2ff0ef          	jal	ra,1162 <rt_kprintf>
    2084:	b7dd                	j	206a <list_sem+0x9a>

00002086 <list_event>:
    2086:	b02fe2ef          	jal	t0,388 <__riscv_save_4>
    208a:	1141                	addi	sp,sp,-16
    208c:	4511                	li	a0,4
    208e:	cc8ff0ef          	jal	ra,1556 <rt_object_get_information>
    2092:	00450993          	addi	s3,a0,4
    2096:	00006937          	lui	s2,0x6
    209a:	842a                	mv	s0,a0
    209c:	85ce                	mv	a1,s3
    209e:	a7090513          	addi	a0,s2,-1424 # 5a70 <__fsym_list_mem_name+0x134>
    20a2:	e0dff0ef          	jal	ra,1eae <object_name_maxlen>
    20a6:	85aa                	mv	a1,a0
    20a8:	84aa                	mv	s1,a0
    20aa:	00006537          	lui	a0,0x6
    20ae:	a7090613          	addi	a2,s2,-1424
    20b2:	a7850513          	addi	a0,a0,-1416 # 5a78 <__fsym_list_mem_name+0x13c>
    20b6:	8acff0ef          	jal	ra,1162 <rt_kprintf>
    20ba:	8526                	mv	a0,s1
    20bc:	d9dff0ef          	jal	ra,1e58 <object_split>
    20c0:	00006537          	lui	a0,0x6
    20c4:	a9c50513          	addi	a0,a0,-1380 # 5a9c <__fsym_list_mem_name+0x160>
    20c8:	89aff0ef          	jal	ra,1162 <rt_kprintf>
    20cc:	4040                	lw	s0,4(s0)
    20ce:	00006a37          	lui	s4,0x6
    20d2:	00006ab7          	lui	s5,0x6
    20d6:	00006b37          	lui	s6,0x6
    20da:	00899663          	bne	s3,s0,20e6 <list_event+0x60>
    20de:	4501                	li	a0,0
    20e0:	0141                	addi	sp,sp,16
    20e2:	adafe06f          	j	3bc <__riscv_restore_4>
    20e6:	441c                	lw	a5,8(s0)
    20e8:	00840913          	addi	s2,s0,8
    20ec:	ff440693          	addi	a3,s0,-12
    20f0:	4818                	lw	a4,16(s0)
    20f2:	02f90963          	beq	s2,a5,2124 <list_event+0x9e>
    20f6:	854a                	mv	a0,s2
    20f8:	c636                	sw	a3,12(sp)
    20fa:	c43a                	sw	a4,8(sp)
    20fc:	d23ff0ef          	jal	ra,1e1e <rt_list_len>
    2100:	4722                	lw	a4,8(sp)
    2102:	46b2                	lw	a3,12(sp)
    2104:	87aa                	mv	a5,a0
    2106:	4621                	li	a2,8
    2108:	85a6                	mv	a1,s1
    210a:	abca8513          	addi	a0,s5,-1348 # 5abc <__fsym_list_mem_name+0x180>
    210e:	854ff0ef          	jal	ra,1162 <rt_kprintf>
    2112:	854a                	mv	a0,s2
    2114:	d65ff0ef          	jal	ra,1e78 <show_wait_queue>
    2118:	498b0513          	addi	a0,s6,1176 # 6498 <__fsym_pinMode_name+0x60>
    211c:	846ff0ef          	jal	ra,1162 <rt_kprintf>
    2120:	4000                	lw	s0,0(s0)
    2122:	bf65                	j	20da <list_event+0x54>
    2124:	4621                	li	a2,8
    2126:	85a6                	mv	a1,s1
    2128:	ad4a0513          	addi	a0,s4,-1324 # 5ad4 <__fsym_list_mem_name+0x198>
    212c:	836ff0ef          	jal	ra,1162 <rt_kprintf>
    2130:	bfc5                	j	2120 <list_event+0x9a>

00002132 <list_mutex>:
    2132:	a56fe2ef          	jal	t0,388 <__riscv_save_4>
    2136:	1141                	addi	sp,sp,-16
    2138:	450d                	li	a0,3
    213a:	c1cff0ef          	jal	ra,1556 <rt_object_get_information>
    213e:	000069b7          	lui	s3,0x6
    2142:	00450913          	addi	s2,a0,4
    2146:	842a                	mv	s0,a0
    2148:	85ca                	mv	a1,s2
    214a:	bc898513          	addi	a0,s3,-1080 # 5bc8 <__fsym_list_mem_name+0x28c>
    214e:	d61ff0ef          	jal	ra,1eae <object_name_maxlen>
    2152:	85aa                	mv	a1,a0
    2154:	84aa                	mv	s1,a0
    2156:	00006537          	lui	a0,0x6
    215a:	bc898613          	addi	a2,s3,-1080
    215e:	bd050513          	addi	a0,a0,-1072 # 5bd0 <__fsym_list_mem_name+0x294>
    2162:	800ff0ef          	jal	ra,1162 <rt_kprintf>
    2166:	8526                	mv	a0,s1
    2168:	cf1ff0ef          	jal	ra,1e58 <object_split>
    216c:	00006537          	lui	a0,0x6
    2170:	bf450513          	addi	a0,a0,-1036 # 5bf4 <__fsym_list_mem_name+0x2b8>
    2174:	feffe0ef          	jal	ra,1162 <rt_kprintf>
    2178:	4040                	lw	s0,4(s0)
    217a:	000069b7          	lui	s3,0x6
    217e:	00891663          	bne	s2,s0,218a <list_mutex+0x58>
    2182:	4501                	li	a0,0
    2184:	0141                	addi	sp,sp,16
    2186:	a36fe06f          	j	3bc <__riscv_restore_4>
    218a:	ff440693          	addi	a3,s0,-12
    218e:	00840513          	addi	a0,s0,8
    2192:	c636                	sw	a3,12(sp)
    2194:	c8bff0ef          	jal	ra,1e1e <rt_list_len>
    2198:	01344803          	lbu	a6,19(s0)
    219c:	485c                	lw	a5,20(s0)
    219e:	46b2                	lw	a3,12(sp)
    21a0:	88aa                	mv	a7,a0
    21a2:	4721                	li	a4,8
    21a4:	4621                	li	a2,8
    21a6:	85a6                	mv	a1,s1
    21a8:	c1498513          	addi	a0,s3,-1004 # 5c14 <__fsym_list_mem_name+0x2d8>
    21ac:	fb7fe0ef          	jal	ra,1162 <rt_kprintf>
    21b0:	4000                	lw	s0,0(s0)
    21b2:	b7f1                	j	217e <list_mutex+0x4c>

000021b4 <list_mailbox>:
    21b4:	9d4fe2ef          	jal	t0,388 <__riscv_save_4>
    21b8:	1141                	addi	sp,sp,-16
    21ba:	4515                	li	a0,5
    21bc:	b9aff0ef          	jal	ra,1556 <rt_object_get_information>
    21c0:	00450993          	addi	s3,a0,4
    21c4:	00006937          	lui	s2,0x6
    21c8:	842a                	mv	s0,a0
    21ca:	85ce                	mv	a1,s3
    21cc:	ae890513          	addi	a0,s2,-1304 # 5ae8 <__fsym_list_mem_name+0x1ac>
    21d0:	cdfff0ef          	jal	ra,1eae <object_name_maxlen>
    21d4:	85aa                	mv	a1,a0
    21d6:	84aa                	mv	s1,a0
    21d8:	00006537          	lui	a0,0x6
    21dc:	ae890613          	addi	a2,s2,-1304
    21e0:	af050513          	addi	a0,a0,-1296 # 5af0 <__fsym_list_mem_name+0x1b4>
    21e4:	f7ffe0ef          	jal	ra,1162 <rt_kprintf>
    21e8:	8526                	mv	a0,s1
    21ea:	c6fff0ef          	jal	ra,1e58 <object_split>
    21ee:	00006537          	lui	a0,0x6
    21f2:	b1450513          	addi	a0,a0,-1260 # 5b14 <__fsym_list_mem_name+0x1d8>
    21f6:	f6dfe0ef          	jal	ra,1162 <rt_kprintf>
    21fa:	4040                	lw	s0,4(s0)
    21fc:	00006a37          	lui	s4,0x6
    2200:	00006ab7          	lui	s5,0x6
    2204:	00006b37          	lui	s6,0x6
    2208:	00899663          	bne	s3,s0,2214 <list_mailbox+0x60>
    220c:	4501                	li	a0,0
    220e:	0141                	addi	sp,sp,16
    2210:	9acfe06f          	j	3bc <__riscv_restore_4>
    2214:	287a                	lhu	a4,22(s0)
    2216:	285e                	lhu	a5,20(s0)
    2218:	4410                	lw	a2,8(s0)
    221a:	ff440693          	addi	a3,s0,-12
    221e:	00840913          	addi	s2,s0,8
    2222:	c636                	sw	a3,12(sp)
    2224:	c43a                	sw	a4,8(sp)
    2226:	c23e                	sw	a5,4(sp)
    2228:	854a                	mv	a0,s2
    222a:	02c90763          	beq	s2,a2,2258 <list_mailbox+0xa4>
    222e:	bf1ff0ef          	jal	ra,1e1e <rt_list_len>
    2232:	4792                	lw	a5,4(sp)
    2234:	4722                	lw	a4,8(sp)
    2236:	46b2                	lw	a3,12(sp)
    2238:	882a                	mv	a6,a0
    223a:	4621                	li	a2,8
    223c:	85a6                	mv	a1,s1
    223e:	b30a8513          	addi	a0,s5,-1232 # 5b30 <__fsym_list_mem_name+0x1f4>
    2242:	f21fe0ef          	jal	ra,1162 <rt_kprintf>
    2246:	854a                	mv	a0,s2
    2248:	c31ff0ef          	jal	ra,1e78 <show_wait_queue>
    224c:	498b0513          	addi	a0,s6,1176 # 6498 <__fsym_pinMode_name+0x60>
    2250:	f13fe0ef          	jal	ra,1162 <rt_kprintf>
    2254:	4000                	lw	s0,0(s0)
    2256:	bf4d                	j	2208 <list_mailbox+0x54>
    2258:	bc7ff0ef          	jal	ra,1e1e <rt_list_len>
    225c:	4792                	lw	a5,4(sp)
    225e:	4722                	lw	a4,8(sp)
    2260:	46b2                	lw	a3,12(sp)
    2262:	882a                	mv	a6,a0
    2264:	4621                	li	a2,8
    2266:	85a6                	mv	a1,s1
    2268:	b48a0513          	addi	a0,s4,-1208 # 5b48 <__fsym_list_mem_name+0x20c>
    226c:	ef7fe0ef          	jal	ra,1162 <rt_kprintf>
    2270:	b7d5                	j	2254 <list_mailbox+0xa0>

00002272 <list_msgqueue>:
    2272:	916fe2ef          	jal	t0,388 <__riscv_save_4>
    2276:	1141                	addi	sp,sp,-16
    2278:	4519                	li	a0,6
    227a:	adcff0ef          	jal	ra,1556 <rt_object_get_information>
    227e:	00450993          	addi	s3,a0,4
    2282:	00006937          	lui	s2,0x6
    2286:	842a                	mv	s0,a0
    2288:	85ce                	mv	a1,s3
    228a:	b6090513          	addi	a0,s2,-1184 # 5b60 <__fsym_list_mem_name+0x224>
    228e:	c21ff0ef          	jal	ra,1eae <object_name_maxlen>
    2292:	85aa                	mv	a1,a0
    2294:	84aa                	mv	s1,a0
    2296:	00006537          	lui	a0,0x6
    229a:	b6090613          	addi	a2,s2,-1184
    229e:	b6c50513          	addi	a0,a0,-1172 # 5b6c <__fsym_list_mem_name+0x230>
    22a2:	ec1fe0ef          	jal	ra,1162 <rt_kprintf>
    22a6:	8526                	mv	a0,s1
    22a8:	bb1ff0ef          	jal	ra,1e58 <object_split>
    22ac:	00006537          	lui	a0,0x6
    22b0:	b8850513          	addi	a0,a0,-1144 # 5b88 <__fsym_list_mem_name+0x24c>
    22b4:	eaffe0ef          	jal	ra,1162 <rt_kprintf>
    22b8:	4040                	lw	s0,4(s0)
    22ba:	00006a37          	lui	s4,0x6
    22be:	00006ab7          	lui	s5,0x6
    22c2:	00006b37          	lui	s6,0x6
    22c6:	00899663          	bne	s3,s0,22d2 <list_msgqueue+0x60>
    22ca:	4501                	li	a0,0
    22cc:	0141                	addi	sp,sp,16
    22ce:	8eefe06f          	j	3bc <__riscv_restore_4>
    22d2:	2c1a                	lhu	a4,24(s0)
    22d4:	441c                	lw	a5,8(s0)
    22d6:	ff440693          	addi	a3,s0,-12
    22da:	00840913          	addi	s2,s0,8
    22de:	c636                	sw	a3,12(sp)
    22e0:	c43a                	sw	a4,8(sp)
    22e2:	854a                	mv	a0,s2
    22e4:	02f90663          	beq	s2,a5,2310 <list_msgqueue+0x9e>
    22e8:	b37ff0ef          	jal	ra,1e1e <rt_list_len>
    22ec:	4722                	lw	a4,8(sp)
    22ee:	46b2                	lw	a3,12(sp)
    22f0:	87aa                	mv	a5,a0
    22f2:	4621                	li	a2,8
    22f4:	85a6                	mv	a1,s1
    22f6:	ba0a8513          	addi	a0,s5,-1120 # 5ba0 <__fsym_list_mem_name+0x264>
    22fa:	e69fe0ef          	jal	ra,1162 <rt_kprintf>
    22fe:	854a                	mv	a0,s2
    2300:	b79ff0ef          	jal	ra,1e78 <show_wait_queue>
    2304:	498b0513          	addi	a0,s6,1176 # 6498 <__fsym_pinMode_name+0x60>
    2308:	e5bfe0ef          	jal	ra,1162 <rt_kprintf>
    230c:	4000                	lw	s0,0(s0)
    230e:	bf65                	j	22c6 <list_msgqueue+0x54>
    2310:	b0fff0ef          	jal	ra,1e1e <rt_list_len>
    2314:	4722                	lw	a4,8(sp)
    2316:	46b2                	lw	a3,12(sp)
    2318:	87aa                	mv	a5,a0
    231a:	4621                	li	a2,8
    231c:	85a6                	mv	a1,s1
    231e:	bb4a0513          	addi	a0,s4,-1100 # 5bb4 <__fsym_list_mem_name+0x278>
    2322:	e41fe0ef          	jal	ra,1162 <rt_kprintf>
    2326:	b7dd                	j	230c <list_msgqueue+0x9a>

00002328 <list_device>:
    2328:	860fe2ef          	jal	t0,388 <__riscv_save_4>
    232c:	715d                	addi	sp,sp,-80
    232e:	4525                	li	a0,9
    2330:	a26ff0ef          	jal	ra,1556 <rt_object_get_information>
    2334:	6595                	lui	a1,0x5
    2336:	05000613          	li	a2,80
    233a:	842a                	mv	s0,a0
    233c:	00450913          	addi	s2,a0,4
    2340:	68458593          	addi	a1,a1,1668 # 5684 <strstr+0x34>
    2344:	850a                	mv	a0,sp
    2346:	1f0030ef          	jal	ra,5536 <memcpy>
    234a:	000069b7          	lui	s3,0x6
    234e:	85ca                	mv	a1,s2
    2350:	a0898513          	addi	a0,s3,-1528 # 5a08 <__fsym_list_mem_name+0xcc>
    2354:	b5bff0ef          	jal	ra,1eae <object_name_maxlen>
    2358:	85aa                	mv	a1,a0
    235a:	84aa                	mv	s1,a0
    235c:	00006537          	lui	a0,0x6
    2360:	a0898613          	addi	a2,s3,-1528
    2364:	a1050513          	addi	a0,a0,-1520 # 5a10 <__fsym_list_mem_name+0xd4>
    2368:	dfbfe0ef          	jal	ra,1162 <rt_kprintf>
    236c:	8526                	mv	a0,s1
    236e:	aebff0ef          	jal	ra,1e58 <object_split>
    2372:	00006537          	lui	a0,0x6
    2376:	a3850513          	addi	a0,a0,-1480 # 5a38 <__fsym_list_mem_name+0xfc>
    237a:	de9fe0ef          	jal	ra,1162 <rt_kprintf>
    237e:	4040                	lw	s0,4(s0)
    2380:	49d1                	li	s3,20
    2382:	00006a37          	lui	s4,0x6
    2386:	00891663          	bne	s2,s0,2392 <list_device+0x6a>
    238a:	4501                	li	a0,0
    238c:	6161                	addi	sp,sp,80
    238e:	82efe06f          	j	3bc <__riscv_restore_4>
    2392:	441c                	lw	a5,8(s0)
    2394:	ff440693          	addi	a3,s0,-12
    2398:	02f9e063          	bltu	s3,a5,23b8 <list_device+0x90>
    239c:	0898                	addi	a4,sp,80
    239e:	078a                	slli	a5,a5,0x2
    23a0:	97ba                	add	a5,a5,a4
    23a2:	fb07a703          	lw	a4,-80(a5)
    23a6:	281c                	lbu	a5,16(s0)
    23a8:	4621                	li	a2,8
    23aa:	85a6                	mv	a1,s1
    23ac:	a5ca0513          	addi	a0,s4,-1444 # 5a5c <__fsym_list_mem_name+0x120>
    23b0:	db3fe0ef          	jal	ra,1162 <rt_kprintf>
    23b4:	4000                	lw	s0,0(s0)
    23b6:	bfc1                	j	2386 <list_device+0x5e>
    23b8:	4746                	lw	a4,80(sp)
    23ba:	b7f5                	j	23a6 <list_device+0x7e>

000023bc <list_timer>:
    23bc:	fcdfd2ef          	jal	t0,388 <__riscv_save_4>
    23c0:	4529                	li	a0,10
    23c2:	994ff0ef          	jal	ra,1556 <rt_object_get_information>
    23c6:	000069b7          	lui	s3,0x6
    23ca:	00450913          	addi	s2,a0,4
    23ce:	842a                	mv	s0,a0
    23d0:	85ca                	mv	a1,s2
    23d2:	d7c98513          	addi	a0,s3,-644 # 5d7c <__fsym_list_mem_name+0x440>
    23d6:	ad9ff0ef          	jal	ra,1eae <object_name_maxlen>
    23da:	85aa                	mv	a1,a0
    23dc:	84aa                	mv	s1,a0
    23de:	00006537          	lui	a0,0x6
    23e2:	d7c98613          	addi	a2,s3,-644
    23e6:	d8450513          	addi	a0,a0,-636 # 5d84 <__fsym_list_mem_name+0x448>
    23ea:	d79fe0ef          	jal	ra,1162 <rt_kprintf>
    23ee:	8526                	mv	a0,s1
    23f0:	a69ff0ef          	jal	ra,1e58 <object_split>
    23f4:	00006537          	lui	a0,0x6
    23f8:	dac50513          	addi	a0,a0,-596 # 5dac <__fsym_list_mem_name+0x470>
    23fc:	d67fe0ef          	jal	ra,1162 <rt_kprintf>
    2400:	4040                	lw	s0,4(s0)
    2402:	000069b7          	lui	s3,0x6
    2406:	00006a37          	lui	s4,0x6
    240a:	00006ab7          	lui	s5,0x6
    240e:	00891e63          	bne	s2,s0,242a <list_timer+0x6e>
    2412:	868fe0ef          	jal	ra,47a <rt_tick_get>
    2416:	85aa                	mv	a1,a0
    2418:	00006537          	lui	a0,0x6
    241c:	e0450513          	addi	a0,a0,-508 # 5e04 <__fsym_list_mem_name+0x4c8>
    2420:	d43fe0ef          	jal	ra,1162 <rt_kprintf>
    2424:	4501                	li	a0,0
    2426:	f97fd06f          	j	3bc <__riscv_restore_4>
    242a:	4c5c                	lw	a5,28(s0)
    242c:	4c18                	lw	a4,24(s0)
    242e:	dd098513          	addi	a0,s3,-560 # 5dd0 <__fsym_list_mem_name+0x494>
    2432:	ff440693          	addi	a3,s0,-12
    2436:	4621                	li	a2,8
    2438:	85a6                	mv	a1,s1
    243a:	d29fe0ef          	jal	ra,1162 <rt_kprintf>
    243e:	ffd44783          	lbu	a5,-3(s0)
    2442:	de8a8513          	addi	a0,s5,-536 # 5de8 <__fsym_list_mem_name+0x4ac>
    2446:	8b85                	andi	a5,a5,1
    2448:	e399                	bnez	a5,244e <list_timer+0x92>
    244a:	df4a0513          	addi	a0,s4,-524 # 5df4 <__fsym_list_mem_name+0x4b8>
    244e:	d15fe0ef          	jal	ra,1162 <rt_kprintf>
    2452:	4000                	lw	s0,0(s0)
    2454:	bf6d                	j	240e <list_timer+0x52>

00002456 <list>:
    2456:	f33fd2ef          	jal	t0,388 <__riscv_save_4>
    245a:	00006537          	lui	a0,0x6
    245e:	9e050513          	addi	a0,a0,-1568 # 59e0 <__fsym_list_mem_name+0xa4>
    2462:	d01fe0ef          	jal	ra,1162 <rt_kprintf>
    2466:	8a01a403          	lw	s0,-1888(gp) # 200001f0 <_syscall_table_begin>
    246a:	000069b7          	lui	s3,0x6
    246e:	00006a37          	lui	s4,0x6
    2472:	8a41a783          	lw	a5,-1884(gp) # 200001f4 <_syscall_table_end>
    2476:	00f46563          	bltu	s0,a5,2480 <list+0x2a>
    247a:	4501                	li	a0,0
    247c:	f41fd06f          	j	3bc <__riscv_restore_4>
    2480:	4004                	lw	s1,0(s0)
    2482:	4609                	li	a2,2
    2484:	9f498593          	addi	a1,s3,-1548 # 59f4 <__fsym_list_mem_name+0xb8>
    2488:	8526                	mv	a0,s1
    248a:	19e030ef          	jal	ra,5628 <strncmp>
    248e:	c519                	beqz	a0,249c <list+0x46>
    2490:	4050                	lw	a2,4(s0)
    2492:	85a6                	mv	a1,s1
    2494:	9f8a0513          	addi	a0,s4,-1544 # 59f8 <__fsym_list_mem_name+0xbc>
    2498:	ccbfe0ef          	jal	ra,1162 <rt_kprintf>
    249c:	0431                	addi	s0,s0,12
    249e:	bfd1                	j	2472 <list+0x1c>

000024a0 <msh_help>:
    24a0:	ee9fd2ef          	jal	t0,388 <__riscv_save_4>
    24a4:	00006537          	lui	a0,0x6
    24a8:	2a450513          	addi	a0,a0,676 # 62a4 <__fsym_reboot_name+0x16c>
    24ac:	cb7fe0ef          	jal	ra,1162 <rt_kprintf>
    24b0:	8a01a403          	lw	s0,-1888(gp) # 200001f0 <_syscall_table_begin>
    24b4:	000069b7          	lui	s3,0x6
    24b8:	00006a37          	lui	s4,0x6
    24bc:	8a41a783          	lw	a5,-1884(gp) # 200001f4 <_syscall_table_end>
    24c0:	00f46b63          	bltu	s0,a5,24d6 <msh_help+0x36>
    24c4:	00006537          	lui	a0,0x6
    24c8:	49850513          	addi	a0,a0,1176 # 6498 <__fsym_pinMode_name+0x60>
    24cc:	c97fe0ef          	jal	ra,1162 <rt_kprintf>
    24d0:	4501                	li	a0,0
    24d2:	eebfd06f          	j	3bc <__riscv_restore_4>
    24d6:	4004                	lw	s1,0(s0)
    24d8:	4619                	li	a2,6
    24da:	2c098593          	addi	a1,s3,704 # 62c0 <__fsym_reboot_name+0x188>
    24de:	8526                	mv	a0,s1
    24e0:	148030ef          	jal	ra,5628 <strncmp>
    24e4:	e901                	bnez	a0,24f4 <msh_help+0x54>
    24e6:	4050                	lw	a2,4(s0)
    24e8:	00648593          	addi	a1,s1,6
    24ec:	2c8a0513          	addi	a0,s4,712 # 62c8 <__fsym_reboot_name+0x190>
    24f0:	c73fe0ef          	jal	ra,1162 <rt_kprintf>
    24f4:	0431                	addi	s0,s0,12
    24f6:	b7d9                	j	24bc <msh_help+0x1c>

000024f8 <msh_is_used>:
    24f8:	4505                	li	a0,1
    24fa:	8082                	ret

000024fc <msh_exec>:
    24fc:	e8dfd2ef          	jal	t0,388 <__riscv_save_4>
    2500:	7179                	addi	sp,sp,-48
    2502:	842a                	mv	s0,a0
    2504:	95aa                	add	a1,a1,a0
    2506:	02000693          	li	a3,32
    250a:	4725                	li	a4,9
    250c:	00040783          	lb	a5,0(s0)
    2510:	408584b3          	sub	s1,a1,s0
    2514:	0ad78563          	beq	a5,a3,25be <msh_exec+0xc2>
    2518:	0ae78363          	beq	a5,a4,25be <msh_exec+0xc2>
    251c:	4501                	li	a0,0
    251e:	10048b63          	beqz	s1,2634 <msh_exec+0x138>
    2522:	4901                	li	s2,0
    2524:	02000713          	li	a4,32
    2528:	46a5                	li	a3,9
    252a:	012407b3          	add	a5,s0,s2
    252e:	00078783          	lb	a5,0(a5)
    2532:	08e78a63          	beq	a5,a4,25c6 <msh_exec+0xca>
    2536:	08d78863          	beq	a5,a3,25c6 <msh_exec+0xca>
    253a:	08991463          	bne	s2,s1,25c2 <msh_exec+0xc6>
    253e:	8a01a983          	lw	s3,-1888(gp) # 200001f0 <_syscall_table_begin>
    2542:	8a41aa83          	lw	s5,-1884(gp) # 200001f4 <_syscall_table_end>
    2546:	00006b37          	lui	s6,0x6
    254a:	0959f063          	bgeu	s3,s5,25ca <msh_exec+0xce>
    254e:	0009aa03          	lw	s4,0(s3)
    2552:	4619                	li	a2,6
    2554:	2c0b0593          	addi	a1,s6,704 # 62c0 <__fsym_reboot_name+0x188>
    2558:	8552                	mv	a0,s4
    255a:	0ce030ef          	jal	ra,5628 <strncmp>
    255e:	e559                	bnez	a0,25ec <msh_exec+0xf0>
    2560:	864a                	mv	a2,s2
    2562:	85a2                	mv	a1,s0
    2564:	006a0513          	addi	a0,s4,6
    2568:	0c0030ef          	jal	ra,5628 <strncmp>
    256c:	e141                	bnez	a0,25ec <msh_exec+0xf0>
    256e:	9a4a                	add	s4,s4,s2
    2570:	006a0783          	lb	a5,6(s4)
    2574:	efa5                	bnez	a5,25ec <msh_exec+0xf0>
    2576:	0089a983          	lw	s3,8(s3)
    257a:	04098863          	beqz	s3,25ca <msh_exec+0xce>
    257e:	02800613          	li	a2,40
    2582:	4581                	li	a1,0
    2584:	0028                	addi	a0,sp,8
    2586:	e4dfd0ef          	jal	ra,3d2 <memset>
    258a:	00810913          	addi	s2,sp,8
    258e:	86ca                	mv	a3,s2
    2590:	87a2                	mv	a5,s0
    2592:	4501                	li	a0,0
    2594:	4701                	li	a4,0
    2596:	02000813          	li	a6,32
    259a:	48a5                	li	a7,9
    259c:	4329                	li	t1,10
    259e:	02200613          	li	a2,34
    25a2:	05c00e13          	li	t3,92
    25a6:	00078583          	lb	a1,0(a5)
    25aa:	01058463          	beq	a1,a6,25b2 <msh_exec+0xb6>
    25ae:	05159663          	bne	a1,a7,25fa <msh_exec+0xfe>
    25b2:	02971f63          	bne	a4,s1,25f0 <msh_exec+0xf4>
    25b6:	47a9                	li	a5,10
    25b8:	04f50363          	beq	a0,a5,25fe <msh_exec+0x102>
    25bc:	a869                	j	2656 <msh_exec+0x15a>
    25be:	0405                	addi	s0,s0,1
    25c0:	b7b1                	j	250c <msh_exec+0x10>
    25c2:	0905                	addi	s2,s2,1
    25c4:	b79d                	j	252a <msh_exec+0x2e>
    25c6:	f6091ce3          	bnez	s2,253e <msh_exec+0x42>
    25ca:	87a2                	mv	a5,s0
    25cc:	00078703          	lb	a4,0(a5)
    25d0:	fdf77713          	andi	a4,a4,-33
    25d4:	e779                	bnez	a4,26a2 <msh_exec+0x1a6>
    25d6:	00006537          	lui	a0,0x6
    25da:	28c50513          	addi	a0,a0,652 # 628c <__fsym_reboot_name+0x154>
    25de:	00078023          	sb	zero,0(a5)
    25e2:	85a2                	mv	a1,s0
    25e4:	b7ffe0ef          	jal	ra,1162 <rt_kprintf>
    25e8:	557d                	li	a0,-1
    25ea:	a0a9                	j	2634 <msh_exec+0x138>
    25ec:	09b1                	addi	s3,s3,12
    25ee:	bfb1                	j	254a <msh_exec+0x4e>
    25f0:	00078023          	sb	zero,0(a5)
    25f4:	0705                	addi	a4,a4,1
    25f6:	0785                	addi	a5,a5,1
    25f8:	b77d                	j	25a6 <msh_exec+0xaa>
    25fa:	04651063          	bne	a0,t1,263a <msh_exec+0x13e>
    25fe:	00006537          	lui	a0,0x6
    2602:	26850513          	addi	a0,a0,616 # 6268 <__fsym_reboot_name+0x130>
    2606:	b5dfe0ef          	jal	ra,1162 <rt_kprintf>
    260a:	1800                	addi	s0,sp,48
    260c:	000064b7          	lui	s1,0x6
    2610:	00092583          	lw	a1,0(s2)
    2614:	28848513          	addi	a0,s1,648 # 6288 <__fsym_reboot_name+0x150>
    2618:	0911                	addi	s2,s2,4
    261a:	b49fe0ef          	jal	ra,1162 <rt_kprintf>
    261e:	fe8919e3          	bne	s2,s0,2610 <msh_exec+0x114>
    2622:	00006537          	lui	a0,0x6
    2626:	49850513          	addi	a0,a0,1176 # 6498 <__fsym_pinMode_name+0x60>
    262a:	b39fe0ef          	jal	ra,1162 <rt_kprintf>
    262e:	4529                	li	a0,10
    2630:	002c                	addi	a1,sp,8
    2632:	9982                	jalr	s3
    2634:	6145                	addi	sp,sp,48
    2636:	d87fd06f          	j	3bc <__riscv_restore_4>
    263a:	00977e63          	bgeu	a4,s1,2656 <msh_exec+0x15a>
    263e:	0505                	addi	a0,a0,1
    2640:	04c59263          	bne	a1,a2,2684 <msh_exec+0x188>
    2644:	0785                	addi	a5,a5,1
    2646:	0705                	addi	a4,a4,1
    2648:	c29c                	sw	a5,0(a3)
    264a:	00078583          	lb	a1,0(a5)
    264e:	02c58163          	beq	a1,a2,2670 <msh_exec+0x174>
    2652:	00976463          	bltu	a4,s1,265a <msh_exec+0x15e>
    2656:	fd69                	bnez	a0,2630 <msh_exec+0x134>
    2658:	bf8d                	j	25ca <msh_exec+0xce>
    265a:	00178e83          	lb	t4,1(a5)
    265e:	01c59663          	bne	a1,t3,266a <msh_exec+0x16e>
    2662:	00ce9463          	bne	t4,a2,266a <msh_exec+0x16e>
    2666:	0785                	addi	a5,a5,1
    2668:	0705                	addi	a4,a4,1
    266a:	0785                	addi	a5,a5,1
    266c:	0705                	addi	a4,a4,1
    266e:	bff1                	j	264a <msh_exec+0x14e>
    2670:	fe9773e3          	bgeu	a4,s1,2656 <msh_exec+0x15a>
    2674:	00078023          	sb	zero,0(a5)
    2678:	0705                	addi	a4,a4,1
    267a:	0785                	addi	a5,a5,1
    267c:	0691                	addi	a3,a3,4
    267e:	f29764e3          	bltu	a4,s1,25a6 <msh_exec+0xaa>
    2682:	bfd1                	j	2656 <msh_exec+0x15a>
    2684:	c29c                	sw	a5,0(a3)
    2686:	00078583          	lb	a1,0(a5)
    268a:	01058963          	beq	a1,a6,269c <msh_exec+0x1a0>
    268e:	01158763          	beq	a1,a7,269c <msh_exec+0x1a0>
    2692:	fc9702e3          	beq	a4,s1,2656 <msh_exec+0x15a>
    2696:	0785                	addi	a5,a5,1
    2698:	0705                	addi	a4,a4,1
    269a:	b7f5                	j	2686 <msh_exec+0x18a>
    269c:	fe9760e3          	bltu	a4,s1,267c <msh_exec+0x180>
    26a0:	bf5d                	j	2656 <msh_exec+0x15a>
    26a2:	0785                	addi	a5,a5,1
    26a4:	b725                	j	25cc <msh_exec+0xd0>

000026a6 <msh_auto_complete>:
    26a6:	cd5fd2ef          	jal	t0,37a <__riscv_save_10>
    26aa:	00050783          	lb	a5,0(a0)
    26ae:	e799                	bnez	a5,26bc <msh_auto_complete+0x16>
    26b0:	4581                	li	a1,0
    26b2:	4501                	li	a0,0
    26b4:	dedff0ef          	jal	ra,24a0 <msh_help>
    26b8:	cfbfd06f          	j	3b2 <__riscv_restore_10>
    26bc:	8a01aa03          	lw	s4,-1888(gp) # 200001f0 <_syscall_table_begin>
    26c0:	89aa                	mv	s3,a0
    26c2:	4481                	li	s1,0
    26c4:	4901                	li	s2,0
    26c6:	00006b37          	lui	s6,0x6
    26ca:	00006bb7          	lui	s7,0x6
    26ce:	8a41a783          	lw	a5,-1884(gp) # 200001f4 <_syscall_table_end>
    26d2:	00fa6963          	bltu	s4,a5,26e4 <msh_auto_complete+0x3e>
    26d6:	d0ed                	beqz	s1,26b8 <msh_auto_complete+0x12>
    26d8:	864a                	mv	a2,s2
    26da:	85a6                	mv	a1,s1
    26dc:	854e                	mv	a0,s3
    26de:	e7afe0ef          	jal	ra,d58 <rt_strncpy>
    26e2:	bfd9                	j	26b8 <msh_auto_complete+0x12>
    26e4:	000a2403          	lw	s0,0(s4)
    26e8:	4619                	li	a2,6
    26ea:	2c0b0593          	addi	a1,s6,704 # 62c0 <__fsym_reboot_name+0x188>
    26ee:	8522                	mv	a0,s0
    26f0:	739020ef          	jal	ra,5628 <strncmp>
    26f4:	e121                	bnez	a0,2734 <msh_auto_complete+0x8e>
    26f6:	854e                	mv	a0,s3
    26f8:	71f020ef          	jal	ra,5616 <strlen>
    26fc:	0419                	addi	s0,s0,6
    26fe:	862a                	mv	a2,a0
    2700:	85a2                	mv	a1,s0
    2702:	854e                	mv	a0,s3
    2704:	725020ef          	jal	ra,5628 <strncmp>
    2708:	e515                	bnez	a0,2734 <msh_auto_complete+0x8e>
    270a:	00091763          	bnez	s2,2718 <msh_auto_complete+0x72>
    270e:	8522                	mv	a0,s0
    2710:	707020ef          	jal	ra,5616 <strlen>
    2714:	892a                	mv	s2,a0
    2716:	84a2                	mv	s1,s0
    2718:	87a6                	mv	a5,s1
    271a:	8722                	mv	a4,s0
    271c:	00078603          	lb	a2,0(a5)
    2720:	ee01                	bnez	a2,2738 <msh_auto_complete+0x92>
    2722:	8f85                	sub	a5,a5,s1
    2724:	0127d363          	bge	a5,s2,272a <msh_auto_complete+0x84>
    2728:	893e                	mv	s2,a5
    272a:	85a2                	mv	a1,s0
    272c:	2d0b8513          	addi	a0,s7,720 # 62d0 <__fsym_reboot_name+0x198>
    2730:	a33fe0ef          	jal	ra,1162 <rt_kprintf>
    2734:	0a31                	addi	s4,s4,12
    2736:	bf61                	j	26ce <msh_auto_complete+0x28>
    2738:	00070683          	lb	a3,0(a4) # e000e000 <_eusrstack+0xbfff6000>
    273c:	d2fd                	beqz	a3,2722 <msh_auto_complete+0x7c>
    273e:	fed612e3          	bne	a2,a3,2722 <msh_auto_complete+0x7c>
    2742:	0785                	addi	a5,a5,1
    2744:	0705                	addi	a4,a4,1
    2746:	bfd9                	j	271c <msh_auto_complete+0x76>

00002748 <cmd_ps>:
    2748:	c5bfd2ef          	jal	t0,3a2 <__riscv_save_0>
    274c:	fa0ff0ef          	jal	ra,1eec <list_thread>
    2750:	4501                	li	a0,0
    2752:	c75fd06f          	j	3c6 <__riscv_restore_0>

00002756 <cmd_free>:
    2756:	c4dfd2ef          	jal	t0,3a2 <__riscv_save_0>
    275a:	b55fe0ef          	jal	ra,12ae <list_mem>
    275e:	4501                	li	a0,0
    2760:	c67fd06f          	j	3c6 <__riscv_restore_0>

00002764 <finsh_rx_ind>:
    2764:	c3ffd2ef          	jal	t0,3a2 <__riscv_save_0>
    2768:	89c1a503          	lw	a0,-1892(gp) # 200001ec <shell>
    276c:	94cfe0ef          	jal	ra,8b8 <rt_sem_release>
    2770:	4501                	li	a0,0
    2772:	c55fd06f          	j	3c6 <__riscv_restore_0>

00002776 <finsh_system_init>:
    2776:	c2dfd2ef          	jal	t0,3a2 <__riscv_save_0>
    277a:	000077b7          	lui	a5,0x7
    277e:	e2878793          	addi	a5,a5,-472 # 6e28 <__fsym_list_mem>
    2782:	8af1a023          	sw	a5,-1888(gp) # 200001f0 <_syscall_table_begin>
    2786:	000077b7          	lui	a5,0x7
    278a:	f7878793          	addi	a5,a5,-136 # 6f78 <__rt_init_rti_start>
    278e:	8af1a223          	sw	a5,-1884(gp) # 200001f4 <_syscall_table_end>
    2792:	000077b7          	lui	a5,0x7
    2796:	f7878793          	addi	a5,a5,-136 # 6f78 <__rt_init_rti_start>
    279a:	8af1a423          	sw	a5,-1880(gp) # 200001f8 <_sysvar_table_begin>
    279e:	000077b7          	lui	a5,0x7
    27a2:	f7878793          	addi	a5,a5,-136 # 6f78 <__rt_init_rti_start>
    27a6:	21000593          	li	a1,528
    27aa:	4505                	li	a0,1
    27ac:	8af1a623          	sw	a5,-1876(gp) # 200001fc <_sysvar_table_end>
    27b0:	89c18413          	addi	s0,gp,-1892 # 200001ec <shell>
    27b4:	cd5fe0ef          	jal	ra,1488 <rt_calloc>
    27b8:	c008                	sw	a0,0(s0)
    27ba:	e919                	bnez	a0,27d0 <finsh_system_init+0x5a>
    27bc:	00006537          	lui	a0,0x6
    27c0:	38450513          	addi	a0,a0,900 # 6384 <__fsym___cmd_ps_name+0x40>
    27c4:	99ffe0ef          	jal	ra,1162 <rt_kprintf>
    27c8:	547d                	li	s0,-1
    27ca:	8522                	mv	a0,s0
    27cc:	bfbfd06f          	j	3c6 <__riscv_restore_0>
    27d0:	000035b7          	lui	a1,0x3
    27d4:	00006537          	lui	a0,0x6
    27d8:	47a9                	li	a5,10
    27da:	472d                	li	a4,11
    27dc:	40000693          	li	a3,1024
    27e0:	4601                	li	a2,0
    27e2:	8f658593          	addi	a1,a1,-1802 # 28f6 <finsh_thread_entry>
    27e6:	39c50513          	addi	a0,a0,924 # 639c <__fsym___cmd_ps_name+0x58>
    27ea:	988ff0ef          	jal	ra,1972 <rt_thread_create>
    27ee:	84aa                	mv	s1,a0
    27f0:	4008                	lw	a0,0(s0)
    27f2:	000065b7          	lui	a1,0x6
    27f6:	4681                	li	a3,0
    27f8:	4601                	li	a2,0
    27fa:	3a458593          	addi	a1,a1,932 # 63a4 <__fsym___cmd_ps_name+0x60>
    27fe:	812fe0ef          	jal	ra,810 <rt_sem_init>
    2802:	4401                	li	s0,0
    2804:	d0f9                	beqz	s1,27ca <finsh_system_init+0x54>
    2806:	8526                	mv	a0,s1
    2808:	b24ff0ef          	jal	ra,1b2c <rt_thread_startup>
    280c:	bf7d                	j	27ca <finsh_system_init+0x54>

0000280e <finsh_get_prompt>:
    280e:	b95fd2ef          	jal	t0,3a2 <__riscv_save_0>
    2812:	ce7ff0ef          	jal	ra,24f8 <msh_is_used>
    2816:	c50d                	beqz	a0,2840 <finsh_get_prompt+0x32>
    2818:	000065b7          	lui	a1,0x6
    281c:	35058593          	addi	a1,a1,848 # 6350 <__fsym___cmd_ps_name+0xc>
    2820:	c7018513          	addi	a0,gp,-912 # 200005c0 <finsh_prompt.4315>
    2824:	5e3020ef          	jal	ra,5606 <strcpy>
    2828:	000065b7          	lui	a1,0x6
    282c:	36058593          	addi	a1,a1,864 # 6360 <__fsym___cmd_ps_name+0x1c>
    2830:	c7018513          	addi	a0,gp,-912 # 200005c0 <finsh_prompt.4315>
    2834:	5b5020ef          	jal	ra,55e8 <strcat>
    2838:	c7018513          	addi	a0,gp,-912 # 200005c0 <finsh_prompt.4315>
    283c:	b8bfd06f          	j	3c6 <__riscv_restore_0>
    2840:	000065b7          	lui	a1,0x6
    2844:	35858593          	addi	a1,a1,856 # 6358 <__fsym___cmd_ps_name+0x14>
    2848:	bfe1                	j	2820 <finsh_get_prompt+0x12>

0000284a <shell_handle_history>:
    284a:	b59fd2ef          	jal	t0,3a2 <__riscv_save_0>
    284e:	842a                	mv	s0,a0
    2850:	00006537          	lui	a0,0x6
    2854:	3c050513          	addi	a0,a0,960 # 63c0 <__fsym___cmd_ps_name+0x7c>
    2858:	90bfe0ef          	jal	ra,1162 <rt_kprintf>
    285c:	fb3ff0ef          	jal	ra,280e <finsh_get_prompt>
    2860:	85aa                	mv	a1,a0
    2862:	00006537          	lui	a0,0x6
    2866:	1ba40613          	addi	a2,s0,442
    286a:	3c850513          	addi	a0,a0,968 # 63c8 <__fsym___cmd_ps_name+0x84>
    286e:	8f5fe0ef          	jal	ra,1162 <rt_kprintf>
    2872:	4501                	li	a0,0
    2874:	b53fd06f          	j	3c6 <__riscv_restore_0>

00002878 <finsh_set_device>:
    2878:	b2bfd2ef          	jal	t0,3a2 <__riscv_save_0>
    287c:	1141                	addi	sp,sp,-16
    287e:	c62a                	sw	a0,12(sp)
    2880:	d03fd0ef          	jal	ra,582 <rt_device_find>
    2884:	45b2                	lw	a1,12(sp)
    2886:	e911                	bnez	a0,289a <finsh_set_device+0x22>
    2888:	00006537          	lui	a0,0x6
    288c:	36450513          	addi	a0,a0,868 # 6364 <__fsym___cmd_ps_name+0x20>
    2890:	8d3fe0ef          	jal	ra,1162 <rt_kprintf>
    2894:	0141                	addi	sp,sp,16
    2896:	b31fd06f          	j	3c6 <__riscv_restore_0>
    289a:	89c1a783          	lw	a5,-1892(gp) # 200001ec <shell>
    289e:	84aa                	mv	s1,a0
    28a0:	89c18413          	addi	s0,gp,-1892 # 200001ec <shell>
    28a4:	20c7a783          	lw	a5,524(a5)
    28a8:	fea786e3          	beq	a5,a0,2894 <finsh_set_device+0x1c>
    28ac:	14300593          	li	a1,323
    28b0:	d51fd0ef          	jal	ra,600 <rt_device_open>
    28b4:	f165                	bnez	a0,2894 <finsh_set_device+0x1c>
    28b6:	401c                	lw	a5,0(s0)
    28b8:	20c7a503          	lw	a0,524(a5)
    28bc:	c909                	beqz	a0,28ce <finsh_set_device+0x56>
    28be:	dbdfd0ef          	jal	ra,67a <rt_device_close>
    28c2:	401c                	lw	a5,0(s0)
    28c4:	4581                	li	a1,0
    28c6:	20c7a503          	lw	a0,524(a5)
    28ca:	e21fd0ef          	jal	ra,6ea <rt_device_set_rx_indicate>
    28ce:	4000                	lw	s0,0(s0)
    28d0:	05000613          	li	a2,80
    28d4:	4581                	li	a1,0
    28d6:	1ba40513          	addi	a0,s0,442
    28da:	af9fd0ef          	jal	ra,3d2 <memset>
    28de:	000025b7          	lui	a1,0x2
    28e2:	20041523          	sh	zero,522(s0)
    28e6:	20942623          	sw	s1,524(s0)
    28ea:	76458593          	addi	a1,a1,1892 # 2764 <finsh_rx_ind>
    28ee:	8526                	mv	a0,s1
    28f0:	dfbfd0ef          	jal	ra,6ea <rt_device_set_rx_indicate>
    28f4:	b745                	j	2894 <finsh_set_device+0x1c>

000028f6 <finsh_thread_entry>:
    28f6:	a7dfd2ef          	jal	t0,372 <__riscv_save_12>
    28fa:	89c1a783          	lw	a5,-1892(gp) # 200001ec <shell>
    28fe:	1141                	addi	sp,sp,-16
    2900:	89c18493          	addi	s1,gp,-1892 # 200001ec <shell>
    2904:	0247c703          	lbu	a4,36(a5)
    2908:	00176713          	ori	a4,a4,1
    290c:	02e78223          	sb	a4,36(a5)
    2910:	20c7a783          	lw	a5,524(a5)
    2914:	e791                	bnez	a5,2920 <finsh_thread_entry+0x2a>
    2916:	817fe0ef          	jal	ra,112c <rt_console_get_device>
    291a:	c119                	beqz	a0,2920 <finsh_thread_entry+0x2a>
    291c:	f5dff0ef          	jal	ra,2878 <finsh_set_device>
    2920:	eefff0ef          	jal	ra,280e <finsh_get_prompt>
    2924:	83ffe0ef          	jal	ra,1162 <rt_kprintf>
    2928:	00006b37          	lui	s6,0x6
    292c:	00006bb7          	lui	s7,0x6
    2930:	000069b7          	lui	s3,0x6
    2934:	00006a37          	lui	s4,0x6
    2938:	00006ab7          	lui	s5,0x6
    293c:	00006c37          	lui	s8,0x6
    2940:	00006cb7          	lui	s9,0x6
    2944:	409c                	lw	a5,0(s1)
    2946:	4685                	li	a3,1
    2948:	00f10613          	addi	a2,sp,15
    294c:	20c7a503          	lw	a0,524(a5)
    2950:	55fd                	li	a1,-1
    2952:	d61fd0ef          	jal	ra,6b2 <rt_device_read>
    2956:	4785                	li	a5,1
    2958:	00f51a63          	bne	a0,a5,296c <finsh_thread_entry+0x76>
    295c:	00f10903          	lb	s2,15(sp)
    2960:	47ed                	li	a5,27
    2962:	4080                	lw	s0,0(s1)
    2964:	00f91963          	bne	s2,a5,2976 <finsh_thread_entry+0x80>
    2968:	d008                	sw	a0,32(s0)
    296a:	bfe9                	j	2944 <finsh_thread_entry+0x4e>
    296c:	4088                	lw	a0,0(s1)
    296e:	55fd                	li	a1,-1
    2970:	ec9fd0ef          	jal	ra,838 <rt_sem_take>
    2974:	bfc1                	j	2944 <finsh_thread_entry+0x4e>
    2976:	501c                	lw	a5,32(s0)
    2978:	02a79263          	bne	a5,a0,299c <finsh_thread_entry+0xa6>
    297c:	05b00793          	li	a5,91
    2980:	00f91563          	bne	s2,a5,298a <finsh_thread_entry+0x94>
    2984:	4789                	li	a5,2
    2986:	d01c                	sw	a5,32(s0)
    2988:	bf75                	j	2944 <finsh_thread_entry+0x4e>
    298a:	02042023          	sw	zero,32(s0)
    298e:	fa090be3          	beqz	s2,2944 <finsh_thread_entry+0x4e>
    2992:	47a5                	li	a5,9
    2994:	12f91463          	bne	s2,a5,2abc <finsh_thread_entry+0x1c6>
    2998:	4901                	li	s2,0
    299a:	a8d1                	j	2a6e <finsh_thread_entry+0x178>
    299c:	4709                	li	a4,2
    299e:	fee798e3          	bne	a5,a4,298e <finsh_thread_entry+0x98>
    29a2:	02042023          	sw	zero,32(s0)
    29a6:	04100793          	li	a5,65
    29aa:	04f91263          	bne	s2,a5,29ee <finsh_thread_entry+0xf8>
    29ae:	306e                	lhu	a1,38(s0)
    29b0:	d9d1                	beqz	a1,2944 <finsh_thread_entry+0x4e>
    29b2:	15fd                	addi	a1,a1,-1
    29b4:	05c2                	slli	a1,a1,0x10
    29b6:	81c1                	srli	a1,a1,0x10
    29b8:	b06e                	sh	a1,38(s0)
    29ba:	1ba40793          	addi	a5,s0,442
    29be:	05000713          	li	a4,80
    29c2:	02e585b3          	mul	a1,a1,a4
    29c6:	05000613          	li	a2,80
    29ca:	853e                	mv	a0,a5
    29cc:	02a58593          	addi	a1,a1,42
    29d0:	95a2                	add	a1,a1,s0
    29d2:	365020ef          	jal	ra,5536 <memcpy>
    29d6:	441020ef          	jal	ra,5616 <strlen>
    29da:	0ff57513          	andi	a0,a0,255
    29de:	20a40523          	sb	a0,522(s0)
    29e2:	20a405a3          	sb	a0,523(s0)
    29e6:	8522                	mv	a0,s0
    29e8:	e63ff0ef          	jal	ra,284a <shell_handle_history>
    29ec:	bfa1                	j	2944 <finsh_thread_entry+0x4e>
    29ee:	04200793          	li	a5,66
    29f2:	02f91163          	bne	s2,a5,2a14 <finsh_thread_entry+0x11e>
    29f6:	3416                	lhu	a3,40(s0)
    29f8:	307e                	lhu	a5,38(s0)
    29fa:	fff68713          	addi	a4,a3,-1 # 7fffffff <_eusrstack+0x5ffe7fff>
    29fe:	00e7d863          	bge	a5,a4,2a0e <finsh_thread_entry+0x118>
    2a02:	0785                	addi	a5,a5,1
    2a04:	b07e                	sh	a5,38(s0)
    2a06:	1ba40793          	addi	a5,s0,442
    2a0a:	306e                	lhu	a1,38(s0)
    2a0c:	bf4d                	j	29be <finsh_thread_entry+0xc8>
    2a0e:	da9d                	beqz	a3,2944 <finsh_thread_entry+0x4e>
    2a10:	b07a                	sh	a4,38(s0)
    2a12:	bfd5                	j	2a06 <finsh_thread_entry+0x110>
    2a14:	04400793          	li	a5,68
    2a18:	02f91063          	bne	s2,a5,2a38 <finsh_thread_entry+0x142>
    2a1c:	20b44783          	lbu	a5,523(s0)
    2a20:	d395                	beqz	a5,2944 <finsh_thread_entry+0x4e>
    2a22:	3ac98513          	addi	a0,s3,940 # 63ac <__fsym___cmd_ps_name+0x68>
    2a26:	f3cfe0ef          	jal	ra,1162 <rt_kprintf>
    2a2a:	4098                	lw	a4,0(s1)
    2a2c:	20b74783          	lbu	a5,523(a4)
    2a30:	17fd                	addi	a5,a5,-1
    2a32:	20f705a3          	sb	a5,523(a4)
    2a36:	b739                	j	2944 <finsh_thread_entry+0x4e>
    2a38:	04300793          	li	a5,67
    2a3c:	f4f919e3          	bne	s2,a5,298e <finsh_thread_entry+0x98>
    2a40:	20b44783          	lbu	a5,523(s0)
    2a44:	20a44703          	lbu	a4,522(s0)
    2a48:	eee7fee3          	bgeu	a5,a4,2944 <finsh_thread_entry+0x4e>
    2a4c:	943e                	add	s0,s0,a5
    2a4e:	1ba40583          	lb	a1,442(s0)
    2a52:	3b0a8513          	addi	a0,s5,944 # 63b0 <__fsym___cmd_ps_name+0x6c>
    2a56:	f0cfe0ef          	jal	ra,1162 <rt_kprintf>
    2a5a:	4098                	lw	a4,0(s1)
    2a5c:	20b74783          	lbu	a5,523(a4)
    2a60:	0785                	addi	a5,a5,1
    2a62:	bfc1                	j	2a32 <finsh_thread_entry+0x13c>
    2a64:	3ac98513          	addi	a0,s3,940
    2a68:	efafe0ef          	jal	ra,1162 <rt_kprintf>
    2a6c:	0905                	addi	s2,s2,1
    2a6e:	4080                	lw	s0,0(s1)
    2a70:	20b44783          	lbu	a5,523(s0)
    2a74:	fef948e3          	blt	s2,a5,2a64 <finsh_thread_entry+0x16e>
    2a78:	498a0513          	addi	a0,s4,1176 # 6498 <__fsym_pinMode_name+0x60>
    2a7c:	ee6fe0ef          	jal	ra,1162 <rt_kprintf>
    2a80:	a79ff0ef          	jal	ra,24f8 <msh_is_used>
    2a84:	4785                	li	a5,1
    2a86:	1ba40413          	addi	s0,s0,442
    2a8a:	00f51563          	bne	a0,a5,2a94 <finsh_thread_entry+0x19e>
    2a8e:	8522                	mv	a0,s0
    2a90:	c17ff0ef          	jal	ra,26a6 <msh_auto_complete>
    2a94:	d7bff0ef          	jal	ra,280e <finsh_get_prompt>
    2a98:	8622                	mv	a2,s0
    2a9a:	85aa                	mv	a1,a0
    2a9c:	3c8c8513          	addi	a0,s9,968 # 63c8 <__fsym___cmd_ps_name+0x84>
    2aa0:	ec2fe0ef          	jal	ra,1162 <rt_kprintf>
    2aa4:	4080                	lw	s0,0(s1)
    2aa6:	1ba40513          	addi	a0,s0,442
    2aaa:	36d020ef          	jal	ra,5616 <strlen>
    2aae:	0ff57513          	andi	a0,a0,255
    2ab2:	20a40523          	sb	a0,522(s0)
    2ab6:	20a405a3          	sb	a0,523(s0)
    2aba:	b569                	j	2944 <finsh_thread_entry+0x4e>
    2abc:	07f00793          	li	a5,127
    2ac0:	00f90563          	beq	s2,a5,2aca <finsh_thread_entry+0x1d4>
    2ac4:	47a1                	li	a5,8
    2ac6:	08f91563          	bne	s2,a5,2b50 <finsh_thread_entry+0x25a>
    2aca:	20b44783          	lbu	a5,523(s0)
    2ace:	e6078be3          	beqz	a5,2944 <finsh_thread_entry+0x4e>
    2ad2:	20a44603          	lbu	a2,522(s0)
    2ad6:	17fd                	addi	a5,a5,-1
    2ad8:	0ff7f793          	andi	a5,a5,255
    2adc:	167d                	addi	a2,a2,-1
    2ade:	0ff67613          	andi	a2,a2,255
    2ae2:	20c40523          	sb	a2,522(s0)
    2ae6:	20f405a3          	sb	a5,523(s0)
    2aea:	04c7f863          	bgeu	a5,a2,2b3a <finsh_thread_entry+0x244>
    2aee:	1bb78593          	addi	a1,a5,443
    2af2:	1ba78513          	addi	a0,a5,442
    2af6:	8e1d                	sub	a2,a2,a5
    2af8:	95a2                	add	a1,a1,s0
    2afa:	9522                	add	a0,a0,s0
    2afc:	a14fe0ef          	jal	ra,d10 <rt_memmove>
    2b00:	409c                	lw	a5,0(s1)
    2b02:	3b4b8513          	addi	a0,s7,948 # 63b4 <__fsym___cmd_ps_name+0x70>
    2b06:	20a7c703          	lbu	a4,522(a5)
    2b0a:	973e                	add	a4,a4,a5
    2b0c:	1a070d23          	sb	zero,442(a4)
    2b10:	20b7c583          	lbu	a1,523(a5)
    2b14:	1ba58593          	addi	a1,a1,442
    2b18:	95be                	add	a1,a1,a5
    2b1a:	e48fe0ef          	jal	ra,1162 <rt_kprintf>
    2b1e:	409c                	lw	a5,0(s1)
    2b20:	20b7c403          	lbu	s0,523(a5)
    2b24:	409c                	lw	a5,0(s1)
    2b26:	20a7c783          	lbu	a5,522(a5)
    2b2a:	e087cde3          	blt	a5,s0,2944 <finsh_thread_entry+0x4e>
    2b2e:	3ac98513          	addi	a0,s3,940
    2b32:	e30fe0ef          	jal	ra,1162 <rt_kprintf>
    2b36:	0405                	addi	s0,s0,1
    2b38:	b7f5                	j	2b24 <finsh_thread_entry+0x22e>
    2b3a:	3bcb0513          	addi	a0,s6,956 # 63bc <__fsym___cmd_ps_name+0x78>
    2b3e:	e24fe0ef          	jal	ra,1162 <rt_kprintf>
    2b42:	409c                	lw	a5,0(s1)
    2b44:	20a7c703          	lbu	a4,522(a5)
    2b48:	97ba                	add	a5,a5,a4
    2b4a:	1a078d23          	sb	zero,442(a5)
    2b4e:	bbdd                	j	2944 <finsh_thread_entry+0x4e>
    2b50:	4735                	li	a4,13
    2b52:	20a44783          	lbu	a5,522(s0)
    2b56:	00e90563          	beq	s2,a4,2b60 <finsh_thread_entry+0x26a>
    2b5a:	4729                	li	a4,10
    2b5c:	0ee91e63          	bne	s2,a4,2c58 <finsh_thread_entry+0x362>
    2b60:	cbb9                	beqz	a5,2bb6 <finsh_thread_entry+0x2c0>
    2b62:	02845903          	lhu	s2,40(s0)
    2b66:	4791                	li	a5,4
    2b68:	1ba40d13          	addi	s10,s0,442
    2b6c:	0927fb63          	bgeu	a5,s2,2c02 <finsh_thread_entry+0x30c>
    2b70:	16a40d93          	addi	s11,s0,362
    2b74:	05000613          	li	a2,80
    2b78:	85ea                	mv	a1,s10
    2b7a:	856e                	mv	a0,s11
    2b7c:	197020ef          	jal	ra,5512 <memcmp>
    2b80:	c91d                	beqz	a0,2bb6 <finsh_thread_entry+0x2c0>
    2b82:	02a40913          	addi	s2,s0,42
    2b86:	854a                	mv	a0,s2
    2b88:	05090913          	addi	s2,s2,80
    2b8c:	05000613          	li	a2,80
    2b90:	85ca                	mv	a1,s2
    2b92:	1a5020ef          	jal	ra,5536 <memcpy>
    2b96:	ff2d98e3          	bne	s11,s2,2b86 <finsh_thread_entry+0x290>
    2b9a:	05000613          	li	a2,80
    2b9e:	4581                	li	a1,0
    2ba0:	856e                	mv	a0,s11
    2ba2:	831fd0ef          	jal	ra,3d2 <memset>
    2ba6:	20a44603          	lbu	a2,522(s0)
    2baa:	85ea                	mv	a1,s10
    2bac:	856e                	mv	a0,s11
    2bae:	189020ef          	jal	ra,5536 <memcpy>
    2bb2:	4795                	li	a5,5
    2bb4:	b41e                	sh	a5,40(s0)
    2bb6:	341e                	lhu	a5,40(s0)
    2bb8:	b07e                	sh	a5,38(s0)
    2bba:	93fff0ef          	jal	ra,24f8 <msh_is_used>
    2bbe:	4785                	li	a5,1
    2bc0:	02f51263          	bne	a0,a5,2be4 <finsh_thread_entry+0x2ee>
    2bc4:	409c                	lw	a5,0(s1)
    2bc6:	0247c783          	lbu	a5,36(a5)
    2bca:	8b85                	andi	a5,a5,1
    2bcc:	c789                	beqz	a5,2bd6 <finsh_thread_entry+0x2e0>
    2bce:	498a0513          	addi	a0,s4,1176
    2bd2:	d90fe0ef          	jal	ra,1162 <rt_kprintf>
    2bd6:	4088                	lw	a0,0(s1)
    2bd8:	20a54583          	lbu	a1,522(a0)
    2bdc:	1ba50513          	addi	a0,a0,442
    2be0:	91dff0ef          	jal	ra,24fc <msh_exec>
    2be4:	c2bff0ef          	jal	ra,280e <finsh_get_prompt>
    2be8:	d7afe0ef          	jal	ra,1162 <rt_kprintf>
    2bec:	4080                	lw	s0,0(s1)
    2bee:	05000613          	li	a2,80
    2bf2:	4581                	li	a1,0
    2bf4:	1ba40513          	addi	a0,s0,442
    2bf8:	fdafd0ef          	jal	ra,3d2 <memset>
    2bfc:	20041523          	sh	zero,522(s0)
    2c00:	b391                	j	2944 <finsh_thread_entry+0x4e>
    2c02:	02090163          	beqz	s2,2c24 <finsh_thread_entry+0x32e>
    2c06:	fff90513          	addi	a0,s2,-1
    2c0a:	05000793          	li	a5,80
    2c0e:	02f50533          	mul	a0,a0,a5
    2c12:	05000613          	li	a2,80
    2c16:	85ea                	mv	a1,s10
    2c18:	02a50513          	addi	a0,a0,42
    2c1c:	9522                	add	a0,a0,s0
    2c1e:	0f5020ef          	jal	ra,5512 <memcmp>
    2c22:	d951                	beqz	a0,2bb6 <finsh_thread_entry+0x2c0>
    2c24:	05000d93          	li	s11,80
    2c28:	03b90533          	mul	a0,s2,s11
    2c2c:	05000613          	li	a2,80
    2c30:	4581                	li	a1,0
    2c32:	02a50513          	addi	a0,a0,42
    2c36:	9522                	add	a0,a0,s0
    2c38:	f9afd0ef          	jal	ra,3d2 <memset>
    2c3c:	340a                	lhu	a0,40(s0)
    2c3e:	20a44603          	lbu	a2,522(s0)
    2c42:	85ea                	mv	a1,s10
    2c44:	03b50533          	mul	a0,a0,s11
    2c48:	02a50513          	addi	a0,a0,42
    2c4c:	9522                	add	a0,a0,s0
    2c4e:	0e9020ef          	jal	ra,5536 <memcpy>
    2c52:	341e                	lhu	a5,40(s0)
    2c54:	0785                	addi	a5,a5,1
    2c56:	bfb9                	j	2bb4 <finsh_thread_entry+0x2be>
    2c58:	04f00713          	li	a4,79
    2c5c:	00f77463          	bgeu	a4,a5,2c64 <finsh_thread_entry+0x36e>
    2c60:	20040523          	sb	zero,522(s0)
    2c64:	20b44603          	lbu	a2,523(s0)
    2c68:	20a44783          	lbu	a5,522(s0)
    2c6c:	08f67063          	bgeu	a2,a5,2cec <finsh_thread_entry+0x3f6>
    2c70:	1ba60593          	addi	a1,a2,442
    2c74:	1bb60513          	addi	a0,a2,443
    2c78:	95a2                	add	a1,a1,s0
    2c7a:	40c78633          	sub	a2,a5,a2
    2c7e:	9522                	add	a0,a0,s0
    2c80:	890fe0ef          	jal	ra,d10 <rt_memmove>
    2c84:	408c                	lw	a1,0(s1)
    2c86:	20b5c783          	lbu	a5,523(a1)
    2c8a:	00f58733          	add	a4,a1,a5
    2c8e:	1b270d23          	sb	s2,442(a4)
    2c92:	0245c703          	lbu	a4,36(a1)
    2c96:	8b05                	andi	a4,a4,1
    2c98:	cb01                	beqz	a4,2ca8 <finsh_thread_entry+0x3b2>
    2c9a:	1ba78793          	addi	a5,a5,442
    2c9e:	95be                	add	a1,a1,a5
    2ca0:	144c0513          	addi	a0,s8,324 # 6144 <__fsym_reboot_name+0xc>
    2ca4:	cbefe0ef          	jal	ra,1162 <rt_kprintf>
    2ca8:	409c                	lw	a5,0(s1)
    2caa:	20b7c403          	lbu	s0,523(a5)
    2cae:	409c                	lw	a5,0(s1)
    2cb0:	20a7c783          	lbu	a5,522(a5)
    2cb4:	02f44663          	blt	s0,a5,2ce0 <finsh_thread_entry+0x3ea>
    2cb8:	4098                	lw	a4,0(s1)
    2cba:	20a74783          	lbu	a5,522(a4)
    2cbe:	20b74683          	lbu	a3,523(a4)
    2cc2:	0785                	addi	a5,a5,1
    2cc4:	0685                	addi	a3,a3,1
    2cc6:	0ff7f793          	andi	a5,a5,255
    2cca:	20d705a3          	sb	a3,523(a4)
    2cce:	20f70523          	sb	a5,522(a4)
    2cd2:	04f00693          	li	a3,79
    2cd6:	c6f6f7e3          	bgeu	a3,a5,2944 <finsh_thread_entry+0x4e>
    2cda:	20071523          	sh	zero,522(a4)
    2cde:	b19d                	j	2944 <finsh_thread_entry+0x4e>
    2ce0:	3ac98513          	addi	a0,s3,940
    2ce4:	c7efe0ef          	jal	ra,1162 <rt_kprintf>
    2ce8:	0405                	addi	s0,s0,1
    2cea:	b7d1                	j	2cae <finsh_thread_entry+0x3b8>
    2cec:	97a2                	add	a5,a5,s0
    2cee:	1b278d23          	sb	s2,442(a5)
    2cf2:	02444783          	lbu	a5,36(s0)
    2cf6:	8b85                	andi	a5,a5,1
    2cf8:	d3e1                	beqz	a5,2cb8 <finsh_thread_entry+0x3c2>
    2cfa:	85ca                	mv	a1,s2
    2cfc:	3b0a8513          	addi	a0,s5,944
    2d00:	c62fe0ef          	jal	ra,1162 <rt_kprintf>
    2d04:	bf55                	j	2cb8 <finsh_thread_entry+0x3c2>

00002d06 <rt_serial_init>:
    2d06:	417c                	lw	a5,68(a0)
    2d08:	04052823          	sw	zero,80(a0)
    2d0c:	04052a23          	sw	zero,84(a0)
    2d10:	439c                	lw	a5,0(a5)
    2d12:	cb81                	beqz	a5,2d22 <rt_serial_init+0x1c>
    2d14:	e8efd2ef          	jal	t0,3a2 <__riscv_save_0>
    2d18:	04850593          	addi	a1,a0,72
    2d1c:	9782                	jalr	a5
    2d1e:	ea8fd06f          	j	3c6 <__riscv_restore_0>
    2d22:	4501                	li	a0,0
    2d24:	8082                	ret

00002d26 <rt_serial_write>:
    2d26:	e62fd2ef          	jal	t0,388 <__riscv_save_4>
    2d2a:	8936                	mv	s2,a3
    2d2c:	ca9d                	beqz	a3,2d62 <rt_serial_write+0x3c>
    2d2e:	84aa                	mv	s1,a0
    2d30:	8432                	mv	s0,a2
    2d32:	00d609b3          	add	s3,a2,a3
    2d36:	4a29                	li	s4,10
    2d38:	201c                	lbu	a5,0(s0)
    2d3a:	01479b63          	bne	a5,s4,2d50 <rt_serial_write+0x2a>
    2d3e:	2cbe                	lhu	a5,26(s1)
    2d40:	0407f793          	andi	a5,a5,64
    2d44:	c791                	beqz	a5,2d50 <rt_serial_write+0x2a>
    2d46:	40fc                	lw	a5,68(s1)
    2d48:	45b5                	li	a1,13
    2d4a:	8526                	mv	a0,s1
    2d4c:	479c                	lw	a5,8(a5)
    2d4e:	9782                	jalr	a5
    2d50:	40fc                	lw	a5,68(s1)
    2d52:	00040583          	lb	a1,0(s0)
    2d56:	8526                	mv	a0,s1
    2d58:	479c                	lw	a5,8(a5)
    2d5a:	0405                	addi	s0,s0,1
    2d5c:	9782                	jalr	a5
    2d5e:	fd341de3          	bne	s0,s3,2d38 <rt_serial_write+0x12>
    2d62:	854a                	mv	a0,s2
    2d64:	e58fd06f          	j	3bc <__riscv_restore_4>

00002d68 <rt_serial_open>:
    2d68:	e3afd2ef          	jal	t0,3a2 <__riscv_save_0>
    2d6c:	1005f793          	andi	a5,a1,256
    2d70:	842a                	mv	s0,a0
    2d72:	c791                	beqz	a5,2d7e <rt_serial_open+0x16>
    2d74:	2d1a                	lhu	a4,24(a0)
    2d76:	5561                	li	a0,-8
    2d78:	10077713          	andi	a4,a4,256
    2d7c:	cf35                	beqz	a4,2df8 <rt_serial_open+0x90>
    2d7e:	4005f713          	andi	a4,a1,1024
    2d82:	c711                	beqz	a4,2d8e <rt_serial_open+0x26>
    2d84:	2c1a                	lhu	a4,24(s0)
    2d86:	5561                	li	a0,-8
    2d88:	40077713          	andi	a4,a4,1024
    2d8c:	c735                	beqz	a4,2df8 <rt_serial_open+0x90>
    2d8e:	0405f713          	andi	a4,a1,64
    2d92:	04000493          	li	s1,64
    2d96:	e701                	bnez	a4,2d9e <rt_serial_open+0x36>
    2d98:	2c26                	lhu	s1,26(s0)
    2d9a:	0404f493          	andi	s1,s1,64
    2d9e:	4838                	lw	a4,80(s0)
    2da0:	0ff5f593          	andi	a1,a1,255
    2da4:	ac2e                	sh	a1,26(s0)
    2da6:	eb39                	bnez	a4,2dfc <rt_serial_open+0x94>
    2da8:	c7a1                	beqz	a5,2df0 <rt_serial_open+0x88>
    2daa:	4468                	lw	a0,76(s0)
    2dac:	8129                	srli	a0,a0,0xa
    2dae:	0542                	slli	a0,a0,0x10
    2db0:	8141                	srli	a0,a0,0x10
    2db2:	0531                	addi	a0,a0,12
    2db4:	da8fe0ef          	jal	ra,135c <rt_malloc>
    2db8:	4470                	lw	a2,76(s0)
    2dba:	892a                	mv	s2,a0
    2dbc:	0531                	addi	a0,a0,12
    2dbe:	8229                	srli	a2,a2,0xa
    2dc0:	0642                	slli	a2,a2,0x10
    2dc2:	8241                	srli	a2,a2,0x10
    2dc4:	4581                	li	a1,0
    2dc6:	00a92023          	sw	a0,0(s2)
    2dca:	ebffd0ef          	jal	ra,c88 <rt_memset>
    2dce:	00092223          	sw	zero,4(s2)
    2dd2:	2c3e                	lhu	a5,26(s0)
    2dd4:	00092423          	sw	zero,8(s2)
    2dd8:	05242823          	sw	s2,80(s0)
    2ddc:	1007e793          	ori	a5,a5,256
    2de0:	ac3e                	sh	a5,26(s0)
    2de2:	407c                	lw	a5,68(s0)
    2de4:	10000613          	li	a2,256
    2de8:	45c1                	li	a1,16
    2dea:	43dc                	lw	a5,4(a5)
    2dec:	8522                	mv	a0,s0
    2dee:	9782                	jalr	a5
    2df0:	2c3e                	lhu	a5,26(s0)
    2df2:	4501                	li	a0,0
    2df4:	8cdd                	or	s1,s1,a5
    2df6:	ac26                	sh	s1,26(s0)
    2df8:	dcefd06f          	j	3c6 <__riscv_restore_0>
    2dfc:	dbf5                	beqz	a5,2df0 <rt_serial_open+0x88>
    2dfe:	1005e593          	ori	a1,a1,256
    2e02:	ac2e                	sh	a1,26(s0)
    2e04:	b7f5                	j	2df0 <rt_serial_open+0x88>

00002e06 <rt_serial_control>:
    2e06:	4809                	li	a6,2
    2e08:	87aa                	mv	a5,a0
    2e0a:	03058163          	beq	a1,a6,2e2c <rt_serial_control+0x26>
    2e0e:	d94fd2ef          	jal	t0,3a2 <__riscv_save_0>
    2e12:	480d                	li	a6,3
    2e14:	03058263          	beq	a1,a6,2e38 <rt_serial_control+0x32>
    2e18:	4705                	li	a4,1
    2e1a:	04e59963          	bne	a1,a4,2e6c <rt_serial_control+0x66>
    2e1e:	2d1a                	lhu	a4,24(a0)
    2e20:	fdf77713          	andi	a4,a4,-33
    2e24:	ad1a                	sh	a4,24(a0)
    2e26:	4501                	li	a0,0
    2e28:	d9efd06f          	j	3c6 <__riscv_restore_0>
    2e2c:	2d1a                	lhu	a4,24(a0)
    2e2e:	02076713          	ori	a4,a4,32
    2e32:	ad1a                	sh	a4,24(a0)
    2e34:	4501                	li	a0,0
    2e36:	8082                	ret
    2e38:	8732                	mv	a4,a2
    2e3a:	d675                	beqz	a2,2e26 <rt_serial_control+0x20>
    2e3c:	4250                	lw	a2,4(a2)
    2e3e:	4574                	lw	a3,76(a0)
    2e40:	2d4c                	lbu	a1,28(a0)
    2e42:	8229                	srli	a2,a2,0xa
    2e44:	82a9                	srli	a3,a3,0xa
    2e46:	0642                	slli	a2,a2,0x10
    2e48:	06c2                	slli	a3,a3,0x10
    2e4a:	8241                	srli	a2,a2,0x10
    2e4c:	82c1                	srli	a3,a3,0x10
    2e4e:	00d60463          	beq	a2,a3,2e56 <rt_serial_control+0x50>
    2e52:	451d                	li	a0,7
    2e54:	f9f1                	bnez	a1,2e28 <rt_serial_control+0x22>
    2e56:	4314                	lw	a3,0(a4)
    2e58:	c7b4                	sw	a3,72(a5)
    2e5a:	4354                	lw	a3,4(a4)
    2e5c:	c7f4                	sw	a3,76(a5)
    2e5e:	d5e1                	beqz	a1,2e26 <rt_serial_control+0x20>
    2e60:	43f4                	lw	a3,68(a5)
    2e62:	85ba                	mv	a1,a4
    2e64:	853e                	mv	a0,a5
    2e66:	4294                	lw	a3,0(a3)
    2e68:	9682                	jalr	a3
    2e6a:	bf75                	j	2e26 <rt_serial_control+0x20>
    2e6c:	417c                	lw	a5,68(a0)
    2e6e:	43dc                	lw	a5,4(a5)
    2e70:	9782                	jalr	a5
    2e72:	bf5d                	j	2e28 <rt_serial_control+0x22>

00002e74 <rt_serial_read>:
    2e74:	d14fd2ef          	jal	t0,388 <__riscv_save_4>
    2e78:	8436                	mv	s0,a3
    2e7a:	cab1                	beqz	a3,2ece <rt_serial_read+0x5a>
    2e7c:	2d3e                	lhu	a5,26(a0)
    2e7e:	89aa                	mv	s3,a0
    2e80:	8932                	mv	s2,a2
    2e82:	1007f793          	andi	a5,a5,256
    2e86:	84b6                	mv	s1,a3
    2e88:	e39d                	bnez	a5,2eae <rt_serial_read+0x3a>
    2e8a:	5a7d                	li	s4,-1
    2e8c:	4aa9                	li	s5,10
    2e8e:	0449a783          	lw	a5,68(s3)
    2e92:	854e                	mv	a0,s3
    2e94:	47dc                	lw	a5,12(a5)
    2e96:	9782                	jalr	a5
    2e98:	01450963          	beq	a0,s4,2eaa <rt_serial_read+0x36>
    2e9c:	00a90023          	sb	a0,0(s2)
    2ea0:	14fd                	addi	s1,s1,-1
    2ea2:	0905                	addi	s2,s2,1
    2ea4:	01550363          	beq	a0,s5,2eaa <rt_serial_read+0x36>
    2ea8:	f0fd                	bnez	s1,2e8e <rt_serial_read+0x1a>
    2eaa:	8c05                	sub	s0,s0,s1
    2eac:	a00d                	j	2ece <rt_serial_read+0x5a>
    2eae:	4924                	lw	s1,80(a0)
    2eb0:	8a36                	mv	s4,a3
    2eb2:	4a85                	li	s5,1
    2eb4:	f37fe0ef          	jal	ra,1dea <rt_hw_interrupt_disable>
    2eb8:	20fe                	lhu	a5,6(s1)
    2eba:	20da                	lhu	a4,4(s1)
    2ebc:	862a                	mv	a2,a0
    2ebe:	4494                	lw	a3,8(s1)
    2ec0:	00f71a63          	bne	a4,a5,2ed4 <rt_serial_read+0x60>
    2ec4:	ea81                	bnez	a3,2ed4 <rt_serial_read+0x60>
    2ec6:	f31fe0ef          	jal	ra,1df6 <rt_hw_interrupt_enable>
    2eca:	41440433          	sub	s0,s0,s4
    2ece:	8522                	mv	a0,s0
    2ed0:	cecfd06f          	j	3bc <__riscv_restore_4>
    2ed4:	4098                	lw	a4,0(s1)
    2ed6:	973e                	add	a4,a4,a5
    2ed8:	00074b03          	lbu	s6,0(a4)
    2edc:	04c9a703          	lw	a4,76(s3)
    2ee0:	0785                	addi	a5,a5,1
    2ee2:	07c2                	slli	a5,a5,0x10
    2ee4:	8329                	srli	a4,a4,0xa
    2ee6:	83c1                	srli	a5,a5,0x10
    2ee8:	0742                	slli	a4,a4,0x10
    2eea:	a0fe                	sh	a5,6(s1)
    2eec:	8341                	srli	a4,a4,0x10
    2eee:	00e7e463          	bltu	a5,a4,2ef6 <rt_serial_read+0x82>
    2ef2:	00049323          	sh	zero,6(s1)
    2ef6:	01569463          	bne	a3,s5,2efe <rt_serial_read+0x8a>
    2efa:	0004a423          	sw	zero,8(s1)
    2efe:	8532                	mv	a0,a2
    2f00:	ef7fe0ef          	jal	ra,1df6 <rt_hw_interrupt_enable>
    2f04:	1a7d                	addi	s4,s4,-1
    2f06:	01690023          	sb	s6,0(s2)
    2f0a:	0905                	addi	s2,s2,1
    2f0c:	fa0a14e3          	bnez	s4,2eb4 <rt_serial_read+0x40>
    2f10:	bf6d                	j	2eca <rt_serial_read+0x56>

00002f12 <rt_serial_close>:
    2f12:	2d58                	lbu	a4,28(a0)
    2f14:	4785                	li	a5,1
    2f16:	02e7ec63          	bltu	a5,a4,2f4e <rt_serial_close+0x3c>
    2f1a:	2d3e                	lhu	a5,26(a0)
    2f1c:	1007f793          	andi	a5,a5,256
    2f20:	c79d                	beqz	a5,2f4e <rt_serial_close+0x3c>
    2f22:	c80fd2ef          	jal	t0,3a2 <__riscv_save_0>
    2f26:	842a                	mv	s0,a0
    2f28:	4928                	lw	a0,80(a0)
    2f2a:	d82fe0ef          	jal	ra,14ac <rt_free>
    2f2e:	2c3e                	lhu	a5,26(s0)
    2f30:	04042823          	sw	zero,80(s0)
    2f34:	10000613          	li	a2,256
    2f38:	eff7f793          	andi	a5,a5,-257
    2f3c:	ac3e                	sh	a5,26(s0)
    2f3e:	407c                	lw	a5,68(s0)
    2f40:	45c5                	li	a1,17
    2f42:	8522                	mv	a0,s0
    2f44:	43dc                	lw	a5,4(a5)
    2f46:	9782                	jalr	a5
    2f48:	4501                	li	a0,0
    2f4a:	c7cfd06f          	j	3c6 <__riscv_restore_0>
    2f4e:	4501                	li	a0,0
    2f50:	8082                	ret

00002f52 <rt_hw_serial_register>:
    2f52:	c50fd2ef          	jal	t0,3a2 <__riscv_save_0>
    2f56:	00003737          	lui	a4,0x3
    2f5a:	d0670713          	addi	a4,a4,-762 # 2d06 <rt_serial_init>
    2f5e:	d518                	sw	a4,40(a0)
    2f60:	00003737          	lui	a4,0x3
    2f64:	d6870713          	addi	a4,a4,-664 # 2d68 <rt_serial_open>
    2f68:	d558                	sw	a4,44(a0)
    2f6a:	00003737          	lui	a4,0x3
    2f6e:	f1270713          	addi	a4,a4,-238 # 2f12 <rt_serial_close>
    2f72:	d918                	sw	a4,48(a0)
    2f74:	00003737          	lui	a4,0x3
    2f78:	e7470713          	addi	a4,a4,-396 # 2e74 <rt_serial_read>
    2f7c:	d958                	sw	a4,52(a0)
    2f7e:	00003737          	lui	a4,0x3
    2f82:	d2670713          	addi	a4,a4,-730 # 2d26 <rt_serial_write>
    2f86:	dd18                	sw	a4,56(a0)
    2f88:	00003737          	lui	a4,0x3
    2f8c:	e0670713          	addi	a4,a4,-506 # 2e06 <rt_serial_control>
    2f90:	0642                	slli	a2,a2,0x10
    2f92:	dd58                	sw	a4,60(a0)
    2f94:	c134                	sw	a3,64(a0)
    2f96:	8241                	srli	a2,a2,0x10
    2f98:	00052a23          	sw	zero,20(a0)
    2f9c:	02052023          	sw	zero,32(a0)
    2fa0:	02052223          	sw	zero,36(a0)
    2fa4:	e28fd0ef          	jal	ra,5cc <rt_device_register>
    2fa8:	c1efd06f          	j	3c6 <__riscv_restore_0>

00002fac <rt_hw_serial_isr>:
    2fac:	0ff5f593          	andi	a1,a1,255
    2fb0:	4785                	li	a5,1
    2fb2:	0af59163          	bne	a1,a5,3054 <rt_hw_serial_isr+0xa8>
    2fb6:	bd2fd2ef          	jal	t0,388 <__riscv_save_4>
    2fba:	4920                	lw	s0,80(a0)
    2fbc:	1141                	addi	sp,sp,-16
    2fbe:	84aa                	mv	s1,a0
    2fc0:	597d                	li	s2,-1
    2fc2:	4985                	li	s3,1
    2fc4:	40fc                	lw	a5,68(s1)
    2fc6:	8526                	mv	a0,s1
    2fc8:	47dc                	lw	a5,12(a5)
    2fca:	9782                	jalr	a5
    2fcc:	8a2a                	mv	s4,a0
    2fce:	05250763          	beq	a0,s2,301c <rt_hw_serial_isr+0x70>
    2fd2:	e19fe0ef          	jal	ra,1dea <rt_hw_interrupt_disable>
    2fd6:	205a                	lhu	a4,4(s0)
    2fd8:	401c                	lw	a5,0(s0)
    2fda:	97ba                	add	a5,a5,a4
    2fdc:	01478023          	sb	s4,0(a5)
    2fe0:	205e                	lhu	a5,4(s0)
    2fe2:	44f8                	lw	a4,76(s1)
    2fe4:	0785                	addi	a5,a5,1
    2fe6:	07c2                	slli	a5,a5,0x10
    2fe8:	8329                	srli	a4,a4,0xa
    2fea:	83c1                	srli	a5,a5,0x10
    2fec:	0742                	slli	a4,a4,0x10
    2fee:	a05e                	sh	a5,4(s0)
    2ff0:	8341                	srli	a4,a4,0x10
    2ff2:	00e7e463          	bltu	a5,a4,2ffa <rt_hw_serial_isr+0x4e>
    2ff6:	00041223          	sh	zero,4(s0)
    2ffa:	2076                	lhu	a3,6(s0)
    2ffc:	205e                	lhu	a5,4(s0)
    2ffe:	00d79c63          	bne	a5,a3,3016 <rt_hw_serial_isr+0x6a>
    3002:	0785                	addi	a5,a5,1
    3004:	07c2                	slli	a5,a5,0x10
    3006:	83c1                	srli	a5,a5,0x10
    3008:	a07e                	sh	a5,6(s0)
    300a:	01342423          	sw	s3,8(s0)
    300e:	00e7e463          	bltu	a5,a4,3016 <rt_hw_serial_isr+0x6a>
    3012:	00041323          	sh	zero,6(s0)
    3016:	de1fe0ef          	jal	ra,1df6 <rt_hw_interrupt_enable>
    301a:	b76d                	j	2fc4 <rt_hw_serial_isr+0x18>
    301c:	509c                	lw	a5,32(s1)
    301e:	c385                	beqz	a5,303e <rt_hw_serial_isr+0x92>
    3020:	dcbfe0ef          	jal	ra,1dea <rt_hw_interrupt_disable>
    3024:	205a                	lhu	a4,4(s0)
    3026:	206e                	lhu	a1,6(s0)
    3028:	00b76e63          	bltu	a4,a1,3044 <rt_hw_serial_isr+0x98>
    302c:	40b705b3          	sub	a1,a4,a1
    3030:	c62e                	sw	a1,12(sp)
    3032:	dc5fe0ef          	jal	ra,1df6 <rt_hw_interrupt_enable>
    3036:	509c                	lw	a5,32(s1)
    3038:	45b2                	lw	a1,12(sp)
    303a:	8526                	mv	a0,s1
    303c:	9782                	jalr	a5
    303e:	0141                	addi	sp,sp,16
    3040:	b7cfd06f          	j	3bc <__riscv_restore_4>
    3044:	44fc                	lw	a5,76(s1)
    3046:	8d99                	sub	a1,a1,a4
    3048:	83a9                	srli	a5,a5,0xa
    304a:	07c2                	slli	a5,a5,0x10
    304c:	83c1                	srli	a5,a5,0x10
    304e:	40b785b3          	sub	a1,a5,a1
    3052:	bff9                	j	3030 <rt_hw_serial_isr+0x84>
    3054:	8082                	ret

00003056 <_pin_control>:
    3056:	ce01                	beqz	a2,306e <_pin_control+0x18>
    3058:	b4afd2ef          	jal	t0,3a2 <__riscv_save_0>
    305c:	4178                	lw	a4,68(a0)
    305e:	87b2                	mv	a5,a2
    3060:	238e                	lhu	a1,0(a5)
    3062:	4318                	lw	a4,0(a4)
    3064:	2232                	lhu	a2,2(a2)
    3066:	9702                	jalr	a4
    3068:	4501                	li	a0,0
    306a:	b5cfd06f          	j	3c6 <__riscv_restore_0>
    306e:	557d                	li	a0,-1
    3070:	8082                	ret

00003072 <rt_pin_mode>:
    3072:	b30fd2ef          	jal	t0,3a2 <__riscv_save_0>
    3076:	cf418713          	addi	a4,gp,-780 # 20000644 <_hw_pin>
    307a:	4378                	lw	a4,68(a4)
    307c:	862e                	mv	a2,a1
    307e:	85aa                	mv	a1,a0
    3080:	4318                	lw	a4,0(a4)
    3082:	cf418513          	addi	a0,gp,-780 # 20000644 <_hw_pin>
    3086:	9702                	jalr	a4
    3088:	b3efd06f          	j	3c6 <__riscv_restore_0>

0000308c <rt_pin_write>:
    308c:	b16fd2ef          	jal	t0,3a2 <__riscv_save_0>
    3090:	cf418713          	addi	a4,gp,-780 # 20000644 <_hw_pin>
    3094:	4378                	lw	a4,68(a4)
    3096:	862e                	mv	a2,a1
    3098:	85aa                	mv	a1,a0
    309a:	4358                	lw	a4,4(a4)
    309c:	cf418513          	addi	a0,gp,-780 # 20000644 <_hw_pin>
    30a0:	9702                	jalr	a4
    30a2:	b24fd06f          	j	3c6 <__riscv_restore_0>

000030a6 <rt_pin_read>:
    30a6:	afcfd2ef          	jal	t0,3a2 <__riscv_save_0>
    30aa:	cf418713          	addi	a4,gp,-780 # 20000644 <_hw_pin>
    30ae:	4378                	lw	a4,68(a4)
    30b0:	85aa                	mv	a1,a0
    30b2:	cf418513          	addi	a0,gp,-780 # 20000644 <_hw_pin>
    30b6:	4718                	lw	a4,8(a4)
    30b8:	9702                	jalr	a4
    30ba:	b0cfd06f          	j	3c6 <__riscv_restore_0>

000030be <_pin_read>:
    30be:	c605                	beqz	a2,30e6 <_pin_read+0x28>
    30c0:	4711                	li	a4,4
    30c2:	02e69263          	bne	a3,a4,30e6 <_pin_read+0x28>
    30c6:	adcfd2ef          	jal	t0,3a2 <__riscv_save_0>
    30ca:	417c                	lw	a5,68(a0)
    30cc:	220e                	lhu	a1,0(a2)
    30ce:	1141                	addi	sp,sp,-16
    30d0:	479c                	lw	a5,8(a5)
    30d2:	c636                	sw	a3,12(sp)
    30d4:	c432                	sw	a2,8(sp)
    30d6:	9782                	jalr	a5
    30d8:	4622                	lw	a2,8(sp)
    30da:	46b2                	lw	a3,12(sp)
    30dc:	a22a                	sh	a0,2(a2)
    30de:	8536                	mv	a0,a3
    30e0:	0141                	addi	sp,sp,16
    30e2:	ae4fd06f          	j	3c6 <__riscv_restore_0>
    30e6:	4681                	li	a3,0
    30e8:	8536                	mv	a0,a3
    30ea:	8082                	ret

000030ec <_pin_write>:
    30ec:	c21d                	beqz	a2,3112 <_pin_write+0x26>
    30ee:	87b2                	mv	a5,a2
    30f0:	4611                	li	a2,4
    30f2:	02c69063          	bne	a3,a2,3112 <_pin_write+0x26>
    30f6:	aacfd2ef          	jal	t0,3a2 <__riscv_save_0>
    30fa:	4178                	lw	a4,68(a0)
    30fc:	23b2                	lhu	a2,2(a5)
    30fe:	238e                	lhu	a1,0(a5)
    3100:	4358                	lw	a4,4(a4)
    3102:	1141                	addi	sp,sp,-16
    3104:	c636                	sw	a3,12(sp)
    3106:	9702                	jalr	a4
    3108:	46b2                	lw	a3,12(sp)
    310a:	0141                	addi	sp,sp,16
    310c:	8536                	mv	a0,a3
    310e:	ab8fd06f          	j	3c6 <__riscv_restore_0>
    3112:	4681                	li	a3,0
    3114:	8536                	mv	a0,a3
    3116:	8082                	ret

00003118 <rt_device_pin_register>:
    3118:	a8afd2ef          	jal	t0,3a2 <__riscv_save_0>
    311c:	cf418793          	addi	a5,gp,-780 # 20000644 <_hw_pin>
    3120:	4749                	li	a4,18
    3122:	cbd8                	sw	a4,20(a5)
    3124:	00003737          	lui	a4,0x3
    3128:	0be70713          	addi	a4,a4,190 # 30be <_pin_read>
    312c:	dbd8                	sw	a4,52(a5)
    312e:	00003737          	lui	a4,0x3
    3132:	0ec70713          	addi	a4,a4,236 # 30ec <_pin_write>
    3136:	df98                	sw	a4,56(a5)
    3138:	00003737          	lui	a4,0x3
    313c:	05670713          	addi	a4,a4,86 # 3056 <_pin_control>
    3140:	c3ec                	sw	a1,68(a5)
    3142:	c3b0                	sw	a2,64(a5)
    3144:	85aa                	mv	a1,a0
    3146:	460d                	li	a2,3
    3148:	cf418513          	addi	a0,gp,-780 # 20000644 <_hw_pin>
    314c:	0207a023          	sw	zero,32(a5)
    3150:	0207a223          	sw	zero,36(a5)
    3154:	0207a423          	sw	zero,40(a5)
    3158:	0207a623          	sw	zero,44(a5)
    315c:	0207a823          	sw	zero,48(a5)
    3160:	dfd8                	sw	a4,60(a5)
    3162:	c6afd0ef          	jal	ra,5cc <rt_device_register>
    3166:	4501                	li	a0,0
    3168:	a5efd06f          	j	3c6 <__riscv_restore_0>

0000316c <rt_heap_begin_get>:
    316c:	20000537          	lui	a0,0x20000
    3170:	68c50513          	addi	a0,a0,1676 # 2000068c <rt_heap>
    3174:	8082                	ret

00003176 <rt_heap_end_get>:
    3176:	20004537          	lui	a0,0x20004
    317a:	68c50513          	addi	a0,a0,1676 # 2000468c <sensor_data>
    317e:	8082                	ret

00003180 <rt_hw_board_init>:
    3180:	a22fd2ef          	jal	t0,3a2 <__riscv_save_0>
    3184:	200007b7          	lui	a5,0x20000
    3188:	1507a703          	lw	a4,336(a5) # 20000150 <SystemCoreClock>
    318c:	3e800793          	li	a5,1000
    3190:	56c1                	li	a3,-16
    3192:	02f75733          	divu	a4,a4,a5
    3196:	e000e7b7          	lui	a5,0xe000e
    319a:	40d78623          	sb	a3,1036(a5) # e000e40c <_eusrstack+0xbfff640c>
    319e:	40d78723          	sb	a3,1038(a5)
    31a2:	6685                	lui	a3,0x1
    31a4:	10d7a023          	sw	a3,256(a5)
    31a8:	6691                	lui	a3,0x4
    31aa:	10d7a023          	sw	a3,256(a5)
    31ae:	e000f7b7          	lui	a5,0xe000f
    31b2:	0007a023          	sw	zero,0(a5) # e000f000 <_eusrstack+0xbfff7000>
    31b6:	0007a223          	sw	zero,4(a5)
    31ba:	4601                	li	a2,0
    31bc:	c790                	sw	a2,8(a5)
    31be:	4681                	li	a3,0
    31c0:	c7d4                	sw	a3,12(a5)
    31c2:	4681                	li	a3,0
    31c4:	fff70613          	addi	a2,a4,-1
    31c8:	cb90                	sw	a2,16(a5)
    31ca:	cbd4                	sw	a3,20(a5)
    31cc:	473d                	li	a4,15
    31ce:	c398                	sw	a4,0(a5)
    31d0:	b10fd0ef          	jal	ra,4e0 <rt_components_board_init>
    31d4:	f99ff0ef          	jal	ra,316c <rt_heap_begin_get>
    31d8:	842a                	mv	s0,a0
    31da:	f9dff0ef          	jal	ra,3176 <rt_heap_end_get>
    31de:	85aa                	mv	a1,a0
    31e0:	8522                	mv	a0,s0
    31e2:	8fefe0ef          	jal	ra,12e0 <rt_system_heap_init>
    31e6:	00006537          	lui	a0,0x6
    31ea:	44050513          	addi	a0,a0,1088 # 6440 <__fsym_pinMode_name+0x8>
    31ee:	f45fd0ef          	jal	ra,1132 <rt_console_set_device>
    31f2:	9d4fd06f          	j	3c6 <__riscv_restore_0>

000031f6 <SysTick_Handler>:
    31f6:	34011173          	csrrw	sp,mscratch,sp
    31fa:	893fd0ef          	jal	ra,a8c <rt_interrupt_enter>
    31fe:	e000f7b7          	lui	a5,0xe000f
    3202:	0007a223          	sw	zero,4(a5) # e000f004 <_eusrstack+0xbfff7004>
    3206:	a7afd0ef          	jal	ra,480 <rt_tick_increase>
    320a:	4505                	li	a0,1
    320c:	2039                	jal	321a <lv_tick_inc>
    320e:	8adfd0ef          	jal	ra,aba <rt_interrupt_leave>
    3212:	34011173          	csrrw	sp,mscratch,sp
    3216:	30200073          	mret

0000321a <lv_tick_inc>:
    321a:	8a018a23          	sb	zero,-1868(gp) # 20000204 <tick_irq_flag>
    321e:	8b018793          	addi	a5,gp,-1872 # 20000200 <sys_time>
    3222:	4398                	lw	a4,0(a5)
    3224:	953a                	add	a0,a0,a4
    3226:	c388                	sw	a0,0(a5)
    3228:	8082                	ret

0000322a <uart_service_thread>:
    322a:	950fd2ef          	jal	t0,37a <__riscv_save_10>
    322e:	7175                	addi	sp,sp,-144
    3230:	4585                	li	a1,1
    3232:	02000513          	li	a0,32
    3236:	18f010ef          	jal	ra,4bc4 <RCC_APB2PeriphClockCmd>
    323a:	20000793          	li	a5,512
    323e:	04f11823          	sh	a5,80(sp)
    3242:	40011437          	lui	s0,0x40011
    3246:	47c1                	li	a5,16
    3248:	ccbe                	sw	a5,88(sp)
    324a:	088c                	addi	a1,sp,80
    324c:	478d                	li	a5,3
    324e:	40040513          	addi	a0,s0,1024 # 40011400 <_eusrstack+0x1fff9400>
    3252:	cabe                	sw	a5,84(sp)
    3254:	40e010ef          	jal	ra,4662 <GPIO_Init>
    3258:	20000593          	li	a1,512
    325c:	40040513          	addi	a0,s0,1024
    3260:	4d0010ef          	jal	ra,4730 <GPIO_ResetBits>
    3264:	00006537          	lui	a0,0x6
    3268:	44850513          	addi	a0,a0,1096 # 6448 <__fsym_pinMode_name+0x10>
    326c:	b16fd0ef          	jal	ra,582 <rt_device_find>
    3270:	8aa1ac23          	sw	a0,-1864(gp) # 20000208 <uart_dev>
    3274:	e911                	bnez	a0,3288 <uart_service_thread+0x5e>
    3276:	00006537          	lui	a0,0x6
    327a:	45050513          	addi	a0,a0,1104 # 6450 <__fsym_pinMode_name+0x18>
    327e:	ee5fd0ef          	jal	ra,1162 <rt_kprintf>
    3282:	6149                	addi	sp,sp,144
    3284:	92efd06f          	j	3b2 <__riscv_restore_10>
    3288:	10300593          	li	a1,259
    328c:	b74fd0ef          	jal	ra,600 <rt_device_open>
    3290:	00006537          	lui	a0,0x6
    3294:	46450513          	addi	a0,a0,1124 # 6464 <__fsym_pinMode_name+0x2c>
    3298:	8b818493          	addi	s1,gp,-1864 # 20000208 <uart_dev>
    329c:	ec7fd0ef          	jal	ra,1162 <rt_kprintf>
    32a0:	4401                	li	s0,0
    32a2:	00006937          	lui	s2,0x6
    32a6:	000069b7          	lui	s3,0x6
    32aa:	00006a37          	lui	s4,0x6
    32ae:	00006ab7          	lui	s5,0x6
    32b2:	00006b37          	lui	s6,0x6
    32b6:	00006bb7          	lui	s7,0x6
    32ba:	00006c37          	lui	s8,0x6
    32be:	02000613          	li	a2,32
    32c2:	4581                	li	a1,0
    32c4:	1808                	addi	a0,sp,48
    32c6:	9c3fd0ef          	jal	ra,c88 <rt_memset>
    32ca:	4088                	lw	a0,0(s1)
    32cc:	46fd                	li	a3,31
    32ce:	1810                	addi	a2,sp,48
    32d0:	4581                	li	a1,0
    32d2:	be0fd0ef          	jal	ra,6b2 <rt_device_read>
    32d6:	02a05663          	blez	a0,3302 <uart_service_thread+0xd8>
    32da:	47c90593          	addi	a1,s2,1148 # 647c <__fsym_pinMode_name+0x44>
    32de:	1808                	addi	a0,sp,48
    32e0:	370020ef          	jal	ra,5650 <strstr>
    32e4:	c541                	beqz	a0,336c <uart_service_thread+0x142>
    32e6:	40011537          	lui	a0,0x40011
    32ea:	20000593          	li	a1,512
    32ee:	40050513          	addi	a0,a0,1024 # 40011400 <_eusrstack+0x1fff9400>
    32f2:	43a010ef          	jal	ra,472c <GPIO_SetBits>
    32f6:	4505                	li	a0,1
    32f8:	2a41                	jal	3488 <sensor_set_led_state>
    32fa:	480b0513          	addi	a0,s6,1152 # 6480 <__fsym_pinMode_name+0x48>
    32fe:	e65fd0ef          	jal	ra,1162 <rt_kprintf>
    3302:	0405                	addi	s0,s0,1
    3304:	03100793          	li	a5,49
    3308:	0487fe63          	bgeu	a5,s0,3364 <uart_service_thread+0x13a>
    330c:	0868                	addi	a0,sp,28
    330e:	2a3d                	jal	344c <sensor_get_data>
    3310:	e929                	bnez	a0,3362 <uart_service_thread+0x138>
    3312:	02e14883          	lbu	a7,46(sp)
    3316:	02415783          	lhu	a5,36(sp)
    331a:	5502                	lw	a0,32(sp)
    331c:	c646                	sw	a7,12(sp)
    331e:	c43e                	sw	a5,8(sp)
    3320:	0c0020ef          	jal	ra,53e0 <__fixsfsi>
    3324:	c22a                	sw	a0,4(sp)
    3326:	4572                	lw	a0,28(sp)
    3328:	0b8020ef          	jal	ra,53e0 <__fixsfsi>
    332c:	48b2                	lw	a7,12(sp)
    332e:	5822                	lw	a6,40(sp)
    3330:	47a2                	lw	a5,8(sp)
    3332:	4712                	lw	a4,4(sp)
    3334:	86aa                	mv	a3,a0
    3336:	4acb8613          	addi	a2,s7,1196 # 64ac <__fsym_pinMode_name+0x74>
    333a:	04000593          	li	a1,64
    333e:	0888                	addi	a0,sp,80
    3340:	dd3fd0ef          	jal	ra,1112 <rt_snprintf>
    3344:	4080                	lw	s0,0(s1)
    3346:	0888                	addi	a0,sp,80
    3348:	a67fd0ef          	jal	ra,dae <rt_strlen>
    334c:	86aa                	mv	a3,a0
    334e:	4581                	li	a1,0
    3350:	0890                	addi	a2,sp,80
    3352:	8522                	mv	a0,s0
    3354:	b7afd0ef          	jal	ra,6ce <rt_device_write>
    3358:	088c                	addi	a1,sp,80
    335a:	4c0c0513          	addi	a0,s8,1216 # 64c0 <__fsym_pinMode_name+0x88>
    335e:	e05fd0ef          	jal	ra,1162 <rt_kprintf>
    3362:	4401                	li	s0,0
    3364:	4551                	li	a0,20
    3366:	f6cfe0ef          	jal	ra,1ad2 <rt_thread_mdelay>
    336a:	bf91                	j	32be <uart_service_thread+0x94>
    336c:	48c98593          	addi	a1,s3,1164 # 648c <__fsym_pinMode_name+0x54>
    3370:	1808                	addi	a0,sp,48
    3372:	2de020ef          	jal	ra,5650 <strstr>
    3376:	cd11                	beqz	a0,3392 <uart_service_thread+0x168>
    3378:	40011537          	lui	a0,0x40011
    337c:	20000593          	li	a1,512
    3380:	40050513          	addi	a0,a0,1024 # 40011400 <_eusrstack+0x1fff9400>
    3384:	3ac010ef          	jal	ra,4730 <GPIO_ResetBits>
    3388:	4501                	li	a0,0
    338a:	28fd                	jal	3488 <sensor_set_led_state>
    338c:	490a8513          	addi	a0,s5,1168 # 6490 <__fsym_pinMode_name+0x58>
    3390:	b7bd                	j	32fe <uart_service_thread+0xd4>
    3392:	180c                	addi	a1,sp,48
    3394:	49ca0513          	addi	a0,s4,1180 # 649c <__fsym_pinMode_name+0x64>
    3398:	dcbfd0ef          	jal	ra,1162 <rt_kprintf>
    339c:	b79d                	j	3302 <uart_service_thread+0xd8>

0000339e <sensor_service_thread>:
    339e:	febfc2ef          	jal	t0,388 <__riscv_save_4>
    33a2:	00006537          	lui	a0,0x6
    33a6:	1141                	addi	sp,sp,-16
    33a8:	4581                	li	a1,0
    33aa:	4c850513          	addi	a0,a0,1224 # 64c8 <__fsym_pinMode_name+0x90>
    33ae:	d4afd0ef          	jal	ra,8f8 <rt_mutex_create>
    33b2:	8aa1ae23          	sw	a0,-1860(gp) # 2000020c <sensor_mutex>
    33b6:	e911                	bnez	a0,33ca <sensor_service_thread+0x2c>
    33b8:	00006537          	lui	a0,0x6
    33bc:	4d050513          	addi	a0,a0,1232 # 64d0 <__fsym_pinMode_name+0x98>
    33c0:	da3fd0ef          	jal	ra,1162 <rt_kprintf>
    33c4:	0141                	addi	sp,sp,16
    33c6:	ff7fc06f          	j	3bc <__riscv_restore_4>
    33ca:	00006537          	lui	a0,0x6
    33ce:	4f050513          	addi	a0,a0,1264 # 64f0 <__fsym_pinMode_name+0xb8>
    33d2:	d91fd0ef          	jal	ra,1162 <rt_kprintf>
    33d6:	2229                	jal	34e0 <I2C1_Init>
    33d8:	24fd                	jal	36c6 <ADC1_Init>
    33da:	2119                	jal	37e0 <DHT20_Init>
    33dc:	00006537          	lui	a0,0x6
    33e0:	50050513          	addi	a0,a0,1280 # 6500 <__fsym_pinMode_name+0xc8>
    33e4:	d7ffd0ef          	jal	ra,1162 <rt_kprintf>
    33e8:	6785                	lui	a5,0x1
    33ea:	200044b7          	lui	s1,0x20004
    33ee:	8bc18413          	addi	s0,gp,-1860 # 2000020c <sensor_mutex>
    33f2:	68c48493          	addi	s1,s1,1676 # 2000468c <sensor_data>
    33f6:	ce478a13          	addi	s4,a5,-796 # ce4 <rt_memset+0x5c>
    33fa:	fff78993          	addi	s3,a5,-1
    33fe:	006c                	addi	a1,sp,12
    3400:	0028                	addi	a0,sp,8
    3402:	2ec5                	jal	37f2 <DHT20_Read>
    3404:	ed01                	bnez	a0,341c <sensor_service_thread+0x7e>
    3406:	4008                	lw	a0,0(s0)
    3408:	55fd                	li	a1,-1
    340a:	d16fd0ef          	jal	ra,920 <rt_mutex_take>
    340e:	47a2                	lw	a5,8(sp)
    3410:	4008                	lw	a0,0(s0)
    3412:	c09c                	sw	a5,0(s1)
    3414:	47b2                	lw	a5,12(sp)
    3416:	c0dc                	sw	a5,4(s1)
    3418:	dd0fd0ef          	jal	ra,9e8 <rt_mutex_release>
    341c:	45a9                	li	a1,10
    341e:	452d                	li	a0,11
    3420:	2661                	jal	37a8 <ADC_Read_Avg>
    3422:	892a                	mv	s2,a0
    3424:	4008                	lw	a0,0(s0)
    3426:	55fd                	li	a1,-1
    3428:	cf8fd0ef          	jal	ra,920 <rt_mutex_take>
    342c:	01249423          	sh	s2,8(s1)
    3430:	03490933          	mul	s2,s2,s4
    3434:	4008                	lw	a0,0(s0)
    3436:	03394933          	div	s2,s2,s3
    343a:	0124a623          	sw	s2,12(s1)
    343e:	daafd0ef          	jal	ra,9e8 <rt_mutex_release>
    3442:	3e800513          	li	a0,1000
    3446:	e8cfe0ef          	jal	ra,1ad2 <rt_thread_mdelay>
    344a:	bf55                	j	33fe <sensor_service_thread+0x60>

0000344c <sensor_get_data>:
    344c:	c91d                	beqz	a0,3482 <sensor_get_data+0x36>
    344e:	f55fc2ef          	jal	t0,3a2 <__riscv_save_0>
    3452:	8bc18413          	addi	s0,gp,-1860 # 2000020c <sensor_mutex>
    3456:	84aa                	mv	s1,a0
    3458:	4008                	lw	a0,0(s0)
    345a:	5779                	li	a4,-2
    345c:	c105                	beqz	a0,347c <sensor_get_data+0x30>
    345e:	55fd                	li	a1,-1
    3460:	cc0fd0ef          	jal	ra,920 <rt_mutex_take>
    3464:	200045b7          	lui	a1,0x20004
    3468:	4651                	li	a2,20
    346a:	68c58593          	addi	a1,a1,1676 # 2000468c <sensor_data>
    346e:	8526                	mv	a0,s1
    3470:	0c6020ef          	jal	ra,5536 <memcpy>
    3474:	4008                	lw	a0,0(s0)
    3476:	d72fd0ef          	jal	ra,9e8 <rt_mutex_release>
    347a:	4701                	li	a4,0
    347c:	853a                	mv	a0,a4
    347e:	f49fc06f          	j	3c6 <__riscv_restore_0>
    3482:	577d                	li	a4,-1
    3484:	853a                	mv	a0,a4
    3486:	8082                	ret

00003488 <sensor_set_led_state>:
    3488:	f1bfc2ef          	jal	t0,3a2 <__riscv_save_0>
    348c:	8bc18413          	addi	s0,gp,-1860 # 2000020c <sensor_mutex>
    3490:	84aa                	mv	s1,a0
    3492:	4008                	lw	a0,0(s0)
    3494:	cd11                	beqz	a0,34b0 <sensor_set_led_state+0x28>
    3496:	55fd                	li	a1,-1
    3498:	c88fd0ef          	jal	ra,920 <rt_mutex_take>
    349c:	4008                	lw	a0,0(s0)
    349e:	200047b7          	lui	a5,0x20004
    34a2:	68978f23          	sb	s1,1694(a5) # 2000469e <sensor_data+0x12>
    34a6:	d42fd0ef          	jal	ra,9e8 <rt_mutex_release>
    34aa:	4501                	li	a0,0
    34ac:	f1bfc06f          	j	3c6 <__riscv_restore_0>
    34b0:	557d                	li	a0,-1
    34b2:	bfed                	j	34ac <sensor_set_led_state+0x24>

000034b4 <I2C_Wait.constprop.0>:
    34b4:	eeffc2ef          	jal	t0,3a2 <__riscv_save_0>
    34b8:	6461                	lui	s0,0x18
    34ba:	400054b7          	lui	s1,0x40005
    34be:	892a                	mv	s2,a0
    34c0:	6a140413          	addi	s0,s0,1697 # 186a1 <__rt_init_end+0x1170d>
    34c4:	40048493          	addi	s1,s1,1024 # 40005400 <_eusrstack+0x1ffed400>
    34c8:	85ca                	mv	a1,s2
    34ca:	8526                	mv	a0,s1
    34cc:	528010ef          	jal	ra,49f4 <I2C_CheckEvent>
    34d0:	c501                	beqz	a0,34d8 <I2C_Wait.constprop.0+0x24>
    34d2:	4501                	li	a0,0
    34d4:	ef3fc06f          	j	3c6 <__riscv_restore_0>
    34d8:	147d                	addi	s0,s0,-1
    34da:	f47d                	bnez	s0,34c8 <I2C_Wait.constprop.0+0x14>
    34dc:	4505                	li	a0,1
    34de:	bfdd                	j	34d4 <I2C_Wait.constprop.0+0x20>

000034e0 <I2C1_Init>:
    34e0:	ec3fc2ef          	jal	t0,3a2 <__riscv_save_0>
    34e4:	1101                	addi	sp,sp,-32
    34e6:	4585                	li	a1,1
    34e8:	4525                	li	a0,9
    34ea:	6da010ef          	jal	ra,4bc4 <RCC_APB2PeriphClockCmd>
    34ee:	4585                	li	a1,1
    34f0:	00200537          	lui	a0,0x200
    34f4:	6ee010ef          	jal	ra,4be2 <RCC_APB1PeriphClockCmd>
    34f8:	4581                	li	a1,0
    34fa:	4509                	li	a0,2
    34fc:	242010ef          	jal	ra,473e <GPIO_PinRemapConfig>
    3500:	0c000793          	li	a5,192
    3504:	827c                	sh	a5,4(sp)
    3506:	40011537          	lui	a0,0x40011
    350a:	47f1                	li	a5,28
    350c:	004c                	addi	a1,sp,4
    350e:	c63e                	sw	a5,12(sp)
    3510:	c0050513          	addi	a0,a0,-1024 # 40010c00 <_eusrstack+0x1fff8c00>
    3514:	478d                	li	a5,3
    3516:	40005437          	lui	s0,0x40005
    351a:	c43e                	sw	a5,8(sp)
    351c:	146010ef          	jal	ra,4662 <GPIO_Init>
    3520:	40040513          	addi	a0,s0,1024 # 40005400 <_eusrstack+0x1ffed400>
    3524:	31c010ef          	jal	ra,4840 <I2C_DeInit>
    3528:	67e1                	lui	a5,0x18
    352a:	6a078793          	addi	a5,a5,1696 # 186a0 <__rt_init_end+0x1170c>
    352e:	c83e                	sw	a5,16(sp)
    3530:	bfff07b7          	lui	a5,0xbfff0
    3534:	ca3e                	sw	a5,20(sp)
    3536:	040007b7          	lui	a5,0x4000
    353a:	cc3e                	sw	a5,24(sp)
    353c:	080c                	addi	a1,sp,16
    353e:	6791                	lui	a5,0x4
    3540:	40040513          	addi	a0,s0,1024
    3544:	86fc                	sh	a5,28(sp)
    3546:	32c010ef          	jal	ra,4872 <I2C_Init>
    354a:	4585                	li	a1,1
    354c:	40040513          	addi	a0,s0,1024
    3550:	420010ef          	jal	ra,4970 <I2C_Cmd>
    3554:	6105                	addi	sp,sp,32
    3556:	e71fc06f          	j	3c6 <__riscv_restore_0>

0000355a <I2C_Write>:
    355a:	e2ffc2ef          	jal	t0,388 <__riscv_save_4>
    355e:	400059b7          	lui	s3,0x40005
    3562:	892a                	mv	s2,a0
    3564:	842e                	mv	s0,a1
    3566:	8a32                	mv	s4,a2
    3568:	40098493          	addi	s1,s3,1024 # 40005400 <_eusrstack+0x1ffed400>
    356c:	000205b7          	lui	a1,0x20
    3570:	8526                	mv	a0,s1
    3572:	498010ef          	jal	ra,4a0a <I2C_GetFlagStatus>
    3576:	f97d                	bnez	a0,356c <I2C_Write+0x12>
    3578:	4585                	li	a1,1
    357a:	40098513          	addi	a0,s3,1024
    357e:	40a010ef          	jal	ra,4988 <I2C_GenerateSTART>
    3582:	00030537          	lui	a0,0x30
    3586:	0505                	addi	a0,a0,1
    3588:	f2dff0ef          	jal	ra,34b4 <I2C_Wait.constprop.0>
    358c:	4485                	li	s1,1
    358e:	e929                	bnez	a0,35e0 <I2C_Write+0x86>
    3590:	00191593          	slli	a1,s2,0x1
    3594:	4601                	li	a2,0
    3596:	0fe5f593          	andi	a1,a1,254
    359a:	40098513          	addi	a0,s3,1024
    359e:	444010ef          	jal	ra,49e2 <I2C_Send7bitAddress>
    35a2:	00070937          	lui	s2,0x70
    35a6:	08290513          	addi	a0,s2,130 # 70082 <__rt_init_end+0x690ee>
    35aa:	f0bff0ef          	jal	ra,34b4 <I2C_Wait.constprop.0>
    35ae:	84aa                	mv	s1,a0
    35b0:	e115                	bnez	a0,35d4 <I2C_Write+0x7a>
    35b2:	400059b7          	lui	s3,0x40005
    35b6:	9a22                	add	s4,s4,s0
    35b8:	40098a93          	addi	s5,s3,1024 # 40005400 <_eusrstack+0x1ffed400>
    35bc:	08490913          	addi	s2,s2,132
    35c0:	03441363          	bne	s0,s4,35e6 <I2C_Write+0x8c>
    35c4:	40005537          	lui	a0,0x40005
    35c8:	4585                	li	a1,1
    35ca:	40050513          	addi	a0,a0,1024 # 40005400 <_eusrstack+0x1ffed400>
    35ce:	3d4010ef          	jal	ra,49a2 <I2C_GenerateSTOP>
    35d2:	a039                	j	35e0 <I2C_Write+0x86>
    35d4:	4585                	li	a1,1
    35d6:	40098513          	addi	a0,s3,1024
    35da:	3c8010ef          	jal	ra,49a2 <I2C_GenerateSTOP>
    35de:	4489                	li	s1,2
    35e0:	8526                	mv	a0,s1
    35e2:	ddbfc06f          	j	3bc <__riscv_restore_4>
    35e6:	200c                	lbu	a1,0(s0)
    35e8:	8556                	mv	a0,s5
    35ea:	0405                	addi	s0,s0,1
    35ec:	3ea010ef          	jal	ra,49d6 <I2C_SendData>
    35f0:	854a                	mv	a0,s2
    35f2:	ec3ff0ef          	jal	ra,34b4 <I2C_Wait.constprop.0>
    35f6:	d569                	beqz	a0,35c0 <I2C_Write+0x66>
    35f8:	4585                	li	a1,1
    35fa:	40098513          	addi	a0,s3,1024
    35fe:	3a4010ef          	jal	ra,49a2 <I2C_GenerateSTOP>
    3602:	448d                	li	s1,3
    3604:	bff1                	j	35e0 <I2C_Write+0x86>

00003606 <I2C_Read>:
    3606:	d83fc2ef          	jal	t0,388 <__riscv_save_4>
    360a:	400054b7          	lui	s1,0x40005
    360e:	89aa                	mv	s3,a0
    3610:	8aae                	mv	s5,a1
    3612:	8a32                	mv	s4,a2
    3614:	40048413          	addi	s0,s1,1024 # 40005400 <_eusrstack+0x1ffed400>
    3618:	000205b7          	lui	a1,0x20
    361c:	8522                	mv	a0,s0
    361e:	3ec010ef          	jal	ra,4a0a <I2C_GetFlagStatus>
    3622:	f97d                	bnez	a0,3618 <I2C_Read+0x12>
    3624:	4585                	li	a1,1
    3626:	40048513          	addi	a0,s1,1024
    362a:	35e010ef          	jal	ra,4988 <I2C_GenerateSTART>
    362e:	00030937          	lui	s2,0x30
    3632:	00190513          	addi	a0,s2,1 # 30001 <__rt_init_end+0x2906d>
    3636:	e7fff0ef          	jal	ra,34b4 <I2C_Wait.constprop.0>
    363a:	4405                	li	s0,1
    363c:	ed31                	bnez	a0,3698 <I2C_Read+0x92>
    363e:	00199593          	slli	a1,s3,0x1
    3642:	4605                	li	a2,1
    3644:	0fe5f593          	andi	a1,a1,254
    3648:	40048513          	addi	a0,s1,1024
    364c:	396010ef          	jal	ra,49e2 <I2C_Send7bitAddress>
    3650:	00290513          	addi	a0,s2,2
    3654:	e61ff0ef          	jal	ra,34b4 <I2C_Wait.constprop.0>
    3658:	842a                	mv	s0,a0
    365a:	e90d                	bnez	a0,368c <I2C_Read+0x86>
    365c:	400059b7          	lui	s3,0x40005
    3660:	4481                	li	s1,0
    3662:	fffa0b13          	addi	s6,s4,-1
    3666:	40098993          	addi	s3,s3,1024 # 40005400 <_eusrstack+0x1ffed400>
    366a:	04090913          	addi	s2,s2,64
    366e:	03449863          	bne	s1,s4,369e <I2C_Read+0x98>
    3672:	400054b7          	lui	s1,0x40005
    3676:	40048513          	addi	a0,s1,1024 # 40005400 <_eusrstack+0x1ffed400>
    367a:	4585                	li	a1,1
    367c:	326010ef          	jal	ra,49a2 <I2C_GenerateSTOP>
    3680:	4585                	li	a1,1
    3682:	40048513          	addi	a0,s1,1024
    3686:	336010ef          	jal	ra,49bc <I2C_AcknowledgeConfig>
    368a:	a039                	j	3698 <I2C_Read+0x92>
    368c:	4585                	li	a1,1
    368e:	40048513          	addi	a0,s1,1024
    3692:	310010ef          	jal	ra,49a2 <I2C_GenerateSTOP>
    3696:	4409                	li	s0,2
    3698:	8522                	mv	a0,s0
    369a:	d23fc06f          	j	3bc <__riscv_restore_4>
    369e:	009b1663          	bne	s6,s1,36aa <I2C_Read+0xa4>
    36a2:	4581                	li	a1,0
    36a4:	854e                	mv	a0,s3
    36a6:	316010ef          	jal	ra,49bc <I2C_AcknowledgeConfig>
    36aa:	854a                	mv	a0,s2
    36ac:	e09ff0ef          	jal	ra,34b4 <I2C_Wait.constprop.0>
    36b0:	e909                	bnez	a0,36c2 <I2C_Read+0xbc>
    36b2:	854e                	mv	a0,s3
    36b4:	326010ef          	jal	ra,49da <I2C_ReceiveData>
    36b8:	009a87b3          	add	a5,s5,s1
    36bc:	a388                	sb	a0,0(a5)
    36be:	0485                	addi	s1,s1,1
    36c0:	b77d                	j	366e <I2C_Read+0x68>
    36c2:	440d                	li	s0,3
    36c4:	bfd1                	j	3698 <I2C_Read+0x92>

000036c6 <ADC1_Init>:
    36c6:	cddfc2ef          	jal	t0,3a2 <__riscv_save_0>
    36ca:	7179                	addi	sp,sp,-48
    36cc:	02000613          	li	a2,32
    36d0:	4581                	li	a1,0
    36d2:	0808                	addi	a0,sp,16
    36d4:	c202                	sw	zero,4(sp)
    36d6:	c402                	sw	zero,8(sp)
    36d8:	c602                	sw	zero,12(sp)
    36da:	cf9fc0ef          	jal	ra,3d2 <memset>
    36de:	4585                	li	a1,1
    36e0:	21000513          	li	a0,528
    36e4:	4e0010ef          	jal	ra,4bc4 <RCC_APB2PeriphClockCmd>
    36e8:	6531                	lui	a0,0xc
    36ea:	352010ef          	jal	ra,4a3c <RCC_ADCCLKConfig>
    36ee:	4789                	li	a5,2
    36f0:	004c                	addi	a1,sp,4
    36f2:	40011537          	lui	a0,0x40011
    36f6:	827c                	sh	a5,4(sp)
    36f8:	c602                	sw	zero,12(sp)
    36fa:	769000ef          	jal	ra,4662 <GPIO_Init>
    36fe:	40012437          	lui	s0,0x40012
    3702:	000e07b7          	lui	a5,0xe0
    3706:	ce3e                	sw	a5,28(sp)
    3708:	080c                	addi	a1,sp,16
    370a:	4785                	li	a5,1
    370c:	40040513          	addi	a0,s0,1024 # 40012400 <_eusrstack+0x1fffa400>
    3710:	02f10223          	sb	a5,36(sp)
    3714:	c802                	sw	zero,16(sp)
    3716:	ca02                	sw	zero,20(sp)
    3718:	cc02                	sw	zero,24(sp)
    371a:	d002                	sw	zero,32(sp)
    371c:	549000ef          	jal	ra,4464 <ADC_Init>
    3720:	4585                	li	a1,1
    3722:	40040513          	addi	a0,s0,1024
    3726:	595000ef          	jal	ra,44ba <ADC_Cmd>
    372a:	40040513          	addi	a0,s0,1024
    372e:	59d000ef          	jal	ra,44ca <ADC_ResetCalibration>
    3732:	40040493          	addi	s1,s0,1024
    3736:	8526                	mv	a0,s1
    3738:	59d000ef          	jal	ra,44d4 <ADC_GetResetCalibrationStatus>
    373c:	fd6d                	bnez	a0,3736 <ADC1_Init+0x70>
    373e:	40040513          	addi	a0,s0,1024
    3742:	40012437          	lui	s0,0x40012
    3746:	597000ef          	jal	ra,44dc <ADC_StartCalibration>
    374a:	40040413          	addi	s0,s0,1024 # 40012400 <_eusrstack+0x1fffa400>
    374e:	8522                	mv	a0,s0
    3750:	597000ef          	jal	ra,44e6 <ADC_GetCalibrationStatus>
    3754:	fd6d                	bnez	a0,374e <ADC1_Init+0x88>
    3756:	6145                	addi	sp,sp,48
    3758:	c6ffc06f          	j	3c6 <__riscv_restore_0>

0000375c <ADC_Read>:
    375c:	c47fc2ef          	jal	t0,3a2 <__riscv_save_0>
    3760:	40012437          	lui	s0,0x40012
    3764:	85aa                	mv	a1,a0
    3766:	469d                	li	a3,7
    3768:	40040513          	addi	a0,s0,1024 # 40012400 <_eusrstack+0x1fffa400>
    376c:	4605                	li	a2,1
    376e:	599000ef          	jal	ra,4506 <ADC_RegularChannelConfig>
    3772:	40040513          	addi	a0,s0,1024
    3776:	4585                	li	a1,1
    3778:	6461                	lui	s0,0x18
    377a:	400124b7          	lui	s1,0x40012
    377e:	571000ef          	jal	ra,44ee <ADC_SoftwareStartConvCmd>
    3782:	6a040413          	addi	s0,s0,1696 # 186a0 <__rt_init_end+0x1170c>
    3786:	40048913          	addi	s2,s1,1024 # 40012400 <_eusrstack+0x1fffa400>
    378a:	4589                	li	a1,2
    378c:	854a                	mv	a0,s2
    378e:	639000ef          	jal	ra,45c6 <ADC_GetFlagStatus>
    3792:	c519                	beqz	a0,37a0 <ADC_Read+0x44>
    3794:	40048513          	addi	a0,s1,1024
    3798:	627000ef          	jal	ra,45be <ADC_GetConversionValue>
    379c:	c2bfc06f          	j	3c6 <__riscv_restore_0>
    37a0:	147d                	addi	s0,s0,-1
    37a2:	f465                	bnez	s0,378a <ADC_Read+0x2e>
    37a4:	4501                	li	a0,0
    37a6:	bfdd                	j	379c <ADC_Read+0x40>

000037a8 <ADC_Read_Avg>:
    37a8:	bfbfc2ef          	jal	t0,3a2 <__riscv_save_0>
    37ac:	1141                	addi	sp,sp,-16
    37ae:	892a                	mv	s2,a0
    37b0:	4401                	li	s0,0
    37b2:	4481                	li	s1,0
    37b4:	00b41963          	bne	s0,a1,37c6 <ADC_Read_Avg+0x1e>
    37b8:	0284d533          	divu	a0,s1,s0
    37bc:	0141                	addi	sp,sp,16
    37be:	0542                	slli	a0,a0,0x10
    37c0:	8141                	srli	a0,a0,0x10
    37c2:	c05fc06f          	j	3c6 <__riscv_restore_0>
    37c6:	854a                	mv	a0,s2
    37c8:	c62e                	sw	a1,12(sp)
    37ca:	f93ff0ef          	jal	ra,375c <ADC_Read>
    37ce:	94aa                	add	s1,s1,a0
    37d0:	4515                	li	a0,5
    37d2:	b00fe0ef          	jal	ra,1ad2 <rt_thread_mdelay>
    37d6:	0405                	addi	s0,s0,1
    37d8:	0ff47413          	andi	s0,s0,255
    37dc:	45b2                	lw	a1,12(sp)
    37de:	bfd9                	j	37b4 <ADC_Read_Avg+0xc>

000037e0 <DHT20_Init>:
    37e0:	bc3fc2ef          	jal	t0,3a2 <__riscv_save_0>
    37e4:	06400513          	li	a0,100
    37e8:	aeafe0ef          	jal	ra,1ad2 <rt_thread_mdelay>
    37ec:	4501                	li	a0,0
    37ee:	bd9fc06f          	j	3c6 <__riscv_restore_0>

000037f2 <DHT20_Read>:
    37f2:	b97fc2ef          	jal	t0,388 <__riscv_save_4>
    37f6:	1141                	addi	sp,sp,-16
    37f8:	678d                	lui	a5,0x3
    37fa:	892a                	mv	s2,a0
    37fc:	89ae                	mv	s3,a1
    37fe:	3ac78793          	addi	a5,a5,940 # 33ac <sensor_service_thread+0xe>
    3802:	460d                	li	a2,3
    3804:	004c                	addi	a1,sp,4
    3806:	03800513          	li	a0,56
    380a:	827c                	sh	a5,4(sp)
    380c:	00010323          	sb	zero,6(sp)
    3810:	d4bff0ef          	jal	ra,355a <I2C_Write>
    3814:	cd01                	beqz	a0,382c <DHT20_Read+0x3a>
    3816:	00006537          	lui	a0,0x6
    381a:	52050513          	addi	a0,a0,1312 # 6520 <__fsym_pinMode_name+0xe8>
    381e:	945fd0ef          	jal	ra,1162 <rt_kprintf>
    3822:	4405                	li	s0,1
    3824:	8522                	mv	a0,s0
    3826:	0141                	addi	sp,sp,16
    3828:	b95fc06f          	j	3bc <__riscv_restore_4>
    382c:	06400513          	li	a0,100
    3830:	aa2fe0ef          	jal	ra,1ad2 <rt_thread_mdelay>
    3834:	4619                	li	a2,6
    3836:	002c                	addi	a1,sp,8
    3838:	03800513          	li	a0,56
    383c:	dcbff0ef          	jal	ra,3606 <I2C_Read>
    3840:	842a                	mv	s0,a0
    3842:	c909                	beqz	a0,3854 <DHT20_Read+0x62>
    3844:	00006537          	lui	a0,0x6
    3848:	53450513          	addi	a0,a0,1332 # 6534 <__fsym_pinMode_name+0xfc>
    384c:	917fd0ef          	jal	ra,1162 <rt_kprintf>
    3850:	4409                	li	s0,2
    3852:	bfc9                	j	3824 <DHT20_Read+0x32>
    3854:	00810783          	lb	a5,8(sp)
    3858:	0007da63          	bgez	a5,386c <DHT20_Read+0x7a>
    385c:	00006537          	lui	a0,0x6
    3860:	54850513          	addi	a0,a0,1352 # 6548 <__fsym_pinMode_name+0x110>
    3864:	8fffd0ef          	jal	ra,1162 <rt_kprintf>
    3868:	440d                	li	s0,3
    386a:	bf6d                	j	3824 <DHT20_Read+0x32>
    386c:	8588                	lbu	a0,11(sp)
    386e:	8638                	lhu	a4,12(sp)
    3870:	000f07b7          	lui	a5,0xf0
    3874:	01051493          	slli	s1,a0,0x10
    3878:	8cfd                	and	s1,s1,a5
    387a:	00871793          	slli	a5,a4,0x8
    387e:	8321                	srli	a4,a4,0x8
    3880:	8fd9                	or	a5,a5,a4
    3882:	07c2                	slli	a5,a5,0x10
    3884:	83c1                	srli	a5,a5,0x10
    3886:	8cdd                	or	s1,s1,a5
    3888:	8518                	lbu	a4,10(sp)
    388a:	849c                	lbu	a5,9(sp)
    388c:	8111                	srli	a0,a0,0x4
    388e:	0712                	slli	a4,a4,0x4
    3890:	07b2                	slli	a5,a5,0xc
    3892:	8fd9                	or	a5,a5,a4
    3894:	8d5d                	or	a0,a0,a5
    3896:	3ad010ef          	jal	ra,5442 <__floatunsisf>
    389a:	000067b7          	lui	a5,0x6
    389e:	5107a583          	lw	a1,1296(a5) # 6510 <__fsym_pinMode_name+0xd8>
    38a2:	00006a37          	lui	s4,0x6
    38a6:	51c010ef          	jal	ra,4dc2 <__mulsf3>
    38aa:	514a2583          	lw	a1,1300(s4) # 6514 <__fsym_pinMode_name+0xdc>
    38ae:	514010ef          	jal	ra,4dc2 <__mulsf3>
    38b2:	00a9a023          	sw	a0,0(s3)
    38b6:	8526                	mv	a0,s1
    38b8:	38b010ef          	jal	ra,5442 <__floatunsisf>
    38bc:	000067b7          	lui	a5,0x6
    38c0:	5187a583          	lw	a1,1304(a5) # 6518 <__fsym_pinMode_name+0xe0>
    38c4:	4fe010ef          	jal	ra,4dc2 <__mulsf3>
    38c8:	514a2583          	lw	a1,1300(s4)
    38cc:	4f6010ef          	jal	ra,4dc2 <__mulsf3>
    38d0:	000067b7          	lui	a5,0x6
    38d4:	51c7a583          	lw	a1,1308(a5) # 651c <__fsym_pinMode_name+0xe4>
    38d8:	77e010ef          	jal	ra,5056 <__subsf3>
    38dc:	00a92023          	sw	a0,0(s2)
    38e0:	b791                	j	3824 <DHT20_Read+0x32>

000038e2 <bit2bitno>:
    38e2:	4781                	li	a5,0
    38e4:	4685                	li	a3,1
    38e6:	02000713          	li	a4,32
    38ea:	00f69633          	sll	a2,a3,a5
    38ee:	00a60663          	beq	a2,a0,38fa <bit2bitno+0x18>
    38f2:	0785                	addi	a5,a5,1
    38f4:	fee79be3          	bne	a5,a4,38ea <bit2bitno+0x8>
    38f8:	57fd                	li	a5,-1
    38fa:	853e                	mv	a0,a5
    38fc:	8082                	ret

000038fe <GPIOD_CLK_ENABLE>:
    38fe:	aa5fc2ef          	jal	t0,3a2 <__riscv_save_0>
    3902:	4585                	li	a1,1
    3904:	02000513          	li	a0,32
    3908:	2bc010ef          	jal	ra,4bc4 <RCC_APB2PeriphClockCmd>
    390c:	abbfc06f          	j	3c6 <__riscv_restore_0>

00003910 <GPIOB_CLK_ENABLE>:
    3910:	a93fc2ef          	jal	t0,3a2 <__riscv_save_0>
    3914:	4585                	li	a1,1
    3916:	4521                	li	a0,8
    3918:	2ac010ef          	jal	ra,4bc4 <RCC_APB2PeriphClockCmd>
    391c:	aabfc06f          	j	3c6 <__riscv_restore_0>

00003920 <GPIOA_CLK_ENABLE>:
    3920:	a83fc2ef          	jal	t0,3a2 <__riscv_save_0>
    3924:	4585                	li	a1,1
    3926:	4511                	li	a0,4
    3928:	29c010ef          	jal	ra,4bc4 <RCC_APB2PeriphClockCmd>
    392c:	a9bfc06f          	j	3c6 <__riscv_restore_0>

00003930 <GPIOC_CLK_ENABLE>:
    3930:	a73fc2ef          	jal	t0,3a2 <__riscv_save_0>
    3934:	4585                	li	a1,1
    3936:	4541                	li	a0,16
    3938:	28c010ef          	jal	ra,4bc4 <RCC_APB2PeriphClockCmd>
    393c:	a8bfc06f          	j	3c6 <__riscv_restore_0>

00003940 <GPIOE_CLK_ENABLE>:
    3940:	a63fc2ef          	jal	t0,3a2 <__riscv_save_0>
    3944:	4585                	li	a1,1
    3946:	04000513          	li	a0,64
    394a:	27a010ef          	jal	ra,4bc4 <RCC_APB2PeriphClockCmd>
    394e:	a79fc06f          	j	3c6 <__riscv_restore_0>

00003952 <rt_hw_pin_init>:
    3952:	a51fc2ef          	jal	t0,3a2 <__riscv_save_0>
    3956:	6599                	lui	a1,0x6
    3958:	00007537          	lui	a0,0x7
    395c:	4601                	li	a2,0
    395e:	55458593          	addi	a1,a1,1364 # 6554 <_ch32_pin_ops>
    3962:	c3c50513          	addi	a0,a0,-964 # 6c3c <pins+0x650>
    3966:	fb2ff0ef          	jal	ra,3118 <rt_device_pin_register>
    396a:	a5dfc06f          	j	3c6 <__riscv_restore_0>

0000396e <get_pin>:
    396e:	06400793          	li	a5,100
    3972:	00a7ec63          	bltu	a5,a0,398a <get_pin+0x1c>
    3976:	00451793          	slli	a5,a0,0x4
    397a:	6519                	lui	a0,0x6
    397c:	5ec50513          	addi	a0,a0,1516 # 65ec <pins>
    3980:	953e                	add	a0,a0,a5
    3982:	4118                	lw	a4,0(a0)
    3984:	57fd                	li	a5,-1
    3986:	00f71363          	bne	a4,a5,398c <get_pin+0x1e>
    398a:	4501                	li	a0,0
    398c:	8082                	ret

0000398e <ch32_pin_write>:
    398e:	a15fc2ef          	jal	t0,3a2 <__riscv_save_0>
    3992:	1141                	addi	sp,sp,-16
    3994:	0ff5f513          	andi	a0,a1,255
    3998:	c632                	sw	a2,12(sp)
    399a:	fd5ff0ef          	jal	ra,396e <get_pin>
    399e:	c511                	beqz	a0,39aa <ch32_pin_write+0x1c>
    39a0:	254e                	lhu	a1,12(a0)
    39a2:	4632                	lw	a2,12(sp)
    39a4:	4508                	lw	a0,8(a0)
    39a6:	58f000ef          	jal	ra,4734 <GPIO_WriteBit>
    39aa:	0141                	addi	sp,sp,16
    39ac:	a1bfc06f          	j	3c6 <__riscv_restore_0>

000039b0 <ch32_pin_read>:
    39b0:	9f3fc2ef          	jal	t0,3a2 <__riscv_save_0>
    39b4:	0ff5f513          	andi	a0,a1,255
    39b8:	fb7ff0ef          	jal	ra,396e <get_pin>
    39bc:	87aa                	mv	a5,a0
    39be:	4501                	li	a0,0
    39c0:	c789                	beqz	a5,39ca <ch32_pin_read+0x1a>
    39c2:	27ce                	lhu	a1,12(a5)
    39c4:	4788                	lw	a0,8(a5)
    39c6:	55d000ef          	jal	ra,4722 <GPIO_ReadInputDataBit>
    39ca:	9fdfc06f          	j	3c6 <__riscv_restore_0>

000039ce <ch32_pin_mode>:
    39ce:	9d5fc2ef          	jal	t0,3a2 <__riscv_save_0>
    39d2:	1101                	addi	sp,sp,-32
    39d4:	0ff5f513          	andi	a0,a1,255
    39d8:	8432                	mv	s0,a2
    39da:	f95ff0ef          	jal	ra,396e <get_pin>
    39de:	c505                	beqz	a0,3a06 <ch32_pin_mode+0x38>
    39e0:	415c                	lw	a5,4(a0)
    39e2:	c62a                	sw	a0,12(sp)
    39e4:	9782                	jalr	a5
    39e6:	4532                	lw	a0,12(sp)
    39e8:	455c                	lw	a5,12(a0)
    39ea:	82fc                	sh	a5,20(sp)
    39ec:	47c1                	li	a5,16
    39ee:	ce3e                	sw	a5,28(sp)
    39f0:	478d                	li	a5,3
    39f2:	cc3e                	sw	a5,24(sp)
    39f4:	c409                	beqz	s0,39fe <ch32_pin_mode+0x30>
    39f6:	4715                	li	a4,5
    39f8:	00e41a63          	bne	s0,a4,3a0c <ch32_pin_mode+0x3e>
    39fc:	ce02                	sw	zero,28(sp)
    39fe:	4508                	lw	a0,8(a0)
    3a00:	084c                	addi	a1,sp,20
    3a02:	461000ef          	jal	ra,4662 <GPIO_Init>
    3a06:	6105                	addi	sp,sp,32
    3a08:	9bffc06f          	j	3c6 <__riscv_restore_0>
    3a0c:	4705                	li	a4,1
    3a0e:	00e41563          	bne	s0,a4,3a18 <ch32_pin_mode+0x4a>
    3a12:	4791                	li	a5,4
    3a14:	ce3e                	sw	a5,28(sp)
    3a16:	b7e5                	j	39fe <ch32_pin_mode+0x30>
    3a18:	00f41563          	bne	s0,a5,3a22 <ch32_pin_mode+0x54>
    3a1c:	02800793          	li	a5,40
    3a20:	bfd5                	j	3a14 <ch32_pin_mode+0x46>
    3a22:	4789                	li	a5,2
    3a24:	00f41563          	bne	s0,a5,3a2e <ch32_pin_mode+0x60>
    3a28:	04800793          	li	a5,72
    3a2c:	b7e5                	j	3a14 <ch32_pin_mode+0x46>
    3a2e:	4791                	li	a5,4
    3a30:	00f41463          	bne	s0,a5,3a38 <ch32_pin_mode+0x6a>
    3a34:	47d1                	li	a5,20
    3a36:	bff9                	j	3a14 <ch32_pin_mode+0x46>
    3a38:	4799                	li	a5,6
    3a3a:	00f41463          	bne	s0,a5,3a42 <ch32_pin_mode+0x74>
    3a3e:	47f1                	li	a5,28
    3a40:	bfd1                	j	3a14 <ch32_pin_mode+0x46>
    3a42:	479d                	li	a5,7
    3a44:	faf41de3          	bne	s0,a5,39fe <ch32_pin_mode+0x30>
    3a48:	47e1                	li	a5,24
    3a4a:	b7e9                	j	3a14 <ch32_pin_mode+0x46>

00003a4c <ch32_pin_attach_irq>:
    3a4c:	93dfc2ef          	jal	t0,388 <__riscv_save_4>
    3a50:	0ff5f513          	andi	a0,a1,255
    3a54:	84ae                	mv	s1,a1
    3a56:	89b2                	mv	s3,a2
    3a58:	8a36                	mv	s4,a3
    3a5a:	893a                	mv	s2,a4
    3a5c:	f13ff0ef          	jal	ra,396e <get_pin>
    3a60:	4799                	li	a5,6
    3a62:	cd31                	beqz	a0,3abe <ch32_pin_attach_irq+0x72>
    3a64:	4548                	lw	a0,12(a0)
    3a66:	e7dff0ef          	jal	ra,38e2 <bit2bitno>
    3a6a:	473d                	li	a4,15
    3a6c:	842a                	mv	s0,a0
    3a6e:	4799                	li	a5,6
    3a70:	04a76763          	bltu	a4,a0,3abe <ch32_pin_attach_irq+0x72>
    3a74:	b76fe0ef          	jal	ra,1dea <rt_hw_interrupt_disable>
    3a78:	46b1                	li	a3,12
    3a7a:	02d406b3          	mul	a3,s0,a3
    3a7e:	200007b7          	lui	a5,0x20000
    3a82:	08078713          	addi	a4,a5,128 # 20000080 <pin_irq_hdr_tab>
    3a86:	862a                	mv	a2,a0
    3a88:	08078793          	addi	a5,a5,128
    3a8c:	9736                	add	a4,a4,a3
    3a8e:	00071683          	lh	a3,0(a4)
    3a92:	00969f63          	bne	a3,s1,3ab0 <ch32_pin_attach_irq+0x64>
    3a96:	434c                	lw	a1,4(a4)
    3a98:	01459c63          	bne	a1,s4,3ab0 <ch32_pin_attach_irq+0x64>
    3a9c:	232e                	lhu	a1,2(a4)
    3a9e:	01359963          	bne	a1,s3,3ab0 <ch32_pin_attach_irq+0x64>
    3aa2:	4718                	lw	a4,8(a4)
    3aa4:	01271663          	bne	a4,s2,3ab0 <ch32_pin_attach_irq+0x64>
    3aa8:	b4efe0ef          	jal	ra,1df6 <rt_hw_interrupt_enable>
    3aac:	4781                	li	a5,0
    3aae:	a801                	j	3abe <ch32_pin_attach_irq+0x72>
    3ab0:	577d                	li	a4,-1
    3ab2:	00e68963          	beq	a3,a4,3ac4 <ch32_pin_attach_irq+0x78>
    3ab6:	8532                	mv	a0,a2
    3ab8:	b3efe0ef          	jal	ra,1df6 <rt_hw_interrupt_enable>
    3abc:	479d                	li	a5,7
    3abe:	853e                	mv	a0,a5
    3ac0:	8fdfc06f          	j	3bc <__riscv_restore_4>
    3ac4:	4531                	li	a0,12
    3ac6:	02a40533          	mul	a0,s0,a0
    3aca:	953e                	add	a0,a0,a5
    3acc:	a106                	sh	s1,0(a0)
    3ace:	01452223          	sw	s4,4(a0)
    3ad2:	01351123          	sh	s3,2(a0)
    3ad6:	01252423          	sw	s2,8(a0)
    3ada:	8532                	mv	a0,a2
    3adc:	b7f1                	j	3aa8 <ch32_pin_attach_irq+0x5c>

00003ade <ch32_pin_dettach_irq>:
    3ade:	8c5fc2ef          	jal	t0,3a2 <__riscv_save_0>
    3ae2:	0ff5f513          	andi	a0,a1,255
    3ae6:	e89ff0ef          	jal	ra,396e <get_pin>
    3aea:	4719                	li	a4,6
    3aec:	c91d                	beqz	a0,3b22 <ch32_pin_dettach_irq+0x44>
    3aee:	4548                	lw	a0,12(a0)
    3af0:	df3ff0ef          	jal	ra,38e2 <bit2bitno>
    3af4:	47bd                	li	a5,15
    3af6:	842a                	mv	s0,a0
    3af8:	4719                	li	a4,6
    3afa:	02a7e463          	bltu	a5,a0,3b22 <ch32_pin_dettach_irq+0x44>
    3afe:	aecfe0ef          	jal	ra,1dea <rt_hw_interrupt_disable>
    3b02:	47b1                	li	a5,12
    3b04:	02f40433          	mul	s0,s0,a5
    3b08:	200007b7          	lui	a5,0x20000
    3b0c:	08078793          	addi	a5,a5,128 # 20000080 <pin_irq_hdr_tab>
    3b10:	577d                	li	a4,-1
    3b12:	97a2                	add	a5,a5,s0
    3b14:	00079683          	lh	a3,0(a5)
    3b18:	00e69863          	bne	a3,a4,3b28 <ch32_pin_dettach_irq+0x4a>
    3b1c:	adafe0ef          	jal	ra,1df6 <rt_hw_interrupt_enable>
    3b20:	4701                	li	a4,0
    3b22:	853a                	mv	a0,a4
    3b24:	8a3fc06f          	j	3c6 <__riscv_restore_0>
    3b28:	6741                	lui	a4,0x10
    3b2a:	177d                	addi	a4,a4,-1
    3b2c:	c398                	sw	a4,0(a5)
    3b2e:	0007a223          	sw	zero,4(a5)
    3b32:	0007a423          	sw	zero,8(a5)
    3b36:	b7dd                	j	3b1c <ch32_pin_dettach_irq+0x3e>

00003b38 <ch32_pin_irq_enable>:
    3b38:	851fc2ef          	jal	t0,388 <__riscv_save_4>
    3b3c:	1101                	addi	sp,sp,-32
    3b3e:	0ff5f513          	andi	a0,a1,255
    3b42:	8a32                	mv	s4,a2
    3b44:	e2bff0ef          	jal	ra,396e <get_pin>
    3b48:	4799                	li	a5,6
    3b4a:	c121                	beqz	a0,3b8a <ch32_pin_irq_enable+0x52>
    3b4c:	4485                	li	s1,1
    3b4e:	842a                	mv	s0,a0
    3b50:	109a1563          	bne	s4,s1,3c5a <ch32_pin_irq_enable+0x122>
    3b54:	4548                	lw	a0,12(a0)
    3b56:	d8dff0ef          	jal	ra,38e2 <bit2bitno>
    3b5a:	473d                	li	a4,15
    3b5c:	84aa                	mv	s1,a0
    3b5e:	4799                	li	a5,6
    3b60:	02a76563          	bltu	a4,a0,3b8a <ch32_pin_irq_enable+0x52>
    3b64:	a86fe0ef          	jal	ra,1dea <rt_hw_interrupt_disable>
    3b68:	4ab1                	li	s5,12
    3b6a:	035487b3          	mul	a5,s1,s5
    3b6e:	20000937          	lui	s2,0x20000
    3b72:	08090913          	addi	s2,s2,128 # 20000080 <pin_irq_hdr_tab>
    3b76:	89aa                	mv	s3,a0
    3b78:	993e                	add	s2,s2,a5
    3b7a:	00091703          	lh	a4,0(s2)
    3b7e:	57fd                	li	a5,-1
    3b80:	00f71963          	bne	a4,a5,3b92 <ch32_pin_irq_enable+0x5a>
    3b84:	a72fe0ef          	jal	ra,1df6 <rt_hw_interrupt_enable>
    3b88:	4799                	li	a5,6
    3b8a:	853e                	mv	a0,a5
    3b8c:	6105                	addi	sp,sp,32
    3b8e:	82ffc06f          	j	3bc <__riscv_restore_4>
    3b92:	405c                	lw	a5,4(s0)
    3b94:	9782                	jalr	a5
    3b96:	4585                	li	a1,1
    3b98:	4505                	li	a0,1
    3b9a:	02a010ef          	jal	ra,4bc4 <RCC_APB2PeriphClockCmd>
    3b9e:	445c                	lw	a5,12(s0)
    3ba0:	470d                	li	a4,3
    3ba2:	c43a                	sw	a4,8(sp)
    3ba4:	827c                	sh	a5,4(sp)
    3ba6:	c83e                	sw	a5,16(sp)
    3ba8:	00295783          	lhu	a5,2(s2)
    3bac:	ca02                	sw	zero,20(sp)
    3bae:	ce52                	sw	s4,28(sp)
    3bb0:	09478c63          	beq	a5,s4,3c48 <ch32_pin_irq_enable+0x110>
    3bb4:	c7c1                	beqz	a5,3c3c <ch32_pin_irq_enable+0x104>
    3bb6:	4709                	li	a4,2
    3bb8:	08e78d63          	beq	a5,a4,3c52 <ch32_pin_irq_enable+0x11a>
    3bbc:	4408                	lw	a0,8(s0)
    3bbe:	004c                	addi	a1,sp,4
    3bc0:	2a3000ef          	jal	ra,4662 <GPIO_Init>
    3bc4:	4418                	lw	a4,8(s0)
    3bc6:	400117b7          	lui	a5,0x40011
    3bca:	c0078693          	addi	a3,a5,-1024 # 40010c00 <_eusrstack+0x1fff8c00>
    3bce:	4505                	li	a0,1
    3bd0:	02d70263          	beq	a4,a3,3bf4 <ch32_pin_irq_enable+0xbc>
    3bd4:	4509                	li	a0,2
    3bd6:	00f70f63          	beq	a4,a5,3bf4 <ch32_pin_irq_enable+0xbc>
    3bda:	40078793          	addi	a5,a5,1024
    3bde:	450d                	li	a0,3
    3be0:	00f70a63          	beq	a4,a5,3bf4 <ch32_pin_irq_enable+0xbc>
    3be4:	400127b7          	lui	a5,0x40012
    3be8:	80078793          	addi	a5,a5,-2048 # 40011800 <_eusrstack+0x1fff9800>
    3bec:	4501                	li	a0,0
    3bee:	00f71363          	bne	a4,a5,3bf4 <ch32_pin_irq_enable+0xbc>
    3bf2:	4511                	li	a0,4
    3bf4:	0ff4f593          	andi	a1,s1,255
    3bf8:	41d000ef          	jal	ra,4814 <GPIO_EXTILineConfig>
    3bfc:	0808                	addi	a0,sp,16
    3bfe:	1d3000ef          	jal	ra,45d0 <EXTI_Init>
    3c02:	6799                	lui	a5,0x6
    3c04:	56c78793          	addi	a5,a5,1388 # 656c <pin_irq_map>
    3c08:	048e                	slli	s1,s1,0x3
    3c0a:	94be                	add	s1,s1,a5
    3c0c:	40d0                	lw	a2,4(s1)
    3c0e:	e000e737          	lui	a4,0xe000e
    3c12:	05000693          	li	a3,80
    3c16:	00c707b3          	add	a5,a4,a2
    3c1a:	40d78023          	sb	a3,1024(a5)
    3c1e:	00565793          	srli	a5,a2,0x5
    3c22:	04078793          	addi	a5,a5,64
    3c26:	4685                	li	a3,1
    3c28:	078a                	slli	a5,a5,0x2
    3c2a:	00c696b3          	sll	a3,a3,a2
    3c2e:	97ba                	add	a5,a5,a4
    3c30:	c394                	sw	a3,0(a5)
    3c32:	854e                	mv	a0,s3
    3c34:	9c2fe0ef          	jal	ra,1df6 <rt_hw_interrupt_enable>
    3c38:	4781                	li	a5,0
    3c3a:	bf81                	j	3b8a <ch32_pin_irq_enable+0x52>
    3c3c:	02800793          	li	a5,40
    3c40:	c63e                	sw	a5,12(sp)
    3c42:	47a1                	li	a5,8
    3c44:	cc3e                	sw	a5,24(sp)
    3c46:	bf9d                	j	3bbc <ch32_pin_irq_enable+0x84>
    3c48:	04800793          	li	a5,72
    3c4c:	c63e                	sw	a5,12(sp)
    3c4e:	cc56                	sw	s5,24(sp)
    3c50:	b7b5                	j	3bbc <ch32_pin_irq_enable+0x84>
    3c52:	4791                	li	a5,4
    3c54:	c63e                	sw	a5,12(sp)
    3c56:	47c1                	li	a5,16
    3c58:	b7f5                	j	3c44 <ch32_pin_irq_enable+0x10c>
    3c5a:	4799                	li	a5,6
    3c5c:	f20a17e3          	bnez	s4,3b8a <ch32_pin_irq_enable+0x52>
    3c60:	4548                	lw	a0,12(a0)
    3c62:	c81ff0ef          	jal	ra,38e2 <bit2bitno>
    3c66:	473d                	li	a4,15
    3c68:	4799                	li	a5,6
    3c6a:	f2a760e3          	bltu	a4,a0,3b8a <ch32_pin_irq_enable+0x52>
    3c6e:	00351793          	slli	a5,a0,0x3
    3c72:	6519                	lui	a0,0x6
    3c74:	56c50513          	addi	a0,a0,1388 # 656c <pin_irq_map>
    3c78:	953e                	add	a0,a0,a5
    3c7a:	4158                	lw	a4,4(a0)
    3c7c:	00575793          	srli	a5,a4,0x5
    3c80:	06078793          	addi	a5,a5,96
    3c84:	00e494b3          	sll	s1,s1,a4
    3c88:	078a                	slli	a5,a5,0x2
    3c8a:	e000e737          	lui	a4,0xe000e
    3c8e:	97ba                	add	a5,a5,a4
    3c90:	c384                	sw	s1,0(a5)
    3c92:	0000100f          	fence.i
    3c96:	b74d                	j	3c38 <ch32_pin_irq_enable+0x100>

00003c98 <HAL_GPIO_EXTI_Callback>:
    3c98:	f0afc2ef          	jal	t0,3a2 <__riscv_save_0>
    3c9c:	c47ff0ef          	jal	ra,38e2 <bit2bitno>
    3ca0:	47b1                	li	a5,12
    3ca2:	02f50533          	mul	a0,a0,a5
    3ca6:	200007b7          	lui	a5,0x20000
    3caa:	08078793          	addi	a5,a5,128 # 20000080 <pin_irq_hdr_tab>
    3cae:	953e                	add	a0,a0,a5
    3cb0:	415c                	lw	a5,4(a0)
    3cb2:	c399                	beqz	a5,3cb8 <HAL_GPIO_EXTI_Callback+0x20>
    3cb4:	4508                	lw	a0,8(a0)
    3cb6:	9782                	jalr	a5
    3cb8:	f0efc06f          	j	3c6 <__riscv_restore_0>

00003cbc <EXTI0_IRQHandler>:
    3cbc:	34011173          	csrrw	sp,mscratch,sp
    3cc0:	dcdfc0ef          	jal	ra,a8c <rt_interrupt_enter>
    3cc4:	4505                	li	a0,1
    3cc6:	175000ef          	jal	ra,463a <EXTI_GetITStatus>
    3cca:	c519                	beqz	a0,3cd8 <EXTI0_IRQHandler+0x1c>
    3ccc:	4505                	li	a0,1
    3cce:	fcbff0ef          	jal	ra,3c98 <HAL_GPIO_EXTI_Callback>
    3cd2:	4505                	li	a0,1
    3cd4:	185000ef          	jal	ra,4658 <EXTI_ClearITPendingBit>
    3cd8:	de3fc0ef          	jal	ra,aba <rt_interrupt_leave>
    3cdc:	34011173          	csrrw	sp,mscratch,sp
    3ce0:	30200073          	mret

00003ce4 <EXTI1_IRQHandler>:
    3ce4:	34011173          	csrrw	sp,mscratch,sp
    3ce8:	da5fc0ef          	jal	ra,a8c <rt_interrupt_enter>
    3cec:	4509                	li	a0,2
    3cee:	14d000ef          	jal	ra,463a <EXTI_GetITStatus>
    3cf2:	c519                	beqz	a0,3d00 <EXTI1_IRQHandler+0x1c>
    3cf4:	4509                	li	a0,2
    3cf6:	fa3ff0ef          	jal	ra,3c98 <HAL_GPIO_EXTI_Callback>
    3cfa:	4509                	li	a0,2
    3cfc:	15d000ef          	jal	ra,4658 <EXTI_ClearITPendingBit>
    3d00:	dbbfc0ef          	jal	ra,aba <rt_interrupt_leave>
    3d04:	34011173          	csrrw	sp,mscratch,sp
    3d08:	30200073          	mret

00003d0c <EXTI2_IRQHandler>:
    3d0c:	34011173          	csrrw	sp,mscratch,sp
    3d10:	d7dfc0ef          	jal	ra,a8c <rt_interrupt_enter>
    3d14:	4511                	li	a0,4
    3d16:	125000ef          	jal	ra,463a <EXTI_GetITStatus>
    3d1a:	c519                	beqz	a0,3d28 <EXTI2_IRQHandler+0x1c>
    3d1c:	4511                	li	a0,4
    3d1e:	f7bff0ef          	jal	ra,3c98 <HAL_GPIO_EXTI_Callback>
    3d22:	4511                	li	a0,4
    3d24:	135000ef          	jal	ra,4658 <EXTI_ClearITPendingBit>
    3d28:	d93fc0ef          	jal	ra,aba <rt_interrupt_leave>
    3d2c:	34011173          	csrrw	sp,mscratch,sp
    3d30:	30200073          	mret

00003d34 <EXTI3_IRQHandler>:
    3d34:	34011173          	csrrw	sp,mscratch,sp
    3d38:	d55fc0ef          	jal	ra,a8c <rt_interrupt_enter>
    3d3c:	4521                	li	a0,8
    3d3e:	0fd000ef          	jal	ra,463a <EXTI_GetITStatus>
    3d42:	c519                	beqz	a0,3d50 <EXTI3_IRQHandler+0x1c>
    3d44:	4521                	li	a0,8
    3d46:	f53ff0ef          	jal	ra,3c98 <HAL_GPIO_EXTI_Callback>
    3d4a:	4521                	li	a0,8
    3d4c:	10d000ef          	jal	ra,4658 <EXTI_ClearITPendingBit>
    3d50:	d6bfc0ef          	jal	ra,aba <rt_interrupt_leave>
    3d54:	34011173          	csrrw	sp,mscratch,sp
    3d58:	30200073          	mret

00003d5c <EXTI4_IRQHandler>:
    3d5c:	34011173          	csrrw	sp,mscratch,sp
    3d60:	d2dfc0ef          	jal	ra,a8c <rt_interrupt_enter>
    3d64:	4541                	li	a0,16
    3d66:	0d5000ef          	jal	ra,463a <EXTI_GetITStatus>
    3d6a:	c519                	beqz	a0,3d78 <EXTI4_IRQHandler+0x1c>
    3d6c:	4541                	li	a0,16
    3d6e:	f2bff0ef          	jal	ra,3c98 <HAL_GPIO_EXTI_Callback>
    3d72:	4541                	li	a0,16
    3d74:	0e5000ef          	jal	ra,4658 <EXTI_ClearITPendingBit>
    3d78:	d43fc0ef          	jal	ra,aba <rt_interrupt_leave>
    3d7c:	34011173          	csrrw	sp,mscratch,sp
    3d80:	30200073          	mret

00003d84 <EXTI9_5_IRQHandler>:
    3d84:	34011173          	csrrw	sp,mscratch,sp
    3d88:	d05fc0ef          	jal	ra,a8c <rt_interrupt_enter>
    3d8c:	02000513          	li	a0,32
    3d90:	0ab000ef          	jal	ra,463a <EXTI_GetITStatus>
    3d94:	cd1d                	beqz	a0,3dd2 <EXTI9_5_IRQHandler+0x4e>
    3d96:	02000513          	li	a0,32
    3d9a:	effff0ef          	jal	ra,3c98 <HAL_GPIO_EXTI_Callback>
    3d9e:	04000513          	li	a0,64
    3da2:	ef7ff0ef          	jal	ra,3c98 <HAL_GPIO_EXTI_Callback>
    3da6:	08000513          	li	a0,128
    3daa:	eefff0ef          	jal	ra,3c98 <HAL_GPIO_EXTI_Callback>
    3dae:	10000513          	li	a0,256
    3db2:	ee7ff0ef          	jal	ra,3c98 <HAL_GPIO_EXTI_Callback>
    3db6:	20000513          	li	a0,512
    3dba:	edfff0ef          	jal	ra,3c98 <HAL_GPIO_EXTI_Callback>
    3dbe:	3e000513          	li	a0,992
    3dc2:	097000ef          	jal	ra,4658 <EXTI_ClearITPendingBit>
    3dc6:	cf5fc0ef          	jal	ra,aba <rt_interrupt_leave>
    3dca:	34011173          	csrrw	sp,mscratch,sp
    3dce:	30200073          	mret
    3dd2:	04000513          	li	a0,64
    3dd6:	065000ef          	jal	ra,463a <EXTI_GetITStatus>
    3dda:	fd55                	bnez	a0,3d96 <EXTI9_5_IRQHandler+0x12>
    3ddc:	08000513          	li	a0,128
    3de0:	05b000ef          	jal	ra,463a <EXTI_GetITStatus>
    3de4:	f94d                	bnez	a0,3d96 <EXTI9_5_IRQHandler+0x12>
    3de6:	10000513          	li	a0,256
    3dea:	051000ef          	jal	ra,463a <EXTI_GetITStatus>
    3dee:	f545                	bnez	a0,3d96 <EXTI9_5_IRQHandler+0x12>
    3df0:	20000513          	li	a0,512
    3df4:	047000ef          	jal	ra,463a <EXTI_GetITStatus>
    3df8:	fd59                	bnez	a0,3d96 <EXTI9_5_IRQHandler+0x12>
    3dfa:	b7f1                	j	3dc6 <EXTI9_5_IRQHandler+0x42>

00003dfc <EXTI15_10_IRQHandler>:
    3dfc:	34011173          	csrrw	sp,mscratch,sp
    3e00:	c8dfc0ef          	jal	ra,a8c <rt_interrupt_enter>
    3e04:	40000513          	li	a0,1024
    3e08:	033000ef          	jal	ra,463a <EXTI_GetITStatus>
    3e0c:	c129                	beqz	a0,3e4e <EXTI15_10_IRQHandler+0x52>
    3e0e:	40000513          	li	a0,1024
    3e12:	e87ff0ef          	jal	ra,3c98 <HAL_GPIO_EXTI_Callback>
    3e16:	6505                	lui	a0,0x1
    3e18:	80050513          	addi	a0,a0,-2048 # 800 <__stack_size>
    3e1c:	e7dff0ef          	jal	ra,3c98 <HAL_GPIO_EXTI_Callback>
    3e20:	6505                	lui	a0,0x1
    3e22:	e77ff0ef          	jal	ra,3c98 <HAL_GPIO_EXTI_Callback>
    3e26:	6509                	lui	a0,0x2
    3e28:	e71ff0ef          	jal	ra,3c98 <HAL_GPIO_EXTI_Callback>
    3e2c:	6511                	lui	a0,0x4
    3e2e:	e6bff0ef          	jal	ra,3c98 <HAL_GPIO_EXTI_Callback>
    3e32:	6521                	lui	a0,0x8
    3e34:	e65ff0ef          	jal	ra,3c98 <HAL_GPIO_EXTI_Callback>
    3e38:	6541                	lui	a0,0x10
    3e3a:	c0050513          	addi	a0,a0,-1024 # fc00 <__rt_init_end+0x8c6c>
    3e3e:	01b000ef          	jal	ra,4658 <EXTI_ClearITPendingBit>
    3e42:	c79fc0ef          	jal	ra,aba <rt_interrupt_leave>
    3e46:	34011173          	csrrw	sp,mscratch,sp
    3e4a:	30200073          	mret
    3e4e:	6505                	lui	a0,0x1
    3e50:	80050513          	addi	a0,a0,-2048 # 800 <__stack_size>
    3e54:	7e6000ef          	jal	ra,463a <EXTI_GetITStatus>
    3e58:	f95d                	bnez	a0,3e0e <EXTI15_10_IRQHandler+0x12>
    3e5a:	6505                	lui	a0,0x1
    3e5c:	7de000ef          	jal	ra,463a <EXTI_GetITStatus>
    3e60:	f55d                	bnez	a0,3e0e <EXTI15_10_IRQHandler+0x12>
    3e62:	6509                	lui	a0,0x2
    3e64:	7d6000ef          	jal	ra,463a <EXTI_GetITStatus>
    3e68:	f15d                	bnez	a0,3e0e <EXTI15_10_IRQHandler+0x12>
    3e6a:	6511                	lui	a0,0x4
    3e6c:	7ce000ef          	jal	ra,463a <EXTI_GetITStatus>
    3e70:	fd59                	bnez	a0,3e0e <EXTI15_10_IRQHandler+0x12>
    3e72:	6521                	lui	a0,0x8
    3e74:	7c6000ef          	jal	ra,463a <EXTI_GetITStatus>
    3e78:	f959                	bnez	a0,3e0e <EXTI15_10_IRQHandler+0x12>
    3e7a:	b7e1                	j	3e42 <EXTI15_10_IRQHandler+0x46>

00003e7c <ch32dma_transmit>:
    3e7c:	4501                	li	a0,0
    3e7e:	8082                	ret

00003e80 <uart_isr>:
    3e80:	d22fc2ef          	jal	t0,3a2 <__riscv_save_0>
    3e84:	4120                	lw	s0,64(a0)
    3e86:	84aa                	mv	s1,a0
    3e88:	52500593          	li	a1,1317
    3e8c:	4808                	lw	a0,16(s0)
    3e8e:	677000ef          	jal	ra,4d04 <USART_GetITStatus>
    3e92:	c911                	beqz	a0,3ea6 <uart_isr+0x26>
    3e94:	4585                	li	a1,1
    3e96:	8526                	mv	a0,s1
    3e98:	914ff0ef          	jal	ra,2fac <rt_hw_serial_isr>
    3e9c:	4808                	lw	a0,16(s0)
    3e9e:	52500593          	li	a1,1317
    3ea2:	69f000ef          	jal	ra,4d40 <USART_ClearITPendingBit>
    3ea6:	d20fc06f          	j	3c6 <__riscv_restore_0>

00003eaa <rt_hw_usart_init>:
    3eaa:	cc8fc2ef          	jal	t0,372 <__riscv_save_12>
    3eae:	20004b37          	lui	s6,0x20004
    3eb2:	20004c37          	lui	s8,0x20004
    3eb6:	6a0c0613          	addi	a2,s8,1696 # 200046a0 <serial1>
    3eba:	750b0793          	addi	a5,s6,1872 # 20004750 <uart1>
    3ebe:	03500713          	li	a4,53
    3ec2:	cbd8                	sw	a4,20(a5)
    3ec4:	4678                	lw	a4,76(a2)
    3ec6:	c00004b7          	lui	s1,0xc0000
    3eca:	6a41                	lui	s4,0x10
    3ecc:	0a21                	addi	s4,s4,8
    3ece:	8f65                	and	a4,a4,s1
    3ed0:	6471                	lui	s0,0x1c
    3ed2:	01476733          	or	a4,a4,s4
    3ed6:	20040413          	addi	s0,s0,512 # 1c200 <__rt_init_end+0x1526c>
    3eda:	000c0db7          	lui	s11,0xc0
    3ede:	40014937          	lui	s2,0x40014
    3ee2:	6a9d                	lui	s5,0x7
    3ee4:	6511                	lui	a0,0x4
    3ee6:	1101                	addi	sp,sp,-32
    3ee8:	c678                	sw	a4,76(a2)
    3eea:	c620                	sw	s0,72(a2)
    3eec:	80090913          	addi	s2,s2,-2048 # 40013800 <_eusrstack+0x1fffb800>
    3ef0:	c40a8a93          	addi	s5,s5,-960 # 6c40 <ch32_uart_ops>
    3ef4:	01b7a423          	sw	s11,8(a5)
    3ef8:	0007a223          	sw	zero,4(a5)
    3efc:	4585                	li	a1,1
    3efe:	0511                	addi	a0,a0,4
    3f00:	05562223          	sw	s5,68(a2)
    3f04:	400119b7          	lui	s3,0x40011
    3f08:	0127a823          	sw	s2,16(a5)
    3f0c:	c380                	sw	s0,0(a5)
    3f0e:	00079623          	sh	zero,12(a5)
    3f12:	4b3000ef          	jal	ra,4bc4 <RCC_APB2PeriphClockCmd>
    3f16:	20000793          	li	a5,512
    3f1a:	4d0d                	li	s10,3
    3f1c:	4ce1                	li	s9,24
    3f1e:	002c                	addi	a1,sp,8
    3f20:	80098513          	addi	a0,s3,-2048 # 40010800 <_eusrstack+0x1fff8800>
    3f24:	847c                	sh	a5,8(sp)
    3f26:	c66a                	sw	s10,12(sp)
    3f28:	c866                	sw	s9,16(sp)
    3f2a:	738000ef          	jal	ra,4662 <GPIO_Init>
    3f2e:	40000793          	li	a5,1024
    3f32:	4b91                	li	s7,4
    3f34:	002c                	addi	a1,sp,8
    3f36:	80098513          	addi	a0,s3,-2048
    3f3a:	847c                	sh	a5,8(sp)
    3f3c:	c85e                	sw	s7,16(sp)
    3f3e:	724000ef          	jal	ra,4662 <GPIO_Init>
    3f42:	750b0593          	addi	a1,s6,1872
    3f46:	854a                	mv	a0,s2
    3f48:	4d7000ef          	jal	ra,4c1e <USART_Init>
    3f4c:	854a                	mv	a0,s2
    3f4e:	4585                	li	a1,1
    3f50:	55f000ef          	jal	ra,4cae <USART_Cmd>
    3f54:	000065b7          	lui	a1,0x6
    3f58:	10300613          	li	a2,259
    3f5c:	750b0693          	addi	a3,s6,1872
    3f60:	44058593          	addi	a1,a1,1088 # 6440 <__fsym_pinMode_name+0x8>
    3f64:	6a0c0513          	addi	a0,s8,1696
    3f68:	febfe0ef          	jal	ra,2f52 <rt_hw_serial_register>
    3f6c:	20004b37          	lui	s6,0x20004
    3f70:	768b0793          	addi	a5,s6,1896 # 20004768 <uart2>
    3f74:	20004c37          	lui	s8,0x20004
    3f78:	03600713          	li	a4,54
    3f7c:	cbd8                	sw	a4,20(a5)
    3f7e:	6f8c0713          	addi	a4,s8,1784 # 200046f8 <serial2>
    3f82:	4774                	lw	a3,76(a4)
    3f84:	40004937          	lui	s2,0x40004
    3f88:	c720                	sw	s0,72(a4)
    3f8a:	8cf5                	and	s1,s1,a3
    3f8c:	0144e4b3          	or	s1,s1,s4
    3f90:	c764                	sw	s1,76(a4)
    3f92:	01b7a423          	sw	s11,8(a5)
    3f96:	40090913          	addi	s2,s2,1024 # 40004400 <_eusrstack+0x1ffec400>
    3f9a:	0007a223          	sw	zero,4(a5)
    3f9e:	4585                	li	a1,1
    3fa0:	00020537          	lui	a0,0x20
    3fa4:	05572223          	sw	s5,68(a4) # e000e044 <_eusrstack+0xbfff6044>
    3fa8:	0127a823          	sw	s2,16(a5)
    3fac:	c380                	sw	s0,0(a5)
    3fae:	00079623          	sh	zero,12(a5)
    3fb2:	431000ef          	jal	ra,4be2 <RCC_APB1PeriphClockCmd>
    3fb6:	4585                	li	a1,1
    3fb8:	4511                	li	a0,4
    3fba:	40b000ef          	jal	ra,4bc4 <RCC_APB2PeriphClockCmd>
    3fbe:	084c                	addi	a1,sp,20
    3fc0:	80098513          	addi	a0,s3,-2048
    3fc4:	01711a23          	sh	s7,20(sp)
    3fc8:	cc6a                	sw	s10,24(sp)
    3fca:	ce66                	sw	s9,28(sp)
    3fcc:	2d59                	jal	4662 <GPIO_Init>
    3fce:	47a1                	li	a5,8
    3fd0:	084c                	addi	a1,sp,20
    3fd2:	80098513          	addi	a0,s3,-2048
    3fd6:	82fc                	sh	a5,20(sp)
    3fd8:	ce5e                	sw	s7,28(sp)
    3fda:	2561                	jal	4662 <GPIO_Init>
    3fdc:	768b0593          	addi	a1,s6,1896
    3fe0:	854a                	mv	a0,s2
    3fe2:	43d000ef          	jal	ra,4c1e <USART_Init>
    3fe6:	854a                	mv	a0,s2
    3fe8:	4585                	li	a1,1
    3fea:	4c5000ef          	jal	ra,4cae <USART_Cmd>
    3fee:	000065b7          	lui	a1,0x6
    3ff2:	768b0693          	addi	a3,s6,1896
    3ff6:	10300613          	li	a2,259
    3ffa:	44858593          	addi	a1,a1,1096 # 6448 <__fsym_pinMode_name+0x10>
    3ffe:	6f8c0513          	addi	a0,s8,1784
    4002:	f51fe0ef          	jal	ra,2f52 <rt_hw_serial_register>
    4006:	4501                	li	a0,0
    4008:	6105                	addi	sp,sp,32
    400a:	ba4fc06f          	j	3ae <__riscv_restore_12>

0000400e <ch32_configure>:
    400e:	b94fc2ef          	jal	t0,3a2 <__riscv_save_0>
    4012:	419c                	lw	a5,0(a1)
    4014:	4120                	lw	s0,64(a0)
    4016:	46a1                	li	a3,8
    4018:	1141                	addi	sp,sp,-16
    401a:	c01c                	sw	a5,0(s0)
    401c:	47b1                	li	a5,12
    401e:	a43e                	sh	a5,10(s0)
    4020:	41dc                	lw	a5,4(a1)
    4022:	00041623          	sh	zero,12(s0)
    4026:	00f7f713          	andi	a4,a5,15
    402a:	02d70163          	beq	a4,a3,404c <ch32_configure+0x3e>
    402e:	46a5                	li	a3,9
    4030:	00d71e63          	bne	a4,a3,404c <ch32_configure+0x3e>
    4034:	6705                	lui	a4,0x1
    4036:	a05a                	sh	a4,4(s0)
    4038:	0047d713          	srli	a4,a5,0x4
    403c:	8b0d                	andi	a4,a4,3
    403e:	c701                	beqz	a4,4046 <ch32_configure+0x38>
    4040:	4685                	li	a3,1
    4042:	00d70863          	beq	a4,a3,4052 <ch32_configure+0x44>
    4046:	00041323          	sh	zero,6(s0)
    404a:	a031                	j	4056 <ch32_configure+0x48>
    404c:	00041223          	sh	zero,4(s0)
    4050:	b7e5                	j	4038 <ch32_configure+0x2a>
    4052:	6709                	lui	a4,0x2
    4054:	a07a                	sh	a4,6(s0)
    4056:	8399                	srli	a5,a5,0x6
    4058:	8b8d                	andi	a5,a5,3
    405a:	4705                	li	a4,1
    405c:	00e78963          	beq	a5,a4,406e <ch32_configure+0x60>
    4060:	c781                	beqz	a5,4068 <ch32_configure+0x5a>
    4062:	4709                	li	a4,2
    4064:	06e78763          	beq	a5,a4,40d2 <ch32_configure+0xc4>
    4068:	00041423          	sh	zero,8(s0)
    406c:	a021                	j	4074 <ch32_configure+0x66>
    406e:	60000793          	li	a5,1536
    4072:	a41e                	sh	a5,8(s0)
    4074:	4818                	lw	a4,16(s0)
    4076:	400147b7          	lui	a5,0x40014
    407a:	80078793          	addi	a5,a5,-2048 # 40013800 <_eusrstack+0x1fffb800>
    407e:	04f71d63          	bne	a4,a5,40d8 <ch32_configure+0xca>
    4082:	6511                	lui	a0,0x4
    4084:	4585                	li	a1,1
    4086:	0511                	addi	a0,a0,4
    4088:	33d000ef          	jal	ra,4bc4 <RCC_APB2PeriphClockCmd>
    408c:	20000793          	li	a5,512
    4090:	400114b7          	lui	s1,0x40011
    4094:	827c                	sh	a5,4(sp)
    4096:	490d                	li	s2,3
    4098:	47e1                	li	a5,24
    409a:	004c                	addi	a1,sp,4
    409c:	80048513          	addi	a0,s1,-2048 # 40010800 <_eusrstack+0x1fff8800>
    40a0:	c63e                	sw	a5,12(sp)
    40a2:	c44a                	sw	s2,8(sp)
    40a4:	2b7d                	jal	4662 <GPIO_Init>
    40a6:	40000793          	li	a5,1024
    40aa:	827c                	sh	a5,4(sp)
    40ac:	c44a                	sw	s2,8(sp)
    40ae:	4791                	li	a5,4
    40b0:	004c                	addi	a1,sp,4
    40b2:	80048513          	addi	a0,s1,-2048
    40b6:	c63e                	sw	a5,12(sp)
    40b8:	236d                	jal	4662 <GPIO_Init>
    40ba:	4808                	lw	a0,16(s0)
    40bc:	85a2                	mv	a1,s0
    40be:	361000ef          	jal	ra,4c1e <USART_Init>
    40c2:	4808                	lw	a0,16(s0)
    40c4:	4585                	li	a1,1
    40c6:	3e9000ef          	jal	ra,4cae <USART_Cmd>
    40ca:	4501                	li	a0,0
    40cc:	0141                	addi	sp,sp,16
    40ce:	af8fc06f          	j	3c6 <__riscv_restore_0>
    40d2:	40000793          	li	a5,1024
    40d6:	bf71                	j	4072 <ch32_configure+0x64>
    40d8:	400047b7          	lui	a5,0x40004
    40dc:	40078793          	addi	a5,a5,1024 # 40004400 <_eusrstack+0x1ffec400>
    40e0:	fef715e3          	bne	a4,a5,40ca <ch32_configure+0xbc>
    40e4:	4585                	li	a1,1
    40e6:	00020537          	lui	a0,0x20
    40ea:	2f9000ef          	jal	ra,4be2 <RCC_APB1PeriphClockCmd>
    40ee:	4585                	li	a1,1
    40f0:	4511                	li	a0,4
    40f2:	2d3000ef          	jal	ra,4bc4 <RCC_APB2PeriphClockCmd>
    40f6:	4791                	li	a5,4
    40f8:	827c                	sh	a5,4(sp)
    40fa:	400114b7          	lui	s1,0x40011
    40fe:	47e1                	li	a5,24
    4100:	c63e                	sw	a5,12(sp)
    4102:	004c                	addi	a1,sp,4
    4104:	478d                	li	a5,3
    4106:	80048513          	addi	a0,s1,-2048 # 40010800 <_eusrstack+0x1fff8800>
    410a:	c43e                	sw	a5,8(sp)
    410c:	2b99                	jal	4662 <GPIO_Init>
    410e:	47a1                	li	a5,8
    4110:	827c                	sh	a5,4(sp)
    4112:	bf71                	j	40ae <ch32_configure+0xa0>

00004114 <ch32_getc>:
    4114:	a8efc2ef          	jal	t0,3a2 <__riscv_save_0>
    4118:	4120                	lw	s0,64(a0)
    411a:	02000593          	li	a1,32
    411e:	4808                	lw	a0,16(s0)
    4120:	3db000ef          	jal	ra,4cfa <USART_GetFlagStatus>
    4124:	c519                	beqz	a0,4132 <ch32_getc+0x1e>
    4126:	481c                	lw	a5,16(s0)
    4128:	23ca                	lhu	a0,4(a5)
    412a:	0ff57513          	andi	a0,a0,255
    412e:	a98fc06f          	j	3c6 <__riscv_restore_0>
    4132:	557d                	li	a0,-1
    4134:	bfed                	j	412e <ch32_getc+0x1a>

00004136 <ch32_putc>:
    4136:	a6cfc2ef          	jal	t0,3a2 <__riscv_save_0>
    413a:	4124                	lw	s1,64(a0)
    413c:	842e                	mv	s0,a1
    413e:	4888                	lw	a0,16(s1)
    4140:	04000593          	li	a1,64
    4144:	3b7000ef          	jal	ra,4cfa <USART_GetFlagStatus>
    4148:	d97d                	beqz	a0,413e <ch32_putc+0x8>
    414a:	489c                	lw	a5,16(s1)
    414c:	0442                	slli	s0,s0,0x10
    414e:	8041                	srli	s0,s0,0x10
    4150:	a3c2                	sh	s0,4(a5)
    4152:	4505                	li	a0,1
    4154:	a72fc06f          	j	3c6 <__riscv_restore_0>

00004158 <ch32_control>:
    4158:	a4afc2ef          	jal	t0,3a2 <__riscv_save_0>
    415c:	47c1                	li	a5,16
    415e:	4138                	lw	a4,64(a0)
    4160:	02f58d63          	beq	a1,a5,419a <ch32_control+0x42>
    4164:	47c5                	li	a5,17
    4166:	02f59763          	bne	a1,a5,4194 <ch32_control+0x3c>
    416a:	4b54                	lw	a3,20(a4)
    416c:	4605                	li	a2,1
    416e:	0056d793          	srli	a5,a3,0x5
    4172:	06078793          	addi	a5,a5,96
    4176:	00d61633          	sll	a2,a2,a3
    417a:	078a                	slli	a5,a5,0x2
    417c:	e000e6b7          	lui	a3,0xe000e
    4180:	97b6                	add	a5,a5,a3
    4182:	c390                	sw	a2,0(a5)
    4184:	0000100f          	fence.i
    4188:	4601                	li	a2,0
    418a:	4b08                	lw	a0,16(a4)
    418c:	52500593          	li	a1,1317
    4190:	335000ef          	jal	ra,4cc4 <USART_ITConfig>
    4194:	4501                	li	a0,0
    4196:	a30fc06f          	j	3c6 <__riscv_restore_0>
    419a:	4b54                	lw	a3,20(a4)
    419c:	4605                	li	a2,1
    419e:	0056d793          	srli	a5,a3,0x5
    41a2:	04078793          	addi	a5,a5,64
    41a6:	00d61633          	sll	a2,a2,a3
    41aa:	078a                	slli	a5,a5,0x2
    41ac:	e000e6b7          	lui	a3,0xe000e
    41b0:	97b6                	add	a5,a5,a3
    41b2:	c390                	sw	a2,0(a5)
    41b4:	4605                	li	a2,1
    41b6:	bfd1                	j	418a <ch32_control+0x32>

000041b8 <USART1_IRQHandler>:
    41b8:	34011173          	csrrw	sp,mscratch,sp
    41bc:	8d1fc0ef          	jal	ra,a8c <rt_interrupt_enter>
    41c0:	20004537          	lui	a0,0x20004
    41c4:	6a050513          	addi	a0,a0,1696 # 200046a0 <serial1>
    41c8:	cb9ff0ef          	jal	ra,3e80 <uart_isr>
    41cc:	8effc0ef          	jal	ra,aba <rt_interrupt_leave>
    41d0:	34011173          	csrrw	sp,mscratch,sp
    41d4:	30200073          	mret

000041d8 <USART2_IRQHandler>:
    41d8:	34011173          	csrrw	sp,mscratch,sp
    41dc:	8b1fc0ef          	jal	ra,a8c <rt_interrupt_enter>
    41e0:	20004537          	lui	a0,0x20004
    41e4:	6f850513          	addi	a0,a0,1784 # 200046f8 <serial2>
    41e8:	c99ff0ef          	jal	ra,3e80 <uart_isr>
    41ec:	8cffc0ef          	jal	ra,aba <rt_interrupt_leave>
    41f0:	34011173          	csrrw	sp,mscratch,sp
    41f4:	30200073          	mret

000041f8 <NMI_Handler>:
    41f8:	34011173          	csrrw	sp,mscratch,sp
    41fc:	891fc0ef          	jal	ra,a8c <rt_interrupt_enter>
    4200:	00007537          	lui	a0,0x7
    4204:	c6050513          	addi	a0,a0,-928 # 6c60 <ch32_uart_ops+0x20>
    4208:	f5bfc0ef          	jal	ra,1162 <rt_kprintf>
    420c:	8affc0ef          	jal	ra,aba <rt_interrupt_leave>
    4210:	34011173          	csrrw	sp,mscratch,sp
    4214:	30200073          	mret

00004218 <HardFault_Handler>:
    4218:	34011173          	csrrw	sp,mscratch,sp
    421c:	871fc0ef          	jal	ra,a8c <rt_interrupt_enter>
    4220:	00007537          	lui	a0,0x7
    4224:	c5450513          	addi	a0,a0,-940 # 6c54 <ch32_uart_ops+0x14>
    4228:	f3bfc0ef          	jal	ra,1162 <rt_kprintf>
    422c:	88ffc0ef          	jal	ra,aba <rt_interrupt_leave>
    4230:	34011173          	csrrw	sp,mscratch,sp
    4234:	30200073          	mret

00004238 <main>:
    4238:	96afc2ef          	jal	t0,3a2 <__riscv_save_0>
    423c:	00006537          	lui	a0,0x6
    4240:	49850513          	addi	a0,a0,1176 # 6498 <__fsym_pinMode_name+0x60>
    4244:	f1ffc0ef          	jal	ra,1162 <rt_kprintf>
    4248:	00007437          	lui	s0,0x7
    424c:	c7040513          	addi	a0,s0,-912 # 6c70 <ch32_uart_ops+0x30>
    4250:	f13fc0ef          	jal	ra,1162 <rt_kprintf>
    4254:	00007537          	lui	a0,0x7
    4258:	c8850513          	addi	a0,a0,-888 # 6c88 <ch32_uart_ops+0x48>
    425c:	f07fc0ef          	jal	ra,1162 <rt_kprintf>
    4260:	c7040513          	addi	a0,s0,-912
    4264:	efffc0ef          	jal	ra,1162 <rt_kprintf>
    4268:	6685                	lui	a3,0x1
    426a:	000035b7          	lui	a1,0x3
    426e:	00006537          	lui	a0,0x6
    4272:	47a9                	li	a5,10
    4274:	4729                	li	a4,10
    4276:	80068693          	addi	a3,a3,-2048 # 800 <__stack_size>
    427a:	4601                	li	a2,0
    427c:	39e58593          	addi	a1,a1,926 # 339e <sensor_service_thread>
    4280:	4c850513          	addi	a0,a0,1224 # 64c8 <__fsym_pinMode_name+0x90>
    4284:	eeefd0ef          	jal	ra,1972 <rt_thread_create>
    4288:	c90d                	beqz	a0,42ba <main+0x82>
    428a:	8a3fd0ef          	jal	ra,1b2c <rt_thread_startup>
    428e:	6685                	lui	a3,0x1
    4290:	000035b7          	lui	a1,0x3
    4294:	00007537          	lui	a0,0x7
    4298:	47a9                	li	a5,10
    429a:	4731                	li	a4,12
    429c:	80068693          	addi	a3,a3,-2048 # 800 <__stack_size>
    42a0:	4601                	li	a2,0
    42a2:	22a58593          	addi	a1,a1,554 # 322a <uart_service_thread>
    42a6:	cc050513          	addi	a0,a0,-832 # 6cc0 <ch32_uart_ops+0x80>
    42aa:	ec8fd0ef          	jal	ra,1972 <rt_thread_create>
    42ae:	cd09                	beqz	a0,42c8 <main+0x90>
    42b0:	87dfd0ef          	jal	ra,1b2c <rt_thread_startup>
    42b4:	4501                	li	a0,0
    42b6:	910fc06f          	j	3c6 <__riscv_restore_0>
    42ba:	00007537          	lui	a0,0x7
    42be:	ca050513          	addi	a0,a0,-864 # 6ca0 <ch32_uart_ops+0x60>
    42c2:	ea1fc0ef          	jal	ra,1162 <rt_kprintf>
    42c6:	b7e1                	j	428e <main+0x56>
    42c8:	00007537          	lui	a0,0x7
    42cc:	cc850513          	addi	a0,a0,-824 # 6cc8 <ch32_uart_ops+0x88>
    42d0:	e93fc0ef          	jal	ra,1162 <rt_kprintf>
    42d4:	b7c5                	j	42b4 <main+0x7c>

000042d6 <SystemInit>:
    42d6:	400217b7          	lui	a5,0x40021
    42da:	4398                	lw	a4,0(a5)
    42dc:	f0ff06b7          	lui	a3,0xf0ff0
    42e0:	1141                	addi	sp,sp,-16
    42e2:	00176713          	ori	a4,a4,1
    42e6:	c398                	sw	a4,0(a5)
    42e8:	43d8                	lw	a4,4(a5)
    42ea:	00020637          	lui	a2,0x20
    42ee:	8f75                	and	a4,a4,a3
    42f0:	c3d8                	sw	a4,4(a5)
    42f2:	4398                	lw	a4,0(a5)
    42f4:	fef706b7          	lui	a3,0xfef70
    42f8:	16fd                	addi	a3,a3,-1
    42fa:	8f75                	and	a4,a4,a3
    42fc:	c398                	sw	a4,0(a5)
    42fe:	4398                	lw	a4,0(a5)
    4300:	fffc06b7          	lui	a3,0xfffc0
    4304:	16fd                	addi	a3,a3,-1
    4306:	8f75                	and	a4,a4,a3
    4308:	c398                	sw	a4,0(a5)
    430a:	43d8                	lw	a4,4(a5)
    430c:	ff0106b7          	lui	a3,0xff010
    4310:	16fd                	addi	a3,a3,-1
    4312:	8f75                	and	a4,a4,a3
    4314:	c3d8                	sw	a4,4(a5)
    4316:	4398                	lw	a4,0(a5)
    4318:	ec0006b7          	lui	a3,0xec000
    431c:	16fd                	addi	a3,a3,-1
    431e:	8f75                	and	a4,a4,a3
    4320:	c398                	sw	a4,0(a5)
    4322:	00ff0737          	lui	a4,0xff0
    4326:	c798                	sw	a4,8(a5)
    4328:	0207a623          	sw	zero,44(a5) # 4002102c <_eusrstack+0x2000902c>
    432c:	c402                	sw	zero,8(sp)
    432e:	c602                	sw	zero,12(sp)
    4330:	4398                	lw	a4,0(a5)
    4332:	66c1                	lui	a3,0x10
    4334:	8f55                	or	a4,a4,a3
    4336:	c398                	sw	a4,0(a5)
    4338:	400216b7          	lui	a3,0x40021
    433c:	6705                	lui	a4,0x1
    433e:	429c                	lw	a5,0(a3)
    4340:	8ff1                	and	a5,a5,a2
    4342:	c63e                	sw	a5,12(sp)
    4344:	47a2                	lw	a5,8(sp)
    4346:	0785                	addi	a5,a5,1
    4348:	c43e                	sw	a5,8(sp)
    434a:	47b2                	lw	a5,12(sp)
    434c:	e781                	bnez	a5,4354 <SystemInit+0x7e>
    434e:	47a2                	lw	a5,8(sp)
    4350:	fee797e3          	bne	a5,a4,433e <SystemInit+0x68>
    4354:	400217b7          	lui	a5,0x40021
    4358:	439c                	lw	a5,0(a5)
    435a:	00e79713          	slli	a4,a5,0xe
    435e:	06075763          	bgez	a4,43cc <SystemInit+0xf6>
    4362:	4785                	li	a5,1
    4364:	c63e                	sw	a5,12(sp)
    4366:	4732                	lw	a4,12(sp)
    4368:	4785                	li	a5,1
    436a:	04f71f63          	bne	a4,a5,43c8 <SystemInit+0xf2>
    436e:	400217b7          	lui	a5,0x40021
    4372:	43d8                	lw	a4,4(a5)
    4374:	ffc106b7          	lui	a3,0xffc10
    4378:	16fd                	addi	a3,a3,-1
    437a:	c3d8                	sw	a4,4(a5)
    437c:	43d8                	lw	a4,4(a5)
    437e:	c3d8                	sw	a4,4(a5)
    4380:	43d8                	lw	a4,4(a5)
    4382:	40076713          	ori	a4,a4,1024
    4386:	c3d8                	sw	a4,4(a5)
    4388:	43d8                	lw	a4,4(a5)
    438a:	8f75                	and	a4,a4,a3
    438c:	c3d8                	sw	a4,4(a5)
    438e:	43d8                	lw	a4,4(a5)
    4390:	002906b7          	lui	a3,0x290
    4394:	8f55                	or	a4,a4,a3
    4396:	c3d8                	sw	a4,4(a5)
    4398:	4398                	lw	a4,0(a5)
    439a:	010006b7          	lui	a3,0x1000
    439e:	8f55                	or	a4,a4,a3
    43a0:	c398                	sw	a4,0(a5)
    43a2:	4398                	lw	a4,0(a5)
    43a4:	00671693          	slli	a3,a4,0x6
    43a8:	fe06dde3          	bgez	a3,43a2 <SystemInit+0xcc>
    43ac:	43d8                	lw	a4,4(a5)
    43ae:	400216b7          	lui	a3,0x40021
    43b2:	9b71                	andi	a4,a4,-4
    43b4:	c3d8                	sw	a4,4(a5)
    43b6:	43d8                	lw	a4,4(a5)
    43b8:	00276713          	ori	a4,a4,2
    43bc:	c3d8                	sw	a4,4(a5)
    43be:	4721                	li	a4,8
    43c0:	42dc                	lw	a5,4(a3)
    43c2:	8bb1                	andi	a5,a5,12
    43c4:	fee79ee3          	bne	a5,a4,43c0 <SystemInit+0xea>
    43c8:	0141                	addi	sp,sp,16
    43ca:	8082                	ret
    43cc:	c602                	sw	zero,12(sp)
    43ce:	bf61                	j	4366 <SystemInit+0x90>

000043d0 <ADC1_2_IRQHandler>:
    43d0:	a001                	j	43d0 <ADC1_2_IRQHandler>

000043d2 <handle_reset>:
    43d2:	34129073          	csrw	mepc,t0
    43d6:	1fffc197          	auipc	gp,0x1fffc
    43da:	57a18193          	addi	gp,gp,1402 # 20000950 <__global_pointer$>
    43de:	20014117          	auipc	sp,0x20014
    43e2:	c2210113          	addi	sp,sp,-990 # 20018000 <_eusrstack>
    43e6:	00003517          	auipc	a0,0x3
    43ea:	bae50513          	addi	a0,a0,-1106 # 6f94 <__rt_init_end>
    43ee:	1fffc597          	auipc	a1,0x1fffc
    43f2:	c1258593          	addi	a1,a1,-1006 # 20000000 <_data_vma>
    43f6:	80818613          	addi	a2,gp,-2040 # 20000158 <_edata>
    43fa:	00c5fa63          	bgeu	a1,a2,440e <handle_reset+0x3c>
    43fe:	00052283          	lw	t0,0(a0)
    4402:	0055a023          	sw	t0,0(a1)
    4406:	0511                	addi	a0,a0,4
    4408:	0591                	addi	a1,a1,4
    440a:	fec5eae3          	bltu	a1,a2,43fe <handle_reset+0x2c>
    440e:	80818513          	addi	a0,gp,-2040 # 20000158 <_edata>
    4412:	20000597          	auipc	a1,0x20000
    4416:	36e58593          	addi	a1,a1,878 # 20004780 <_ebss>
    441a:	00b57763          	bgeu	a0,a1,4428 <handle_reset+0x56>
    441e:	00052023          	sw	zero,0(a0)
    4422:	0511                	addi	a0,a0,4
    4424:	feb56de3          	bltu	a0,a1,441e <handle_reset+0x4c>
    4428:	42fd                	li	t0,31
    442a:	bc029073          	csrw	0xbc0,t0
    442e:	42fd                	li	t0,31
    4430:	80429073          	csrw	0x804,t0
    4434:	000082b7          	lui	t0,0x8
    4438:	80028293          	addi	t0,t0,-2048 # 7800 <__rt_init_end+0x86c>
    443c:	30029073          	csrw	mstatus,t0
    4440:	ffffc297          	auipc	t0,0xffffc
    4444:	bc428293          	addi	t0,t0,-1084 # 4 <_einit>
    4448:	0032e293          	ori	t0,t0,3
    444c:	30529073          	csrw	mtvec,t0
    4450:	e87ff0ef          	jal	ra,42d6 <SystemInit>
    4454:	ffffc297          	auipc	t0,0xffffc
    4458:	12428293          	addi	t0,t0,292 # 578 <entry>
    445c:	34129073          	csrw	mepc,t0
    4460:	30200073          	mret

00004464 <ADC_Init>:
    4464:	415c                	lw	a5,4(a0)
    4466:	e0f10737          	lui	a4,0xe0f10
    446a:	eff70713          	addi	a4,a4,-257 # e0f0feff <_eusrstack+0xc0ef7eff>
    446e:	4d94                	lw	a3,24(a1)
    4470:	8f7d                	and	a4,a4,a5
    4472:	419c                	lw	a5,0(a1)
    4474:	8fd5                	or	a5,a5,a3
    4476:	4dd4                	lw	a3,28(a1)
    4478:	8fd5                	or	a5,a5,a3
    447a:	41d4                	lw	a3,4(a1)
    447c:	06a2                	slli	a3,a3,0x8
    447e:	8fd5                	or	a5,a5,a3
    4480:	8fd9                	or	a5,a5,a4
    4482:	c15c                	sw	a5,4(a0)
    4484:	451c                	lw	a5,8(a0)
    4486:	fff1f737          	lui	a4,0xfff1f
    448a:	7fd70713          	addi	a4,a4,2045 # fff1f7fd <_eusrstack+0xdff077fd>
    448e:	45d4                	lw	a3,12(a1)
    4490:	8f7d                	and	a4,a4,a5
    4492:	499c                	lw	a5,16(a1)
    4494:	8fd5                	or	a5,a5,a3
    4496:	4594                	lw	a3,8(a1)
    4498:	0686                	slli	a3,a3,0x1
    449a:	8fd5                	or	a5,a5,a3
    449c:	8fd9                	or	a5,a5,a4
    449e:	c51c                	sw	a5,8(a0)
    44a0:	555c                	lw	a5,44(a0)
    44a2:	ff100737          	lui	a4,0xff100
    44a6:	177d                	addi	a4,a4,-1
    44a8:	8f7d                	and	a4,a4,a5
    44aa:	29dc                	lbu	a5,20(a1)
    44ac:	17fd                	addi	a5,a5,-1
    44ae:	0ff7f793          	andi	a5,a5,255
    44b2:	07d2                	slli	a5,a5,0x14
    44b4:	8fd9                	or	a5,a5,a4
    44b6:	d55c                	sw	a5,44(a0)
    44b8:	8082                	ret

000044ba <ADC_Cmd>:
    44ba:	451c                	lw	a5,8(a0)
    44bc:	c589                	beqz	a1,44c6 <ADC_Cmd+0xc>
    44be:	0017e793          	ori	a5,a5,1
    44c2:	c51c                	sw	a5,8(a0)
    44c4:	8082                	ret
    44c6:	9bf9                	andi	a5,a5,-2
    44c8:	bfed                	j	44c2 <ADC_Cmd+0x8>

000044ca <ADC_ResetCalibration>:
    44ca:	451c                	lw	a5,8(a0)
    44cc:	0087e793          	ori	a5,a5,8
    44d0:	c51c                	sw	a5,8(a0)
    44d2:	8082                	ret

000044d4 <ADC_GetResetCalibrationStatus>:
    44d4:	4508                	lw	a0,8(a0)
    44d6:	810d                	srli	a0,a0,0x3
    44d8:	8905                	andi	a0,a0,1
    44da:	8082                	ret

000044dc <ADC_StartCalibration>:
    44dc:	451c                	lw	a5,8(a0)
    44de:	0047e793          	ori	a5,a5,4
    44e2:	c51c                	sw	a5,8(a0)
    44e4:	8082                	ret

000044e6 <ADC_GetCalibrationStatus>:
    44e6:	4508                	lw	a0,8(a0)
    44e8:	8109                	srli	a0,a0,0x2
    44ea:	8905                	andi	a0,a0,1
    44ec:	8082                	ret

000044ee <ADC_SoftwareStartConvCmd>:
    44ee:	451c                	lw	a5,8(a0)
    44f0:	c591                	beqz	a1,44fc <ADC_SoftwareStartConvCmd+0xe>
    44f2:	00500737          	lui	a4,0x500
    44f6:	8fd9                	or	a5,a5,a4
    44f8:	c51c                	sw	a5,8(a0)
    44fa:	8082                	ret
    44fc:	ffb00737          	lui	a4,0xffb00
    4500:	177d                	addi	a4,a4,-1
    4502:	8ff9                	and	a5,a5,a4
    4504:	bfd5                	j	44f8 <ADC_SoftwareStartConvCmd+0xa>

00004506 <ADC_RegularChannelConfig>:
    4506:	47a5                	li	a5,9
    4508:	04b7f763          	bgeu	a5,a1,4556 <ADC_RegularChannelConfig+0x50>
    450c:	478d                	li	a5,3
    450e:	ff658713          	addi	a4,a1,-10
    4512:	02f70733          	mul	a4,a4,a5
    4516:	00c52803          	lw	a6,12(a0)
    451a:	479d                	li	a5,7
    451c:	00e797b3          	sll	a5,a5,a4
    4520:	fff7c793          	not	a5,a5
    4524:	0107f7b3          	and	a5,a5,a6
    4528:	00e696b3          	sll	a3,a3,a4
    452c:	8edd                	or	a3,a3,a5
    452e:	c554                	sw	a3,12(a0)
    4530:	4799                	li	a5,6
    4532:	04c7e363          	bltu	a5,a2,4578 <ADC_RegularChannelConfig+0x72>
    4536:	4795                	li	a5,5
    4538:	167d                	addi	a2,a2,-1
    453a:	02f60633          	mul	a2,a2,a5
    453e:	5958                	lw	a4,52(a0)
    4540:	47fd                	li	a5,31
    4542:	00c797b3          	sll	a5,a5,a2
    4546:	fff7c793          	not	a5,a5
    454a:	8ff9                	and	a5,a5,a4
    454c:	00c59633          	sll	a2,a1,a2
    4550:	8e5d                	or	a2,a2,a5
    4552:	d950                	sw	a2,52(a0)
    4554:	8082                	ret
    4556:	470d                	li	a4,3
    4558:	02e58733          	mul	a4,a1,a4
    455c:	01052803          	lw	a6,16(a0)
    4560:	479d                	li	a5,7
    4562:	00e797b3          	sll	a5,a5,a4
    4566:	fff7c793          	not	a5,a5
    456a:	0107f7b3          	and	a5,a5,a6
    456e:	00e696b3          	sll	a3,a3,a4
    4572:	8edd                	or	a3,a3,a5
    4574:	c914                	sw	a3,16(a0)
    4576:	bf6d                	j	4530 <ADC_RegularChannelConfig+0x2a>
    4578:	47b1                	li	a5,12
    457a:	02c7e263          	bltu	a5,a2,459e <ADC_RegularChannelConfig+0x98>
    457e:	4795                	li	a5,5
    4580:	1665                	addi	a2,a2,-7
    4582:	02f60633          	mul	a2,a2,a5
    4586:	5918                	lw	a4,48(a0)
    4588:	47fd                	li	a5,31
    458a:	00c797b3          	sll	a5,a5,a2
    458e:	fff7c793          	not	a5,a5
    4592:	8ff9                	and	a5,a5,a4
    4594:	00c59633          	sll	a2,a1,a2
    4598:	8e5d                	or	a2,a2,a5
    459a:	d910                	sw	a2,48(a0)
    459c:	8082                	ret
    459e:	4795                	li	a5,5
    45a0:	164d                	addi	a2,a2,-13
    45a2:	02f60633          	mul	a2,a2,a5
    45a6:	5558                	lw	a4,44(a0)
    45a8:	47fd                	li	a5,31
    45aa:	00c797b3          	sll	a5,a5,a2
    45ae:	fff7c793          	not	a5,a5
    45b2:	8ff9                	and	a5,a5,a4
    45b4:	00c595b3          	sll	a1,a1,a2
    45b8:	8ddd                	or	a1,a1,a5
    45ba:	d54c                	sw	a1,44(a0)
    45bc:	8082                	ret

000045be <ADC_GetConversionValue>:
    45be:	4568                	lw	a0,76(a0)
    45c0:	0542                	slli	a0,a0,0x10
    45c2:	8141                	srli	a0,a0,0x10
    45c4:	8082                	ret

000045c6 <ADC_GetFlagStatus>:
    45c6:	4108                	lw	a0,0(a0)
    45c8:	8d6d                	and	a0,a0,a1
    45ca:	00a03533          	snez	a0,a0
    45ce:	8082                	ret

000045d0 <EXTI_Init>:
    45d0:	4158                	lw	a4,4(a0)
    45d2:	00052803          	lw	a6,0(a0)
    45d6:	454c                	lw	a1,12(a0)
    45d8:	40010637          	lui	a2,0x40010
    45dc:	40060793          	addi	a5,a2,1024 # 40010400 <_eusrstack+0x1fff8400>
    45e0:	973e                	add	a4,a4,a5
    45e2:	fff84693          	not	a3,a6
    45e6:	c5b1                	beqz	a1,4632 <EXTI_Init+0x62>
    45e8:	40062583          	lw	a1,1024(a2)
    45ec:	8df5                	and	a1,a1,a3
    45ee:	40b62023          	sw	a1,1024(a2)
    45f2:	43d0                	lw	a2,4(a5)
    45f4:	8ef1                	and	a3,a3,a2
    45f6:	c3d4                	sw	a3,4(a5)
    45f8:	4314                	lw	a3,0(a4)
    45fa:	0106e6b3          	or	a3,a3,a6
    45fe:	c314                	sw	a3,0(a4)
    4600:	4118                	lw	a4,0(a0)
    4602:	4790                	lw	a2,8(a5)
    4604:	fff74693          	not	a3,a4
    4608:	8e75                	and	a2,a2,a3
    460a:	c790                	sw	a2,8(a5)
    460c:	47d0                	lw	a2,12(a5)
    460e:	8ef1                	and	a3,a3,a2
    4610:	c7d4                	sw	a3,12(a5)
    4612:	4514                	lw	a3,8(a0)
    4614:	4641                	li	a2,16
    4616:	00c69963          	bne	a3,a2,4628 <EXTI_Init+0x58>
    461a:	4794                	lw	a3,8(a5)
    461c:	8ed9                	or	a3,a3,a4
    461e:	c794                	sw	a3,8(a5)
    4620:	47d4                	lw	a3,12(a5)
    4622:	8f55                	or	a4,a4,a3
    4624:	c7d8                	sw	a4,12(a5)
    4626:	8082                	ret
    4628:	97b6                	add	a5,a5,a3
    462a:	4394                	lw	a3,0(a5)
    462c:	8f55                	or	a4,a4,a3
    462e:	c398                	sw	a4,0(a5)
    4630:	8082                	ret
    4632:	431c                	lw	a5,0(a4)
    4634:	8ff5                	and	a5,a5,a3
    4636:	c31c                	sw	a5,0(a4)
    4638:	8082                	ret

0000463a <EXTI_GetITStatus>:
    463a:	400107b7          	lui	a5,0x40010
    463e:	40078713          	addi	a4,a5,1024 # 40010400 <_eusrstack+0x1fff8400>
    4642:	4007a783          	lw	a5,1024(a5)
    4646:	4b58                	lw	a4,20(a4)
    4648:	8f69                	and	a4,a4,a0
    464a:	c709                	beqz	a4,4654 <EXTI_GetITStatus+0x1a>
    464c:	8d7d                	and	a0,a0,a5
    464e:	00a03533          	snez	a0,a0
    4652:	8082                	ret
    4654:	4501                	li	a0,0
    4656:	8082                	ret

00004658 <EXTI_ClearITPendingBit>:
    4658:	400107b7          	lui	a5,0x40010
    465c:	40a7aa23          	sw	a0,1044(a5) # 40010414 <_eusrstack+0x1fff8414>
    4660:	8082                	ret

00004662 <GPIO_Init>:
    4662:	459c                	lw	a5,8(a1)
    4664:	0107f713          	andi	a4,a5,16
    4668:	00f7f813          	andi	a6,a5,15
    466c:	c701                	beqz	a4,4674 <GPIO_Init+0x12>
    466e:	41d8                	lw	a4,4(a1)
    4670:	00e86833          	or	a6,a6,a4
    4674:	218e                	lhu	a1,0(a1)
    4676:	0ff5f713          	andi	a4,a1,255
    467a:	c339                	beqz	a4,46c0 <GPIO_Init+0x5e>
    467c:	4118                	lw	a4,0(a0)
    467e:	4681                	li	a3,0
    4680:	4e85                	li	t4,1
    4682:	4f3d                	li	t5,15
    4684:	02800f93          	li	t6,40
    4688:	04800293          	li	t0,72
    468c:	4e21                	li	t3,8
    468e:	00de9633          	sll	a2,t4,a3
    4692:	00c5f8b3          	and	a7,a1,a2
    4696:	03161163          	bne	a2,a7,46b8 <GPIO_Init+0x56>
    469a:	00269893          	slli	a7,a3,0x2
    469e:	011f1333          	sll	t1,t5,a7
    46a2:	fff34313          	not	t1,t1
    46a6:	00e37733          	and	a4,t1,a4
    46aa:	011818b3          	sll	a7,a6,a7
    46ae:	00e8e733          	or	a4,a7,a4
    46b2:	05f79f63          	bne	a5,t6,4710 <GPIO_Init+0xae>
    46b6:	c950                	sw	a2,20(a0)
    46b8:	0685                	addi	a3,a3,1
    46ba:	fdc69ae3          	bne	a3,t3,468e <GPIO_Init+0x2c>
    46be:	c118                	sw	a4,0(a0)
    46c0:	0ff00713          	li	a4,255
    46c4:	04b77563          	bgeu	a4,a1,470e <GPIO_Init+0xac>
    46c8:	4154                	lw	a3,4(a0)
    46ca:	4621                	li	a2,8
    46cc:	4e85                	li	t4,1
    46ce:	4f3d                	li	t5,15
    46d0:	02800f93          	li	t6,40
    46d4:	04800293          	li	t0,72
    46d8:	4e41                	li	t3,16
    46da:	00ce98b3          	sll	a7,t4,a2
    46de:	0115f733          	and	a4,a1,a7
    46e2:	02e89263          	bne	a7,a4,4706 <GPIO_Init+0xa4>
    46e6:	00261713          	slli	a4,a2,0x2
    46ea:	1701                	addi	a4,a4,-32
    46ec:	00ef1333          	sll	t1,t5,a4
    46f0:	fff34313          	not	t1,t1
    46f4:	00d376b3          	and	a3,t1,a3
    46f8:	00e81733          	sll	a4,a6,a4
    46fc:	8ed9                	or	a3,a3,a4
    46fe:	01f79d63          	bne	a5,t6,4718 <GPIO_Init+0xb6>
    4702:	01152a23          	sw	a7,20(a0)
    4706:	0605                	addi	a2,a2,1
    4708:	fdc619e3          	bne	a2,t3,46da <GPIO_Init+0x78>
    470c:	c154                	sw	a3,4(a0)
    470e:	8082                	ret
    4710:	fa5794e3          	bne	a5,t0,46b8 <GPIO_Init+0x56>
    4714:	c910                	sw	a2,16(a0)
    4716:	b74d                	j	46b8 <GPIO_Init+0x56>
    4718:	fe5797e3          	bne	a5,t0,4706 <GPIO_Init+0xa4>
    471c:	01152823          	sw	a7,16(a0)
    4720:	b7dd                	j	4706 <GPIO_Init+0xa4>

00004722 <GPIO_ReadInputDataBit>:
    4722:	4508                	lw	a0,8(a0)
    4724:	8d6d                	and	a0,a0,a1
    4726:	00a03533          	snez	a0,a0
    472a:	8082                	ret

0000472c <GPIO_SetBits>:
    472c:	c90c                	sw	a1,16(a0)
    472e:	8082                	ret

00004730 <GPIO_ResetBits>:
    4730:	c94c                	sw	a1,20(a0)
    4732:	8082                	ret

00004734 <GPIO_WriteBit>:
    4734:	c219                	beqz	a2,473a <GPIO_WriteBit+0x6>
    4736:	c90c                	sw	a1,16(a0)
    4738:	8082                	ret
    473a:	c94c                	sw	a1,20(a0)
    473c:	8082                	ret

0000473e <GPIO_PinRemapConfig>:
    473e:	400107b7          	lui	a5,0x40010
    4742:	04055a63          	bgez	a0,4796 <GPIO_PinRemapConfig+0x58>
    4746:	4fdc                	lw	a5,28(a5)
    4748:	01055693          	srli	a3,a0,0x10
    474c:	01051813          	slli	a6,a0,0x10
    4750:	00300737          	lui	a4,0x300
    4754:	00f6f613          	andi	a2,a3,15
    4758:	01085813          	srli	a6,a6,0x10
    475c:	00e576b3          	and	a3,a0,a4
    4760:	06055063          	bgez	a0,47c0 <GPIO_PinRemapConfig+0x82>
    4764:	02e69b63          	bne	a3,a4,479a <GPIO_PinRemapConfig+0x5c>
    4768:	01060693          	addi	a3,a2,16
    476c:	460d                	li	a2,3
    476e:	00d616b3          	sll	a3,a2,a3
    4772:	fff6c693          	not	a3,a3
    4776:	8ff5                	and	a5,a5,a3
    4778:	c999                	beqz	a1,478e <GPIO_PinRemapConfig+0x50>
    477a:	01555713          	srli	a4,a0,0x15
    477e:	3ff77713          	andi	a4,a4,1023
    4782:	0712                	slli	a4,a4,0x4
    4784:	00e81733          	sll	a4,a6,a4
    4788:	8fd9                	or	a5,a5,a4
    478a:	04055763          	bgez	a0,47d8 <GPIO_PinRemapConfig+0x9a>
    478e:	40010737          	lui	a4,0x40010
    4792:	cf5c                	sw	a5,28(a4)
    4794:	8082                	ret
    4796:	43dc                	lw	a5,4(a5)
    4798:	bf45                	j	4748 <GPIO_PinRemapConfig+0xa>
    479a:	00b51713          	slli	a4,a0,0xb
    479e:	00075663          	bgez	a4,47aa <GPIO_PinRemapConfig+0x6c>
    47a2:	468d                	li	a3,3
    47a4:	00c696b3          	sll	a3,a3,a2
    47a8:	b7e9                	j	4772 <GPIO_PinRemapConfig+0x34>
    47aa:	01555713          	srli	a4,a0,0x15
    47ae:	3ff77713          	andi	a4,a4,1023
    47b2:	0712                	slli	a4,a4,0x4
    47b4:	00e81733          	sll	a4,a6,a4
    47b8:	fff74713          	not	a4,a4
    47bc:	8ff9                	and	a5,a5,a4
    47be:	bf6d                	j	4778 <GPIO_PinRemapConfig+0x3a>
    47c0:	02e69063          	bne	a3,a4,47e0 <GPIO_PinRemapConfig+0xa2>
    47c4:	40010637          	lui	a2,0x40010
    47c8:	4254                	lw	a3,4(a2)
    47ca:	f1000737          	lui	a4,0xf1000
    47ce:	177d                	addi	a4,a4,-1
    47d0:	8ff9                	and	a5,a5,a4
    47d2:	8f75                	and	a4,a4,a3
    47d4:	c258                	sw	a4,4(a2)
    47d6:	f1d5                	bnez	a1,477a <GPIO_PinRemapConfig+0x3c>
    47d8:	40010737          	lui	a4,0x40010
    47dc:	c35c                	sw	a5,4(a4)
    47de:	8082                	ret
    47e0:	00b51713          	slli	a4,a0,0xb
    47e4:	00075c63          	bgez	a4,47fc <GPIO_PinRemapConfig+0xbe>
    47e8:	468d                	li	a3,3
    47ea:	00c696b3          	sll	a3,a3,a2
    47ee:	fff6c693          	not	a3,a3
    47f2:	8efd                	and	a3,a3,a5
    47f4:	0f0007b7          	lui	a5,0xf000
    47f8:	8fd5                	or	a5,a5,a3
    47fa:	bff1                	j	47d6 <GPIO_PinRemapConfig+0x98>
    47fc:	01555713          	srli	a4,a0,0x15
    4800:	0712                	slli	a4,a4,0x4
    4802:	00e81733          	sll	a4,a6,a4
    4806:	fff74713          	not	a4,a4
    480a:	8f7d                	and	a4,a4,a5
    480c:	0f0007b7          	lui	a5,0xf000
    4810:	8fd9                	or	a5,a5,a4
    4812:	b7d1                	j	47d6 <GPIO_PinRemapConfig+0x98>

00004814 <GPIO_EXTILineConfig>:
    4814:	0fc5f713          	andi	a4,a1,252
    4818:	0035f793          	andi	a5,a1,3
    481c:	400105b7          	lui	a1,0x40010
    4820:	95ba                	add	a1,a1,a4
    4822:	4594                	lw	a3,8(a1)
    4824:	078a                	slli	a5,a5,0x2
    4826:	473d                	li	a4,15
    4828:	00f71733          	sll	a4,a4,a5
    482c:	fff74713          	not	a4,a4
    4830:	8f75                	and	a4,a4,a3
    4832:	c598                	sw	a4,8(a1)
    4834:	4598                	lw	a4,8(a1)
    4836:	00f51533          	sll	a0,a0,a5
    483a:	8d59                	or	a0,a0,a4
    483c:	c588                	sw	a0,8(a1)
    483e:	8082                	ret

00004840 <I2C_DeInit>:
    4840:	b63fb2ef          	jal	t0,3a2 <__riscv_save_0>
    4844:	400057b7          	lui	a5,0x40005
    4848:	40078793          	addi	a5,a5,1024 # 40005400 <_eusrstack+0x1ffed400>
    484c:	4585                	li	a1,1
    484e:	00f51b63          	bne	a0,a5,4864 <I2C_DeInit+0x24>
    4852:	00200537          	lui	a0,0x200
    4856:	266d                	jal	4c00 <RCC_APB1PeriphResetCmd>
    4858:	4581                	li	a1,0
    485a:	00200537          	lui	a0,0x200
    485e:	264d                	jal	4c00 <RCC_APB1PeriphResetCmd>
    4860:	b67fb06f          	j	3c6 <__riscv_restore_0>
    4864:	00400537          	lui	a0,0x400
    4868:	2e61                	jal	4c00 <RCC_APB1PeriphResetCmd>
    486a:	4581                	li	a1,0
    486c:	00400537          	lui	a0,0x400
    4870:	b7fd                	j	485e <I2C_DeInit+0x1e>

00004872 <I2C_Init>:
    4872:	b31fb2ef          	jal	t0,3a2 <__riscv_save_0>
    4876:	7179                	addi	sp,sp,-48
    4878:	2146                	lhu	s1,4(a0)
    487a:	842a                	mv	s0,a0
    487c:	0868                	addi	a0,sp,28
    487e:	c62e                	sw	a1,12(sp)
    4880:	22f9                	jal	4a4e <RCC_GetClocksFreq>
    4882:	5792                	lw	a5,36(sp)
    4884:	000f4737          	lui	a4,0xf4
    4888:	24070713          	addi	a4,a4,576 # f4240 <__rt_init_end+0xed2ac>
    488c:	02e7d733          	divu	a4,a5,a4
    4890:	04c2                	slli	s1,s1,0x10
    4892:	80c1                	srli	s1,s1,0x10
    4894:	fc04f493          	andi	s1,s1,-64
    4898:	04c2                	slli	s1,s1,0x10
    489a:	03c00693          	li	a3,60
    489e:	80c1                	srli	s1,s1,0x10
    48a0:	45b2                	lw	a1,12(sp)
    48a2:	00e6f463          	bgeu	a3,a4,48aa <I2C_Init+0x38>
    48a6:	03c00713          	li	a4,60
    48aa:	01071613          	slli	a2,a4,0x10
    48ae:	8241                	srli	a2,a2,0x10
    48b0:	8cd1                	or	s1,s1,a2
    48b2:	a046                	sh	s1,4(s0)
    48b4:	2016                	lhu	a3,0(s0)
    48b6:	6561                	lui	a0,0x18
    48b8:	6a050513          	addi	a0,a0,1696 # 186a0 <__rt_init_end+0x1170c>
    48bc:	06c2                	slli	a3,a3,0x10
    48be:	82c1                	srli	a3,a3,0x10
    48c0:	9af9                	andi	a3,a3,-2
    48c2:	06c2                	slli	a3,a3,0x10
    48c4:	82c1                	srli	a3,a3,0x10
    48c6:	a016                	sh	a3,0(s0)
    48c8:	4194                	lw	a3,0(a1)
    48ca:	04d56963          	bltu	a0,a3,491c <I2C_Init+0xaa>
    48ce:	0686                	slli	a3,a3,0x1
    48d0:	02d7d7b3          	divu	a5,a5,a3
    48d4:	4691                	li	a3,4
    48d6:	01079713          	slli	a4,a5,0x10
    48da:	8341                	srli	a4,a4,0x10
    48dc:	87ba                	mv	a5,a4
    48de:	00d77363          	bgeu	a4,a3,48e4 <I2C_Init+0x72>
    48e2:	4791                	li	a5,4
    48e4:	0605                	addi	a2,a2,1
    48e6:	0642                	slli	a2,a2,0x10
    48e8:	07c2                	slli	a5,a5,0x10
    48ea:	8241                	srli	a2,a2,0x10
    48ec:	83c1                	srli	a5,a5,0x10
    48ee:	b012                	sh	a2,32(s0)
    48f0:	ac5e                	sh	a5,28(s0)
    48f2:	201e                	lhu	a5,0(s0)
    48f4:	21da                	lhu	a4,4(a1)
    48f6:	25b6                	lhu	a3,10(a1)
    48f8:	0017e793          	ori	a5,a5,1
    48fc:	a01e                	sh	a5,0(s0)
    48fe:	201e                	lhu	a5,0(s0)
    4900:	8f55                	or	a4,a4,a3
    4902:	07c2                	slli	a5,a5,0x10
    4904:	83c1                	srli	a5,a5,0x10
    4906:	bf57f793          	andi	a5,a5,-1035
    490a:	8fd9                	or	a5,a5,a4
    490c:	a01e                	sh	a5,0(s0)
    490e:	259a                	lhu	a4,8(a1)
    4910:	25de                	lhu	a5,12(a1)
    4912:	8fd9                	or	a5,a5,a4
    4914:	a41e                	sh	a5,8(s0)
    4916:	6145                	addi	sp,sp,48
    4918:	aaffb06f          	j	3c6 <__riscv_restore_0>
    491c:	21ea                	lhu	a0,6(a1)
    491e:	6631                	lui	a2,0xc
    4920:	167d                	addi	a2,a2,-1
    4922:	02c51d63          	bne	a0,a2,495c <I2C_Init+0xea>
    4926:	460d                	li	a2,3
    4928:	02c686b3          	mul	a3,a3,a2
    492c:	02d7d7b3          	divu	a5,a5,a3
    4930:	07c2                	slli	a5,a5,0x10
    4932:	83c1                	srli	a5,a5,0x10
    4934:	01479693          	slli	a3,a5,0x14
    4938:	e299                	bnez	a3,493e <I2C_Init+0xcc>
    493a:	0017e793          	ori	a5,a5,1
    493e:	66a1                	lui	a3,0x8
    4940:	8fd5                	or	a5,a5,a3
    4942:	12c00693          	li	a3,300
    4946:	02d70733          	mul	a4,a4,a3
    494a:	3e800693          	li	a3,1000
    494e:	02d74733          	div	a4,a4,a3
    4952:	0705                	addi	a4,a4,1
    4954:	0742                	slli	a4,a4,0x10
    4956:	8341                	srli	a4,a4,0x10
    4958:	b01a                	sh	a4,32(s0)
    495a:	bf59                	j	48f0 <I2C_Init+0x7e>
    495c:	4665                	li	a2,25
    495e:	02c686b3          	mul	a3,a3,a2
    4962:	02d7d7b3          	divu	a5,a5,a3
    4966:	6691                	lui	a3,0x4
    4968:	07c2                	slli	a5,a5,0x10
    496a:	83c1                	srli	a5,a5,0x10
    496c:	8fd5                	or	a5,a5,a3
    496e:	b7d9                	j	4934 <I2C_Init+0xc2>

00004970 <I2C_Cmd>:
    4970:	211e                	lhu	a5,0(a0)
    4972:	c589                	beqz	a1,497c <I2C_Cmd+0xc>
    4974:	0017e793          	ori	a5,a5,1
    4978:	a11e                	sh	a5,0(a0)
    497a:	8082                	ret
    497c:	07c2                	slli	a5,a5,0x10
    497e:	83c1                	srli	a5,a5,0x10
    4980:	9bf9                	andi	a5,a5,-2
    4982:	07c2                	slli	a5,a5,0x10
    4984:	83c1                	srli	a5,a5,0x10
    4986:	bfcd                	j	4978 <I2C_Cmd+0x8>

00004988 <I2C_GenerateSTART>:
    4988:	211e                	lhu	a5,0(a0)
    498a:	c589                	beqz	a1,4994 <I2C_GenerateSTART+0xc>
    498c:	1007e793          	ori	a5,a5,256
    4990:	a11e                	sh	a5,0(a0)
    4992:	8082                	ret
    4994:	07c2                	slli	a5,a5,0x10
    4996:	83c1                	srli	a5,a5,0x10
    4998:	eff7f793          	andi	a5,a5,-257
    499c:	07c2                	slli	a5,a5,0x10
    499e:	83c1                	srli	a5,a5,0x10
    49a0:	bfc5                	j	4990 <I2C_GenerateSTART+0x8>

000049a2 <I2C_GenerateSTOP>:
    49a2:	211e                	lhu	a5,0(a0)
    49a4:	c589                	beqz	a1,49ae <I2C_GenerateSTOP+0xc>
    49a6:	2007e793          	ori	a5,a5,512
    49aa:	a11e                	sh	a5,0(a0)
    49ac:	8082                	ret
    49ae:	07c2                	slli	a5,a5,0x10
    49b0:	83c1                	srli	a5,a5,0x10
    49b2:	dff7f793          	andi	a5,a5,-513
    49b6:	07c2                	slli	a5,a5,0x10
    49b8:	83c1                	srli	a5,a5,0x10
    49ba:	bfc5                	j	49aa <I2C_GenerateSTOP+0x8>

000049bc <I2C_AcknowledgeConfig>:
    49bc:	211e                	lhu	a5,0(a0)
    49be:	c589                	beqz	a1,49c8 <I2C_AcknowledgeConfig+0xc>
    49c0:	4007e793          	ori	a5,a5,1024
    49c4:	a11e                	sh	a5,0(a0)
    49c6:	8082                	ret
    49c8:	07c2                	slli	a5,a5,0x10
    49ca:	83c1                	srli	a5,a5,0x10
    49cc:	bff7f793          	andi	a5,a5,-1025
    49d0:	07c2                	slli	a5,a5,0x10
    49d2:	83c1                	srli	a5,a5,0x10
    49d4:	bfc5                	j	49c4 <I2C_AcknowledgeConfig+0x8>

000049d6 <I2C_SendData>:
    49d6:	a90e                	sh	a1,16(a0)
    49d8:	8082                	ret

000049da <I2C_ReceiveData>:
    49da:	290a                	lhu	a0,16(a0)
    49dc:	0ff57513          	andi	a0,a0,255
    49e0:	8082                	ret

000049e2 <I2C_Send7bitAddress>:
    49e2:	0fe5f793          	andi	a5,a1,254
    49e6:	c219                	beqz	a2,49ec <I2C_Send7bitAddress+0xa>
    49e8:	0015e793          	ori	a5,a1,1
    49ec:	07c2                	slli	a5,a5,0x10
    49ee:	83c1                	srli	a5,a5,0x10
    49f0:	a91e                	sh	a5,16(a0)
    49f2:	8082                	ret

000049f4 <I2C_CheckEvent>:
    49f4:	295e                	lhu	a5,20(a0)
    49f6:	2d0a                	lhu	a0,24(a0)
    49f8:	0542                	slli	a0,a0,0x10
    49fa:	8d5d                	or	a0,a0,a5
    49fc:	8d6d                	and	a0,a0,a1
    49fe:	0522                	slli	a0,a0,0x8
    4a00:	8121                	srli	a0,a0,0x8
    4a02:	8d0d                	sub	a0,a0,a1
    4a04:	00153513          	seqz	a0,a0
    4a08:	8082                	ret

00004a0a <I2C_GetFlagStatus>:
    4a0a:	1141                	addi	sp,sp,-16
    4a0c:	c402                	sw	zero,8(sp)
    4a0e:	c602                	sw	zero,12(sp)
    4a10:	01c5d793          	srli	a5,a1,0x1c
    4a14:	c62a                	sw	a0,12(sp)
    4a16:	c43e                	sw	a5,8(sp)
    4a18:	47a2                	lw	a5,8(sp)
    4a1a:	05a2                	slli	a1,a1,0x8
    4a1c:	81a1                	srli	a1,a1,0x8
    4a1e:	cb99                	beqz	a5,4a34 <I2C_GetFlagStatus+0x2a>
    4a20:	47b2                	lw	a5,12(sp)
    4a22:	07d1                	addi	a5,a5,20
    4a24:	c63e                	sw	a5,12(sp)
    4a26:	47b2                	lw	a5,12(sp)
    4a28:	4388                	lw	a0,0(a5)
    4a2a:	0141                	addi	sp,sp,16
    4a2c:	8d6d                	and	a0,a0,a1
    4a2e:	00a03533          	snez	a0,a0
    4a32:	8082                	ret
    4a34:	47b2                	lw	a5,12(sp)
    4a36:	81c1                	srli	a1,a1,0x10
    4a38:	07e1                	addi	a5,a5,24
    4a3a:	b7ed                	j	4a24 <I2C_GetFlagStatus+0x1a>

00004a3c <RCC_ADCCLKConfig>:
    4a3c:	400216b7          	lui	a3,0x40021
    4a40:	42dc                	lw	a5,4(a3)
    4a42:	7751                	lui	a4,0xffff4
    4a44:	177d                	addi	a4,a4,-1
    4a46:	8ff9                	and	a5,a5,a4
    4a48:	8d5d                	or	a0,a0,a5
    4a4a:	c2c8                	sw	a0,4(a3)
    4a4c:	8082                	ret

00004a4e <RCC_GetClocksFreq>:
    4a4e:	40021737          	lui	a4,0x40021
    4a52:	435c                	lw	a5,4(a4)
    4a54:	4691                	li	a3,4
    4a56:	8bb1                	andi	a5,a5,12
    4a58:	00d78563          	beq	a5,a3,4a62 <RCC_GetClocksFreq+0x14>
    4a5c:	46a1                	li	a3,8
    4a5e:	06d78263          	beq	a5,a3,4ac2 <RCC_GetClocksFreq+0x74>
    4a62:	007a17b7          	lui	a5,0x7a1
    4a66:	20078793          	addi	a5,a5,512 # 7a1200 <__rt_init_end+0x79a26c>
    4a6a:	c11c                	sw	a5,0(a0)
    4a6c:	40021637          	lui	a2,0x40021
    4a70:	425c                	lw	a5,4(a2)
    4a72:	20000737          	lui	a4,0x20000
    4a76:	14070713          	addi	a4,a4,320 # 20000140 <APBAHBPrescTable>
    4a7a:	8391                	srli	a5,a5,0x4
    4a7c:	8bbd                	andi	a5,a5,15
    4a7e:	97ba                	add	a5,a5,a4
    4a80:	2394                	lbu	a3,0(a5)
    4a82:	411c                	lw	a5,0(a0)
    4a84:	00d7d7b3          	srl	a5,a5,a3
    4a88:	c15c                	sw	a5,4(a0)
    4a8a:	4254                	lw	a3,4(a2)
    4a8c:	82a1                	srli	a3,a3,0x8
    4a8e:	8a9d                	andi	a3,a3,7
    4a90:	96ba                	add	a3,a3,a4
    4a92:	2294                	lbu	a3,0(a3)
    4a94:	00d7d6b3          	srl	a3,a5,a3
    4a98:	c514                	sw	a3,8(a0)
    4a9a:	4254                	lw	a3,4(a2)
    4a9c:	82ad                	srli	a3,a3,0xb
    4a9e:	8a9d                	andi	a3,a3,7
    4aa0:	9736                	add	a4,a4,a3
    4aa2:	2318                	lbu	a4,0(a4)
    4aa4:	00e7d7b3          	srl	a5,a5,a4
    4aa8:	c55c                	sw	a5,12(a0)
    4aaa:	4258                	lw	a4,4(a2)
    4aac:	8339                	srli	a4,a4,0xe
    4aae:	00377693          	andi	a3,a4,3
    4ab2:	80418713          	addi	a4,gp,-2044 # 20000154 <ADCPrescTable>
    4ab6:	9736                	add	a4,a4,a3
    4ab8:	2318                	lbu	a4,0(a4)
    4aba:	02e7d7b3          	divu	a5,a5,a4
    4abe:	c91c                	sw	a5,16(a0)
    4ac0:	8082                	ret
    4ac2:	435c                	lw	a5,4(a4)
    4ac4:	4358                	lw	a4,4(a4)
    4ac6:	66c1                	lui	a3,0x10
    4ac8:	83c9                	srli	a5,a5,0x12
    4aca:	8f75                	and	a4,a4,a3
    4acc:	1ffff6b7          	lui	a3,0x1ffff
    4ad0:	70c6a683          	lw	a3,1804(a3) # 1ffff70c <__rt_init_end+0x1fff8778>
    4ad4:	8bbd                	andi	a5,a5,15
    4ad6:	0789                	addi	a5,a5,2
    4ad8:	01169613          	slli	a2,a3,0x11
    4adc:	00064863          	bltz	a2,4aec <RCC_GetClocksFreq+0x9e>
    4ae0:	46c5                	li	a3,17
    4ae2:	4601                	li	a2,0
    4ae4:	02d79263          	bne	a5,a3,4b08 <RCC_GetClocksFreq+0xba>
    4ae8:	47c9                	li	a5,18
    4aea:	a839                	j	4b08 <RCC_GetClocksFreq+0xba>
    4aec:	4689                	li	a3,2
    4aee:	02d78f63          	beq	a5,a3,4b2c <RCC_GetClocksFreq+0xde>
    4af2:	46bd                	li	a3,15
    4af4:	02d78e63          	beq	a5,a3,4b30 <RCC_GetClocksFreq+0xe2>
    4af8:	46c1                	li	a3,16
    4afa:	02d78e63          	beq	a5,a3,4b36 <RCC_GetClocksFreq+0xe8>
    4afe:	46c5                	li	a3,17
    4b00:	4601                	li	a2,0
    4b02:	00d79363          	bne	a5,a3,4b08 <RCC_GetClocksFreq+0xba>
    4b06:	47c1                	li	a5,16
    4b08:	ef1d                	bnez	a4,4b46 <RCC_GetClocksFreq+0xf8>
    4b0a:	40024737          	lui	a4,0x40024
    4b0e:	80072703          	lw	a4,-2048(a4) # 40023800 <_eusrstack+0x2000b800>
    4b12:	8b41                	andi	a4,a4,16
    4b14:	c705                	beqz	a4,4b3c <RCC_GetClocksFreq+0xee>
    4b16:	007a1737          	lui	a4,0x7a1
    4b1a:	20070713          	addi	a4,a4,512 # 7a1200 <__rt_init_end+0x79a26c>
    4b1e:	02f707b3          	mul	a5,a4,a5
    4b22:	c11c                	sw	a5,0(a0)
    4b24:	d621                	beqz	a2,4a6c <RCC_GetClocksFreq+0x1e>
    4b26:	411c                	lw	a5,0(a0)
    4b28:	8385                	srli	a5,a5,0x1
    4b2a:	b781                	j	4a6a <RCC_GetClocksFreq+0x1c>
    4b2c:	4601                	li	a2,0
    4b2e:	bf6d                	j	4ae8 <RCC_GetClocksFreq+0x9a>
    4b30:	4605                	li	a2,1
    4b32:	47b5                	li	a5,13
    4b34:	bfd1                	j	4b08 <RCC_GetClocksFreq+0xba>
    4b36:	4601                	li	a2,0
    4b38:	47bd                	li	a5,15
    4b3a:	b7f9                	j	4b08 <RCC_GetClocksFreq+0xba>
    4b3c:	003d1737          	lui	a4,0x3d1
    4b40:	90070713          	addi	a4,a4,-1792 # 3d0900 <__rt_init_end+0x3c996c>
    4b44:	bfe9                	j	4b1e <RCC_GetClocksFreq+0xd0>
    4b46:	400215b7          	lui	a1,0x40021
    4b4a:	55d8                	lw	a4,44(a1)
    4b4c:	00f71693          	slli	a3,a4,0xf
    4b50:	55d8                	lw	a4,44(a1)
    4b52:	0406df63          	bgez	a3,4bb0 <RCC_GetClocksFreq+0x162>
    4b56:	8311                	srli	a4,a4,0x4
    4b58:	8b3d                	andi	a4,a4,15
    4b5a:	00170693          	addi	a3,a4,1
    4b5e:	007a1737          	lui	a4,0x7a1
    4b62:	20070713          	addi	a4,a4,512 # 7a1200 <__rt_init_end+0x79a26c>
    4b66:	02d75733          	divu	a4,a4,a3
    4b6a:	c118                	sw	a4,0(a0)
    4b6c:	55d4                	lw	a3,44(a1)
    4b6e:	82a1                	srli	a3,a3,0x8
    4b70:	8abd                	andi	a3,a3,15
    4b72:	e28d                	bnez	a3,4b94 <RCC_GetClocksFreq+0x146>
    4b74:	4695                	li	a3,5
    4b76:	02d70733          	mul	a4,a4,a3
    4b7a:	8305                	srli	a4,a4,0x1
    4b7c:	c118                	sw	a4,0(a0)
    4b7e:	40021737          	lui	a4,0x40021
    4b82:	5758                	lw	a4,44(a4)
    4b84:	4114                	lw	a3,0(a0)
    4b86:	8b3d                	andi	a4,a4,15
    4b88:	0705                	addi	a4,a4,1
    4b8a:	02e6d733          	divu	a4,a3,a4
    4b8e:	c118                	sw	a4,0(a0)
    4b90:	4118                	lw	a4,0(a0)
    4b92:	b771                	j	4b1e <RCC_GetClocksFreq+0xd0>
    4b94:	4585                	li	a1,1
    4b96:	00b69463          	bne	a3,a1,4b9e <RCC_GetClocksFreq+0x150>
    4b9a:	46e5                	li	a3,25
    4b9c:	bfe9                	j	4b76 <RCC_GetClocksFreq+0x128>
    4b9e:	45bd                	li	a1,15
    4ba0:	00b69663          	bne	a3,a1,4bac <RCC_GetClocksFreq+0x15e>
    4ba4:	46d1                	li	a3,20
    4ba6:	02e68733          	mul	a4,a3,a4
    4baa:	bfc9                	j	4b7c <RCC_GetClocksFreq+0x12e>
    4bac:	0689                	addi	a3,a3,2
    4bae:	bfe5                	j	4ba6 <RCC_GetClocksFreq+0x158>
    4bb0:	8b3d                	andi	a4,a4,15
    4bb2:	00170693          	addi	a3,a4,1 # 40021001 <_eusrstack+0x20009001>
    4bb6:	007a1737          	lui	a4,0x7a1
    4bba:	20070713          	addi	a4,a4,512 # 7a1200 <__rt_init_end+0x79a26c>
    4bbe:	02d75733          	divu	a4,a4,a3
    4bc2:	b7f1                	j	4b8e <RCC_GetClocksFreq+0x140>

00004bc4 <RCC_APB2PeriphClockCmd>:
    4bc4:	c599                	beqz	a1,4bd2 <RCC_APB2PeriphClockCmd+0xe>
    4bc6:	40021737          	lui	a4,0x40021
    4bca:	4f1c                	lw	a5,24(a4)
    4bcc:	8d5d                	or	a0,a0,a5
    4bce:	cf08                	sw	a0,24(a4)
    4bd0:	8082                	ret
    4bd2:	400217b7          	lui	a5,0x40021
    4bd6:	4f98                	lw	a4,24(a5)
    4bd8:	fff54513          	not	a0,a0
    4bdc:	8d79                	and	a0,a0,a4
    4bde:	cf88                	sw	a0,24(a5)
    4be0:	8082                	ret

00004be2 <RCC_APB1PeriphClockCmd>:
    4be2:	c599                	beqz	a1,4bf0 <RCC_APB1PeriphClockCmd+0xe>
    4be4:	40021737          	lui	a4,0x40021
    4be8:	4f5c                	lw	a5,28(a4)
    4bea:	8d5d                	or	a0,a0,a5
    4bec:	cf48                	sw	a0,28(a4)
    4bee:	8082                	ret
    4bf0:	400217b7          	lui	a5,0x40021
    4bf4:	4fd8                	lw	a4,28(a5)
    4bf6:	fff54513          	not	a0,a0
    4bfa:	8d79                	and	a0,a0,a4
    4bfc:	cfc8                	sw	a0,28(a5)
    4bfe:	8082                	ret

00004c00 <RCC_APB1PeriphResetCmd>:
    4c00:	c599                	beqz	a1,4c0e <RCC_APB1PeriphResetCmd+0xe>
    4c02:	40021737          	lui	a4,0x40021
    4c06:	4b1c                	lw	a5,16(a4)
    4c08:	8d5d                	or	a0,a0,a5
    4c0a:	cb08                	sw	a0,16(a4)
    4c0c:	8082                	ret
    4c0e:	400217b7          	lui	a5,0x40021
    4c12:	4b98                	lw	a4,16(a5)
    4c14:	fff54513          	not	a0,a0
    4c18:	8d79                	and	a0,a0,a4
    4c1a:	cb88                	sw	a0,16(a5)
    4c1c:	8082                	ret

00004c1e <USART_Init>:
    4c1e:	f84fb2ef          	jal	t0,3a2 <__riscv_save_0>
    4c22:	2916                	lhu	a3,16(a0)
    4c24:	77f5                	lui	a5,0xffffd
    4c26:	17fd                	addi	a5,a5,-1
    4c28:	8ff5                	and	a5,a5,a3
    4c2a:	21f6                	lhu	a3,6(a1)
    4c2c:	25da                	lhu	a4,12(a1)
    4c2e:	7179                	addi	sp,sp,-48
    4c30:	8fd5                	or	a5,a5,a3
    4c32:	a91e                	sh	a5,16(a0)
    4c34:	2556                	lhu	a3,12(a0)
    4c36:	77fd                	lui	a5,0xfffff
    4c38:	9f378793          	addi	a5,a5,-1549 # ffffe9f3 <_eusrstack+0xdffe69f3>
    4c3c:	8ff5                	and	a5,a5,a3
    4c3e:	21d6                	lhu	a3,4(a1)
    4c40:	842a                	mv	s0,a0
    4c42:	c62e                	sw	a1,12(sp)
    4c44:	8fd5                	or	a5,a5,a3
    4c46:	2596                	lhu	a3,8(a1)
    4c48:	8fd5                	or	a5,a5,a3
    4c4a:	25b6                	lhu	a3,10(a1)
    4c4c:	8fd5                	or	a5,a5,a3
    4c4e:	a55e                	sh	a5,12(a0)
    4c50:	295e                	lhu	a5,20(a0)
    4c52:	07c2                	slli	a5,a5,0x10
    4c54:	83c1                	srli	a5,a5,0x10
    4c56:	cff7f793          	andi	a5,a5,-769
    4c5a:	8fd9                	or	a5,a5,a4
    4c5c:	a95e                	sh	a5,20(a0)
    4c5e:	0868                	addi	a0,sp,28
    4c60:	defff0ef          	jal	ra,4a4e <RCC_GetClocksFreq>
    4c64:	400147b7          	lui	a5,0x40014
    4c68:	80078793          	addi	a5,a5,-2048 # 40013800 <_eusrstack+0x1fffb800>
    4c6c:	45b2                	lw	a1,12(sp)
    4c6e:	02f41e63          	bne	s0,a5,4caa <USART_Init+0x8c>
    4c72:	57a2                	lw	a5,40(sp)
    4c74:	4765                	li	a4,25
    4c76:	02e787b3          	mul	a5,a5,a4
    4c7a:	4198                	lw	a4,0(a1)
    4c7c:	06400693          	li	a3,100
    4c80:	070a                	slli	a4,a4,0x2
    4c82:	02e7d7b3          	divu	a5,a5,a4
    4c86:	02d7d733          	divu	a4,a5,a3
    4c8a:	02d7f7b3          	remu	a5,a5,a3
    4c8e:	0712                	slli	a4,a4,0x4
    4c90:	0792                	slli	a5,a5,0x4
    4c92:	03278793          	addi	a5,a5,50
    4c96:	02d7d7b3          	divu	a5,a5,a3
    4c9a:	8bbd                	andi	a5,a5,15
    4c9c:	8fd9                	or	a5,a5,a4
    4c9e:	07c2                	slli	a5,a5,0x10
    4ca0:	83c1                	srli	a5,a5,0x10
    4ca2:	a41e                	sh	a5,8(s0)
    4ca4:	6145                	addi	sp,sp,48
    4ca6:	f20fb06f          	j	3c6 <__riscv_restore_0>
    4caa:	5792                	lw	a5,36(sp)
    4cac:	b7e1                	j	4c74 <USART_Init+0x56>

00004cae <USART_Cmd>:
    4cae:	c591                	beqz	a1,4cba <USART_Cmd+0xc>
    4cb0:	255e                	lhu	a5,12(a0)
    4cb2:	6709                	lui	a4,0x2
    4cb4:	8fd9                	or	a5,a5,a4
    4cb6:	a55e                	sh	a5,12(a0)
    4cb8:	8082                	ret
    4cba:	255a                	lhu	a4,12(a0)
    4cbc:	77f9                	lui	a5,0xffffe
    4cbe:	17fd                	addi	a5,a5,-1
    4cc0:	8ff9                	and	a5,a5,a4
    4cc2:	bfd5                	j	4cb6 <USART_Cmd+0x8>

00004cc4 <USART_ITConfig>:
    4cc4:	0ff5f713          	andi	a4,a1,255
    4cc8:	4785                	li	a5,1
    4cca:	8315                	srli	a4,a4,0x5
    4ccc:	00b795b3          	sll	a1,a5,a1
    4cd0:	00f71963          	bne	a4,a5,4ce2 <USART_ITConfig+0x1e>
    4cd4:	00c50793          	addi	a5,a0,12
    4cd8:	4398                	lw	a4,0(a5)
    4cda:	ce01                	beqz	a2,4cf2 <USART_ITConfig+0x2e>
    4cdc:	8dd9                	or	a1,a1,a4
    4cde:	c38c                	sw	a1,0(a5)
    4ce0:	8082                	ret
    4ce2:	4689                	li	a3,2
    4ce4:	01450793          	addi	a5,a0,20
    4ce8:	fed718e3          	bne	a4,a3,4cd8 <USART_ITConfig+0x14>
    4cec:	01050793          	addi	a5,a0,16
    4cf0:	b7e5                	j	4cd8 <USART_ITConfig+0x14>
    4cf2:	fff5c593          	not	a1,a1
    4cf6:	8df9                	and	a1,a1,a4
    4cf8:	b7dd                	j	4cde <USART_ITConfig+0x1a>

00004cfa <USART_GetFlagStatus>:
    4cfa:	210a                	lhu	a0,0(a0)
    4cfc:	8d6d                	and	a0,a0,a1
    4cfe:	00a03533          	snez	a0,a0
    4d02:	8082                	ret

00004d04 <USART_GetITStatus>:
    4d04:	0ff5f713          	andi	a4,a1,255
    4d08:	4685                	li	a3,1
    4d0a:	8315                	srli	a4,a4,0x5
    4d0c:	00b697b3          	sll	a5,a3,a1
    4d10:	02d71163          	bne	a4,a3,4d32 <USART_GetITStatus+0x2e>
    4d14:	255a                	lhu	a4,12(a0)
    4d16:	8ff9                	and	a5,a5,a4
    4d18:	211a                	lhu	a4,0(a0)
    4d1a:	4501                	li	a0,0
    4d1c:	0742                	slli	a4,a4,0x10
    4d1e:	8341                	srli	a4,a4,0x10
    4d20:	cb81                	beqz	a5,4d30 <USART_GetITStatus+0x2c>
    4d22:	4505                	li	a0,1
    4d24:	81a1                	srli	a1,a1,0x8
    4d26:	00b515b3          	sll	a1,a0,a1
    4d2a:	8f6d                	and	a4,a4,a1
    4d2c:	00e03533          	snez	a0,a4
    4d30:	8082                	ret
    4d32:	4689                	li	a3,2
    4d34:	00d71463          	bne	a4,a3,4d3c <USART_GetITStatus+0x38>
    4d38:	291a                	lhu	a4,16(a0)
    4d3a:	bff1                	j	4d16 <USART_GetITStatus+0x12>
    4d3c:	295a                	lhu	a4,20(a0)
    4d3e:	bfe1                	j	4d16 <USART_GetITStatus+0x12>

00004d40 <USART_ClearITPendingBit>:
    4d40:	81a1                	srli	a1,a1,0x8
    4d42:	4785                	li	a5,1
    4d44:	00b797b3          	sll	a5,a5,a1
    4d48:	fff7c793          	not	a5,a5
    4d4c:	07c2                	slli	a5,a5,0x10
    4d4e:	83c1                	srli	a5,a5,0x10
    4d50:	a11e                	sh	a5,0(a0)
    4d52:	8082                	ret

00004d54 <__clzsi2>:
    4d54:	67c1                	lui	a5,0x10
    4d56:	02f57c63          	bgeu	a0,a5,4d8e <__clzsi2+0x3a>
    4d5a:	0ff00793          	li	a5,255
    4d5e:	02000713          	li	a4,32
    4d62:	00a7eb63          	bltu	a5,a0,4d78 <__clzsi2+0x24>
    4d66:	00002797          	auipc	a5,0x2
    4d6a:	f8278793          	addi	a5,a5,-126 # 6ce8 <__clz_tab>
    4d6e:	97aa                	add	a5,a5,a0
    4d70:	2388                	lbu	a0,0(a5)
    4d72:	40a70533          	sub	a0,a4,a0
    4d76:	8082                	ret
    4d78:	8121                	srli	a0,a0,0x8
    4d7a:	00002797          	auipc	a5,0x2
    4d7e:	f6e78793          	addi	a5,a5,-146 # 6ce8 <__clz_tab>
    4d82:	97aa                	add	a5,a5,a0
    4d84:	2388                	lbu	a0,0(a5)
    4d86:	4761                	li	a4,24
    4d88:	40a70533          	sub	a0,a4,a0
    4d8c:	8082                	ret
    4d8e:	010007b7          	lui	a5,0x1000
    4d92:	00f56d63          	bltu	a0,a5,4dac <__clzsi2+0x58>
    4d96:	8161                	srli	a0,a0,0x18
    4d98:	00002797          	auipc	a5,0x2
    4d9c:	f5078793          	addi	a5,a5,-176 # 6ce8 <__clz_tab>
    4da0:	97aa                	add	a5,a5,a0
    4da2:	2388                	lbu	a0,0(a5)
    4da4:	4721                	li	a4,8
    4da6:	40a70533          	sub	a0,a4,a0
    4daa:	8082                	ret
    4dac:	8141                	srli	a0,a0,0x10
    4dae:	00002797          	auipc	a5,0x2
    4db2:	f3a78793          	addi	a5,a5,-198 # 6ce8 <__clz_tab>
    4db6:	97aa                	add	a5,a5,a0
    4db8:	2388                	lbu	a0,0(a5)
    4dba:	4741                	li	a4,16
    4dbc:	40a70533          	sub	a0,a4,a0
    4dc0:	8082                	ret

00004dc2 <__mulsf3>:
    4dc2:	7179                	addi	sp,sp,-48
    4dc4:	d422                	sw	s0,40(sp)
    4dc6:	01755413          	srli	s0,a0,0x17
    4dca:	ce4e                	sw	s3,28(sp)
    4dcc:	cc52                	sw	s4,24(sp)
    4dce:	00951993          	slli	s3,a0,0x9
    4dd2:	d606                	sw	ra,44(sp)
    4dd4:	d226                	sw	s1,36(sp)
    4dd6:	d04a                	sw	s2,32(sp)
    4dd8:	ca56                	sw	s5,20(sp)
    4dda:	c85a                	sw	s6,16(sp)
    4ddc:	0ff47413          	andi	s0,s0,255
    4de0:	0099d993          	srli	s3,s3,0x9
    4de4:	01f55a13          	srli	s4,a0,0x1f
    4de8:	c469                	beqz	s0,4eb2 <__mulsf3+0xf0>
    4dea:	0ff00793          	li	a5,255
    4dee:	0ef40863          	beq	s0,a5,4ede <__mulsf3+0x11c>
    4df2:	00399793          	slli	a5,s3,0x3
    4df6:	04000737          	lui	a4,0x4000
    4dfa:	00e7e9b3          	or	s3,a5,a4
    4dfe:	f8140413          	addi	s0,s0,-127
    4e02:	4481                	li	s1,0
    4e04:	4b01                	li	s6,0
    4e06:	0175d713          	srli	a4,a1,0x17
    4e0a:	00959a93          	slli	s5,a1,0x9
    4e0e:	0ff77713          	andi	a4,a4,255
    4e12:	009ada93          	srli	s5,s5,0x9
    4e16:	01f5d913          	srli	s2,a1,0x1f
    4e1a:	cf45                	beqz	a4,4ed2 <__mulsf3+0x110>
    4e1c:	0ff00793          	li	a5,255
    4e20:	02f70c63          	beq	a4,a5,4e58 <__mulsf3+0x96>
    4e24:	0a8e                	slli	s5,s5,0x3
    4e26:	f8170713          	addi	a4,a4,-127 # 3ffff81 <__rt_init_end+0x3ff8fed>
    4e2a:	040007b7          	lui	a5,0x4000
    4e2e:	00faeab3          	or	s5,s5,a5
    4e32:	943a                	add	s0,s0,a4
    4e34:	4601                	li	a2,0
    4e36:	012a4533          	xor	a0,s4,s2
    4e3a:	47bd                	li	a5,15
    4e3c:	86aa                	mv	a3,a0
    4e3e:	00140593          	addi	a1,s0,1
    4e42:	1097e263          	bltu	a5,s1,4f46 <__mulsf3+0x184>
    4e46:	00002717          	auipc	a4,0x2
    4e4a:	fa270713          	addi	a4,a4,-94 # 6de8 <__clz_tab+0x100>
    4e4e:	048a                	slli	s1,s1,0x2
    4e50:	94ba                	add	s1,s1,a4
    4e52:	409c                	lw	a5,0(s1)
    4e54:	97ba                	add	a5,a5,a4
    4e56:	8782                	jr	a5
    4e58:	0ff40413          	addi	s0,s0,255
    4e5c:	0c0a9863          	bnez	s5,4f2c <__mulsf3+0x16a>
    4e60:	0024e493          	ori	s1,s1,2
    4e64:	4609                	li	a2,2
    4e66:	bfc1                	j	4e36 <__mulsf3+0x74>
    4e68:	4501                	li	a0,0
    4e6a:	0ff00713          	li	a4,255
    4e6e:	004007b7          	lui	a5,0x400
    4e72:	50b2                	lw	ra,44(sp)
    4e74:	5422                	lw	s0,40(sp)
    4e76:	07a6                	slli	a5,a5,0x9
    4e78:	075e                	slli	a4,a4,0x17
    4e7a:	83a5                	srli	a5,a5,0x9
    4e7c:	057e                	slli	a0,a0,0x1f
    4e7e:	8fd9                	or	a5,a5,a4
    4e80:	5492                	lw	s1,36(sp)
    4e82:	5902                	lw	s2,32(sp)
    4e84:	49f2                	lw	s3,28(sp)
    4e86:	4a62                	lw	s4,24(sp)
    4e88:	4ad2                	lw	s5,20(sp)
    4e8a:	4b42                	lw	s6,16(sp)
    4e8c:	8d5d                	or	a0,a0,a5
    4e8e:	6145                	addi	sp,sp,48
    4e90:	8082                	ret
    4e92:	86ca                	mv	a3,s2
    4e94:	89d6                	mv	s3,s5
    4e96:	8b32                	mv	s6,a2
    4e98:	4789                	li	a5,2
    4e9a:	0afb0163          	beq	s6,a5,4f3c <__mulsf3+0x17a>
    4e9e:	478d                	li	a5,3
    4ea0:	fcfb04e3          	beq	s6,a5,4e68 <__mulsf3+0xa6>
    4ea4:	4785                	li	a5,1
    4ea6:	8536                	mv	a0,a3
    4ea8:	1afb1263          	bne	s6,a5,504c <__mulsf3+0x28a>
    4eac:	4701                	li	a4,0
    4eae:	4781                	li	a5,0
    4eb0:	b7c9                	j	4e72 <__mulsf3+0xb0>
    4eb2:	04099e63          	bnez	s3,4f0e <__mulsf3+0x14c>
    4eb6:	0175d713          	srli	a4,a1,0x17
    4eba:	00959a93          	slli	s5,a1,0x9
    4ebe:	0ff77713          	andi	a4,a4,255
    4ec2:	4491                	li	s1,4
    4ec4:	4401                	li	s0,0
    4ec6:	4b05                	li	s6,1
    4ec8:	009ada93          	srli	s5,s5,0x9
    4ecc:	01f5d913          	srli	s2,a1,0x1f
    4ed0:	f731                	bnez	a4,4e1c <__mulsf3+0x5a>
    4ed2:	000a9d63          	bnez	s5,4eec <__mulsf3+0x12a>
    4ed6:	0014e493          	ori	s1,s1,1
    4eda:	4605                	li	a2,1
    4edc:	bfa9                	j	4e36 <__mulsf3+0x74>
    4ede:	02099363          	bnez	s3,4f04 <__mulsf3+0x142>
    4ee2:	44a1                	li	s1,8
    4ee4:	0ff00413          	li	s0,255
    4ee8:	4b09                	li	s6,2
    4eea:	bf31                	j	4e06 <__mulsf3+0x44>
    4eec:	8556                	mv	a0,s5
    4eee:	e67ff0ef          	jal	ra,4d54 <__clzsi2>
    4ef2:	ffb50793          	addi	a5,a0,-5
    4ef6:	8c09                	sub	s0,s0,a0
    4ef8:	00fa9ab3          	sll	s5,s5,a5
    4efc:	f8a40413          	addi	s0,s0,-118
    4f00:	4601                	li	a2,0
    4f02:	bf15                	j	4e36 <__mulsf3+0x74>
    4f04:	44b1                	li	s1,12
    4f06:	0ff00413          	li	s0,255
    4f0a:	4b0d                	li	s6,3
    4f0c:	bded                	j	4e06 <__mulsf3+0x44>
    4f0e:	854e                	mv	a0,s3
    4f10:	c62e                	sw	a1,12(sp)
    4f12:	e43ff0ef          	jal	ra,4d54 <__clzsi2>
    4f16:	ffb50793          	addi	a5,a0,-5
    4f1a:	f8a00413          	li	s0,-118
    4f1e:	00f999b3          	sll	s3,s3,a5
    4f22:	8c09                	sub	s0,s0,a0
    4f24:	4481                	li	s1,0
    4f26:	4b01                	li	s6,0
    4f28:	45b2                	lw	a1,12(sp)
    4f2a:	bdf1                	j	4e06 <__mulsf3+0x44>
    4f2c:	0034e493          	ori	s1,s1,3
    4f30:	460d                	li	a2,3
    4f32:	b711                	j	4e36 <__mulsf3+0x74>
    4f34:	4789                	li	a5,2
    4f36:	86d2                	mv	a3,s4
    4f38:	f6fb13e3          	bne	s6,a5,4e9e <__mulsf3+0xdc>
    4f3c:	8536                	mv	a0,a3
    4f3e:	0ff00713          	li	a4,255
    4f42:	4781                	li	a5,0
    4f44:	b73d                	j	4e72 <__mulsf3+0xb0>
    4f46:	6341                	lui	t1,0x10
    4f48:	fff30693          	addi	a3,t1,-1 # ffff <__rt_init_end+0x906b>
    4f4c:	0109d613          	srli	a2,s3,0x10
    4f50:	010ad893          	srli	a7,s5,0x10
    4f54:	00d9f7b3          	and	a5,s3,a3
    4f58:	00dafab3          	and	s5,s5,a3
    4f5c:	03578833          	mul	a6,a5,s5
    4f60:	02f889b3          	mul	s3,a7,a5
    4f64:	01085713          	srli	a4,a6,0x10
    4f68:	03560ab3          	mul	s5,a2,s5
    4f6c:	99d6                	add	s3,s3,s5
    4f6e:	974e                	add	a4,a4,s3
    4f70:	03160633          	mul	a2,a2,a7
    4f74:	01577363          	bgeu	a4,s5,4f7a <__mulsf3+0x1b8>
    4f78:	961a                	add	a2,a2,t1
    4f7a:	67c1                	lui	a5,0x10
    4f7c:	17fd                	addi	a5,a5,-1
    4f7e:	00f776b3          	and	a3,a4,a5
    4f82:	00f87833          	and	a6,a6,a5
    4f86:	06c2                	slli	a3,a3,0x10
    4f88:	96c2                	add	a3,a3,a6
    4f8a:	00669993          	slli	s3,a3,0x6
    4f8e:	01075793          	srli	a5,a4,0x10
    4f92:	013039b3          	snez	s3,s3
    4f96:	82e9                	srli	a3,a3,0x1a
    4f98:	97b2                	add	a5,a5,a2
    4f9a:	079a                	slli	a5,a5,0x6
    4f9c:	00d9e6b3          	or	a3,s3,a3
    4fa0:	00d7e9b3          	or	s3,a5,a3
    4fa4:	00499793          	slli	a5,s3,0x4
    4fa8:	0007d963          	bgez	a5,4fba <__mulsf3+0x1f8>
    4fac:	0019d713          	srli	a4,s3,0x1
    4fb0:	0019f793          	andi	a5,s3,1
    4fb4:	00f769b3          	or	s3,a4,a5
    4fb8:	842e                	mv	s0,a1
    4fba:	07f40713          	addi	a4,s0,127
    4fbe:	04e05063          	blez	a4,4ffe <__mulsf3+0x23c>
    4fc2:	0079f793          	andi	a5,s3,7
    4fc6:	c799                	beqz	a5,4fd4 <__mulsf3+0x212>
    4fc8:	00f9f793          	andi	a5,s3,15
    4fcc:	4691                	li	a3,4
    4fce:	00d78363          	beq	a5,a3,4fd4 <__mulsf3+0x212>
    4fd2:	0991                	addi	s3,s3,4
    4fd4:	00499793          	slli	a5,s3,0x4
    4fd8:	0007d963          	bgez	a5,4fea <__mulsf3+0x228>
    4fdc:	f80007b7          	lui	a5,0xf8000
    4fe0:	17fd                	addi	a5,a5,-1
    4fe2:	00f9f9b3          	and	s3,s3,a5
    4fe6:	08040713          	addi	a4,s0,128
    4fea:	0fe00793          	li	a5,254
    4fee:	04e7cb63          	blt	a5,a4,5044 <__mulsf3+0x282>
    4ff2:	00699793          	slli	a5,s3,0x6
    4ff6:	83a5                	srli	a5,a5,0x9
    4ff8:	0ff77713          	andi	a4,a4,255
    4ffc:	bd9d                	j	4e72 <__mulsf3+0xb0>
    4ffe:	4785                	li	a5,1
    5000:	40e786b3          	sub	a3,a5,a4
    5004:	c711                	beqz	a4,5010 <__mulsf3+0x24e>
    5006:	466d                	li	a2,27
    5008:	4701                	li	a4,0
    500a:	4781                	li	a5,0
    500c:	e6d643e3          	blt	a2,a3,4e72 <__mulsf3+0xb0>
    5010:	09e40713          	addi	a4,s0,158
    5014:	00e99733          	sll	a4,s3,a4
    5018:	00e03733          	snez	a4,a4
    501c:	00d9d7b3          	srl	a5,s3,a3
    5020:	8fd9                	or	a5,a5,a4
    5022:	0077f713          	andi	a4,a5,7
    5026:	c719                	beqz	a4,5034 <__mulsf3+0x272>
    5028:	00f7f713          	andi	a4,a5,15
    502c:	4691                	li	a3,4
    502e:	00d70363          	beq	a4,a3,5034 <__mulsf3+0x272>
    5032:	0791                	addi	a5,a5,4
    5034:	00579713          	slli	a4,a5,0x5
    5038:	00074c63          	bltz	a4,5050 <__mulsf3+0x28e>
    503c:	079a                	slli	a5,a5,0x6
    503e:	83a5                	srli	a5,a5,0x9
    5040:	4701                	li	a4,0
    5042:	bd05                	j	4e72 <__mulsf3+0xb0>
    5044:	0ff00713          	li	a4,255
    5048:	4781                	li	a5,0
    504a:	b525                	j	4e72 <__mulsf3+0xb0>
    504c:	842e                	mv	s0,a1
    504e:	b7b5                	j	4fba <__mulsf3+0x1f8>
    5050:	4705                	li	a4,1
    5052:	4781                	li	a5,0
    5054:	bd39                	j	4e72 <__mulsf3+0xb0>

00005056 <__subsf3>:
    5056:	00800737          	lui	a4,0x800
    505a:	1141                	addi	sp,sp,-16
    505c:	177d                	addi	a4,a4,-1
    505e:	01755693          	srli	a3,a0,0x17
    5062:	0175d813          	srli	a6,a1,0x17
    5066:	00a777b3          	and	a5,a4,a0
    506a:	0ff6f693          	andi	a3,a3,255
    506e:	01f55e93          	srli	t4,a0,0x1f
    5072:	00b77633          	and	a2,a4,a1
    5076:	c226                	sw	s1,4(sp)
    5078:	c04a                	sw	s2,0(sp)
    507a:	0ff87813          	andi	a6,a6,255
    507e:	c606                	sw	ra,12(sp)
    5080:	c422                	sw	s0,8(sp)
    5082:	0ff00313          	li	t1,255
    5086:	8e3e                	mv	t3,a5
    5088:	8936                	mv	s2,a3
    508a:	84f6                	mv	s1,t4
    508c:	00379f13          	slli	t5,a5,0x3
    5090:	81fd                	srli	a1,a1,0x1f
    5092:	00361513          	slli	a0,a2,0x3
    5096:	410688b3          	sub	a7,a3,a6
    509a:	10680363          	beq	a6,t1,51a0 <__subsf3+0x14a>
    509e:	0015c593          	xori	a1,a1,1
    50a2:	10be8d63          	beq	t4,a1,51bc <__subsf3+0x166>
    50a6:	0d105563          	blez	a7,5170 <__subsf3+0x11a>
    50aa:	10081163          	bnez	a6,51ac <__subsf3+0x156>
    50ae:	1e050563          	beqz	a0,5298 <__subsf3+0x242>
    50b2:	18fd                	addi	a7,a7,-1
    50b4:	40af07b3          	sub	a5,t5,a0
    50b8:	02088663          	beqz	a7,50e4 <__subsf3+0x8e>
    50bc:	0ff00793          	li	a5,255
    50c0:	16f68963          	beq	a3,a5,5232 <__subsf3+0x1dc>
    50c4:	47ed                	li	a5,27
    50c6:	2917c863          	blt	a5,a7,5356 <__subsf3+0x300>
    50ca:	02000713          	li	a4,32
    50ce:	41170733          	sub	a4,a4,a7
    50d2:	00e51733          	sll	a4,a0,a4
    50d6:	011557b3          	srl	a5,a0,a7
    50da:	00e03733          	snez	a4,a4
    50de:	8fd9                	or	a5,a5,a4
    50e0:	40ff07b3          	sub	a5,t5,a5
    50e4:	00579713          	slli	a4,a5,0x5
    50e8:	1a075263          	bgez	a4,528c <__subsf3+0x236>
    50ec:	04000437          	lui	s0,0x4000
    50f0:	147d                	addi	s0,s0,-1
    50f2:	8c7d                	and	s0,s0,a5
    50f4:	8522                	mv	a0,s0
    50f6:	c5fff0ef          	jal	ra,4d54 <__clzsi2>
    50fa:	156d                	addi	a0,a0,-5
    50fc:	00a417b3          	sll	a5,s0,a0
    5100:	1b254e63          	blt	a0,s2,52bc <__subsf3+0x266>
    5104:	41250533          	sub	a0,a0,s2
    5108:	00150413          	addi	s0,a0,1
    510c:	02000713          	li	a4,32
    5110:	8f01                	sub	a4,a4,s0
    5112:	00e79733          	sll	a4,a5,a4
    5116:	00e03733          	snez	a4,a4
    511a:	0087d7b3          	srl	a5,a5,s0
    511e:	8fd9                	or	a5,a5,a4
    5120:	4901                	li	s2,0
    5122:	0077f713          	andi	a4,a5,7
    5126:	c719                	beqz	a4,5134 <__subsf3+0xde>
    5128:	00f7f713          	andi	a4,a5,15
    512c:	4691                	li	a3,4
    512e:	00d70363          	beq	a4,a3,5134 <__subsf3+0xde>
    5132:	0791                	addi	a5,a5,4
    5134:	00579713          	slli	a4,a5,0x5
    5138:	14075e63          	bgez	a4,5294 <__subsf3+0x23e>
    513c:	00190693          	addi	a3,s2,1
    5140:	0ff00713          	li	a4,255
    5144:	0014fe93          	andi	t4,s1,1
    5148:	16e68663          	beq	a3,a4,52b4 <__subsf3+0x25e>
    514c:	079a                	slli	a5,a5,0x6
    514e:	83a5                	srli	a5,a5,0x9
    5150:	0ff6f693          	andi	a3,a3,255
    5154:	07a6                	slli	a5,a5,0x9
    5156:	40b2                	lw	ra,12(sp)
    5158:	4422                	lw	s0,8(sp)
    515a:	0097d513          	srli	a0,a5,0x9
    515e:	06de                	slli	a3,a3,0x17
    5160:	01fe9793          	slli	a5,t4,0x1f
    5164:	8d55                	or	a0,a0,a3
    5166:	4492                	lw	s1,4(sp)
    5168:	4902                	lw	s2,0(sp)
    516a:	8d5d                	or	a0,a0,a5
    516c:	0141                	addi	sp,sp,16
    516e:	8082                	ret
    5170:	0a089263          	bnez	a7,5214 <__subsf3+0x1be>
    5174:	00168713          	addi	a4,a3,1
    5178:	0fe77713          	andi	a4,a4,254
    517c:	14071b63          	bnez	a4,52d2 <__subsf3+0x27c>
    5180:	22069463          	bnez	a3,53a8 <__subsf3+0x352>
    5184:	200f0263          	beqz	t5,5388 <__subsf3+0x332>
    5188:	d571                	beqz	a0,5154 <__subsf3+0xfe>
    518a:	40af07b3          	sub	a5,t5,a0
    518e:	00579713          	slli	a4,a5,0x5
    5192:	22075563          	bgez	a4,53bc <__subsf3+0x366>
    5196:	41e507b3          	sub	a5,a0,t5
    519a:	4901                	li	s2,0
    519c:	84ae                	mv	s1,a1
    519e:	b751                	j	5122 <__subsf3+0xcc>
    51a0:	ee050fe3          	beqz	a0,509e <__subsf3+0x48>
    51a4:	0abe8a63          	beq	t4,a1,5258 <__subsf3+0x202>
    51a8:	fd1054e3          	blez	a7,5170 <__subsf3+0x11a>
    51ac:	0ff00793          	li	a5,255
    51b0:	08f68163          	beq	a3,a5,5232 <__subsf3+0x1dc>
    51b4:	040007b7          	lui	a5,0x4000
    51b8:	8d5d                	or	a0,a0,a5
    51ba:	b729                	j	50c4 <__subsf3+0x6e>
    51bc:	09105e63          	blez	a7,5258 <__subsf3+0x202>
    51c0:	08080163          	beqz	a6,5242 <__subsf3+0x1ec>
    51c4:	0ff00793          	li	a5,255
    51c8:	06f68563          	beq	a3,a5,5232 <__subsf3+0x1dc>
    51cc:	040007b7          	lui	a5,0x4000
    51d0:	8d5d                	or	a0,a0,a5
    51d2:	47ed                	li	a5,27
    51d4:	1f17c063          	blt	a5,a7,53b4 <__subsf3+0x35e>
    51d8:	02000713          	li	a4,32
    51dc:	41170733          	sub	a4,a4,a7
    51e0:	00e51733          	sll	a4,a0,a4
    51e4:	011557b3          	srl	a5,a0,a7
    51e8:	00e03733          	snez	a4,a4
    51ec:	8fd9                	or	a5,a5,a4
    51ee:	97fa                	add	a5,a5,t5
    51f0:	00579713          	slli	a4,a5,0x5
    51f4:	08075c63          	bgez	a4,528c <__subsf3+0x236>
    51f8:	0905                	addi	s2,s2,1
    51fa:	0ff00713          	li	a4,255
    51fe:	0ae90b63          	beq	s2,a4,52b4 <__subsf3+0x25e>
    5202:	7e0006b7          	lui	a3,0x7e000
    5206:	0017d713          	srli	a4,a5,0x1
    520a:	16fd                	addi	a3,a3,-1
    520c:	8b85                	andi	a5,a5,1
    520e:	8f75                	and	a4,a4,a3
    5210:	8fd9                	or	a5,a5,a4
    5212:	bf01                	j	5122 <__subsf3+0xcc>
    5214:	40d80733          	sub	a4,a6,a3
    5218:	10069563          	bnez	a3,5322 <__subsf3+0x2cc>
    521c:	140f0d63          	beqz	t5,5376 <__subsf3+0x320>
    5220:	177d                	addi	a4,a4,-1
    5222:	1a070363          	beqz	a4,53c8 <__subsf3+0x372>
    5226:	0ff00793          	li	a5,255
    522a:	10f81463          	bne	a6,a5,5332 <__subsf3+0x2dc>
    522e:	84ae                	mv	s1,a1
    5230:	8e32                	mv	t3,a2
    5232:	060e0f63          	beqz	t3,52b0 <__subsf3+0x25a>
    5236:	4e81                	li	t4,0
    5238:	0ff00693          	li	a3,255
    523c:	004007b7          	lui	a5,0x400
    5240:	bf11                	j	5154 <__subsf3+0xfe>
    5242:	c939                	beqz	a0,5298 <__subsf3+0x242>
    5244:	18fd                	addi	a7,a7,-1
    5246:	00af07b3          	add	a5,t5,a0
    524a:	fa0883e3          	beqz	a7,51f0 <__subsf3+0x19a>
    524e:	0ff00793          	li	a5,255
    5252:	f8f690e3          	bne	a3,a5,51d2 <__subsf3+0x17c>
    5256:	bff1                	j	5232 <__subsf3+0x1dc>
    5258:	08089963          	bnez	a7,52ea <__subsf3+0x294>
    525c:	00168913          	addi	s2,a3,1 # 7e000001 <_eusrstack+0x5dfe8001>
    5260:	0fe97713          	andi	a4,s2,254
    5264:	12071663          	bnez	a4,5390 <__subsf3+0x33a>
    5268:	10069b63          	bnez	a3,537e <__subsf3+0x328>
    526c:	160f0363          	beqz	t5,53d2 <__subsf3+0x37c>
    5270:	ee0502e3          	beqz	a0,5154 <__subsf3+0xfe>
    5274:	00af07b3          	add	a5,t5,a0
    5278:	00579713          	slli	a4,a5,0x5
    527c:	4901                	li	s2,0
    527e:	00075763          	bgez	a4,528c <__subsf3+0x236>
    5282:	fc000737          	lui	a4,0xfc000
    5286:	177d                	addi	a4,a4,-1
    5288:	8ff9                	and	a5,a5,a4
    528a:	4905                	li	s2,1
    528c:	0077f713          	andi	a4,a5,7
    5290:	e8071ce3          	bnez	a4,5128 <__subsf3+0xd2>
    5294:	0037de13          	srli	t3,a5,0x3
    5298:	0ff00793          	li	a5,255
    529c:	f8f90be3          	beq	s2,a5,5232 <__subsf3+0x1dc>
    52a0:	009e1793          	slli	a5,t3,0x9
    52a4:	83a5                	srli	a5,a5,0x9
    52a6:	0ff97693          	andi	a3,s2,255
    52aa:	0014fe93          	andi	t4,s1,1
    52ae:	b55d                	j	5154 <__subsf3+0xfe>
    52b0:	0014fe93          	andi	t4,s1,1
    52b4:	0ff00693          	li	a3,255
    52b8:	4781                	li	a5,0
    52ba:	bd69                	j	5154 <__subsf3+0xfe>
    52bc:	fc000737          	lui	a4,0xfc000
    52c0:	177d                	addi	a4,a4,-1
    52c2:	8ff9                	and	a5,a5,a4
    52c4:	0077f713          	andi	a4,a5,7
    52c8:	40a90933          	sub	s2,s2,a0
    52cc:	e4071ee3          	bnez	a4,5128 <__subsf3+0xd2>
    52d0:	b7d1                	j	5294 <__subsf3+0x23e>
    52d2:	40af0433          	sub	s0,t5,a0
    52d6:	00541793          	slli	a5,s0,0x5
    52da:	0c07c363          	bltz	a5,53a0 <__subsf3+0x34a>
    52de:	e0041be3          	bnez	s0,50f4 <__subsf3+0x9e>
    52e2:	4e81                	li	t4,0
    52e4:	4681                	li	a3,0
    52e6:	4781                	li	a5,0
    52e8:	b5b5                	j	5154 <__subsf3+0xfe>
    52ea:	40d80733          	sub	a4,a6,a3
    52ee:	c6b5                	beqz	a3,535a <__subsf3+0x304>
    52f0:	0ff00793          	li	a5,255
    52f4:	f2f80ee3          	beq	a6,a5,5230 <__subsf3+0x1da>
    52f8:	040007b7          	lui	a5,0x4000
    52fc:	00ff6f33          	or	t5,t5,a5
    5300:	47ed                	li	a5,27
    5302:	0ce7cd63          	blt	a5,a4,53dc <__subsf3+0x386>
    5306:	02000793          	li	a5,32
    530a:	8f99                	sub	a5,a5,a4
    530c:	00ff17b3          	sll	a5,t5,a5
    5310:	00ef5733          	srl	a4,t5,a4
    5314:	00f037b3          	snez	a5,a5
    5318:	8f5d                	or	a4,a4,a5
    531a:	00a707b3          	add	a5,a4,a0
    531e:	8942                	mv	s2,a6
    5320:	bdc1                	j	51f0 <__subsf3+0x19a>
    5322:	0ff00793          	li	a5,255
    5326:	f0f804e3          	beq	a6,a5,522e <__subsf3+0x1d8>
    532a:	040007b7          	lui	a5,0x4000
    532e:	00ff6f33          	or	t5,t5,a5
    5332:	47ed                	li	a5,27
    5334:	08e7c263          	blt	a5,a4,53b8 <__subsf3+0x362>
    5338:	02000793          	li	a5,32
    533c:	8f99                	sub	a5,a5,a4
    533e:	00ff17b3          	sll	a5,t5,a5
    5342:	00ef5733          	srl	a4,t5,a4
    5346:	00f037b3          	snez	a5,a5
    534a:	8fd9                	or	a5,a5,a4
    534c:	40f507b3          	sub	a5,a0,a5
    5350:	8942                	mv	s2,a6
    5352:	84ae                	mv	s1,a1
    5354:	bb41                	j	50e4 <__subsf3+0x8e>
    5356:	4785                	li	a5,1
    5358:	b361                	j	50e0 <__subsf3+0x8a>
    535a:	060f0e63          	beqz	t5,53d6 <__subsf3+0x380>
    535e:	177d                	addi	a4,a4,-1
    5360:	00af07b3          	add	a5,t5,a0
    5364:	8942                	mv	s2,a6
    5366:	e80705e3          	beqz	a4,51f0 <__subsf3+0x19a>
    536a:	0ff00793          	li	a5,255
    536e:	f8f819e3          	bne	a6,a5,5300 <__subsf3+0x2aa>
    5372:	8e32                	mv	t3,a2
    5374:	bd7d                	j	5232 <__subsf3+0x1dc>
    5376:	8e32                	mv	t3,a2
    5378:	8942                	mv	s2,a6
    537a:	84ae                	mv	s1,a1
    537c:	bf31                	j	5298 <__subsf3+0x242>
    537e:	ea0f09e3          	beqz	t5,5230 <__subsf3+0x1da>
    5382:	ea0508e3          	beqz	a0,5232 <__subsf3+0x1dc>
    5386:	bd45                	j	5236 <__subsf3+0x1e0>
    5388:	cd0d                	beqz	a0,53c2 <__subsf3+0x36c>
    538a:	8eae                	mv	t4,a1
    538c:	87b2                	mv	a5,a2
    538e:	b3d9                	j	5154 <__subsf3+0xfe>
    5390:	0ff00793          	li	a5,255
    5394:	f2f900e3          	beq	s2,a5,52b4 <__subsf3+0x25e>
    5398:	00af07b3          	add	a5,t5,a0
    539c:	8385                	srli	a5,a5,0x1
    539e:	b5fd                	j	528c <__subsf3+0x236>
    53a0:	41e50433          	sub	s0,a0,t5
    53a4:	84ae                	mv	s1,a1
    53a6:	b3b9                	j	50f4 <__subsf3+0x9e>
    53a8:	fc0f1de3          	bnez	t5,5382 <__subsf3+0x32c>
    53ac:	e80505e3          	beqz	a0,5236 <__subsf3+0x1e0>
    53b0:	84ae                	mv	s1,a1
    53b2:	bdbd                	j	5230 <__subsf3+0x1da>
    53b4:	4785                	li	a5,1
    53b6:	bd25                	j	51ee <__subsf3+0x198>
    53b8:	4785                	li	a5,1
    53ba:	bf49                	j	534c <__subsf3+0x2f6>
    53bc:	4901                	li	s2,0
    53be:	ec0797e3          	bnez	a5,528c <__subsf3+0x236>
    53c2:	4e81                	li	t4,0
    53c4:	4781                	li	a5,0
    53c6:	b379                	j	5154 <__subsf3+0xfe>
    53c8:	41e507b3          	sub	a5,a0,t5
    53cc:	8942                	mv	s2,a6
    53ce:	84ae                	mv	s1,a1
    53d0:	bb11                	j	50e4 <__subsf3+0x8e>
    53d2:	87b2                	mv	a5,a2
    53d4:	b341                	j	5154 <__subsf3+0xfe>
    53d6:	8e32                	mv	t3,a2
    53d8:	8942                	mv	s2,a6
    53da:	bd7d                	j	5298 <__subsf3+0x242>
    53dc:	4705                	li	a4,1
    53de:	bf35                	j	531a <__subsf3+0x2c4>

000053e0 <__fixsfsi>:
    53e0:	00800637          	lui	a2,0x800
    53e4:	01755713          	srli	a4,a0,0x17
    53e8:	fff60793          	addi	a5,a2,-1 # 7fffff <__rt_init_end+0x7f906b>
    53ec:	0ff77713          	andi	a4,a4,255
    53f0:	07e00593          	li	a1,126
    53f4:	00a7f6b3          	and	a3,a5,a0
    53f8:	01f55793          	srli	a5,a0,0x1f
    53fc:	00e5fc63          	bgeu	a1,a4,5414 <__fixsfsi+0x34>
    5400:	09d00593          	li	a1,157
    5404:	00e5fa63          	bgeu	a1,a4,5418 <__fixsfsi+0x38>
    5408:	80000537          	lui	a0,0x80000
    540c:	fff54513          	not	a0,a0
    5410:	953e                	add	a0,a0,a5
    5412:	8082                	ret
    5414:	4501                	li	a0,0
    5416:	8082                	ret
    5418:	09500593          	li	a1,149
    541c:	8ed1                	or	a3,a3,a2
    541e:	00e5cd63          	blt	a1,a4,5438 <__fixsfsi+0x58>
    5422:	09600613          	li	a2,150
    5426:	40e60733          	sub	a4,a2,a4
    542a:	00e6d733          	srl	a4,a3,a4
    542e:	40e00533          	neg	a0,a4
    5432:	f3f5                	bnez	a5,5416 <__fixsfsi+0x36>
    5434:	853a                	mv	a0,a4
    5436:	8082                	ret
    5438:	f6a70713          	addi	a4,a4,-150 # fbffff6a <_eusrstack+0xdbfe7f6a>
    543c:	00e69733          	sll	a4,a3,a4
    5440:	b7fd                	j	542e <__fixsfsi+0x4e>

00005442 <__floatunsisf>:
    5442:	1141                	addi	sp,sp,-16
    5444:	c606                	sw	ra,12(sp)
    5446:	c422                	sw	s0,8(sp)
    5448:	cd1d                	beqz	a0,5486 <__floatunsisf+0x44>
    544a:	842a                	mv	s0,a0
    544c:	909ff0ef          	jal	ra,4d54 <__clzsi2>
    5450:	09e00793          	li	a5,158
    5454:	40a78733          	sub	a4,a5,a0
    5458:	09600793          	li	a5,150
    545c:	04e7c063          	blt	a5,a4,549c <__floatunsisf+0x5a>
    5460:	46a1                	li	a3,8
    5462:	0ff77793          	andi	a5,a4,255
    5466:	00a6d563          	bge	a3,a0,5470 <__floatunsisf+0x2e>
    546a:	1561                	addi	a0,a0,-8
    546c:	00a41433          	sll	s0,s0,a0
    5470:	0426                	slli	s0,s0,0x9
    5472:	8025                	srli	s0,s0,0x9
    5474:	0426                	slli	s0,s0,0x9
    5476:	00945513          	srli	a0,s0,0x9
    547a:	40b2                	lw	ra,12(sp)
    547c:	4422                	lw	s0,8(sp)
    547e:	07de                	slli	a5,a5,0x17
    5480:	8d5d                	or	a0,a0,a5
    5482:	0141                	addi	sp,sp,16
    5484:	8082                	ret
    5486:	4401                	li	s0,0
    5488:	0426                	slli	s0,s0,0x9
    548a:	00945513          	srli	a0,s0,0x9
    548e:	40b2                	lw	ra,12(sp)
    5490:	4422                	lw	s0,8(sp)
    5492:	4781                	li	a5,0
    5494:	07de                	slli	a5,a5,0x17
    5496:	8d5d                	or	a0,a0,a5
    5498:	0141                	addi	sp,sp,16
    549a:	8082                	ret
    549c:	09900793          	li	a5,153
    54a0:	00e7dd63          	bge	a5,a4,54ba <__floatunsisf+0x78>
    54a4:	01b50793          	addi	a5,a0,27 # 8000001b <_eusrstack+0x5ffe801b>
    54a8:	4695                	li	a3,5
    54aa:	00f417b3          	sll	a5,s0,a5
    54ae:	8e89                	sub	a3,a3,a0
    54b0:	00f037b3          	snez	a5,a5
    54b4:	00d45433          	srl	s0,s0,a3
    54b8:	8c5d                	or	s0,s0,a5
    54ba:	4795                	li	a5,5
    54bc:	00a7d663          	bge	a5,a0,54c8 <__floatunsisf+0x86>
    54c0:	ffb50793          	addi	a5,a0,-5
    54c4:	00f41433          	sll	s0,s0,a5
    54c8:	fc0006b7          	lui	a3,0xfc000
    54cc:	16fd                	addi	a3,a3,-1
    54ce:	00747793          	andi	a5,s0,7
    54d2:	00d47633          	and	a2,s0,a3
    54d6:	c385                	beqz	a5,54f6 <__floatunsisf+0xb4>
    54d8:	00f47793          	andi	a5,s0,15
    54dc:	4591                	li	a1,4
    54de:	00b78c63          	beq	a5,a1,54f6 <__floatunsisf+0xb4>
    54e2:	0611                	addi	a2,a2,4
    54e4:	00561793          	slli	a5,a2,0x5
    54e8:	0007d763          	bgez	a5,54f6 <__floatunsisf+0xb4>
    54ec:	09f00793          	li	a5,159
    54f0:	8e75                	and	a2,a2,a3
    54f2:	40a78733          	sub	a4,a5,a0
    54f6:	00661413          	slli	s0,a2,0x6
    54fa:	8025                	srli	s0,s0,0x9
    54fc:	0426                	slli	s0,s0,0x9
    54fe:	00945513          	srli	a0,s0,0x9
    5502:	40b2                	lw	ra,12(sp)
    5504:	4422                	lw	s0,8(sp)
    5506:	0ff77793          	andi	a5,a4,255
    550a:	07de                	slli	a5,a5,0x17
    550c:	8d5d                	or	a0,a0,a5
    550e:	0141                	addi	sp,sp,16
    5510:	8082                	ret

00005512 <memcmp>:
    5512:	4701                	li	a4,0
    5514:	00e61463          	bne	a2,a4,551c <memcmp+0xa>
    5518:	4501                	li	a0,0
    551a:	8082                	ret
    551c:	00e507b3          	add	a5,a0,a4
    5520:	0705                	addi	a4,a4,1
    5522:	00e586b3          	add	a3,a1,a4
    5526:	239c                	lbu	a5,0(a5)
    5528:	fff6c683          	lbu	a3,-1(a3) # fbffffff <_eusrstack+0xdbfe7fff>
    552c:	fed784e3          	beq	a5,a3,5514 <memcmp+0x2>
    5530:	40d78533          	sub	a0,a5,a3
    5534:	8082                	ret

00005536 <memcpy>:
    5536:	00a5c7b3          	xor	a5,a1,a0
    553a:	8b8d                	andi	a5,a5,3
    553c:	00c50733          	add	a4,a0,a2
    5540:	e781                	bnez	a5,5548 <memcpy+0x12>
    5542:	478d                	li	a5,3
    5544:	00c7ed63          	bltu	a5,a2,555e <memcpy+0x28>
    5548:	87aa                	mv	a5,a0
    554a:	08e57e63          	bgeu	a0,a4,55e6 <memcpy+0xb0>
    554e:	2194                	lbu	a3,0(a1)
    5550:	0785                	addi	a5,a5,1
    5552:	0585                	addi	a1,a1,1
    5554:	fed78fa3          	sb	a3,-1(a5) # 3ffffff <__rt_init_end+0x3ff906b>
    5558:	fee7ebe3          	bltu	a5,a4,554e <memcpy+0x18>
    555c:	8082                	ret
    555e:	00357693          	andi	a3,a0,3
    5562:	87aa                	mv	a5,a0
    5564:	ca89                	beqz	a3,5576 <memcpy+0x40>
    5566:	2194                	lbu	a3,0(a1)
    5568:	0785                	addi	a5,a5,1
    556a:	0585                	addi	a1,a1,1
    556c:	fed78fa3          	sb	a3,-1(a5)
    5570:	0037f693          	andi	a3,a5,3
    5574:	bfc5                	j	5564 <memcpy+0x2e>
    5576:	ffc77693          	andi	a3,a4,-4
    557a:	fe068613          	addi	a2,a3,-32
    557e:	06c7f063          	bgeu	a5,a2,55de <memcpy+0xa8>
    5582:	0005a383          	lw	t2,0(a1) # 40021000 <_eusrstack+0x20009000>
    5586:	0045a283          	lw	t0,4(a1)
    558a:	0085af83          	lw	t6,8(a1)
    558e:	00c5af03          	lw	t5,12(a1)
    5592:	0105ae83          	lw	t4,16(a1)
    5596:	0145ae03          	lw	t3,20(a1)
    559a:	0185a303          	lw	t1,24(a1)
    559e:	01c5a883          	lw	a7,28(a1)
    55a2:	02458593          	addi	a1,a1,36
    55a6:	0077a023          	sw	t2,0(a5)
    55aa:	ffc5a803          	lw	a6,-4(a1)
    55ae:	0057a223          	sw	t0,4(a5)
    55b2:	01f7a423          	sw	t6,8(a5)
    55b6:	01e7a623          	sw	t5,12(a5)
    55ba:	01d7a823          	sw	t4,16(a5)
    55be:	01c7aa23          	sw	t3,20(a5)
    55c2:	0067ac23          	sw	t1,24(a5)
    55c6:	0117ae23          	sw	a7,28(a5)
    55ca:	02478793          	addi	a5,a5,36
    55ce:	ff07ae23          	sw	a6,-4(a5)
    55d2:	b775                	j	557e <memcpy+0x48>
    55d4:	4190                	lw	a2,0(a1)
    55d6:	0791                	addi	a5,a5,4
    55d8:	0591                	addi	a1,a1,4
    55da:	fec7ae23          	sw	a2,-4(a5)
    55de:	fed7ebe3          	bltu	a5,a3,55d4 <memcpy+0x9e>
    55e2:	f6e7e6e3          	bltu	a5,a4,554e <memcpy+0x18>
    55e6:	8082                	ret

000055e8 <strcat>:
    55e8:	87aa                	mv	a5,a0
    55ea:	2398                	lbu	a4,0(a5)
    55ec:	00178693          	addi	a3,a5,1
    55f0:	eb09                	bnez	a4,5602 <strcat+0x1a>
    55f2:	0585                	addi	a1,a1,1
    55f4:	fff5c703          	lbu	a4,-1(a1)
    55f8:	0785                	addi	a5,a5,1
    55fa:	fee78fa3          	sb	a4,-1(a5)
    55fe:	fb75                	bnez	a4,55f2 <strcat+0xa>
    5600:	8082                	ret
    5602:	87b6                	mv	a5,a3
    5604:	b7dd                	j	55ea <strcat+0x2>

00005606 <strcpy>:
    5606:	87aa                	mv	a5,a0
    5608:	2198                	lbu	a4,0(a1)
    560a:	0785                	addi	a5,a5,1
    560c:	0585                	addi	a1,a1,1
    560e:	fee78fa3          	sb	a4,-1(a5)
    5612:	fb7d                	bnez	a4,5608 <strcpy+0x2>
    5614:	8082                	ret

00005616 <strlen>:
    5616:	87aa                	mv	a5,a0
    5618:	0785                	addi	a5,a5,1
    561a:	fff7c703          	lbu	a4,-1(a5)
    561e:	ff6d                	bnez	a4,5618 <strlen+0x2>
    5620:	40a78533          	sub	a0,a5,a0
    5624:	157d                	addi	a0,a0,-1
    5626:	8082                	ret

00005628 <strncmp>:
    5628:	c215                	beqz	a2,564c <strncmp+0x24>
    562a:	167d                	addi	a2,a2,-1
    562c:	4701                	li	a4,0
    562e:	00e507b3          	add	a5,a0,a4
    5632:	00e586b3          	add	a3,a1,a4
    5636:	239c                	lbu	a5,0(a5)
    5638:	2294                	lbu	a3,0(a3)
    563a:	00d79663          	bne	a5,a3,5646 <strncmp+0x1e>
    563e:	00c70463          	beq	a4,a2,5646 <strncmp+0x1e>
    5642:	0705                	addi	a4,a4,1
    5644:	f7ed                	bnez	a5,562e <strncmp+0x6>
    5646:	40d78533          	sub	a0,a5,a3
    564a:	8082                	ret
    564c:	4501                	li	a0,0
    564e:	8082                	ret

00005650 <strstr>:
    5650:	2118                	lbu	a4,0(a0)
    5652:	219c                	lbu	a5,0(a1)
    5654:	e701                	bnez	a4,565c <strstr+0xc>
    5656:	c391                	beqz	a5,565a <strstr+0xa>
    5658:	4501                	li	a0,0
    565a:	8082                	ret
    565c:	4781                	li	a5,0
    565e:	a039                	j	566c <strstr+0x1c>
    5660:	311c                	lbu	a5,1(a0)
    5662:	00150713          	addi	a4,a0,1
    5666:	dbed                	beqz	a5,5658 <strstr+0x8>
    5668:	4781                	li	a5,0
    566a:	853a                	mv	a0,a4
    566c:	00f58733          	add	a4,a1,a5
    5670:	2318                	lbu	a4,0(a4)
    5672:	d765                	beqz	a4,565a <strstr+0xa>
    5674:	00f506b3          	add	a3,a0,a5
    5678:	2294                	lbu	a3,0(a3)
    567a:	fee693e3          	bne	a3,a4,5660 <strstr+0x10>
    567e:	0785                	addi	a5,a5,1
    5680:	872a                	mv	a4,a0
    5682:	b7e5                	j	566a <strstr+0x1a>
    5684:	614c                	flw	fa1,4(a0)
    5686:	0000                	unimp
    5688:	6160                	flw	fs0,68(a0)
    568a:	0000                	unimp
    568c:	6170                	flw	fa2,68(a0)
    568e:	0000                	unimp
    5690:	6184                	flw	fs1,0(a1)
    5692:	0000                	unimp
    5694:	6190                	flw	fa2,0(a1)
    5696:	0000                	unimp
    5698:	619c                	flw	fa5,0(a1)
    569a:	0000                	unimp
    569c:	61a0                	flw	fs0,64(a1)
    569e:	0000                	unimp
    56a0:	61b0                	flw	fa2,64(a1)
    56a2:	0000                	unimp
    56a4:	61c0                	flw	fs0,4(a1)
    56a6:	0000                	unimp
    56a8:	61c8                	flw	fa0,4(a1)
    56aa:	0000                	unimp
    56ac:	61dc                	flw	fa5,4(a1)
    56ae:	0000                	unimp
    56b0:	61ec                	flw	fa1,68(a1)
    56b2:	0000                	unimp
    56b4:	61f4                	flw	fa3,68(a1)
    56b6:	0000                	unimp
    56b8:	6200                	flw	fs0,0(a2)
    56ba:	0000                	unimp
    56bc:	620c                	flw	fa1,0(a2)
    56be:	0000                	unimp
    56c0:	6220                	flw	fs0,64(a2)
    56c2:	0000                	unimp
    56c4:	6228                	flw	fa0,64(a2)
    56c6:	0000                	unimp
    56c8:	6238                	flw	fa4,64(a2)
    56ca:	0000                	unimp
    56cc:	6248                	flw	fa0,4(a2)
    56ce:	0000                	unimp
    56d0:	6260                	flw	fs0,68(a2)
    56d2:	0000                	unimp
    56d4:	616d                	addi	sp,sp,240
    56d6:	6e69                	lui	t3,0x1a
    56d8:	0000                	unimp
    56da:	0000                	unimp
    56dc:	6f54                	flw	fa3,28(a4)
    56de:	6920                	flw	fs0,80(a0)
    56e0:	696e                	flw	fs2,216(sp)
    56e2:	6974                	flw	fa3,84(a0)
    56e4:	6c61                	lui	s8,0x18
    56e6:	7a69                	lui	s4,0xffffa
    56e8:	2065                	jal	5790 <__lowest_bit_bitmap+0x74>
    56ea:	6564                	flw	fs1,76(a0)
    56ec:	6976                	flw	fs2,92(sp)
    56ee:	253a6563          	bltu	s4,s3,5938 <__fsym_list_mem_desc+0x1c>
    56f2:	61662073          	csrs	0x616,a2
    56f6:	6c69                	lui	s8,0x1a
    56f8:	6465                	lui	s0,0x19
    56fa:	202e                	lhu	a1,2(s0)
    56fc:	6854                	flw	fa3,20(s0)
    56fe:	2065                	jal	57a6 <__lowest_bit_bitmap+0x8a>
    5700:	7265                	lui	tp,0xffff9
    5702:	6f72                	flw	ft10,28(sp)
    5704:	2072                	lhu	a2,6(s0)
    5706:	65646f63          	bltu	s0,s6,5d64 <__fsym_list_mem_name+0x428>
    570a:	6920                	flw	fs0,80(a0)
    570c:	64252073          	csrs	0x642,a0
    5710:	000a                	c.slli	zero,0x2
    5712:	0000                	unimp
    5714:	6974                	flw	fa3,84(a0)
    5716:	6c64                	flw	fs1,92(s0)
    5718:	0065                	c.nop	25
	...

0000571c <__lowest_bit_bitmap>:
    571c:	0000 0001 0002 0001 0003 0001 0002 0001     ................
    572c:	0004 0001 0002 0001 0003 0001 0002 0001     ................
    573c:	0005 0001 0002 0001 0003 0001 0002 0001     ................
    574c:	0004 0001 0002 0001 0003 0001 0002 0001     ................
    575c:	0006 0001 0002 0001 0003 0001 0002 0001     ................
    576c:	0004 0001 0002 0001 0003 0001 0002 0001     ................
    577c:	0005 0001 0002 0001 0003 0001 0002 0001     ................
    578c:	0004 0001 0002 0001 0003 0001 0002 0001     ................
    579c:	0007 0001 0002 0001 0003 0001 0002 0001     ................
    57ac:	0004 0001 0002 0001 0003 0001 0002 0001     ................
    57bc:	0005 0001 0002 0001 0003 0001 0002 0001     ................
    57cc:	0004 0001 0002 0001 0003 0001 0002 0001     ................
    57dc:	0006 0001 0002 0001 0003 0001 0002 0001     ................
    57ec:	0004 0001 0002 0001 0003 0001 0002 0001     ................
    57fc:	0005 0001 0002 0001 0003 0001 0002 0001     ................
    580c:	0004 0001 0002 0001 0003 0001 0002 0001     ................

0000581c <large_digits.2583>:
    581c:	3130 3332 3534 3736 3938 4241 4443 4645     0123456789ABCDEF
    582c:	0000 0000 200a 205c 207c 0a2f 0000 0000     ..... \ | /.....
    583c:	202d 5452 2d20 2020 2020 5420 7268 6165     - RT -     Threa
    584c:	2064 704f 7265 7461 6e69 2067 7953 7473     d Operating Syst
    585c:	6d65 000a 754a 206c 3920 3220 3230 0036     em..Jul  9 2026.
    586c:	2f20 7c20 5c20 2020 2020 2520 2e64 6425      / | \     %d.%d
    587c:	252e 2064 7562 6c69 2064 7325 000a 0000     .%d build %s....
    588c:	3220 3030 2036 202d 3032 3931 4320 706f      2006 - 2019 Cop
    589c:	7279 6769 7468 6220 2079 7472 742d 7268     yright by rt-thr
    58ac:	6165 2064 6574 6d61 000a 0000 4e28 4c55     ead team....(NUL
    58bc:	294c 0000                                   L)..

000058c0 <small_digits.2582>:
    58c0:	3130 3332 3534 3736 3938 6261 6463 6665     0123456789abcdef
    58d0:	0000 0000 6f74 6174 206c 656d 6f6d 7972     ....total memory
    58e0:	203a 6425 000a 0000 7375 6465 6d20 6d65     : %d....used mem
    58f0:	726f 2079 203a 6425 000a 0000 616d 6978     ory : %d....maxi
    5900:	756d 206d 6c61 6f6c 6163 6574 2064 656d     mum allocated me
    5910:	6f6d 7972 203a 6425 000a 0000               mory: %d....

0000591c <__fsym_list_mem_desc>:
    591c:	696c 7473 6d20 6d65 726f 2079 7375 6761     list memory usag
    592c:	2065 6e69 6f66 6d72 7461 6f69 006e 0000     e information...

0000593c <__fsym_list_mem_name>:
    593c:	696c 7473 6d5f 6d65 0000 0000 6f74 6620     list_mem....to f
    594c:	6572 2065 2061 6162 2064 6164 6174 6220     ree a bad data b
    595c:	6f6c 6b63 0a3a 0000 656d 3a6d 3020 2578     lock:...mem: 0x%
    596c:	3830 2c78 7520 6573 2064 6c66 6761 203a     08x, used flag: 
    597c:	6425 202c 616d 6967 2063 6f63 6564 203a     %d, magic code: 
    598c:	7830 3025 7834 000a 6568 7061 0000 0000     0x%04x..heap....
    599c:	656d 206d 6e69 7469 202c 7265 6f72 2072     mem init, error 
    59ac:	6562 6967 206e 6461 7264 7365 2073 7830     begin address 0x
    59bc:	7825 202c 6e61 2064 6e65 2064 6461 7264     %x, and end addr
    59cc:	7365 2073 7830 7825 000a 0000 5b1b 4a32     ess 0x%x.....[2J
    59dc:	5b1b 0048 2d2d 7546 636e 6974 6e6f 4c20     .[H.--Function L
    59ec:	7369 3a74 000a 0000 5f5f 0000 2d25 3631     ist:....__..%-16
    59fc:	2073 2d2d 2520 0a73 0000 0000 6564 6976     s -- %s.....devi
    5a0c:	6563 0000 2d25 2e2a 2073 2020 2020 2020     ce..%-*.s       
    5a1c:	2020 7974 6570 2020 2020 2020 2020 7220       type         r
    5a2c:	6665 6320 756f 746e 000a 0000 2d20 2d2d     ef count.... ---
    5a3c:	2d2d 2d2d 2d2d 2d2d 2d2d 2d2d 2d2d 2d2d     ----------------
    5a4c:	202d 2d2d 2d2d 2d2d 2d2d 2d2d 000a 0000     - ----------....
    5a5c:	2d25 2e2a 732a 2520 322d 7330 2520 382d     %-*.*s %-20s %-8
    5a6c:	0a64 0000 7665 6e65 0074 0000 2d25 2e2a     d...event...%-*.
    5a7c:	2073 2020 2020 7320 7465 2020 2020 7573     s      set    su
    5a8c:	7073 6e65 2064 6874 6572 6461 000a 0000     spend thread....
    5a9c:	2020 2d2d 2d2d 2d2d 2d2d 2d2d 2d20 2d2d       ---------- ---
    5aac:	2d2d 2d2d 2d2d 2d2d 2d2d 0a2d 0000 0000     -----------.....
    5abc:	2d25 2e2a 732a 2020 7830 3025 7838 2520     %-*.*s  0x%08x %
    5acc:	3330 3a64 0000 0000 2d25 2e2a 732a 2020     03d:....%-*.*s  
    5adc:	7830 3025 7838 3020 000a 0000 616d 6c69     0x%08x 0....mail
    5aec:	6f62 0078 2d25 2e2a 2073 6e65 7274 2079     box.%-*.s entry 
    5afc:	6973 657a 7320 7375 6570 646e 7420 7268     size suspend thr
    5b0c:	6165 0a64 0000 0000 2d20 2d2d 202d 2d20     ead..... ----  -
    5b1c:	2d2d 202d 2d2d 2d2d 2d2d 2d2d 2d2d 2d2d     --- ------------
    5b2c:	2d2d 000a 2d25 2e2a 732a 2520 3430 2064     --..%-*.*s %04d 
    5b3c:	2520 3430 2064 6425 003a 0000 2d25 2e2a      %04d %d:...%-*.
    5b4c:	732a 2520 3430 2064 2520 3430 2064 6425     *s %04d  %04d %d
    5b5c:	000a 0000 736d 7167 6575 6575 0000 0000     ....msgqueue....
    5b6c:	2d25 2e2a 2073 6e65 7274 2079 7573 7073     %-*.s entry susp
    5b7c:	6e65 2064 6874 6572 6461 000a 2d20 2d2d     end thread.. ---
    5b8c:	202d 2d20 2d2d 2d2d 2d2d 2d2d 2d2d 2d2d     -  -------------
    5b9c:	0a2d 0000 2d25 2e2a 732a 2520 3430 2064     -...%-*.*s %04d 
    5bac:	2520 3a64 0000 0000 2d25 2e2a 732a 2520      %d:....%-*.*s %
    5bbc:	3430 2064 2520 0a64 0000 0000 756d 6574     04d  %d.....mute
    5bcc:	0078 0000 2d25 2e2a 2073 2020 776f 656e     x...%-*.s   owne
    5bdc:	2072 6820 6c6f 2064 7573 7073 6e65 2064     r  hold suspend 
    5bec:	6874 6572 6461 000a 2d20 2d2d 2d2d 2d2d     thread.. -------
    5bfc:	202d 2d2d 2d2d 2d20 2d2d 2d2d 2d2d 2d2d     - ---- ---------
    5c0c:	2d2d 2d2d 0a2d 0000 2d25 2e2a 732a 2520     -----...%-*.*s %
    5c1c:	382d 2a2e 2073 3025 6434 2520 0a64 0000     -8.*s %04d %d...
    5c2c:	6573 616d 6870 726f 0065 0000 2d25 2e2a     semaphore...%-*.
    5c3c:	2073 2076 2020 7573 7073 6e65 2064 6874     s v   suspend th
    5c4c:	6572 6461 000a 0000 2d20 2d2d 2d20 2d2d     read.... --- ---
    5c5c:	2d2d 2d2d 2d2d 2d2d 2d2d 0a2d 0000 0000     -----------.....
    5c6c:	2d25 2e2a 732a 2520 3330 2064 6425 003a     %-*.*s %03d %d:.
    5c7c:	2d25 2e2a 732a 2520 3330 2064 6425 000a     %-*.*s %03d %d..
    5c8c:	6874 6572 6461 0000 2d25 2e2a 2073 7270     thread..%-*.s pr
    5c9c:	2069 7320 6174 7574 2073 2020 2020 7320     i  status      s
    5cac:	2070 2020 2020 7473 6361 206b 6973 657a     p     stack size
    5cbc:	6d20 7861 7520 6573 2064 656c 7466 7420      max used left t
    5ccc:	6369 206b 6520 7272 726f 000a 2d20 2d2d     ick  error.. ---
    5cdc:	2020 2d2d 2d2d 2d2d 202d 2d2d 2d2d 2d2d       ------- ------
    5cec:	2d2d 2d2d 2d20 2d2d 2d2d 2d2d 2d2d 202d     ---- ---------- 
    5cfc:	2d20 2d2d 2d2d 202d 2d20 2d2d 2d2d 2d2d      ------  -------
    5d0c:	2d2d 202d 2d2d 0a2d 0000 0000 2d25 2e2a     --- ---.....%-*.
    5d1c:	732a 2520 6433 0020 7220 6165 7964 2020     *s %3d . ready  
    5d2c:	0000 0000 7320 7375 6570 646e 0000 0000     .... suspend....
    5d3c:	6920 696e 2074 2020 0000 0000 6320 6f6c      init   .... clo
    5d4c:	6573 2020 0000 0000 3020 2578 3830 2078     se  .... 0x%08x 
    5d5c:	7830 3025 7838 2020 2020 3025 6432 2525     0x%08x    %02d%%
    5d6c:	2020 3020 2578 3830 2078 3025 6433 000a        0x%08x %03d..
    5d7c:	6974 656d 0072 0000 2d25 2e2a 2073 7020     timer...%-*.s  p
    5d8c:	7265 6f69 6964 2063 2020 6974 656d 756f     eriodic   timeou
    5d9c:	2074 2020 2020 2020 6c66 6761 000a 0000     t       flag....
    5dac:	2d20 2d2d 2d2d 2d2d 2d2d 202d 2d2d 2d2d      ---------- ----
    5dbc:	2d2d 2d2d 2d2d 2d20 2d2d 2d2d 2d2d 2d2d     ------ ---------
    5dcc:	2d2d 000a 2d25 2e2a 732a 3020 2578 3830     --..%-*.*s 0x%08
    5ddc:	2078 7830 3025 7838 0020 0000 6361 6974     x 0x%08x ...acti
    5dec:	6176 6574 0a64 0000 6564 6361 6974 6176     vated...deactiva
    5dfc:	6574 0a64 0000 0000 7563 7272 6e65 2074     ted.....current 
    5e0c:	6974 6b63 303a 2578 3830 0a78 0000 0000     tick:0x%08x.....

00005e1c <__fsym_list_desc>:
    5e1c:	696c 7473 6120 6c6c 7320 6d79 6f62 206c     list all symbol 
    5e2c:	6e69 7320 7379 6574 006d 0000               in system...

00005e38 <__fsym_list_name>:
    5e38:	696c 7473 0000 0000                         list....

00005e40 <__fsym___cmd_list_device_desc>:
    5e40:	696c 7473 6420 7665 6369 2065 6e69 7320     list device in s
    5e50:	7379 6574 006d 0000                         ystem...

00005e58 <__fsym___cmd_list_device_name>:
    5e58:	5f5f 6d63 5f64 696c 7473 645f 7665 6369     __cmd_list_devic
    5e68:	0065 0000                                   e...

00005e6c <__fsym_list_device_desc>:
    5e6c:	696c 7473 6420 7665 6369 2065 6e69 7320     list device in s
    5e7c:	7379 6574 006d 0000                         ystem...

00005e84 <__fsym_list_device_name>:
    5e84:	696c 7473 645f 7665 6369 0065               list_device.

00005e90 <__fsym___cmd_list_timer_desc>:
    5e90:	696c 7473 7420 6d69 7265 6920 206e 7973     list timer in sy
    5ea0:	7473 6d65 0000 0000                         stem....

00005ea8 <__fsym___cmd_list_timer_name>:
    5ea8:	5f5f 6d63 5f64 696c 7473 745f 6d69 7265     __cmd_list_timer
    5eb8:	0000 0000                                   ....

00005ebc <__fsym_list_timer_desc>:
    5ebc:	696c 7473 7420 6d69 7265 6920 206e 7973     list timer in sy
    5ecc:	7473 6d65 0000 0000                         stem....

00005ed4 <__fsym_list_timer_name>:
    5ed4:	696c 7473 745f 6d69 7265 0000               list_timer..

00005ee0 <__fsym___cmd_list_msgqueue_desc>:
    5ee0:	696c 7473 6d20 7365 6173 6567 7120 6575     list message que
    5ef0:	6575 6920 206e 7973 7473 6d65 0000 0000     ue in system....

00005f00 <__fsym___cmd_list_msgqueue_name>:
    5f00:	5f5f 6d63 5f64 696c 7473 6d5f 6773 7571     __cmd_list_msgqu
    5f10:	7565 0065                                   eue.

00005f14 <__fsym_list_msgqueue_desc>:
    5f14:	696c 7473 6d20 7365 6173 6567 7120 6575     list message que
    5f24:	6575 6920 206e 7973 7473 6d65 0000 0000     ue in system....

00005f34 <__fsym_list_msgqueue_name>:
    5f34:	696c 7473 6d5f 6773 7571 7565 0065 0000     list_msgqueue...

00005f44 <__fsym___cmd_list_mailbox_desc>:
    5f44:	696c 7473 6d20 6961 206c 6f62 2078 6e69     list mail box in
    5f54:	7320 7379 6574 006d                          system.

00005f5c <__fsym___cmd_list_mailbox_name>:
    5f5c:	5f5f 6d63 5f64 696c 7473 6d5f 6961 626c     __cmd_list_mailb
    5f6c:	786f 0000                                   ox..

00005f70 <__fsym_list_mailbox_desc>:
    5f70:	696c 7473 6d20 6961 206c 6f62 2078 6e69     list mail box in
    5f80:	7320 7379 6574 006d                          system.

00005f88 <__fsym_list_mailbox_name>:
    5f88:	696c 7473 6d5f 6961 626c 786f 0000 0000     list_mailbox....

00005f98 <__fsym___cmd_list_mutex_desc>:
    5f98:	696c 7473 6d20 7475 7865 6920 206e 7973     list mutex in sy
    5fa8:	7473 6d65 0000 0000                         stem....

00005fb0 <__fsym___cmd_list_mutex_name>:
    5fb0:	5f5f 6d63 5f64 696c 7473 6d5f 7475 7865     __cmd_list_mutex
    5fc0:	0000 0000                                   ....

00005fc4 <__fsym_list_mutex_desc>:
    5fc4:	696c 7473 6d20 7475 7865 6920 206e 7973     list mutex in sy
    5fd4:	7473 6d65 0000 0000                         stem....

00005fdc <__fsym_list_mutex_name>:
    5fdc:	696c 7473 6d5f 7475 7865 0000               list_mutex..

00005fe8 <__fsym___cmd_list_event_desc>:
    5fe8:	696c 7473 6520 6576 746e 6920 206e 7973     list event in sy
    5ff8:	7473 6d65 0000 0000                         stem....

00006000 <__fsym___cmd_list_event_name>:
    6000:	5f5f 6d63 5f64 696c 7473 655f 6576 746e     __cmd_list_event
    6010:	0000 0000                                   ....

00006014 <__fsym_list_event_desc>:
    6014:	696c 7473 6520 6576 746e 6920 206e 7973     list event in sy
    6024:	7473 6d65 0000 0000                         stem....

0000602c <__fsym_list_event_name>:
    602c:	696c 7473 655f 6576 746e 0000               list_event..

00006038 <__fsym___cmd_list_sem_desc>:
    6038:	696c 7473 7320 6d65 7061 6f68 6572 6920     list semaphore i
    6048:	206e 7973 7473 6d65 0000 0000               n system....

00006054 <__fsym___cmd_list_sem_name>:
    6054:	5f5f 6d63 5f64 696c 7473 735f 6d65 0000     __cmd_list_sem..

00006064 <__fsym_list_sem_desc>:
    6064:	696c 7473 7320 6d65 7061 6f68 656e 6920     list semaphone i
    6074:	206e 7973 7473 6d65 0000 0000               n system....

00006080 <__fsym_list_sem_name>:
    6080:	696c 7473 735f 6d65 0000 0000               list_sem....

0000608c <__fsym___cmd_list_thread_desc>:
    608c:	696c 7473 7420 7268 6165 0064               list thread.

00006098 <__fsym___cmd_list_thread_name>:
    6098:	5f5f 6d63 5f64 696c 7473 745f 7268 6165     __cmd_list_threa
    60a8:	0064 0000                                   d...

000060ac <__fsym_list_thread_desc>:
    60ac:	696c 7473 7420 7268 6165 0064               list thread.

000060b8 <__fsym_list_thread_name>:
    60b8:	696c 7473 745f 7268 6165 0064               list_thread.

000060c4 <__fsym___cmd_clear_desc>:
    60c4:	6874 2065 6574 6d72 6e69 6c61 7320 7263     the terminal scr
    60d4:	6565 006e                                   een.

000060d8 <__fsym___cmd_clear_name>:
    60d8:	5f5f 6d63 5f64 6c63 6165 0072               __cmd_clear.

000060e4 <__fsym_clear_desc>:
    60e4:	6874 2065 6574 6d72 6e69 6c61 7320 7263     the terminal scr
    60f4:	6565 006e                                   een.

000060f8 <__fsym_clear_name>:
    60f8:	6c63 6165 0072 0000                         clear...

00006100 <__fsym___cmd_reboot_desc>:
    6100:	6572 6f62 746f 7420 6568 6220 616f 6472     reboot the board
    6110:	0000 0000                                   ....

00006114 <__fsym___cmd_reboot_name>:
    6114:	5f5f 6d63 5f64 6572 6f62 746f 0000 0000     __cmd_reboot....

00006124 <__fsym_reboot_desc>:
    6124:	6572 6f62 746f 7420 6568 6220 616f 6472     reboot the board
    6134:	0000 0000                                   ....

00006138 <__fsym_reboot_name>:
    6138:	6572 6f62 746f 0000 002d 0000 7325 0000     reboot..-...%s..
    6148:	002f 0000 6843 7261 6361 6574 2072 6544     /...Character De
    6158:	6976 6563 0000 0000 6c42 636f 206b 6544     vice....Block De
    6168:	6976 6563 0000 0000 654e 7774 726f 206b     vice....Network 
    6178:	6e49 6574 6672 6361 0065 0000 544d 2044     Interface...MTD 
    6188:	6544 6976 6563 0000 4143 204e 6544 6976     Device..CAN Devi
    6198:	6563 0000 5452 0043 6f53 6e75 2064 6544     ce..RTC.Sound De
    61a8:	6976 6563 0000 0000 7247 7061 6968 2063     vice....Graphic 
    61b8:	6544 6976 6563 0000 3249 2043 7542 0073     Device..I2C Bus.
    61c8:	5355 2042 6c53 7661 2065 6544 6976 6563     USB Slave Device
    61d8:	0000 0000 5355 2042 6f48 7473 4220 7375     ....USB Host Bus
    61e8:	0000 0000 5053 2049 7542 0073 5053 2049     ....SPI Bus.SPI 
    61f8:	6544 6976 6563 0000 4453 4f49 4220 7375     Device..SDIO Bus
    6208:	0000 0000 4d50 5020 6573 6475 206f 6544     ....PM Pseudo De
    6218:	6976 6563 0000 0000 6950 6570 0000 0000     vice....Pipe....
    6228:	6f50 7472 6c61 4420 7665 6369 0065 0000     Portal Device...
    6238:	6954 656d 2072 6544 6976 6563 0000 0000     Timer Device....
    6248:	694d 6373 6c65 616c 656e 756f 2073 6544     Miscellaneous De
    6258:	6976 6563 0000 0000 6e55 6e6b 776f 006e     vice....Unknown.
    6268:	6f54 206f 616d 796e 6120 6772 2073 2021     Too many args ! 
    6278:	6557 6f20 6c6e 2079 7355 3a65 000a 0000     We only Use:....
    6288:	7325 0020 7325 203a 6f63 6d6d 6e61 2064     %s .%s: command 
    6298:	6f6e 2074 6f66 6e75 2e64 000a 5452 542d     not found...RT-T
    62a8:	7268 6165 2064 6873 6c65 206c 6f63 6d6d     hread shell comm
    62b8:	6e61 7364 0a3a 0000 5f5f 6d63 5f64 0000     ands:...__cmd_..
    62c8:	2d25 3631 2073 202d 7325 000a               %-16s - %s..

000062d4 <__fsym___cmd_help_desc>:
    62d4:	5452 542d 7268 6165 2064 6873 6c65 206c     RT-Thread shell 
    62e4:	6568 706c 0000 0000                         help....

000062ec <__fsym___cmd_help_name>:
    62ec:	5f5f 6d63 5f64 6568 706c 0000               __cmd_help..

000062f8 <__fsym___cmd_free_desc>:
    62f8:	6853 776f 7420 6568 6d20 6d65 726f 2079     Show the memory 
    6308:	7375 6761 2065 6e69 7420 6568 7320 7379     usage in the sys
    6318:	6574 006d                                   tem.

0000631c <__fsym___cmd_free_name>:
    631c:	5f5f 6d63 5f64 7266 6565 0000               __cmd_free..

00006328 <__fsym___cmd_ps_desc>:
    6328:	694c 7473 7420 7268 6165 7364 6920 206e     List threads in 
    6338:	6874 2065 7973 7473 6d65 0000               the system..

00006344 <__fsym___cmd_ps_name>:
    6344:	5f5f 6d63 5f64 7370 0000 0000 736d 2068     __cmd_ps....msh 
    6354:	0000 0000 6966 736e 2068 0000 003e 0000     ....finsh ..>...
    6364:	6966 736e 3a68 6320 6e61 6e20 746f 6620     finsh: can not f
    6374:	6e69 2064 6564 6976 6563 203a 7325 000a     ind device: %s..
    6384:	6f6e 6d20 6d65 726f 2079 6f66 2072 6873     no memory for sh
    6394:	6c65 0a6c 0000 0000 7374 6568 6c6c 0000     ell.....tshell..
    63a4:	6873 7872 0000 0000 0008 0000 6325 0000     shrx........%c..
    63b4:	2508 2073 0820 0000 2008 0008 5b1b 4b32     .%s  .... ...[2K
    63c4:	000d 0000 7325 7325 0000 0000               ....%s%s....

000063d0 <__fsym_pinRead_desc>:
    63d0:	6572 6461 7320 6174 7574 2073 7266 6d6f     read status from
    63e0:	6820 7261 7764 7261 2065 6970 006e 0000      hardware pin...

000063f0 <__fsym_pinRead_name>:
    63f0:	6970 526e 6165 0064                         pinRead.

000063f8 <__fsym_pinWrite_desc>:
    63f8:	7277 7469 2065 6176 756c 2065 6f74 6820     write value to h
    6408:	7261 7764 7261 2065 6970 006e               ardware pin.

00006414 <__fsym_pinWrite_name>:
    6414:	6970 576e 6972 6574 0000 0000               pinWrite....

00006420 <__fsym_pinMode_desc>:
    6420:	6573 2074 6168 6472 6177 6572 7020 6e69     set hardware pin
    6430:	6d20 646f 0065 0000                          mode...

00006438 <__fsym_pinMode_name>:
    6438:	6970 4d6e 646f 0065 6175 7472 0031 0000     pinMode.uart1...
    6448:	6175 7472 0032 0000 6175 7472 2032 6966     uart2...uart2 fi
    6458:	646e 6620 6961 656c 0d64 000a 4155 5452     nd failed...UART
    6468:	2032 6573 7672 6369 2065 6572 6461 0d79     2 service ready.
    6478:	000a 0000 4e4f 0000 454c 2044 4e4f 0a0d     ....ON..LED ON..
    6488:	0000 0000 464f 0046 454c 2044 464f 0d46     ....OFF.LED OFF.
    6498:	000a 0000 4155 5452 2032 5852 253a 0d73     ....UART2 RX:%s.
    64a8:	000a 0000 2524 2c64 6425 252c 2c64 6425     ....$%d,%d,%d,%d
    64b8:	252c 2364 0a0d 0000 5854 253a 0073 0000     ,%d#....TX:%s...
    64c8:	6573 736e 726f 0000 6573 736e 726f 6d20     sensor..sensor m
    64d8:	7475 7865 6320 6572 7461 2065 6166 6c69     utex create fail
    64e8:	6465 0a0d 0000 0000 6553 736e 726f 6920     ed......Sensor i
    64f8:	696e 0d74 000a 0000 6553 736e 726f 7220     nit.....Sensor r
    6508:	6165 7964 0a0d 0000 0000 42c8 0000 3580     eady.......B...5
    6518:	0000 4348 0000 4248 4844 3254 2030 7277     ..HC..HBDHT20 wr
    6528:	7469 2065 6166 6c69 6465 000a 4844 3254     ite failed..DHT2
    6538:	2030 6572 6461 6620 6961 656c 0a64 0000     0 read failed...
    6548:	4844 3254 2030 7562 7973 000a               DHT20 busy..

00006554 <_ch32_pin_ops>:
    6554:	39ce 0000 398e 0000 39b0 0000 3a4c 0000     .9...9...9..L:..
    6564:	3ade 0000 3b38 0000                         .:..8;..

0000656c <pin_irq_map>:
    656c:	0001 0000 0016 0000 0002 0000 0017 0000     ................
    657c:	0004 0000 0018 0000 0008 0000 0019 0000     ................
    658c:	0010 0000 001a 0000 0020 0000 0027 0000     ........ ...'...
    659c:	0040 0000 0027 0000 0080 0000 0027 0000     @...'.......'...
    65ac:	0100 0000 0027 0000 0200 0000 0027 0000     ....'.......'...
    65bc:	0400 0000 0038 0000 0800 0000 0038 0000     ....8.......8...
    65cc:	1000 0000 0038 0000 2000 0000 0038 0000     ....8.... ..8...
    65dc:	4000 0000 0038 0000 8000 0000 0038 0000     .@..8.......8...

000065ec <pins>:
    65ec:	ffff ffff 0000 0000 0000 0000 0000 0000     ................
    65fc:	0001 0000 3940 0000 1800 4001 0004 0000     ....@9.....@....
    660c:	0002 0000 3940 0000 1800 4001 0008 0000     ....@9.....@....
    661c:	0003 0000 3940 0000 1800 4001 0010 0000     ....@9.....@....
    662c:	0004 0000 3940 0000 1800 4001 0020 0000     ....@9.....@ ...
    663c:	0005 0000 3940 0000 1800 4001 0040 0000     ....@9.....@@...
    664c:	ffff ffff 0000 0000 0000 0000 0000 0000     ................
    665c:	0007 0000 3930 0000 1000 4001 2000 0000     ....09.....@. ..
    666c:	0008 0000 3930 0000 1000 4001 4000 0000     ....09.....@.@..
    667c:	0009 0000 3930 0000 1000 4001 8000 0000     ....09.....@....
    668c:	ffff ffff 0000 0000 0000 0000 0000 0000     ................
    669c:	ffff ffff 0000 0000 0000 0000 0000 0000     ................
    66ac:	ffff ffff 0000 0000 0000 0000 0000 0000     ................
    66bc:	ffff ffff 0000 0000 0000 0000 0000 0000     ................
    66cc:	ffff ffff 0000 0000 0000 0000 0000 0000     ................
    66dc:	000f 0000 3930 0000 1000 4001 0001 0000     ....09.....@....
    66ec:	0010 0000 3930 0000 1000 4001 0002 0000     ....09.....@....
    66fc:	0011 0000 3930 0000 1000 4001 0004 0000     ....09.....@....
    670c:	0012 0000 3930 0000 1000 4001 0008 0000     ....09.....@....
    671c:	ffff ffff 0000 0000 0000 0000 0000 0000     ................
    672c:	ffff ffff 0000 0000 0000 0000 0000 0000     ................
    673c:	ffff ffff 0000 0000 0000 0000 0000 0000     ................
    674c:	ffff ffff 0000 0000 0000 0000 0000 0000     ................
    675c:	0017 0000 3920 0000 0800 4001 0001 0000     .... 9.....@....
    676c:	0018 0000 3920 0000 0800 4001 0002 0000     .... 9.....@....
    677c:	0019 0000 3920 0000 0800 4001 0004 0000     .... 9.....@....
    678c:	001a 0000 3920 0000 0800 4001 0008 0000     .... 9.....@....
    679c:	ffff ffff 0000 0000 0000 0000 0000 0000     ................
    67ac:	ffff ffff 0000 0000 0000 0000 0000 0000     ................
    67bc:	001d 0000 3920 0000 0800 4001 0010 0000     .... 9.....@....
    67cc:	001e 0000 3920 0000 0800 4001 0020 0000     .... 9.....@ ...
    67dc:	001f 0000 3920 0000 0800 4001 0040 0000     .... 9.....@@...
    67ec:	0020 0000 3920 0000 0800 4001 0080 0000      ... 9.....@....
    67fc:	0021 0000 3930 0000 1000 4001 0010 0000     !...09.....@....
    680c:	0022 0000 3930 0000 1000 4001 0020 0000     "...09.....@ ...
    681c:	0023 0000 3910 0000 0c00 4001 0001 0000     #....9.....@....
    682c:	0024 0000 3910 0000 0c00 4001 0002 0000     $....9.....@....
    683c:	0025 0000 3910 0000 0c00 4001 0004 0000     %....9.....@....
    684c:	0026 0000 3940 0000 1800 4001 0080 0000     &...@9.....@....
    685c:	0027 0000 3940 0000 1800 4001 0100 0000     '...@9.....@....
    686c:	0028 0000 3940 0000 1800 4001 0200 0000     (...@9.....@....
    687c:	0029 0000 3940 0000 1800 4001 0400 0000     )...@9.....@....
    688c:	002a 0000 3940 0000 1800 4001 0800 0000     *...@9.....@....
    689c:	002b 0000 3940 0000 1800 4001 1000 0000     +...@9.....@....
    68ac:	002c 0000 3940 0000 1800 4001 2000 0000     ,...@9.....@. ..
    68bc:	002d 0000 3940 0000 1800 4001 4000 0000     -...@9.....@.@..
    68cc:	002e 0000 3940 0000 1800 4001 8000 0000     ....@9.....@....
    68dc:	002f 0000 3910 0000 0c00 4001 0400 0000     /....9.....@....
    68ec:	0030 0000 3910 0000 0c00 4001 0800 0000     0....9.....@....
    68fc:	ffff ffff 0000 0000 0000 0000 0000 0000     ................
    690c:	ffff ffff 0000 0000 0000 0000 0000 0000     ................
    691c:	0033 0000 3910 0000 0c00 4001 1000 0000     3....9.....@....
    692c:	0034 0000 3910 0000 0c00 4001 2000 0000     4....9.....@. ..
    693c:	0035 0000 3910 0000 0c00 4001 4000 0000     5....9.....@.@..
    694c:	0036 0000 3910 0000 0c00 4001 8000 0000     6....9.....@....
    695c:	0037 0000 38fe 0000 1400 4001 0100 0000     7....8.....@....
    696c:	0038 0000 38fe 0000 1400 4001 0200 0000     8....8.....@....
    697c:	0039 0000 38fe 0000 1400 4001 0400 0000     9....8.....@....
    698c:	003a 0000 38fe 0000 1400 4001 0800 0000     :....8.....@....
    699c:	003b 0000 38fe 0000 1400 4001 1000 0000     ;....8.....@....
    69ac:	003c 0000 38fe 0000 1400 4001 2000 0000     <....8.....@. ..
    69bc:	003d 0000 38fe 0000 1400 4001 4000 0000     =....8.....@.@..
    69cc:	003e 0000 38fe 0000 1400 4001 8000 0000     >....8.....@....
    69dc:	003f 0000 3930 0000 1000 4001 0040 0000     ?...09.....@@...
    69ec:	0040 0000 3930 0000 1000 4001 0080 0000     @...09.....@....
    69fc:	0041 0000 3930 0000 1000 4001 0100 0000     A...09.....@....
    6a0c:	0042 0000 3930 0000 1000 4001 0200 0000     B...09.....@....
    6a1c:	0043 0000 3920 0000 0800 4001 0100 0000     C... 9.....@....
    6a2c:	0044 0000 3920 0000 0800 4001 0200 0000     D... 9.....@....
    6a3c:	0045 0000 3920 0000 0800 4001 0400 0000     E... 9.....@....
    6a4c:	0046 0000 3920 0000 0800 4001 0800 0000     F... 9.....@....
    6a5c:	0047 0000 3920 0000 0800 4001 1000 0000     G... 9.....@....
    6a6c:	0048 0000 3920 0000 0800 4001 2000 0000     H... 9.....@. ..
    6a7c:	ffff ffff 0000 0000 0000 0000 0000 0000     ................
    6a8c:	ffff ffff 0000 0000 0000 0000 0000 0000     ................
    6a9c:	ffff ffff 0000 0000 0000 0000 0000 0000     ................
    6aac:	004c 0000 3920 0000 0800 4001 4000 0000     L... 9.....@.@..
    6abc:	004d 0000 3920 0000 0800 4001 8000 0000     M... 9.....@....
    6acc:	004e 0000 3930 0000 1000 4001 0400 0000     N...09.....@....
    6adc:	004f 0000 3930 0000 1000 4001 0800 0000     O...09.....@....
    6aec:	0050 0000 3930 0000 1000 4001 1000 0000     P...09.....@....
    6afc:	0051 0000 38fe 0000 1400 4001 0001 0000     Q....8.....@....
    6b0c:	0052 0000 38fe 0000 1400 4001 0002 0000     R....8.....@....
    6b1c:	0053 0000 38fe 0000 1400 4001 0004 0000     S....8.....@....
    6b2c:	0054 0000 38fe 0000 1400 4001 0008 0000     T....8.....@....
    6b3c:	0055 0000 38fe 0000 1400 4001 0010 0000     U....8.....@....
    6b4c:	0056 0000 38fe 0000 1400 4001 0020 0000     V....8.....@ ...
    6b5c:	0057 0000 38fe 0000 1400 4001 0040 0000     W....8.....@@...
    6b6c:	0058 0000 38fe 0000 1400 4001 0080 0000     X....8.....@....
    6b7c:	0059 0000 3910 0000 0c00 4001 0008 0000     Y....9.....@....
    6b8c:	005a 0000 3910 0000 0c00 4001 0010 0000     Z....9.....@....
    6b9c:	005b 0000 3910 0000 0c00 4001 0020 0000     [....9.....@ ...
    6bac:	005c 0000 3910 0000 0c00 4001 0040 0000     \....9.....@@...
    6bbc:	005d 0000 3910 0000 0c00 4001 0080 0000     ]....9.....@....
    6bcc:	ffff ffff 0000 0000 0000 0000 0000 0000     ................
    6bdc:	005f 0000 3910 0000 0c00 4001 0100 0000     _....9.....@....
    6bec:	0060 0000 3910 0000 0c00 4001 0200 0000     `....9.....@....
    6bfc:	0061 0000 3940 0000 1800 4001 0001 0000     a...@9.....@....
    6c0c:	0062 0000 3940 0000 1800 4001 0002 0000     b...@9.....@....
    6c1c:	ffff ffff 0000 0000 0000 0000 0000 0000     ................
    6c2c:	ffff ffff 0000 0000 0000 0000 0000 0000     ................
    6c3c:	6970 006e                                   pin.

00006c40 <ch32_uart_ops>:
    6c40:	400e 0000 4158 0000 4136 0000 4114 0000     .@..XA..6A...A..
    6c50:	3e7c 0000 6820 7261 6664 6c75 0d74 000a     |>.. hardfult...
    6c60:	4e20 494d 4820 6e61 6c64 7265 0a0d 0000      NMI Handler....
    6c70:	3d3d 3d3d 3d3d 3d3d 3d3d 3d3d 3d3d 3d3d     ================
    6c80:	3d3d 3d3d 000a 0000 6d53 7261 2074 6147     ====....Smart Ga
    6c90:	6574 6177 2079 7453 7261 0a74 0000 0000     teway Start.....
    6ca0:	6573 736e 726f 7420 7268 6165 2064 7263     sensor thread cr
    6cb0:	6165 6574 6620 6961 656c 2164 0a0d 0000     eate failed!....
    6cc0:	6175 7472 745f 0078 6175 7472 7420 7268     uart_tx.uart thr
    6cd0:	6165 2064 7263 6165 6574 6620 6961 656c     ead create faile
    6ce0:	2164 0a0d 0000 0000                         d!......

00006ce8 <__clz_tab>:
    6ce8:	0100 0202 0303 0303 0404 0404 0404 0404     ................
    6cf8:	0505 0505 0505 0505 0505 0505 0505 0505     ................
    6d08:	0606 0606 0606 0606 0606 0606 0606 0606     ................
    6d18:	0606 0606 0606 0606 0606 0606 0606 0606     ................
    6d28:	0707 0707 0707 0707 0707 0707 0707 0707     ................
    6d38:	0707 0707 0707 0707 0707 0707 0707 0707     ................
    6d48:	0707 0707 0707 0707 0707 0707 0707 0707     ................
    6d58:	0707 0707 0707 0707 0707 0707 0707 0707     ................
    6d68:	0808 0808 0808 0808 0808 0808 0808 0808     ................
    6d78:	0808 0808 0808 0808 0808 0808 0808 0808     ................
    6d88:	0808 0808 0808 0808 0808 0808 0808 0808     ................
    6d98:	0808 0808 0808 0808 0808 0808 0808 0808     ................
    6da8:	0808 0808 0808 0808 0808 0808 0808 0808     ................
    6db8:	0808 0808 0808 0808 0808 0808 0808 0808     ................
    6dc8:	0808 0808 0808 0808 0808 0808 0808 0808     ................
    6dd8:	0808 0808 0808 0808 0808 0808 0808 0808     ................
    6de8:	e15e ffff e0ac ffff e0ac ffff e0aa ffff     ^...............
    6df8:	e0b0 ffff e0b0 ffff e080 ffff e0aa ffff     ................
    6e08:	e0b0 ffff e080 ffff e0b0 ffff e0aa ffff     ................
    6e18:	e14c ffff e14c ffff e14c ffff e080 ffff     L...L...L.......

00006e28 <__fsym_list_mem>:
    6e28:	593c 0000 591c 0000 12ae 0000               <Y...Y......

00006e34 <__fsym_list>:
    6e34:	5e38 0000 5e1c 0000 2456 0000               8^...^..V$..

00006e40 <__fsym___cmd_list_device>:
    6e40:	5e58 0000 5e40 0000 2328 0000               X^..@^..(#..

00006e4c <__fsym_list_device>:
    6e4c:	5e84 0000 5e6c 0000 2328 0000               .^..l^..(#..

00006e58 <__fsym___cmd_list_timer>:
    6e58:	5ea8 0000 5e90 0000 23bc 0000               .^...^...#..

00006e64 <__fsym_list_timer>:
    6e64:	5ed4 0000 5ebc 0000 23bc 0000               .^...^...#..

00006e70 <__fsym___cmd_list_msgqueue>:
    6e70:	5f00 0000 5ee0 0000 2272 0000               ._...^..r"..

00006e7c <__fsym_list_msgqueue>:
    6e7c:	5f34 0000 5f14 0000 2272 0000               4_..._..r"..

00006e88 <__fsym___cmd_list_mailbox>:
    6e88:	5f5c 0000 5f44 0000 21b4 0000               \_..D_...!..

00006e94 <__fsym_list_mailbox>:
    6e94:	5f88 0000 5f70 0000 21b4 0000               ._..p_...!..

00006ea0 <__fsym___cmd_list_mutex>:
    6ea0:	5fb0 0000 5f98 0000 2132 0000               ._..._..2!..

00006eac <__fsym_list_mutex>:
    6eac:	5fdc 0000 5fc4 0000 2132 0000               ._..._..2!..

00006eb8 <__fsym___cmd_list_event>:
    6eb8:	6000 0000 5fe8 0000 2086 0000               .`..._... ..

00006ec4 <__fsym_list_event>:
    6ec4:	602c 0000 6014 0000 2086 0000               ,`...`... ..

00006ed0 <__fsym___cmd_list_sem>:
    6ed0:	6054 0000 6038 0000 1fd0 0000               T`..8`......

00006edc <__fsym_list_sem>:
    6edc:	6080 0000 6064 0000 1fd0 0000               .`..d`......

00006ee8 <__fsym___cmd_list_thread>:
    6ee8:	6098 0000 608c 0000 1eec 0000               .`...`......

00006ef4 <__fsym_list_thread>:
    6ef4:	60b8 0000 60ac 0000 1eec 0000               .`...`......

00006f00 <__fsym___cmd_clear>:
    6f00:	60d8 0000 60c4 0000 1e42 0000               .`...`..B...

00006f0c <__fsym_clear>:
    6f0c:	60f8 0000 60e4 0000 1e42 0000               .`...`..B...

00006f18 <__fsym___cmd_reboot>:
    6f18:	6114 0000 6100 0000 1e30 0000               .a...a..0...

00006f24 <__fsym_reboot>:
    6f24:	6138 0000 6124 0000 1e30 0000               8a..$a..0...

00006f30 <__fsym___cmd_help>:
    6f30:	62ec 0000 62d4 0000 24a0 0000               .b...b...$..

00006f3c <__fsym___cmd_free>:
    6f3c:	631c 0000 62f8 0000 2756 0000               .c...b..V'..

00006f48 <__fsym___cmd_ps>:
    6f48:	6344 0000 6328 0000 2748 0000               Dc..(c..H'..

00006f54 <__fsym_pinRead>:
    6f54:	63f0 0000 63d0 0000 30a6 0000               .c...c...0..

00006f60 <__fsym_pinWrite>:
    6f60:	6414 0000 63f8 0000 308c 0000               .d...c...0..

00006f6c <__fsym_pinMode>:
    6f6c:	6438 0000 6420 0000 3072 0000               8d.. d..r0..

00006f78 <__rt_init_rti_start>:
    6f78:	04d0 0000                                   ....

00006f7c <__rt_init_rti_board_start>:
    6f7c:	04d8 0000                                   ....

00006f80 <__rt_init_rt_hw_pin_init>:
    6f80:	3952 0000                                   R9..

00006f84 <__rt_init_rt_hw_usart_init>:
    6f84:	3eaa 0000                                   .>..

00006f88 <__rt_init_rti_board_end>:
    6f88:	04dc 0000                                   ....

00006f8c <__rt_init_finsh_system_init>:
    6f8c:	2776 0000                                   v'..

00006f90 <__rt_init_rti_end>:
    6f90:	04d4 0000                                   ....
